SEGMENTO_PAIS|NUMERO_IDENTIFICACION_FISCAL|RAZON_SOCIAL|COD_CLIENTE|COD_CUENTA|CICLO|FECHAALTA|STATUS_DESC|LN_PLAN_DESC|LN_SUBSCRIBER_STATUS_DESC|INT_PLAN_DESC|INT_ORIGINAL_ACTIVATION_DATE|TV_PLAN_DESC|TV_ORIGINAL_ACTIVATION_DATE|TV_TECNOLOGIA|TV_SERVICE_TECHNOLOGY|TV_SUBSCRIBER_STATUS_DESC|SUB_MAIN_OFFER_DESC|INT_SUBSCRIBER_STATUS_DESC|SUB_MAIN_OFFER_TRIODUO|ES_MOVISTARTOTAL|DESCUENTO_PROMOCION_PRODUCTO_DESC|DECOS_CANTIDAD
SEGMENTO_002|2078694927|CLIENT_00385|25590106|915011506|31|1967-09-01 00:00:00|Active||||1970-01-01 05:31:00||||||Troncal|Active|MonoInt|0||
SEGMENTO_004|2067016446|CLIENT_00306|10431606|349826506|31|2004-03-07 00:00:00|Active|MOVISTAR VOZ DUO CTRL ADSL B|Active|MOVISTAR INTERNET DUO CTRL ADSL B|2021-09-05 00:00:00||||||Dúo Plano Control B|Active|Duos BA|0||
SEGMENTO_004|2045269682|CLIENT_00521|44811516|047674606|31|2000-10-10 00:00:00|Active|MOVISTAR VOZ DMU|Active|MOV INTERNET DUO RA 22|2012-02-01 00:00:00||||||Dúo Movistar Voz Internet RA D22|Active|Duos BA|0||
SEGMENTO_004|2002061694|CLIENT_00005|09699585|602806306|17|2019-01-11 00:00:00|Active|||MOV INTERNET CAB RA|2019-09-11 00:00:00||||||Internet Movistar RA|Active|MonoInt|0||
SEGMENTO_004|2063755498|CLIENT_00835|83425595|059565406|31|2022-05-27 00:00:00|Active|||MOV INTERNET CAB RA|2022-05-27 00:00:00||||||Internet Movistar RA|Active|MonoInt|0||
SEGMENTO_004|2066685881|CLIENT_00643|50088206|789082506|31|2010-06-01 00:00:00|Active||||2010-06-01 00:00:00||||||Troncal|Active|MonoInt|0||
SEGMENTO_004|2078944293|CLIENT_00812|25776706|184557506|31|2001-11-24 00:00:00|Active|MOVISTAR TV SATELITAL D|Collection Suspension ( Subscr|Movistar Trio Internet DTH|2021-12-30 00:00:00|MOVISTAR ESTANDAR SATELITAL|2014-02-19 00:00:00|DTH|DTH|Active|Trío Movistar Voz Internet TV Satelital|Collection Suspension ( Subscr|Trios DTH|0|DTO FIDE S/ 5 ILIM|
SEGMENTO_004|2043153301|CLIENT_00849|34236116|112051606|17|2021-07-06 00:00:00|Suspended|||MOVISTAR DUO INTERNET A|2021-07-06 00:00:00|TV ESTANDAR HD|2021-07-06 00:00:00|HFC|CATV|Collection Suspension ( Subscr|Dúo Internet TV Estándar HD|Collection Suspension ( Subscr|Duos TV BA|0||3
SEGMENTO_004|2048226249|CLIENT_00600|15637585|704385306|17|2020-12-07 00:00:00|Active|MOVISTAR VOZ DMU|Active|MOV INTERNET DUO RA 22|2020-12-07 00:00:00||||||Dúo Movistar Voz Internet RA D22|Active|Duos BA|0||
SEGMENTO_004|2092679466|CLIENT_00431|66409995|202000506|31|2002-07-27 00:00:00|Active|MOVISTAR VOZ DMU RV M23|Active|MOV INTERNET CAB RV RET M23|2020-11-10 00:00:00||||||Dúo Movistar Voz Internet RV M23|Active|Duos BA|0||
SEGMENTO_004|2080284452|CLIENT_00739|92131095|632865537|31|2022-12-03 00:00:00|Active|MOVISTAR VOZ DMU|Active|MOV INTERNET DUO RA|2022-12-03 13:29:52||||||Dúo Movistar Voz Internet RA|Active|Duos BA|0||
SEGMENTO_004|2063960356|CLIENT_00283|83687795|678687406|17|2021-05-13 00:00:00|Active|MOVISTAR VOZ TRÍO B|Active|TRIO MOVISTAR INTERNET D|2021-05-13 00:00:00|TV ESTANDAR HD|2021-05-13 00:00:00|HFC|CATV|Active|Trío Voz Internet Estándar HD|Active|Trios CATV|0||2
SEGMENTO_004|2032321899|CLIENT_00907|41460516|253506606|31|2006-03-08 00:00:00|Active|MOVISTAR VOZ TRIO|Active|MOVISTAR INTERNET TRÍO|2022-02-16 00:00:00|TV ESTANDAR|2022-02-16 00:00:00|HFC|CATV|Active|Trío Plano Local Internet Estándar HD|Active|Trios CATV|0||2
SEGMENTO_002|2028712026|CLIENT_00204|145255911|751494247|31|2023-10-26 00:00:00|Active|MOVISTAR VOZ TMU S23|Active|MOV INTERNET CAF RA S23|2023-10-26 12:13:53|TV ESTANDAR HD A S23|2023-10-26 12:13:52|HFC|CATV|Active|Trio Mov. Voz Int. Estandar HD RA S23|Active|Trios CATV|0||2
SEGMENTO_004|2009785405|CLIENT_00403|17481395|325623406|31|2020-08-27 00:00:00|Active|||MOVISTAR SOLO INTERNET|2020-08-27 00:00:00||||||Internet Movistar|Active|MonoInt|0||
SEGMENTO_004|2088859624|CLIENT_00594|00573795|106847406|31|2009-10-13 00:00:00|Active|MOVISTAR VOZ DUO SNA|Active|Speedy Negocios Avanzados Internet II|2012-11-30 00:00:00||||||DUO SPEEDY NEG AVA|Active|Duos BA|0||
SEGMENTO_004|2055129772|CLIENT_00018|66621985|097029306|17|2021-06-14 00:00:00|Active|MOVISTAR VOZ TRÍO B|Active|TRIO MOVISTAR INTERNET D|2021-06-14 00:00:00|TV ESTANDAR HD|2021-06-14 00:00:00|FTTH|CATV|Active|Trío Voz Internet Estándar HD|Active|Trios CATV|0||2
SEGMENTO_004|2008388940|CLIENT_00121|06155806|893368506|31|2014-01-30 00:00:00|Active|MOVISTAR VOZ DUO CTRL ADSL B|Active|MOVISTAR INTERNET DUO CTRL ADSL B|2021-12-30 00:00:00||||||Dúo Plano Control B|Active|Duos BA|0|AJUSTE FID S/30 ILIM|
SEGMENTO_004|2061497280|CLIENT_00329|535599421|440017347|5|2023-12-23 00:00:00|Active|MOVISTAR VOZ DMU O23|Active|MOV INTERNET DUO RA O23|2023-12-23 11:55:24||||||Duo Movistar Voz Internet RA O23|Active|Duos BA|0||
SEGMENTO_004|2051775031|CLIENT_00190|37962116|069922606|17|2018-10-02 00:00:00|Active|MOVISTAR VOZ TRIO|Active|MOVISTAR INTERNET TRÍO|2021-07-18 00:00:00|TV ESTANDAR|2021-07-18 00:00:00|HFC|CATV|Active|Trío Plano Local Internet Estándar HD|Active|Trios CATV|0|Ajuste Renta Internet S/ 10.00 ILIM|2
SEGMENTO_004|2007125725|CLIENT_00268|23656016|637071606|17|2020-11-11 00:00:00|Active|MOVISTAR VOZ TRIO|Active|MOVISTAR INTERNET TRÍO|2020-11-11 00:00:00|TV ESTANDAR|2020-11-11 00:00:00|HFC|CATV|Active|Trío Plano Local Internet Estándar HD|Active|Trios CATV|0|Ajuste Renta Internet S/ 15.00 ILIM|4
SEGMENTO_004|2030249779|CLIENT_00177|35434385|832443306|31|1990-07-13 00:00:00|Active|MOVISTAR VOZ DUO|Active|MOVISTAR INTERNET DÚO|2021-01-26 00:00:00||||||Dúo Plano Local Internet|Active|Duos BA|0||
SEGMENTO_004|2025606787|CLIENT_00057|04605595|252412737|17|2023-02-15 00:00:00|Suspended|||MOV INTERNET CAB RA 22|2023-02-15 16:53:44||||||Internet Movistar RA D22|Suspended|MonoInt|0||
SEGMENTO_004|2013392711|CLIENT_00135|92388716|062288606|31|2022-06-22 00:00:00|Active|MOVISTAR VOZ DUO STD|Active|||TV ESTANDAR DUO TV B|2022-06-22 00:00:00|FTTH|CATV|Active|Dúo Movistar Voz Estándar Digital VOIP||Duos CATV|0||3
SEGMENTO_004|2043153301|CLIENT_00849|15236116|722051606|17|2020-12-05 00:00:00|Suspended|||MOVISTAR DUO INTERNET HD|2020-12-05 00:00:00|TV ESTANDAR DUO|2020-12-05 00:00:00|HFC|CATV|Collection Suspension ( Subscr|Dúo Internet Estándar HD|Collection Suspension ( Subscr|Duos TV BA|0||2
SEGMENTO_004|2064993907|CLIENT_00925|22960185|703601306|17|2019-11-04 00:00:00|Active|MOVISTAR VOZ TRIO|Active|MOVISTAR INTERNET TRÍO|2019-11-04 00:00:00|TV ESTANDAR|2019-11-04 00:00:00|HFC|CATV|Active|Trío Plano Local Internet Estándar HD|Active|Trios CATV|0|Ajuste al plan ip S/14.91 por 12 meses|2
SEGMENTO_004|2009118790|CLIENT_00144|25693116|568911606|17|2003-01-18 00:00:00|Active|MOVISTAR VOZ NACIONAL A|Active|MOVISTAR INTERNET DUO ADSL A|2012-05-18 00:00:00||||||Dúo Plano Local Internet A|Active|Duos BA|0||
SEGMENTO_004|2021187015|CLIENT_00146|32075085|467650306|17|2020-02-12 00:00:00|Suspended|||MOVISTAR SOLO INTERNET|2020-07-18 00:00:00||||||Internet Movistar|Collection Suspension ( Subscr|MonoInt|0||
SEGMENTO_004|2063960356|CLIENT_00283|81629595|526406406|31|2022-03-02 00:00:00|Suspended|||||TV ESTANDAR DIGITAL CMS|2022-03-02 00:00:00|FTTH|CATV|Collection Suspension ( Subscr|TV ESTANDAR DIGITAL||MonoTv|0||2
SEGMENTO_002|2023381522|CLIENT_00756|03530816|398698606|31|2015-09-21 00:00:00|Active|Q51 LINEA PREMIUM C|Active||||||||LN. PLANA LOCAL||MonoLn|0||
SEGMENTO_004|2053805361|CLIENT_00167|39746895|419578406|31|1982-09-01 00:00:00|Active|Q51 LINEA PREMIUM B|Active||||||||LN. SEMIPLANA LIBRE||MonoLn|0||
SEGMENTO_004|2014579954|CLIENT_00512|88973795|690447406|31|1984-05-10 00:00:00|Active|MOVISTAR VOZ DUO|Active|||TV ESTANDAR D|2021-09-12 00:00:00|HFC|CATV|Collection Suspension ( Subscr|Dúo Plano Local Estándar HD PSTN||Duos CATV|0|Fideliza Porc TV 95% x 6 Meses, Fideliza Porc Voz 95% x 6 Meses|4
SEGMENTO_002|2078929230|CLIENT_00522|13280606|892626506|31|2002-03-15 00:00:00|Active|Q51 LINEA PREMIUM C|Active||||||||LN. PLANA LOCAL||MonoLn|0||
SEGMENTO_004|2012285306|CLIENT_00349|608231121|449069737|23|2023-03-21 00:00:00|Active|||MOV INTERNET CAB RA 22|2023-03-21 12:24:49||||||Internet Movistar RA D22|Active|MonoInt|0||
SEGMENTO_004|2003660112|CLIENT_00090|215219121|983032737|15|2023-02-20 00:00:00|Active|||MOV INTERNET CAB RA 22|2023-02-20 12:45:58||||||Internet Movistar RA D22|Active|MonoInt|0||
SEGMENTO_001|2026242865|CLIENT_00930|51123506|884726506|31|2013-04-04 00:00:00|Active|Línea Speedy WAN 2 - 27.95|Active|Speedy WAN Internet B|2013-04-04 00:00:00||||||Línea Speedy WAN 2 - 27.95|Active|Duos BA|0||
SEGMENTO_004|2053276369|CLIENT_00932|79794575|894135963|5|2013-03-20 00:00:00|Active|MOVISTAR VOZ DUO|Active|MOVISTAR INTERNET DÚO|2018-05-21 00:00:00||||||Dúo Plano Local Internet|Active|Duos BA|0||
SEGMENTO_004|2045782704|CLIENT_00628|45598206|981103506|17|2020-06-01 00:00:00|Active|||MOV INTERNET CAD DUO RA S23|2020-06-01 00:00:00|TV ESTANDAR HD DUO S23|2020-06-01 00:00:00|FTTH|CATV|Active|Duo Internet Estandar HD RA S23|Active|Duos TV BA|0||2
SEGMENTO_004|2051502270|CLIENT_00832|93565295|381862406|31|1995-07-01 00:00:00|Active|MOVISTAR VOZ DUO|Active|MOVISTAR INTERNET DÚO|2019-08-12 00:00:00||||||Dúo Plano Local Internet|Active|Duos BA|0||
SEGMENTO_004|2061505168|CLIENT_00879|35089885|129609306|17|2021-08-16 00:00:00|Active|||MOV INTERNET CAB RA 22|2021-08-16 00:00:00||||||Internet Movistar RA D22|Active|MonoInt|0||
SEGMENTO_001|2026242865|CLIENT_00930|73343506|295726506|31|2019-07-16 00:00:00|Active||||2019-07-16 00:00:00||||||080X|Active|MonoInt|0||
SEGMENTO_004|2094607578|CLIENT_00434|145545121|439397737|31|2023-03-15 00:00:00|Active|MOVISTAR VOZ DMU|Active|MOV INTERNET DUO RA 22|2023-03-15 14:18:23||||||Dúo Movistar Voz Internet RA D22|Active|Duos BA|0|Fide Prom Internet S/40 x 12 Meses|
SEGMENTO_004|2094098136|CLIENT_00955|61239116|664412606|31|2019-07-22 00:00:00|Active|MOVISTAR VOZ DUO|Active|MOVISTAR INTERNET DÚO|2019-07-22 00:00:00||||||Dúo Plano Local Internet|Active|Duos BA|0|Fideliza Porc Internet 95% x 6 Meses, Fideliza Porc Voz 95% x 6 Meses|
SEGMENTO_004|2061497280|CLIENT_00329|535599421|884410447|5|2024-01-17 00:00:00|Active|||MOV INTERNET CAB RA S23|2024-01-17 10:49:13||||||Internet Movistar RA S23|Active|MonoInt|0|Descto Plan Internet 50% x 2 ms|
SEGMENTO_004|2078726535|CLIENT_00097|563865911|624093237|31|2022-07-12 00:00:00|Suspended|||MOV INTERNET CAB RA|2022-07-12 12:21:15||||||Internet Movistar RA|Collection Suspension ( Subscr|MonoInt|0||
SEGMENTO_004|2044848650|CLIENT_00187|55310385|834003306|31|2019-07-25 00:00:00|Active|MOVISTAR VOZ DUO|Active|MOVISTAR INTERNET DÚO|2019-07-25 00:00:00||||||Dúo Plano Local Internet|Active|Duos BA|0||
SEGMENTO_004|2007306359|CLIENT_00438|71762285|031722306|17|2011-10-20 00:00:00|Active|MOVISTAR VOZ TRIO|Active|TRIO MOVISTAR INTERNET|2019-11-08 00:00:00|TV ESTANDAR|2019-06-21 00:00:00|HFC|CATV|Active|Trío Plano Local Internet Estándar|Active|Trios CATV|0||2
SEGMENTO_004|2098018480|CLIENT_00702|65940495|006614406|17|2019-08-13 00:00:00|Active|||MOVISTAR SOLO INTERNET|2019-08-13 00:00:00||||||Internet Movistar|Active|MonoInt|0||
SEGMENTO_004|2058571451|CLIENT_00813|047308221|079139447|23|2024-02-22 00:00:00|Active|||MOV INTERNET CAB RA S23|2024-02-22 15:57:07||||||Internet Movistar RA S23|Active|MonoInt|0||
SEGMENTO_002|2078929230|CLIENT_00522|94760606|282626506|31|2011-01-31 00:00:00|Active||||2011-01-31 00:00:00||||||RDSI|Active|MonoInt|0||
SEGMENTO_004|2096049962|CLIENT_01000|794131221|536587937|31|2023-06-17 00:00:00|Active|||MOV INTERNET CAB RA 22|2023-06-17 12:57:40||||||Internet Movistar RA D22|Active|MonoInt|0||
SEGMENTO_004|2076815007|CLIENT_00152|761492421|846374247|23|2023-10-24 00:00:00|Active|MOVISTAR VOZ TMU S23|Active|MOV INTERNET CAF RA S23|2023-10-24 12:30:23|TV ESTANDAR HD A S23|2023-10-24 12:30:16|HFC|CATV|Active|Trio Mov. Voz Int. Estandar HD RA S23|Active|Trios CATV|0|Descto Plan Internet 50% x 2 mes, Descto Plan TV 50% x 2 mes, Descto Plan Voz 50% x 2 mes, Fideliza Porc Internet 50% x 6 Meses, Fideliza Porc TV 50% x 6 Meses, Fideliza Porc Voz 50% x 6 Meses|2
SEGMENTO_004|2099090721|CLIENT_00528|98228985|563299306|17|2021-09-04 00:00:00|Active|||MOVISTAR DUO INTERNET A|2021-09-04 00:00:00|TV ESTANDAR HD|2021-09-04 00:00:00|HFC|CATV|Active|Dúo Internet TV Estándar HD|Active|Duos TV BA|0||2
SEGMENTO_001|2026242865|CLIENT_00930|03033506|675726506|31|2020-02-07 00:00:00|Active||||2020-02-07 00:00:00||||||SIP TRUNK|Active|MonoInt|0||
SEGMENTO_002|2023381522|CLIENT_00756|03530816|394045837|31|2023-04-14 00:00:00|Active|||MOV INTERNET CAB RA 22|2023-04-14 17:10:53||||||Internet Movistar RA D22|Active|MonoInt|0||
SEGMENTO_004|2048046441|CLIENT_00064|29265706|779247506|31|2002-09-09 00:00:00|Active|MOVISTAR VOZ TRIO|Active|MOVISTAR INTERNET TRÍO|2021-07-01 00:00:00|TV ESTANDAR|2021-07-01 00:00:00|HFC|CATV|Active|Trío Plano Local Internet Estándar HD|Active|Trios CATV|0|Descuento IPJUL23 EXO TV S/10.00 x 12m|3
SEGMENTO_004|1042311948|CLIENT_00722|56149806|951219506|31|1999-06-14 00:00:00|Active||||1999-06-14 00:00:00||||||Troncal|Active|MonoInt|0||
SEGMENTO_004|2017146912|CLIENT_00882|33559616|175976606|31|1996-09-30 00:00:00|Active|MOVISTAR VOZ DUO LOCAL|Active|MOVISTAR INTERNET DUO LOCAL|2021-12-30 00:00:00||||||Dúo Voz Plano Local Internet|Active|Duos BA|0||
SEGMENTO_004|2078726535|CLIENT_00097|29448216|396782606|17|2021-05-04 00:00:00|Suspended|||MOVISTAR SOLO INTERNET|2021-05-04 00:00:00||||||Internet Movistar|Collection Suspension ( Subscr|MonoInt|0||
SEGMENTO_004|2042761198|CLIENT_00731|82013506|766325506|17|2021-12-13 00:00:00|Suspended|||MOVISTAR SOLO INTERNET|2021-12-13 00:00:00||||||Internet Movistar|Suspended|MonoInt|0||
SEGMENTO_004|2047556447|CLIENT_00117|59154506|981155506|31|2009-08-27 00:00:00|Active|MOVISTAR VOZ DUO LOCAL|Active|MOVISTAR INTERNET DUO LOCAL|2017-11-15 00:00:00||||||Dúo Voz Plano Local Internet|Active|Duos BA|0||
SEGMENTO_002|2020052100|CLIENT_00534|10429885|107109306|31|2006-03-28 00:00:00|Active|Q51 LINEA PREMIUM B|Active||||||||LN. SEMIPLANA LIBRE||MonoLn|0||
SEGMENTO_004|2033213127|CLIENT_00483|21396716|047368606|17|2008-03-06 00:00:00|Suspended|MOVISTAR VOZ DUO LOCAL|Collection Suspension ( Subscr|MOVISTAR INTERNET DUO LOCAL|2022-02-16 00:00:00||||||Dúo Voz Plano Local Internet|Collection Suspension ( Subscr|Duos BA|0||
SEGMENTO_002|2023381522|CLIENT_00756|03530816|398698606|31|2014-01-29 00:00:00|Active|MOVISTAR VOZ DUO|Active|MOVISTAR INTERNET DUO ADSL|2021-12-07 00:00:00||||||Dúo Voz Plano Local Internet ADSL|Active|Duos BA|0|AJUSTE FID S/15 ILIM|
SEGMENTO_003|2074885080|CLIENT_00308|88010006|024699406|31|1998-03-10 00:00:00|Suspended|Q51 LINEA PREMIUM B|Collection Suspension ( Subscr||||||||LN. SEMIPLANA LIBRE||MonoLn|0||
SEGMENTO_004|1042311948|CLIENT_00722|22098116|878781606|31|2005-10-09 00:00:00|Active|MOVISTAR VOZ CONTROL A|Active|||TV ESTANDAR DUO TV B|2013-07-02 00:00:00|HFC|CATV|Active|Dúo Control Estándar A||Duos CATV|0||3
SEGMENTO_004|2096049962|CLIENT_01000|794131221|500487937|31|2023-06-15 00:00:00|Active|||MOV INTERNET CAB RA 22|2023-06-15 17:57:06||||||Internet Movistar RA D22|Active|MonoInt|0||
SEGMENTO_004|2062557489|CLIENT_00942|659474221|739516837|17|2023-04-21 00:00:00|Active|||MOV INTERNET CAD DUO RA 22|2023-04-21 12:18:35|TV ESTANDAR HD DUO|2023-04-21 12:18:34|HFC|CATV|Active|Dúo Internet Estándar HD RA D22|Active|Duos TV BA|0||2
SEGMENTO_004|2093804116|CLIENT_00577|76921016|323588147|31|2023-09-27 00:00:00|Active|MOVISTAR VOZ DMU M23|Active|MOV INTERNET DUO RA M23|2023-09-27 15:17:06||||||Dúo Movistar Voz Internet RA M23|Active|Duos BA|0||
SEGMENTO_004|2050364733|CLIENT_00579|52112216|827423606|17|2022-04-04 00:00:00|Active|||MOV INTERNET CAB RA|2022-04-04 00:00:00||||||Internet Movistar RA|Active|MonoInt|0||
SEGMENTO_004|2063005127|CLIENT_00354|84063185|476431306|17|2015-10-07 00:00:00|Active|MOVISTAR VOZ DUO|Active|MOVISTAR INTERNET DÚO|2020-06-18 00:00:00||||||Dúo Plano Local Internet|Active|Duos BA|0||
SEGMENTO_004|2025650857|CLIENT_00466|12076085|243960306|31|2017-03-22 00:00:00|Active|MOVISTAR VOZ TRÍO B|Active|TRIO MOVISTAR INTERNET D|2017-06-05 00:00:00|TV ESTANDAR HD|2017-03-22 00:00:00|HFC|CATV|Active|Trío Voz Internet Estándar HD|Active|Trios CATV|0|AJUSTE FID S/5.11 ILIM|2
SEGMENTO_004|2012162297|CLIENT_00079|22421195|898221406|17|2018-11-12 00:00:00|Active|MOVISTAR VOZ DMU|Active|MOV INTERNET DUO RA|2019-07-25 00:00:00||||||Dúo Movistar Voz Internet RA|Active|Duos BA|0||
SEGMENTO_001|2026242865|CLIENT_00930|99023506|846726506|31|2008-04-30 00:00:00|Active||||2008-04-30 00:00:00||||||RDSI|Active|MonoInt|0||
SEGMENTO_004|2061989491|CLIENT_00986|38443785|347547306|31|2021-08-19 00:00:00|Active|||MOV INTERNET CAB RA S23|2021-08-19 00:00:00||||||Internet Movistar RA S23|Active|MonoInt|0||
SEGMENTO_004|2081744801|CLIENT_00542|958957121|204689637|31|2023-02-03 00:00:00|Active|||MOV INTERNET CAB RA 22|2023-02-03 13:28:22||||||Internet Movistar RA D22|Active|MonoInt|0||
SEGMENTO_004|2010229419|CLIENT_00940|77358185|871086937|17|2023-06-07 00:00:00|Active|||MOV INTERNET CAB RA 22|2023-06-07 17:58:58||||||Internet Movistar RA D22|Active|MonoInt|0||
SEGMENTO_004|2033411826|CLIENT_00583|35777616|254046606|31|2021-04-21 00:00:00|Active|MOVISTAR VOZ DUO|Active|MOVISTAR INTERNET DÚO|2021-04-21 00:00:00||||||Dúo Plano Local Internet|Active|Duos BA|0||
SEGMENTO_004|2075370034|CLIENT_00145|097589811|331699137|23|2022-06-25 00:00:00|Active|||MOV INTERNET CAB RA|2022-06-25 15:06:33||||||Internet Movistar RA|Active|MonoInt|0||
SEGMENTO_004|2037039972|CLIENT_00968|056068111|605125447|31|2024-02-02 00:00:00|Active|MOVISTAR VOZ DMU S23|Active|MOV INTERNET DUO RA S23|2024-02-02 20:38:08||||||Duo Movistar Voz Internet RA S23|Active|Duos BA|0|Descto Plan Internet 50% x 2 ms, Descto Plan Voz 50% x 2 ms|
SEGMENTO_004|2066717944|CLIENT_00082|88171716|165196606|17|2022-03-03 00:00:00|Active|MOVISTAR VOZ DUO|Active|MOVISTAR INTERNET DÚO|2022-03-03 00:00:00||||||Dúo Plano Local Internet|Active|Duos BA|0||
SEGMENTO_004|2041539406|CLIENT_00077|58309406|761484506|31|2019-12-20 00:00:00|Active|||MOVISTAR DUO INTERNET|2019-12-20 00:00:00|TV ESTANDAR DUO|2019-12-20 00:00:00|HFC|CATV|Active|Dúo Internet Estándar|Active|Duos TV BA|0||2
SEGMENTO_004|2024906192|CLIENT_00412|69231985|026181637|17|2022-12-27 00:00:00|Active|||MOV INTERNET CAB RA 22|2022-12-27 10:23:00||||||Internet Movistar RA D22|Active|MonoInt|0||
SEGMENTO_004|2054297630|CLIENT_00621|24489306|850504506|31|2008-02-27 00:00:00|Active|MOVISTAR VOZ DUO|Active|MOVISTAR INTERNET DÚO|2018-04-25 00:00:00||||||Dúo Plano Local Internet|Active|Duos BA|0||
SEGMENTO_004|2091789509|CLIENT_00886|92995216|483063606|31|2022-05-31 00:00:00|Active|Línea Control|Active||||||||Línea Control VoIP||MonoLn|0||
SEGMENTO_004|2025086317|CLIENT_00367|37642006|478520506|31|1982-09-01 00:00:00|Active|MOVISTAR VOZ DUO SNA C|Active|Speedy Negocios Avanzados Internet C|2011-04-01 00:00:00||||||DUO SPEEDY NEG AVA C|Active|Duos BA|0||
SEGMENTO_004|2082735250|CLIENT_00885|33520195|988111406|31|2016-05-31 00:00:00|Suspended|Línea Control|Collection Suspension ( Subscr||||||||Línea Control VoIP||MonoLn|0||
SEGMENTO_004|2091617136|CLIENT_00837|22696485|647974306|31|2009-01-12 00:00:00|Active|MOVISTAR VOZ DUO|Active|MOVISTAR INTERNET DÚO|2020-09-07 00:00:00||||||Dúo Plano Local Internet|Active|Duos BA|0||
SEGMENTO_004|2082130032|CLIENT_00923|646582711|903352937|31|2023-05-18 00:00:00|Suspended|||MOV INTERNET CAB RA 22|2023-05-18 11:13:08||||||Internet Movistar RA D22|Collection Suspension ( Subscr|MonoInt|0|Descuento Prom Internet S/40 x 2m|
SEGMENTO_004|2010231031|CLIENT_00392|03511006|744310506|17|2020-01-13 00:00:00|Active|||MOVISTAR DUO INTERNET HD|2020-07-18 00:00:00|TV ESTANDAR DUO|2020-07-18 00:00:00|HFC|CATV|Active|Dúo Internet Estándar HD|Active|Duos TV BA|0||4
SEGMENTO_003|2074885080|CLIENT_00308|09099995|064699406|31|1996-08-08 00:00:00|Suspended|MOVISTAR VOZ DUO SNA|Collection Suspension ( Subscr|Speedy Negocios Avanzados Internet II|2009-02-07 00:00:00||||||DUO SPEEDY NEG AVA|Collection Suspension ( Subscr|Duos BA|0||
SEGMENTO_004|2000279692|CLIENT_00168|00612575|122081247|5|2023-10-13 00:00:00|Active|MOVISTAR VOZ TMU M23|Active|MOV INTERNET CAF RA M23|2023-10-13 13:09:29|TV ESTANDAR HD A M23|2023-10-13 13:09:34|FTTH|CATV|Active|Trío Mov. Voz Int. Estandar HD RA M23|Active|Trios CATV|0||2
SEGMENTO_004|2030716976|CLIENT_00848|06261095|650720406|17|1979-07-27 00:00:00|Active|MOVISTAR VOZ DUO|Active|MOVISTAR INTERNET DÚO|2019-12-14 00:00:00||||||Dúo Plano Local Internet|Active|Duos BA|0||
SEGMENTO_004|2094098136|CLIENT_00955|27159116|814412606|31|2019-07-23 00:00:00|Active|||MOVISTAR SOLO INTERNET|2019-07-23 00:00:00||||||Internet Movistar|Active|MonoInt|0|Fideliza Porc Internet 95% x 6 Meses|
SEGMENTO_004|2059725559|CLIENT_00880|74452706|724707506|31|1994-12-27 00:00:00|Suspended|Q51 LINEA PREMIUM B|Collection Suspension ( Subscr||||||||LN. SEMIPLANA LIBRE||MonoLn|0||
SEGMENTO_004|2085588833|CLIENT_00578|67596985|615979306|17|2021-04-07 00:00:00|Active|MOVISTAR VOZ TRÍO B|Active|TRIO MOVISTAR INTERNET D|2021-04-07 00:00:00|TV ESTANDAR HD|2021-04-07 00:00:00|HFC|CATV|Active|Trío Voz Internet Estándar HD|Active|Trios CATV|0||2
SEGMENTO_004|2088717616|CLIENT_00246|748464021|329442937|23|2023-05-18 00:00:00|Active|||MOV INTERNET CAD DUO RA 22|2023-05-18 12:45:45|TV ESTANDAR HD DUO|2023-05-18 12:45:44|HFC|CATV|Active|Dúo Internet Estándar HD RA D22|Active|Duos TV BA|0|Fide Prom Internet S/40 x 12 Meses|2
SEGMENTO_004|2092890011|CLIENT_00062|79390995|426119406|31|1991-06-07 00:00:00|Active|MOVISTAR VOZ DUO|Active|MOVISTAR INTERNET DUO ADSL|2021-08-01 00:00:00||||||Dúo Voz Plano Local Internet ADSL|Active|Duos BA|0||
SEGMENTO_004|2078299854|CLIENT_00460|03160295|627412406|31|2020-10-28 00:00:00|Active|||MOVISTAR SOLO INTERNET|2021-12-23 00:00:00||||||Internet Movistar|Active|MonoInt|0|Fideliza Porc Internet 50% x 6 Meses|
SEGMENTO_002|2042422772|CLIENT_00369|86640595|770715406|31|2006-05-11 00:00:00|Active|||||TV ESTANDAR DIGITAL CMS|2006-05-11 00:00:00|HFC|CATV|Active|TV ESTANDAR DIGITAL||MonoTv|0||2
SEGMENTO_004|2067641062|CLIENT_00563|11622616|307511347|17|2023-11-26 00:00:00|Active|||MOV INTERNET CAD DUO RA S23|2023-11-26 14:14:01|TV ESTANDAR HD DUO S23|2023-11-26 14:14:03|FTTH|CATV|Active|Duo Internet Estandar HD RA S23|Active|Duos TV BA|0||2
SEGMENTO_004|1033919058|CLIENT_00092|44615906|004840606|31|2003-03-05 00:00:00|Active|MOVISTAR TV ESTANDAR SATELITAL|Suspended|Movistar Trio Internet DTH A|2021-12-27 00:00:00|MOVISTAR ESTANDAR SATELITAL|2011-09-30 00:00:00|DTH|DTH|Active|Trío Movistar Control TV Satelital A|Suspended|Trios DTH|0|Fideliza Porc Internet 50% x 6 Meses, Fideliza Porc Voz 50% x 6 Meses, Punto adicional SD DTH|
SEGMENTO_004|2082043891|CLIENT_00584|31111885|335028306|31|1994-12-17 00:00:00|Active|MOVISTAR VOZ DUO|Active|MOVISTAR INTERNET DÚO|2021-09-01 00:00:00||||||Dúo Plano Local Internet|Active|Duos BA|0||
SEGMENTO_004|2086306604|CLIENT_00634|76627216|402342606|17|2000-01-07 00:00:00|Active|MOVISTAR VOZ DUO CTRL ADSL B|Active|MOVISTAR INTERNET DUO CTRL ADSL B|2021-09-05 00:00:00||||||Dúo Plano Control B|Active|Duos BA|0||
SEGMENTO_004|2041738350|CLIENT_00316|89056806|687098506|31|2013-02-20 00:00:00|Suspended|MOVISTAR VOZ DUO|Collection Suspension ( Subscr|MOVISTAR INTERNET DUO ADSL|2021-12-07 00:00:00||||||Dúo Voz Plano Local Internet ADSL|Collection Suspension ( Subscr|Duos BA|0|DTO FIDE S/ 5 ILIM|
SEGMENTO_004|2004899141|CLIENT_00494|01762006|068427837|17|2023-04-21 00:00:00|Active|||MOV INTERNET CAD DUO RA 22|2023-04-21 19:37:38|TV ESTANDAR HD DUO|2023-04-21 19:37:39|HFC|CATV|Active|Dúo Internet Estándar HD RA D22|Active|Duos TV BA|0||6
SEGMENTO_004|2078998333|CLIENT_00893|11274285|469842306|17|2019-06-03 00:00:00|Active|MOVISTAR VOZ TMU O23|Active|MOV INTERNET CAF RA O23|2019-06-03 00:00:00|TV ESTANDAR HD A O23|2019-06-03 00:00:00|FTTH|CATV|Active|Trio Mov. Voz Int. Estandar HD RA O23|Active|Trios CATV|0||2
SEGMENTO_004|2015336861|CLIENT_00247|15615795|874757406|31|2019-06-27 00:00:00|Suspended|MOVISTAR VOZ TRIO|Collection Suspension ( Subscr|MOVISTAR INTERNET TRÍO|2019-10-29 00:00:00|TV ESTANDAR|2019-06-27 00:00:00|FTTH|CATV|Collection Suspension ( Subscr|Trío Plano Local Internet Estándar HD|Collection Suspension ( Subscr|Trios CATV|0|BO Prom Internet 1 GB x 2 meses, Fideliza Porc Internet 70% x 6 Meses, Fideliza Porc TV 70% x 6 Meses, Fideliza Porc Voz 70% x 6 Meses|2
SEGMENTO_004|2087841208|CLIENT_00474|27084306|448533506|31|2021-08-21 00:00:00|Active|||MOVISTAR SOLO INTERNET|2021-08-21 00:00:00||||||Internet Movistar|Active|MonoInt|0||
SEGMENTO_002|2039530710|CLIENT_00063|09924006|041430506|31|2016-04-21 00:00:00|Active|MOVISTAR VOZ DUO CTRL ADSL B|Active|MOVISTAR INTERNET DUO CTRL ADSL B|2021-12-07 00:00:00||||||Dúo Plano Control B|Active|Duos BA|0|AJUSTE FID S/30 ILIM|
SEGMENTO_004|2050569390|CLIENT_00944|13897716|110378606|31|2015-02-24 00:00:00|Active|Q51 LINEA PREMIUM C|Active||||||||LN. PLANA LOCAL VOIP||MonoLn|0||
SEGMENTO_004|2084339331|CLIENT_00536|56101085|384010306|17|2019-08-02 00:00:00|Suspended|||MOVISTAR SOLO INTERNET|2021-01-09 00:00:00||||||Internet Movistar|Collection Suspension ( Subscr|MonoInt|0||
SEGMENTO_004|2007367776|CLIENT_00411|53765985|348469306|31|2020-06-23 00:00:00|Active|MOVISTAR VOZ DUO|Active|MOVISTAR INTERNET DÚO|2020-08-01 00:00:00||||||Dúo Plano Local Internet|Active|Duos BA|0||
SEGMENTO_004|2011722087|CLIENT_00088|27841006|947620506|17|2015-01-07 00:00:00|Active|Q51 LINEA PREMIUM A|Active||||||||LN. CLASICA LIBRE||MonoLn|0||
SEGMENTO_004|2065010802|CLIENT_00191|33969485|180605306|31|2008-06-21 00:00:00|Active|MOVISTAR VOZ DUO|Active|MOVISTAR INTERNET DÚO|2018-11-07 00:00:00||||||Dúo Plano Local Internet|Active|Duos BA|0||
SEGMENTO_004|2077664976|CLIENT_00134|54902106|423011506|17|2015-02-03 00:00:00|Active|MOVISTAR VOZ DUO|Active|MOVISTAR INTERNET DUO ADSL|2021-12-18 00:00:00||||||Dúo Voz Plano Local Internet ADSL|Active|Duos BA|0|DTO FIDE S/ 25 ILIM|
SEGMENTO_004|2014579954|CLIENT_00512|18024795|080447406|31|2004-07-22 00:00:00|Active|Q51 LINEA PREMIUM A|Active||||||||LN. CLASICA LIBRE||MonoLn|0||
SEGMENTO_003|2074885080|CLIENT_00308|78260006|444699406|31|1996-06-12 00:00:00|Suspended|Q51 LINEA PREMIUM C|Collection Suspension ( Subscr||||||||LN. PLANA LOCAL||MonoLn|0||
SEGMENTO_004|2096049962|CLIENT_01000|791921221|597087737|31|2023-03-18 00:00:00|Active|||MOV INTERNET CAB RA 22|2023-03-18 16:28:28||||||Internet Movistar RA D22|Active|MonoInt|0||
SEGMENTO_002|2056046163|CLIENT_00994|31979006|770501506|17|2008-02-20 00:00:00|Active||||2008-02-20 00:00:00||||||Troncal|Active|MonoInt|0||
SEGMENTO_004|2091789509|CLIENT_00886|02379285|301892306|31|2018-11-28 00:00:00|Active|MOVISTAR VOZ DUO|Active|MOVISTAR INTERNET DÚO|2018-11-28 00:00:00||||||Dúo Plano Local Internet|Active|Duos BA|0||
SEGMENTO_004|2060519712|CLIENT_00827|67219716|255988606|31|2003-03-11 00:00:00|Active||||2003-03-11 00:00:00||||||Troncal|Active|MonoInt|0||
SEGMENTO_002|2028712026|CLIENT_00204|50691516|652026606|31|2016-10-19 00:00:00|Active|MOVISTAR VOZ TRIO|Active|MOVISTAR INTERNET TRÍO|2021-07-01 00:00:00|TV ESTANDAR|2021-07-01 00:00:00|HFC|CATV|Active|Trío Plano Local Internet Estándar HD|Active|Trios CATV|0|Descuento IPJUL23 EXO TV S/10.00 x 12m|2
SEGMENTO_004|2024991600|CLIENT_00919|53129095|933115447|31|2024-02-02 00:00:00|Active|MOVISTAR VOZ TMU S23|Active|MOV INTERNET CAF RA S23|2024-02-02 17:44:30|TV ESTANDAR HD A S23|2024-02-02 17:44:30|FTTH|CATV|Active|Trio Mov. Voz Int. Estandar HD RA S23|Active|Trios CATV|0|Descto Plan Internet 50% x 2 ms, Descto Plan TV 50% x 2 ms, Descto Plan Voz 50% x 2 ms|2
SEGMENTO_002|2006121666|CLIENT_00662|51834206|767764737|17|2023-02-27 00:00:00|Active|||MOV INTERNET CAB RA 22|2023-02-27 16:03:32||||||Internet Movistar RA D22|Active|MonoInt|0||
SEGMENTO_004|2087799939|CLIENT_00195|09932985|455639306|17|2019-08-05 00:00:00|Active|||MOVISTAR SOLO INTERNET|2019-08-05 00:00:00||||||Internet Movistar|Active|MonoInt|0||
SEGMENTO_004|2004899141|CLIENT_00494|01762006|709596837|17|2023-04-20 00:00:00|Active|||MOV INTERNET CAD DUO RA 22|2023-04-20 18:51:37|TV ESTANDAR HD DUO|2023-04-20 18:51:35|HFC|CATV|Active|Dúo Internet Estándar HD RA D22|Active|Duos TV BA|0||6
SEGMENTO_002|2028712026|CLIENT_00204|576470121|193833537|31|2022-11-17 00:00:00|Active|MOVISTAR VOZ TMU|Active|MOV INTERNET CAE RA|2022-11-17 13:44:16|TV ESTANDAR HD A|2022-11-17 13:44:12|FTTH|CATV|Active|Trío Movistar Voz Internet Estandar HD RA|Active|Trios CATV|0|Descuento IPJUL23 EXO TV S/10.00 x 12m|2
SEGMENTO_001|2026242865|CLIENT_00930|28393016|597520606|31|2013-12-12 00:00:00|Active|Q51 LINEA PREMIUM B|Active||||||||LN. SEMIPLANA LIBRE||MonoLn|0||
SEGMENTO_004|2042601129|CLIENT_00965|59038606|713876506|17|2016-10-11 00:00:00|Suspended|MOVISTAR VOZ DUO|Collection Suspension ( Subscr|MOVISTAR INTERNET DUO ADSL|2021-12-18 00:00:00||||||Dúo Voz Plano Local Internet ADSL|Collection Suspension ( Subscr|Duos BA|0|DTO FIDE S/ 5 ILIM|
SEGMENTO_002|2032318459|CLIENT_00719|84851895|753638406|31|2013-01-29 00:00:00|Active|MOVISTAR VOZ TRIO|Active|MOVISTAR INTERNET ADSL TRÍO HD|2021-12-30 00:00:00|TV ESTANDAR|2021-12-30 00:00:00|HFC|CATV|Active|Trío Plano Local Internet Estándar HD A|Active|Trios CATV|0|DTO FIDE S/ 5 ILIM|3
SEGMENTO_004|2008371952|CLIENT_00582|363035021|881585147|5|2023-09-21 00:00:00|Active|||MOV INTERNET CAD DUO RA S23|2023-11-03 14:04:46|TV ESTANDAR HD DUO S23|2023-09-21 19:06:29|FTTH|CATV|Active|Duo Internet Estandar HD RA S23|Active|Duos TV BA|0||2
SEGMENTO_004|2025253491|CLIENT_00095|249563021|716718337|31|2022-11-07 00:00:00|Active|||MOV INTERNET CAD DUO RA|2022-11-07 15:32:03|TV ESTANDAR HD DUO|2022-11-07 15:32:05|HFC|CATV|Active|Dúo Internet Estándar HD RA|Active|Duos TV BA|0|Ajuste al plan ip S/14.91 por 12 meses|2
SEGMENTO_004|2001580114|CLIENT_00016|71975885|543768306|17|2018-08-16 00:00:00|Active|||MOV INTERNET CAB RA 22|2019-02-15 00:00:00||||||Internet Movistar RA D22|Active|MonoInt|0||
SEGMENTO_004|2003216433|CLIENT_00243|75663495|109644406|31|2018-05-31 00:00:00|Suspended|MOVISTAR VOZ TRÍO B|Collection Suspension ( Subscr|TRIO MOVISTAR INTERNET D|2021-04-28 00:00:00|TV ESTANDAR HD|2018-05-31 00:00:00|HFC|CATV|Collection Suspension ( Subscr|Trío Voz Internet Estándar HD|Collection Suspension ( Subscr|Trios CATV|0||2
SEGMENTO_004|2021705119|CLIENT_00201|40852285|452622306|31|2015-08-14 00:00:00|Active|MOVISTAR VOZ DUO|Active|MOVISTAR INTERNET DÚO|2019-12-04 00:00:00||||||Dúo Plano Local Internet|Active|Duos BA|0||
SEGMENTO_004|2096049962|CLIENT_01000|791921221|597087737|31|2023-03-21 00:00:00|Active|||MOV INTERNET CAB RA 22|2023-03-21 11:52:22||||||Internet Movistar RA D22|Active|MonoInt|0|Fideliza Porc Internet 50% x 6 Meses|
SEGMENTO_004|2066690205|CLIENT_00259|57554495|958154406|17|2020-11-13 00:00:00|Suspended|||MOVISTAR DUO INTERNET HD|2020-11-13 00:00:00|TV ESTANDAR DUO|2020-11-13 00:00:00|HFC|CATV|Collection Suspension ( Subscr|Dúo Internet Estándar HD|Collection Suspension ( Subscr|Duos TV BA|0||2
SEGMENTO_002|2028712026|CLIENT_00204|91332516|403026606|31|2000-03-23 00:00:00|Active|Q51 LINEA PREMIUM B|Active||||||||LN. SEMIPLANA LIBRE||MonoLn|0||
SEGMENTO_004|2024539936|CLIENT_00335|97222706|791917506|17|1999-09-06 00:00:00|Active|Mono Voz Control|Active||||||||LN. CONTROL||MonoLn|0||
SEGMENTO_004|2028873503|CLIENT_00053|97156695|305866406|31|1994-01-22 00:00:00|Active|MOVISTAR VOZ TRIO C|Active|TRIO MOVISTAR INTERNET I|2021-12-30 00:00:00|TV ESTANDAR H|2021-12-30 00:00:00|HFC|CATV|Active|Trío Voz Internet Estándar A|Active|Trios CATV|1|DTO FIDE S/5.11 ILIM, Fideliza Porc Internet 95% x 6 Meses, Fideliza Porc TV 95% x 6 Meses, Fideliza Porc Voz 95% x 6 Meses|2
SEGMENTO_004|2041264624|CLIENT_00040|87556095|015470406|17|2019-07-09 00:00:00|Active|||MOVISTAR SOLO INTERNET|2019-07-09 00:00:00||||||Internet Movistar|Active|MonoInt|0||
SEGMENTO_004|2043931605|CLIENT_00834|86639085|370390306|17|2019-05-09 00:00:00|Active|MOVISTAR VOZ DUO|Active|MOVISTAR INTERNET DÚO|2019-05-09 00:00:00||||||Dúo Plano Local Internet|Active|Duos BA|0||
SEGMENTO_003|2080037559|CLIENT_00735|305198111|487299237|17|2022-08-09 00:00:00|Active|MOVISTAR VOZ DMU|Active|MOV INTERNET DUO RA|2022-08-09 20:13:05||||||Dúo Movistar Voz Internet RA|Active|Duos BA|0||
SEGMENTO_001|2026242865|CLIENT_00930|84903506|006726506|31|2008-03-08 00:00:00|Active||||2008-03-08 00:00:00||||||RDSI|Active|MonoInt|0||
SEGMENTO_004|2035877410|CLIENT_00432|48436885|291478306|17|2019-11-11 00:00:00|Active|||MOVISTAR SOLO INTERNET|2019-11-11 00:00:00||||||Internet Movistar|Active|MonoInt|0||
SEGMENTO_004|2036551080|CLIENT_00678|91210795|990807406|31|2016-03-24 00:00:00|Active|MOVISTAR VOZ DUO|Active|MOVISTAR INTERNET DÚO|2020-10-15 00:00:00||||||Dúo Plano Local Internet|Active|Duos BA|0||
SEGMENTO_004|2069507116|CLIENT_00675|57902706|568656447|17|2024-02-08 00:00:00|Active|||MOV INTERNET CAB RA S23|2024-02-08 13:05:59||||||Internet Movistar RA S23|Active|MonoInt|0|Descto Plan Internet 50% x 2 ms|
SEGMENTO_004|2037154486|CLIENT_00895|68520506|931105506|17|2011-09-28 00:00:00|Suspended|MOVISTAR VOZ DUO CTRL ADSL B|Collection Suspension ( Subscr|MOVISTAR INTERNET DUO CTRL ADSL B|2021-09-05 00:00:00||||||Dúo Plano Control B|Collection Suspension ( Subscr|Duos BA|0||
SEGMENTO_004|2070698896|CLIENT_00456|244253411|522274247|15|2023-10-24 00:00:00|Active|||MOV INTERNET CAD DUO RA S23|2023-10-24 11:58:38|TV ESTANDAR HD DUO S23|2023-10-24 11:58:37|HFC|CATV|Active|Duo Internet Estandar HD RA S23|Active|Duos TV BA|0||2
SEGMENTO_003|2074885080|CLIENT_00308|59260006|254699406|31|1998-07-31 00:00:00|Suspended|Mono Voz Control|Collection Suspension ( Subscr||||||||LN. CONTROL||MonoLn|0||
SEGMENTO_004|2078726535|CLIENT_00097|43899716|793398606|31|2022-07-25 00:00:00|Active|||MOV INTERNET CAB RA 22|2022-07-25 00:00:00||||||Internet Movistar RA D22|Active|MonoInt|0||
SEGMENTO_004|2045140447|CLIENT_00274|132079121|086835737|5|2023-03-03 00:00:00|Suspended|MOVISTAR VOZ TMU|Collection Suspension ( Subscr|MOV INTERNET CAF RA|2023-03-03 14:47:12|TV ESTANDAR HD A|2023-03-03 14:47:15|FTTH|CATV|Collection Suspension ( Subscr|Trío Mov. Voz Internet Estandar HD RA D22|Collection Suspension ( Subscr|Trios CATV|0|Descuento IPJUL23 EXO TV S/10.00 x 12m|2
SEGMENTO_004|2062876920|CLIENT_00061|66902695|272136406|17|2012-09-06 00:00:00|Active|Q51 LINEA PREMIUM C|Active||||||||LN. PLANA LOCAL||MonoLn|0||
SEGMENTO_002|2028712026|CLIENT_00204|145255911|797497537|31|2022-12-12 00:00:00|Active|MOVISTAR VOZ TMU|Active|MOV INTERNET CAF RA|2022-12-12 12:52:44|TV ESTANDAR HD A|2022-12-12 12:52:45|FTTH|CATV|Active|Trío Mov. Voz Internet Estandar HD RA D22|Active|Trios CATV|0|Descuento IPJUL23 EXO TV S/10.00 x 12m|1
SEGMENTO_004|2057609277|CLIENT_00543|81355016|198140606|31|2016-11-21 00:00:00|Active|MOVISTAR VOZ DUO|Active|MOVISTAR INTERNET DÚO|2019-07-11 00:00:00||||||Dúo Plano Local Internet|Active|Duos BA|0||
SEGMENTO_004|2041506167|CLIENT_00025|53091575|556319627|31|2022-11-14 00:00:00|Active|||MOV INTERNET CAB RA|2022-11-14 13:39:29||||||Internet Movistar RA|Active|MonoInt|0||
SEGMENTO_004|2015571136|CLIENT_00819|22251785|645227306|31|2019-11-26 00:00:00|Active|MOVISTAR VOZ DMU|Active|||TV ESTANDAR DIGITAL RA|2019-11-26 00:00:00|HFC|CATV|Active|Dúo Movistar Voz Estándar HD RA||Duos CATV|0||6
SEGMENTO_004|2057609277|CLIENT_00543|28284016|388140606|31|1996-02-14 00:00:00|Active|Línea Control|Active||||||||Línea Control||MonoLn|0||
SEGMENTO_004|2045418905|CLIENT_00576|74098785|971697306|17|2018-08-02 00:00:00|Active|MOVISTAR VOZ TRIO|Active|TRIO MOVISTAR INTERNET|2018-08-02 00:00:00|TV ESTANDAR|2018-08-02 00:00:00|FTTH|CATV|Active|Trío Plano Local Internet Estándar|Active|Trios CATV|0||2
SEGMENTO_002|2042422772|CLIENT_00369|83027706|241187506|31|2006-06-27 00:00:00|Active||||2006-06-27 00:00:00||||||080X|Active|MonoInt|0||
SEGMENTO_004|2039933423|CLIENT_00441|35425395|370163406|31|2019-10-31 00:00:00|Active|Línea Movistar Voz|Active||||||||Línea Movistar Voz VoIP||MonoLn|0||
SEGMENTO_004|2028148322|CLIENT_00798|541525211|155908737|15|2023-03-17 00:00:00|Active|||MOV INTERNET CAB RA 22|2023-03-17 15:27:22||||||Internet Movistar RA D22|Active|MonoInt|0|Fideliza Porc Internet 50% x 6 Meses|
SEGMENTO_004|1042311948|CLIENT_00722|88429806|151219506|31|1999-06-14 00:00:00|Active|MOVISTAR TV SATELITAL D|Active|Movistar Trio Internet DTH|2012-05-16 00:00:00|ESTELAR SATELITAL TDP|2012-05-20 00:00:00|DTH|DTH|Active|Trío Movistar Voz Internet TV Satelital|Active|Trios DTH|0||
SEGMENTO_004|2024496152|CLIENT_00315|81792506|232316506|31|2020-11-20 00:00:00|Active|MOVISTAR VOZ DUO|Active|MOVISTAR INTERNET DÚO|2020-11-20 00:00:00||||||Dúo Plano Local Internet|Active|Duos BA|0||
SEGMENTO_004|2038848428|CLIENT_00847|257358121|126080737|15|2023-02-09 00:00:00|Active|MOVISTAR VOZ DMU|Active|MOV INTERNET DUO RA 22|2023-02-09 11:36:48||||||Dúo Movistar Voz Internet RA D22|Active|Duos BA|0||
SEGMENTO_004|2061195913|CLIENT_00760|73970806|928508506|17|2022-01-11 00:00:00|Active|MOVISTAR VOZ DUO|Active|MOVISTAR INTERNET DÚO|2022-01-11 00:00:00||||||Dúo Plano Local Internet|Active|Duos BA|0||
SEGMENTO_004|2034994857|CLIENT_00519|58380706|031590047|17|2023-07-01 00:00:00|Active|MOVISTAR VOZ TMU M23|Active|MOV INTERNET CAF RA M23|2023-07-01 19:41:01|TV ESTANDAR HD A M23|2023-07-01 19:41:01|FTTH|CATV|Active|Trío Mov. Voz Int. Estandar HD RA M23|Active|Trios CATV|0||2
SEGMENTO_004|1002436750|CLIENT_00326|48171116|126021606|31|1975-06-13 00:00:00|Active|MOVISTAR TV SATELITAL D|Collection Suspension ( Subscr|Movistar Trio Internet DTH|2021-09-18 00:00:00|MOVISTAR ESTANDAR SATELITAL|2014-06-26 00:00:00|DTH|DTH|Active|Trío Movistar Voz Internet TV Satelital|Collection Suspension ( Subscr|Trios DTH|0||
SEGMENTO_004|2061098744|CLIENT_00011|56631806|827509506|17|2020-03-04 00:00:00|Active|||MOVISTAR DUO INTERNET HD|2020-07-18 00:00:00|TV ESTANDAR DUO|2020-07-18 00:00:00|HFC|CATV|Active|Dúo Internet Estándar HD|Active|Duos TV BA|0|Fideliza Porc Internet 50% x 6 Meses, Fideliza Porc TV 50% x 6 Meses|2
SEGMENTO_002|2002459973|CLIENT_00887|435846421|419702347|27|2023-11-28 00:00:00|Active|||MOV INTERNET CAB RA S23|2023-11-28 15:41:13||||||Internet Movistar RA S23|Active|MonoInt|0||
SEGMENTO_004|2064447144|CLIENT_00541|50520895|862508406|31|1991-08-02 00:00:00|Active|MOVISTAR VOZ DUO SNA C|Active|Speedy Negocios Avanzados Internet C|2011-03-01 00:00:00||||||DUO SPEEDY NEG AVA C|Active|Duos BA|0||
SEGMENTO_004|2096049962|CLIENT_01000|794131221|907233937|31|2023-05-20 00:00:00|Active|||MOV INTERNET CAB RA 22|2023-05-20 16:20:35||||||Internet Movistar RA D22|Active|MonoInt|0||
SEGMENTO_004|2064786199|CLIENT_00357|34675795|962177406|31|2006-02-24 00:00:00|Suspended|MOVISTAR VOZ DUO|Collection Suspension ( Subscr|MOVISTAR INTERNET DUO ADSL|2021-12-30 00:00:00||||||Dúo Voz Plano Local Internet ADSL|Collection Suspension ( Subscr|Duos BA|0|DTO FIDE S/ 5 ILIM|
SEGMENTO_004|2008388940|CLIENT_00121|07865806|414368506|31|2014-01-29 00:00:00|Active|Línea Control|Active||||||||Línea Control||MonoLn|0||
SEGMENTO_004|2024177972|CLIENT_00132|00147116|380284537|31|2023-11-02 00:00:00|Active|MOVISTAR VOZ DMU S23|Active|MOV INTERNET DUO RA S23|2023-11-02 14:36:02||||||Duo Movistar Voz Internet RA S23|Active|Duos BA|0||
SEGMENTO_004|2043325056|CLIENT_00080|47112895|400728406|17|2021-07-02 00:00:00|Active|||MOVISTAR SOLO INTERNET|2021-07-02 00:00:00||||||Internet Movistar|Active|MonoInt|0||
SEGMENTO_004|2052036896|CLIENT_00239|81602385|766023306|31|2015-05-21 00:00:00|Active|Línea Control|Active||||||||Línea Control||MonoLn|0||
SEGMENTO_004|2022643357|CLIENT_00298|41329095|201101406|17|2008-04-14 00:00:00|Active|Q51 LINEA PREMIUM B|Active||||||||LN. SEMIPLANA LIBRE||MonoLn|0||
SEGMENTO_004|2078066090|CLIENT_00801|15838316|104163606|17|2007-05-15 00:00:00|Active|Q51 LINEA PREMIUM C|Active||||||||LN. PLANA LOCAL||MonoLn|0||
SEGMENTO_004|2068643068|CLIENT_00119|62955285|171652306|31|1975-06-13 00:00:00|Active|MOVISTAR VOZ DUO|Active|MOVISTAR INTERNET DÚO|2019-02-13 00:00:00||||||Dúo Plano Local Internet|Active|Duos BA|0||
SEGMENTO_004|2098293784|CLIENT_00265|81864316|075729637|31|2023-02-06 00:00:00|Active|MOVISTAR VOZ TMU|Active|MOV INTERNET CAF RA|2023-02-06 13:20:34|TV ESTANDAR HD A|2023-02-06 13:20:37|FTTH|CATV|Active|Trío Mov. Voz Internet Estandar HD RA D22|Active|Trios CATV|0||3
SEGMENTO_004|2021652039|CLIENT_00067|39304285|943042306|31|2019-05-28 00:00:00|Active|||MOVISTAR SOLO INTERNET|2019-10-25 00:00:00||||||Internet Movistar|Active|MonoInt|0|Fideliza Porc Internet 50% x 6 Meses|
SEGMENTO_004|2080300027|CLIENT_00295|23092285|887922306|31|2020-02-19 00:00:00|Active|MOVISTAR VOZ DUO|Active|MOVISTAR INTERNET DÚO|2020-07-01 00:00:00||||||Dúo Plano Local Internet|Active|Duos BA|0||
SEGMENTO_004|2027256336|CLIENT_00122|39071016|279689506|31|2016-09-06 00:00:00|Active|MOVISTAR VOZ DUO CTRL ADSL B|Active|MOVISTAR INTERNET DUO CTRL ADSL B|2022-02-16 00:00:00||||||Dúo Plano Control B|Active|Duos BA|0|DTO FIDE S/ 25 ILIM|
SEGMENTO_002|2039216584|CLIENT_00936|68475006|506560506|31|1995-10-27 00:00:00|Active|Q51 LINEA PREMIUM B|Active||||||||LN. SEMIPLANA LIBRE||MonoLn|0||
SEGMENTO_004|2018849431|CLIENT_00586|805306521|843658447|5|2024-02-19 00:00:00|Active|MOVISTAR VOZ TMU S23|Active|MOV INTERNET CAF RA S23|2024-02-19 11:00:33|TV ESTANDAR HD A S23|2024-02-19 11:00:33|FTTH|CATV|Active|Trio Mov. Voz Int. Estandar HD RA S23|Active|Trios CATV|0|Descto Plan Internet 50% x 2 ms, Descto Plan TV 50% x 2 ms, Descto Plan Voz 50% x 2 ms|2
SEGMENTO_004|2070942382|CLIENT_00382|54366285|843962306|31|2019-02-25 00:00:00|Active|MOVISTAR VOZ DUO|Active|MOVISTAR INTERNET DÚO|2019-02-25 00:00:00||||||Dúo Plano Local Internet|Active|Duos BA|0|AJUSTE FID S/3 ILIM|
SEGMENTO_002|2023381522|CLIENT_00756|03530816|398698606|31|2013-12-11 00:00:00|Active|MOVISTAR TV SATELITAL D|Active|Movistar Trio Internet DTH B|2022-02-16 00:00:00||||||Trío Movistar Voz Internet TV Satelital HD|Active|Duos BA|0|BLOQUE FULL HD DTH, DTO FIDE S/ 3 ILIM|
SEGMENTO_004|2082202511|CLIENT_00338|52972716|657886606|31|2002-08-14 00:00:00|Active|MOVISTAR VOZ TRÍO B|Active|TRIO MOVISTAR INTERNET D|2016-06-10 00:00:00|TV ESTANDAR HD|2016-06-10 00:00:00|HFC|CATV|Active|Trío Voz Internet Estándar HD|Active|Trios CATV|0||4
SEGMENTO_002|2027501843|CLIENT_00533|58807706|775657506|17|2011-07-12 00:00:00|Active|MOVISTAR VOZ DUO|Active|MOVISTAR INTERNET DÚO|2021-04-12 00:00:00||||||Dúo Plano Local Internet|Active|Duos BA|0||
SEGMENTO_004|2051682890|CLIENT_00374|23831906|584819506|31|2021-08-25 00:00:00|Active|||MOVISTAR SOLO INTERNET|2021-08-25 00:00:00||||||Internet Movistar|Active|MonoInt|0||
SEGMENTO_004|2021652039|CLIENT_00067|39304285|718973737|31|2023-02-24 00:00:00|Active|||MOV INTERNET CAB RA 22|2023-02-24 15:48:10||||||Internet Movistar RA D22|Active|MonoInt|0|Fideliza Porc Internet 50% x 6 Meses|
SEGMENTO_004|2031742610|CLIENT_00470|889717021|409765437|15|2022-11-15 00:00:00|Active|MOVISTAR VOZ TMU|Active|MOV INTERNET CAE RA|2022-11-15 11:56:27|TV ESTANDAR HD A|2022-11-15 11:56:27|FTTH|CATV|Active|Trío Movistar Voz Internet Estandar HD RA|Active|Trios CATV|0|Ajuste al plan ip S/14.91 por 12 meses|2
SEGMENTO_004|2075533541|CLIENT_00465|333088111|985350637|23|2022-12-20 00:00:00|Active|MOVISTAR VOZ TMU|Active|MOV INTERNET CAF RA|2022-12-20 19:21:53|TV ESTANDAR HD A|2022-12-20 19:21:56|HFC|CATV|Active|Trío Mov. Voz Internet Estandar HD RA D22|Active|Trios CATV|0||1
SEGMENTO_004|2075649292|CLIENT_00761|34903895|113738406|31|2022-01-27 00:00:00|Active|||MOVISTAR SOLO INTERNET|2022-01-27 00:00:00||||||Internet Movistar|Active|MonoInt|0||
SEGMENTO_004|2034879712|CLIENT_00302|02226995|438869406|31|2022-01-22 00:00:00|Active|||MOVISTAR SOLO INTERNET|2022-01-22 00:00:00||||||Internet Movistar|Active|MonoInt|0|Fideliza Porc Internet 50% x 6 Meses|
SEGMENTO_003|2074885080|CLIENT_00308|51760006|693699406|31|2017-02-23 00:00:00|Active|MOVISTAR VOZ DUO|Active|MOVISTAR INTERNET DUO ADSL|2022-02-16 00:00:00||||||Dúo Voz Plano Local Internet ADSL|Active|Duos BA|0||
SEGMENTO_004|2044789187|CLIENT_00896|678241221|028297247|5|2023-11-10 00:00:00|Active|||MOV INTERNET CAB RA S23|2023-11-10 11:30:31||||||Internet Movistar RA S23|Active|MonoInt|0|Fideliza Porc Internet 50% x 6 Meses|
SEGMENTO_004|2065581182|CLIENT_00019|71431095|373220406|17|2019-09-17 00:00:00|Active|MOVISTAR VOZ DUO|Active|MOVISTAR INTERNET DÚO|2019-09-17 00:00:00||||||Dúo Plano Local Internet|Active|Duos BA|0||
SEGMENTO_002|2010441811|CLIENT_00839|34610495|721314406|31|2019-11-26 00:00:00|Active|Línea Control|Active||||||||Línea Control||MonoLn|0||
SEGMENTO_004|2057609277|CLIENT_00543|78285016|998140606|31|2009-06-26 00:00:00|Active|MOVISTAR VOZ DUO|Active|MOVISTAR INTERNET DÚO|2019-07-11 00:00:00||||||Dúo Plano Local Internet|Active|Duos BA|0||
SEGMENTO_004|2096619821|CLIENT_00477|41412616|745806606|31|2020-01-24 00:00:00|Active|MOVISTAR VOZ TMU M23|Active|MOV INTERNET CAF RA M23|2020-07-01 00:00:00|TV ESTANDAR HD A M23|2023-09-27 15:36:16|FTTH|CATV|Active|Trío Mov. Voz Int. Estandar HD RA M23|Active|Trios CATV|0||2
SEGMENTO_004|2053585542|CLIENT_00846|97022606|021807506|17|2021-12-07 00:00:00|Active|||MOVISTAR DUO INTERNET A|2021-12-07 00:00:00|TV ESTANDAR HD|2021-12-07 00:00:00|HFC|CATV|Active|Dúo Internet TV Estándar HD|Active|Duos TV BA|0||2
SEGMENTO_004|2021250702|CLIENT_00176|20807106|776481506|17|2022-05-11 00:00:00|Active|||MOV INTERNET CAD DUO RA|2022-05-11 00:00:00|TV ESTANDAR HD DUO|2022-05-11 00:00:00|FTTH|CATV|Active|Dúo Internet Estándar HD RA|Active|Duos TV BA|0||3
SEGMENTO_004|2087905445|CLIENT_00039|01110895|321920737|17|2023-02-06 00:00:00|Active|||MOV INTERNET CAB RA 22|2023-02-06 16:17:50||||||Internet Movistar RA D22|Active|MonoInt|0||
SEGMENTO_004|2094577730|CLIENT_00415|735052901|336779447|23|2024-02-23 00:00:00|Active|MOVISTAR VOZ DMU O23|Active|MOV INTERNET DUO RA O23|2024-02-23 18:14:26||||||Duo Movistar Voz Internet RA O23|Active|Duos BA|0||
SEGMENTO_004|2082221937|CLIENT_00364|64273106|096931506|31|2012-03-21 00:00:00|Active|Q51 LINEA PREMIUM B|Active||||||||LN. SEMIPLANA LIBRE||MonoLn|0||
SEGMENTO_004|2033295502|CLIENT_00513|159921021|882812537|5|2022-11-16 00:00:00|Active|MOVISTAR VOZ TMU S23|Active|MOV INTERNET CAF RA S23|2022-11-16 13:41:26|TV ESTANDAR HD A S23|2022-11-16 13:41:25|FTTH|CATV|Active|Trio Mov. Voz Int. Estandar HD RA S23|Active|Trios CATV|0||2
SEGMENTO_004|2070054625|CLIENT_00725|56728706|621197506|17|2018-04-07 00:00:00|Active|MOVISTAR VOZ TMU S23|Active|MOV INTERNET CAF RA S23|2022-01-07 00:00:00|TV ESTANDAR HD A S23|2024-01-06 16:01:07|FTTH|CATV|Active|Trio Mov. Voz Int. Estandar HD RA S23|Active|Trios CATV|0|Descto Plan TV 50% x 2 ms, DTO FIDE S/ 5 ILIM|2
SEGMENTO_004|2035220905|CLIENT_00655|63347185|904800347|31|2023-11-18 00:00:00|Active|MOVISTAR VOZ TMU S23|Active|MOV INTERNET CAF RA S23|2023-11-18 14:16:28|TV ESTANDAR HD A S23|2023-11-18 14:16:32|FTTH|CATV|Active|Trio Mov. Voz Int. Estandar HD RA S23|Active|Trios CATV|0||2
SEGMENTO_004|2096049962|CLIENT_01000|794131221|912905837|31|2023-04-19 00:00:00|Active|||MOV INTERNET CAB RA 22|2023-04-19 17:00:34||||||Internet Movistar RA D22|Active|MonoInt|0||
SEGMENTO_004|2022589688|CLIENT_00286|18460706|542307506|99|2014-08-26 00:00:00|Active|TPI PREPAGO|Active||||||||TPI PREPAGO||MonoLn|0||
SEGMENTO_004|2009056636|CLIENT_00705|185578121|008521737|15|2023-02-13 00:00:00|Active|||MOV INTERNET CAB RA 22|2023-02-13 13:24:24||||||Internet Movistar RA D22|Active|MonoInt|0|Fideliza Porc Internet 50% x 6 Meses|
SEGMENTO_004|2016641872|CLIENT_00659|56917616|949576606|31|2018-09-28 00:00:00|Suspended|Línea Control|Collection Suspension ( Subscr||||||||Línea Control||MonoLn|0||
SEGMENTO_004|2061611588|CLIENT_00499|07661185|233405737|17|2023-03-04 00:00:00|Active|MOVISTAR VOZ TMU|Active|MOV INTERNET CAF RA|2023-03-04 12:14:40|TV ESTANDAR HD A|2023-03-04 12:14:39|HFC|CATV|Active|Trío Mov. Voz Internet Estandar HD RA D22|Active|Trios CATV|0|Descuento IPJUL23 EXO TV S/10.00 x 12m|2
SEGMENTO_004|2095609618|CLIENT_00060|65393285|295042306|31|2019-11-28 00:00:00|Active|MOVISTAR VOZ DUO|Active|MOVISTAR INTERNET DÚO|2019-11-28 00:00:00||||||Dúo Plano Local Internet|Active|Duos BA|0||
SEGMENTO_004|2051379016|CLIENT_00444|00140116|314401606|31|2020-07-20 00:00:00|Suspended|||MOVISTAR SOLO INTERNET|2020-07-20 00:00:00||||||Internet Movistar|Collection Suspension ( Subscr|MonoInt|0||
SEGMENTO_002|2017768500|CLIENT_00417|14931616|241716606|17|1967-09-01 00:00:00|Active|Línea Movistar Voz|Active||||||||Línea Movistar Voz VoIP||MonoLn|0||
SEGMENTO_004|2070214710|CLIENT_00242|20550885|898318306|31|2012-10-05 00:00:00|Suspended|MOVISTAR VOZ DUO|Collection Suspension ( Subscr|MOVISTAR INTERNET DÚO|2019-11-12 00:00:00||||||Dúo Plano Local Internet|Collection Suspension ( Subscr|Duos BA|0||
SEGMENTO_004|2061726816|CLIENT_00637|20760906|912598506|17|2018-04-13 00:00:00|Active|MOVISTAR VOZ DUO|Active|MOVISTAR INTERNET DUO ADSL|2021-07-04 00:00:00||||||Dúo Voz Plano Local Internet ADSL|Active|Duos BA|0||
SEGMENTO_004|2009716777|CLIENT_00151|98577806|301598506|17|2021-08-10 00:00:00|Active|MOVISTAR VOZ DUO|Active|MOVISTAR INTERNET DÚO|2021-08-10 00:00:00||||||Dúo Plano Local Internet|Active|Duos BA|0||
SEGMENTO_004|2054283108|CLIENT_00682|03595906|158359506|31|2022-03-21 00:00:00|Active|MOVISTAR VOZ DMU|Active|MOV INTERNET DUO RA|2022-03-21 00:00:00||||||Dúo Movistar Voz Internet RA|Active|Duos BA|0||
SEGMENTO_004|2068242198|CLIENT_00515|05027206|815192506|31|2011-02-17 00:00:00|Active||||2011-02-17 00:00:00||||||RDSI|Active|MonoInt|0||
SEGMENTO_004|2057229878|CLIENT_00373|775403901|369865637|23|2023-01-14 00:00:00|Active|||MOV INTERNET CAB RA 22|2023-01-14 13:27:40||||||Internet Movistar RA D22|Active|MonoInt|0||
SEGMENTO_004|2005150947|CLIENT_00073|15791106|738521506|31|2018-12-18 00:00:00|Active|MOVISTAR VOZ TRIO|Active|MOVISTAR INTERNET TRÍO|2018-12-18 00:00:00|TV ESTANDAR|2018-12-18 00:00:00|FTTH|CATV|Active|Trío Plano Local Internet Estándar HD|Active|Trios CATV|0||5
SEGMENTO_004|2094098136|CLIENT_00955|77379116|244412606|31|2021-06-22 00:00:00|Active|||MOVISTAR SOLO INTERNET|2021-06-22 00:00:00||||||Internet Movistar|Active|MonoInt|0|Fideliza Porc Internet 95% x 6 Meses|
SEGMENTO_004|2070698896|CLIENT_00456|244253411|126916247|15|2023-10-31 00:00:00|Active|||MOV INTERNET CAD DUO RA S23|2023-10-31 13:47:19|TV ESTANDAR HD DUO S23|2023-10-31 13:47:21|HFC|CATV|Active|Duo Internet Estandar HD RA S23|Active|Duos TV BA|0||2
SEGMENTO_004|2074789528|CLIENT_00143|80572906|782449506|31|2013-05-10 00:00:00|Active|MOVISTAR VOZ TRIO|Active|TRIO MOVISTAR INTERNET|2019-06-25 00:00:00|TV ESTANDAR|2019-06-25 00:00:00|HFC|CATV|Active|Trío Plano Local Internet Estándar|Active|Trios CATV|0||2
SEGMENTO_004|2092368101|CLIENT_00937|30414006|727530506|17|2020-08-06 00:00:00|Active|||MOVISTAR DUO INTERNET HD|2020-08-06 00:00:00|TV ESTANDAR DUO|2020-08-06 00:00:00|FTTH|CATV|Active|Dúo Internet Estándar HD|Active|Duos TV BA|0||6
SEGMENTO_004|2028857166|CLIENT_00631|71720706|330886506|31|2019-12-26 00:00:00|Suspended|MOVISTAR VOZ TRIO|Collection Suspension ( Subscr|MOVISTAR INTERNET TRÍO|2019-12-26 00:00:00|TV ESTANDAR|2019-12-26 00:00:00|HFC|CATV|Collection Suspension ( Subscr|Trío Plano Local Internet Estándar HD|Collection Suspension ( Subscr|Trios CATV|0|BO Prom Internet 200 Mbps x 6 meses, Fideliza Porc Internet 70% x 6 Meses, Fideliza Porc TV 70% x 6 Meses, Fideliza Porc Voz 70% x 6 Meses|2
SEGMENTO_003|2080037559|CLIENT_00735|42508806|956468506|31|1999-04-23 00:00:00|Active|MOVISTAR TV SATELITAL D|Collection Suspension ( Subscr|Movistar Trio Internet DTH B|2022-02-16 00:00:00|MOVISTAR ESTANDAR SATELITAL|2016-09-01 00:00:00|DTH|DTH|Active|Trío Movistar Voz Internet TV Satelital HD|Collection Suspension ( Subscr|Trios DTH|0|BLOQUE FULL HD DTH|
SEGMENTO_004|2024298306|CLIENT_00511|04656085|572360306|31|2007-08-16 00:00:00|Active|MOVISTAR VOZ DUO|Active|MOVISTAR INTERNET DÚO|2019-04-12 00:00:00||||||Dúo Plano Local Internet|Active|Duos BA|0||
SEGMENTO_004|2076142431|CLIENT_00318|54656995|316079406|31|2015-05-26 00:00:00|Active|MOVISTAR VOZ DUO|Active|MOVISTAR INTERNET DUO ADSL|2021-12-07 00:00:00||||||Dúo Voz Plano Local Internet ADSL|Active|Duos BA|0|DTO FIDE S/ 5 ILIM|
SEGMENTO_004|2094370630|CLIENT_00139|018002321|674432047|15|2023-07-06 00:00:00|Suspended|MOVISTAR VOZ TMU M23|Collection Suspension ( Subscr|MOV INTERNET CAF RA M23|2023-07-06 14:56:15|TV ESTANDAR HD A M23|2023-07-06 14:56:14|HFC|CATV|Collection Suspension ( Subscr|Trío Mov. Voz Int. Estandar HD RA M23|Collection Suspension ( Subscr|Trios CATV|0||2
SEGMENTO_004|2002302343|CLIENT_00020|281114021|470819337|31|2022-09-17 00:00:00|Active|||MOV INTERNET CAB RA|2022-09-17 13:23:41||||||Internet Movistar RA|Active|MonoInt|0||
SEGMENTO_004|2061098744|CLIENT_00011|06538595|646495406|31|2020-03-11 00:00:00|Active|||||TV ESTANDAR DIGITAL CMS|2020-03-11 00:00:00|HFC|CATV|Active|TV ESTANDAR DIGITAL||MonoTv|0||3
SEGMENTO_004|2051609298|CLIENT_00844|822584421|871428247|15|2023-11-30 00:00:00|Active|||MOV INTERNET CAD DUO RA S23|2023-11-30 11:51:43|TV ESTANDAR HD DUO S23|2023-11-30 11:51:45|HFC|CATV|Active|Duo Internet Estandar HD RA S23|Active|Duos TV BA|0||2
SEGMENTO_004|2042836144|CLIENT_00920|42960185|336501306|17|2008-10-27 00:00:00|Active|MOVISTAR VOZ TRIO|Active|MOVISTAR INTERNET TRÍO|2020-06-18 00:00:00|TV ESTANDAR|2020-06-18 00:00:00|HFC|CATV|Active|Trío Plano Local Internet Estándar HD|Active|Trios CATV|0||2
SEGMENTO_004|2060001107|CLIENT_00314|41317295|245972406|17|2000-04-16 00:00:00|Active|MOVISTAR VOZ TRIO|Active|MOVISTAR INTERNET TRÍO|2021-07-18 00:00:00|TV ESTANDAR|2021-07-18 00:00:00|HFC|CATV|Active|Trío Plano Local Internet Estándar HD|Active|Trios CATV|0|Fideliza Porc Internet 95% x 6 Meses, Fideliza Porc TV 95% x 6 Meses, Fideliza Porc Voz 95% x 6 Meses|5
SEGMENTO_004|2065581182|CLIENT_00019|04635706|036467506|31|2014-06-16 00:00:00|Active|MOVISTAR VOZ TMU S23|Active|MOV INTERNET CAF RA S23|2021-07-20 00:00:00|TV ESTANDAR HD A S23|2023-12-28 12:49:24|HFC|CATV|Active|Trio Mov. Voz Int. Estandar HD RA S23|Active|Trios CATV|0||2
SEGMENTO_004|2052573387|CLIENT_00197|14445206|027916737|31|2023-03-08 00:00:00|Active|||MOV INTERNET CAB RA 22|2023-03-08 20:00:17||||||Internet Movistar RA D22|Active|MonoInt|0|Fideliza Porc Internet 25% x 6 Meses|
SEGMENTO_002|2025935157|CLIENT_00401|48267985|485689306|31|2019-08-10 00:00:00|Active|MOVISTAR VOZ DUO|Active|MOVISTAR INTERNET DÚO|2019-08-10 00:00:00||||||Dúo Plano Local Internet|Active|Duos BA|0||
SEGMENTO_004|2060056891|CLIENT_00140|70859285|861692306|31|1985-05-14 00:00:00|Active|MOVISTAR VOZ DUO|Active|MOVISTAR INTERNET DÚO|2020-07-01 00:00:00||||||Dúo Plano Local Internet|Active|Duos BA|0||
SEGMENTO_004|2020514932|CLIENT_00614|33041185|382411306|31|2013-11-06 00:00:00|Active|MOVISTAR VOZ TMU|Active|MOV INTERNET CAF RA|2019-01-29 00:00:00|TV ESTANDAR HD A|2019-01-29 00:00:00|FTTH|CATV|Active|Trío Mov. Voz Internet Estandar HD RA D22|Active|Trios CATV|0||4
SEGMENTO_004|2096770204|CLIENT_00203|30948116|249081606|17|2014-11-03 00:00:00|Active|MOVISTAR VOZ DUO|Active|MOVISTAR INTERNET DUO ADSL|2021-12-18 00:00:00||||||Dúo Voz Plano Local Internet ADSL|Active|Duos BA|0|DTO FIDE S/ 25 ILIM, Fideliza Porc Internet 95% x 6 Meses, Fideliza Porc Voz 95% x 6 Meses|
SEGMENTO_004|2047909598|CLIENT_00269|90834906|508249506|31|2020-11-28 00:00:00|Suspended|||MOVISTAR SOLO INTERNET|2021-12-23 00:00:00||||||Internet Movistar|Collection Suspension ( Subscr|MonoInt|0|Fideliza Porc Internet 50% x 6 Meses|
SEGMENTO_004|2031756935|CLIENT_00484|83698185|359881306|31|2016-11-26 00:00:00|Active|MOVISTAR VOZ DUO|Active|MOVISTAR INTERNET DÚO|2017-07-21 00:00:00||||||Dúo Plano Local Internet|Active|Duos BA|0||
SEGMENTO_004|2005150947|CLIENT_00073|44741106|548521506|31|1986-02-05 00:00:00|Active|Q51 LINEA PREMIUM B|Active||||||||LN. SEMIPLANA LIBRE||MonoLn|0||
SEGMENTO_004|2027256336|CLIENT_00122|49002016|469689506|31|2013-11-14 00:00:00|Active|MOVISTAR VOZ DUO CTRL ADSL B|Active|MOVISTAR INTERNET DUO CTRL ADSL B|2021-12-30 00:00:00||||||Dúo Plano Control B|Active|Duos BA|0|AJUSTE FID S/30 ILIM|
SEGMENTO_004|2016855055|CLIENT_00971|962386021|390794437|31|2022-10-13 00:00:00|Active|||MOV INTERNET CAD DUO RA|2022-10-13 13:23:16|TV ESTANDAR HD DUO|2022-10-13 13:23:15|FTTH|CATV|Active|Dúo Internet Estándar HD RA|Active|Duos TV BA|0|Ajuste al plan ip S/14.91 por 12 meses|4
SEGMENTO_004|2011456069|CLIENT_00313|39440095|357310406|17|2017-03-11 00:00:00|Active|MOVISTAR VOZ DUO|Active|MOVISTAR INTERNET DÚO|2021-12-18 00:00:00||||||Dúo Plano Local Internet|Active|Duos BA|0|DTO FIDE S/ 3 ILIM|
SEGMENTO_004|2012621430|CLIENT_00065|19585595|150665406|31|2010-08-17 00:00:00|Active||||2010-08-17 00:00:00||||||Troncal|Active|MonoInt|0||
SEGMENTO_002|2050799857|CLIENT_00697|332353021|028097337|31|2023-05-06 00:00:00|Active|||MOV INTERNET CAB RA 22|2023-05-06 12:44:19||||||Internet Movistar RA D22|Active|MonoInt|0||
SEGMENTO_004|2051682890|CLIENT_00374|66011906|394819506|31|1981-03-24 00:00:00|Active|MOVISTAR VOZ DUO LOCAL|Active|MOVISTAR INTERNET DUO LOCAL|2021-12-18 00:00:00||||||Dúo Voz Plano Local Internet|Active|Duos BA|0||
SEGMENTO_004|2001720617|CLIENT_00817|60420995|160129406|31|2022-05-19 00:00:00|Active|MOVISTAR VOZ TMU|Active|MOV INTERNET CAE RA|2022-05-19 00:00:00|TV ESTANDAR HD A|2022-05-19 00:00:00|FTTH|CATV|Active|Trío Movistar Voz Internet Estandar HD RA|Active|Trios CATV|0||3
SEGMENTO_004|2001919358|CLIENT_00658|058707021|650322737|5|2023-02-16 00:00:00|Active|||MOV INTERNET CAB RA 22|2023-02-16 15:41:17||||||Internet Movistar RA D22|Active|MonoInt|0||
SEGMENTO_004|2038523791|CLIENT_00595|79285206|022542506|31|2018-02-22 00:00:00|Active|MOVISTAR VOZ TRIO|Active|MOVISTAR INTERNET TRÍO|2022-02-16 00:00:00|TV ESTANDAR|2022-02-16 00:00:00|HFC|CATV|Active|Trío Plano Local Internet Estándar HD|Active|Trios CATV|0|Ajuste Renta Internet S/ 8.00 ILIM|4
SEGMENTO_004|2067472025|CLIENT_00049|044889811|582704137|23|2014-11-07 00:00:00|Active|MOVISTAR VOZ DUO|Active|MOVISTAR INTERNET DÚO|2018-11-17 00:00:00||||||Dúo Plano Local Internet|Active|Duos BA|0||
SEGMENTO_004|2088087005|CLIENT_00689|426972121|962197537|5|2022-12-08 00:00:00|Active|||MOV INTERNET CAB RA 22|2022-12-08 14:48:25||||||Internet Movistar RA D22|Active|MonoInt|0||
SEGMENTO_004|2039933423|CLIENT_00441|35425395|113370547|31|2024-02-28 00:00:00|Active|||MOV INTERNET CAB RA O23|2024-02-28 16:35:20||||||Internet Movistar RA O23|Active|MonoInt|0||
SEGMENTO_004|2073797693|CLIENT_00207|95119385|436783306|17|2019-07-04 00:00:00|Active|MOVISTAR VOZ DUO|Active|MOVISTAR INTERNET DÚO|2019-07-04 00:00:00||||||Dúo Plano Local Internet|Active|Duos BA|0||
SEGMENTO_004|2043149098|CLIENT_00027|439858611|442690737|31|2023-02-09 00:00:00|Active|||MOV INTERNET CAB RA 22|2023-02-09 18:11:42||||||Internet Movistar RA D22|Active|MonoInt|0|Fideliza Porc Internet 50% x 6 Meses|
SEGMENTO_004|2011119672|CLIENT_00938|17536685|598376306|17|2020-12-09 00:00:00|Active|MOVISTAR VOZ DUO|Active|MOVISTAR INTERNET DÚO|2020-12-09 00:00:00||||||Dúo Plano Local Internet|Active|Duos BA|0||
SEGMENTO_004|2096049962|CLIENT_01000|794131221|951652937|31|2023-05-18 00:00:00|Active|||MOV INTERNET CAB RA 22|2023-05-18 09:41:26||||||Internet Movistar RA D22|Active|MonoInt|0||
SEGMENTO_002|2028712026|CLIENT_00204|71891516|082026606|31|2012-01-16 00:00:00|Active|MOVISTAR VOZ TMU M23|Active|MOV INTERNET CAF RA M23|2021-12-07 00:00:00|TV ESTANDAR HD A M23|2023-06-16 11:28:24|HFC|CATV|Active|Trío Mov. Voz Int. Estandar HD RA M23|Active|Trios CATV|0|DTO FIDE S/ 70 ILIM|2
SEGMENTO_004|2083625607|CLIENT_00352|160410421|078449147|31|2023-02-18 00:00:00|Active|||MOV INTERNET CAB RA 22|2023-02-18 13:57:57||||||Internet Movistar RA D22|Active|MonoInt|0||
SEGMENTO_004|2047909598|CLIENT_00269|90834906|705354047|31|2023-07-18 00:00:00|Active|||MOV INTERNET CAB RA 22|2023-07-18 15:59:41||||||Internet Movistar RA D22|Active|MonoInt|0||
SEGMENTO_004|2008388940|CLIENT_00121|79147306|164773506|31|2004-12-28 00:00:00|Active||||2004-12-28 00:00:00||||||080X|Active|MonoInt|0||
SEGMENTO_004|2074819724|CLIENT_00638|60435406|584654506|31|2021-09-23 00:00:00|Active|||MOV INTERNET CAD DUO RA 22|2021-09-23 00:00:00|TV ESTANDAR HD DUO|2023-04-21 12:45:29|HFC|CATV|Active|Dúo Internet Estándar HD RA D22|Active|Duos TV BA|0|Descuento IPJUL23 EXO TV S/10.00 x 12m|2
SEGMENTO_004|2045121201|CLIENT_00767|992659121|309293737|31|2023-02-27 00:00:00|Active|||MOV INTERNET CAB RA 22|2023-02-27 15:12:58||||||Internet Movistar RA D22|Active|MonoInt|0||
SEGMENTO_004|2060524559|CLIENT_00389|51654606|667846506|17|2022-03-02 00:00:00|Active|||MOVISTAR SOLO INTERNET|2022-03-02 00:00:00||||||Internet Movistar|Active|MonoInt|0|Ajuste Renta Internet S/ 4.50 ILIM|
SEGMENTO_004|2037220961|CLIENT_00351|176473121|523999537|31|2022-12-17 00:00:00|Active|||MOV INTERNET CAD DUO RA 22|2022-12-17 14:44:15|TV ESTANDAR HD DUO|2022-12-17 14:44:14|FTTH|CATV|Active|Dúo Internet Estándar HD RA D22|Active|Duos TV BA|0||2
SEGMENTO_004|2022681851|CLIENT_00304|03866995|353169406|31|1993-11-04 00:00:00|Active|Q51 LINEA PREMIUM C|Active||||||||LN. PLANA LOCAL||MonoLn|0||
SEGMENTO_004|2013743067|CLIENT_00900|64205395|833163406|17|2019-09-17 00:00:00|Active|MOVISTAR VOZ TRIO|Active|MOVISTAR INTERNET TRÍO|2019-09-17 00:00:00|TV ESTANDAR|2019-09-17 00:00:00|FTTH|CATV|Active|Trío Plano Local Internet Estándar HD|Active|Trios CATV|0||2
SEGMENTO_004|2045776570|CLIENT_00215|55385695|895666406|31|2021-03-21 00:00:00|Active|||MOVISTAR SOLO INTERNET|2021-03-21 00:00:00||||||Internet Movistar|Active|MonoInt|0||
SEGMENTO_004|2063960356|CLIENT_00283|13358795|298687406|17|2017-10-11 00:00:00|Active|MOVISTAR VOZ TRIO|Active|MOVISTAR INTERNET TRÍO|2020-06-26 00:00:00|TV ESTANDAR|2017-10-11 00:00:00|HFC|CATV|Active|Trío Plano Local Internet Estándar HD|Active|Trios CATV|0|Fideliza Porc Internet 50% x 6 Meses, Fideliza Porc TV 50% x 6 Meses, Fideliza Porc Voz 50% x 6 Meses|2
SEGMENTO_004|2039981438|CLIENT_00052|610439211|548734537|17|2022-11-22 00:00:00|Active|||MOV INTERNET CAB RA|2022-11-22 12:32:13||||||Internet Movistar RA|Active|MonoInt|0||
SEGMENTO_002|2045641140|CLIENT_00319|49462906|885498506|31|2016-01-26 00:00:00|Active|MOVISTAR VOZ DUO|Active|MOVISTAR INTERNET DUO ADSL|2021-07-20 00:00:00||||||Dúo Voz Plano Local Internet ADSL|Active|Duos BA|0||
SEGMENTO_004|2066854509|CLIENT_00619|72894406|536244506|17|2020-03-10 00:00:00|Active|Línea Control|Active||||||||Línea Control VoIP||MonoLn|0||
SEGMENTO_004|2037039972|CLIENT_00968|81193606|504736506|17|2005-12-29 00:00:00|Active|MOVISTAR VOZ DUO|Active|MOVISTAR INTERNET DÚO|2016-06-22 00:00:00||||||Dúo Plano Local Internet|Active|Duos BA|0|INTERNET MOVIL BAF S/20|
SEGMENTO_002|2028712026|CLIENT_00204|59912516|422026606|31|2000-03-23 00:00:00|Active|Q51 LINEA PREMIUM B|Active||||||||LN. SEMIPLANA LIBRE||MonoLn|0||
SEGMENTO_004|2098965055|CLIENT_00623|205639021|383640537|31|2021-09-21 00:00:00|Active|||MOVISTAR DUO INTERNET B|2021-09-21 00:00:00|TV ESTANDAR A|2021-09-21 00:00:00|FTTH|CATV|Active|Dúo Internet Estándar A|Active|Duos TV BA|0||1
SEGMENTO_004|2029619768|CLIENT_00671|76871695|001126406|17|2021-03-01 00:00:00|Active|MOVISTAR VOZ DUO|Active|MOVISTAR INTERNET DÚO|2021-03-01 00:00:00||||||Dúo Plano Local Internet|Active|Duos BA|0||
SEGMENTO_004|2040276207|CLIENT_00386|637797321|796625147|9|2023-09-11 00:00:00|Suspended|||MOV INTERNET CAB RA 22|2023-09-11 11:45:10||||||Internet Movistar RA D22|Collection Suspension ( Subscr|MonoInt|0||
SEGMENTO_001|2026242865|CLIENT_00930|62082506|806726506|31|2008-03-14 00:00:00|Active||||2008-03-14 00:00:00||||||RDSI|Active|MonoInt|0||
SEGMENTO_004|2029599576|CLIENT_00206|925858421|878165347|17|2023-12-15 00:00:00|Active|||MOV INTERNET CAB RA S23|2023-12-15 15:53:56||||||Internet Movistar RA S23|Active|MonoInt|0||
SEGMENTO_004|2050502220|CLIENT_00468|81900195|031111406|17|2020-01-14 00:00:00|Active|MOVISTAR VOZ DUO|Active|MOVISTAR INTERNET DÚO|2021-10-01 00:00:00||||||Dúo Plano Local Internet|Active|Duos BA|0||
SEGMENTO_004|2091789509|CLIENT_00886|13715295|362362406|17|2015-12-05 00:00:00|Active|MOVISTAR VOZ DUO|Active|MOVISTAR INTERNET DÚO|2019-11-30 00:00:00||||||Dúo Plano Local Internet|Active|Duos BA|0||
SEGMENTO_004|2024654901|CLIENT_00714|80984995|598649406|31|1970-02-04 00:00:00|Active|MOVISTAR VOZ TRIO|Active|MOVISTAR INTERNET TRÍO|2018-10-16 00:00:00|TV ESTANDAR|2018-10-16 00:00:00|HFC|CATV|Active|Trío Plano Local Internet Estándar HD|Active|Trios CATV|0||4
SEGMENTO_004|2094607578|CLIENT_00434|145545121|416018737|31|2023-03-16 00:00:00|Active|||MOV INTERNET CAD DUO RA S23|2023-03-16 11:07:00|TV ESTANDAR HD DUO S23|2023-03-16 11:07:01|FTTH|CATV|Active|Duo Internet Estandar HD RA S23|Active|Duos TV BA|0|Fide Prom Internet S/40 x 12 Meses|2
SEGMENTO_004|2042736285|CLIENT_00790|243317021|906065437|31|2022-10-19 00:00:00|Active|MOVISTAR VOZ TMU|Active|MOV INTERNET CAE RA|2022-10-19 13:44:14|TV ESTANDAR HD A|2022-10-19 13:44:15|HFC|CATV|Active|Trío Movistar Voz Internet Estandar HD RA|Active|Trios CATV|0|Ajuste al plan ip S/14.91 por 12 meses|2
SEGMENTO_004|2039933423|CLIENT_00441|492475901|625170817|23|2023-12-15 00:00:00|Suspended|||MOV INTERNET CAB RA S23|2023-12-15 12:11:15||||||Internet Movistar RA S23|Collection Suspension ( Subscr|MonoInt|0|Descto Plan Internet 50% x 2 ms|
SEGMENTO_004|2025606787|CLIENT_00057|04605595|996312737|17|2023-02-15 00:00:00|Active|||MOV INTERNET CAB RA 22|2023-02-15 13:25:45||||||Internet Movistar RA D22|Active|MonoInt|0||
SEGMENTO_004|2010061458|CLIENT_00524|79291106|840691506|31|2016-10-26 00:00:00|Active|MOVISTAR VOZ DUO|Active|MOVISTAR INTERNET DÚO|2016-10-26 00:00:00||||||Dúo Plano Local Internet|Active|Duos BA|0||
SEGMENTO_004|2003660112|CLIENT_00090|215219121|602812737|15|2023-02-17 00:00:00|Suspended|||MOV INTERNET CAB RA 22|2023-02-17 14:46:48||||||Internet Movistar RA D22|Collection Suspension ( Subscr|MonoInt|0||
SEGMENTO_002|2028712026|CLIENT_00204|52891516|882026606|31|2019-10-24 00:00:00|Active|MOVISTAR VOZ TRIO|Active|MOVISTAR INTERNET TRÍO|2019-10-24 00:00:00|TV ESTANDAR|2019-10-24 00:00:00|HFC|CATV|Active|Trío Plano Local Internet Estándar HD|Active|Trios CATV|0|Descuento IPJUL23 EXO TV S/10.00 x 12m|2
SEGMENTO_004|2012285306|CLIENT_00349|608231121|838759737|23|2023-03-21 00:00:00|Active|||MOV INTERNET CAB RA 22|2023-03-21 15:46:22||||||Internet Movistar RA D22|Active|MonoInt|0||
SEGMENTO_004|2031569282|CLIENT_00055|83097995|398689406|17|2022-03-06 00:00:00|Active|MOVISTAR VOZ DMU|Active|MOV INTERNET DUO RA|2022-03-06 00:00:00||||||Dúo Movistar Voz Internet RA|Active|Duos BA|0||
SEGMENTO_004|2049530478|CLIENT_00538|59596206|270153506|17|2019-11-15 00:00:00|Active|MOVISTAR VOZ TRIO|Active|MOVISTAR INTERNET TRÍO|2020-09-24 00:00:00|TV ESTANDAR|2019-11-15 00:00:00|FTTH|CATV|Active|Trío Plano Local Internet Estándar HD|Active|Trios CATV|0||5
SEGMENTO_004|2013415082|CLIENT_00927|63888616|527196606|17|2016-05-17 00:00:00|Active|MOVISTAR VOZ DMU|Active|||TV ESTANDAR DIGITAL RA|2021-07-04 00:00:00|HFC|CATV|Active|Dúo Movistar Voz Estándar HD RA||Duos CATV|0||2
SEGMENTO_004|2049811464|CLIENT_00358|34361416|154989637|17|2023-02-04 00:00:00|Active|MOVISTAR VOZ DMU|Active|MOV INTERNET DUO RA 22|2023-02-04 10:26:20||||||Dúo Movistar Voz Internet RA D22|Active|Duos BA|0||
SEGMENTO_004|2087214722|CLIENT_00048|616621911|175351837|5|2023-03-29 00:00:00|Active|||MOV INTERNET CAD DUO RA 22|2023-03-29 17:29:36|TV ESTANDAR HD DUO|2023-03-29 17:29:35|HFC|CATV|Active|Dúo Internet Estándar HD RA D22|Active|Duos TV BA|0|Descuento IPJUL23 EXO TV S/10.00 x 12m|2
SEGMENTO_004|2094098136|CLIENT_00955|47179116|434412606|17|2019-09-14 00:00:00|Active|MOVISTAR VOZ DUO|Active|MOVISTAR INTERNET DÚO|2019-09-14 00:00:00||||||Dúo Plano Local Internet|Active|Duos BA|0|Fideliza Porc Internet 95% x 6 Meses, Fideliza Porc Voz 95% x 6 Meses|
SEGMENTO_004|2009085356|CLIENT_00640|33723995|946729406|31|2012-12-12 00:00:00|Active|Q51 LINEA PREMIUM B|Active||||||||LN. SEMIPLANA LIBRE||MonoLn|0||
SEGMENTO_004|2098965055|CLIENT_00623|634694321|742119047|31|2023-08-11 00:00:00|Active|||MOV INTERNET CAD DUO RA M23|2023-08-11 20:35:51|TV ESTANDAR HD DUO M23|2023-08-11 20:35:51|FTTH|CATV|Active|Dúo Internet Estándar HD RA M23|Active|Duos TV BA|0|Fideliza Porc Internet 50% x 6 Meses, Fideliza Porc TV 50% x 6 Meses|2
SEGMENTO_004|2011477272|CLIENT_00677|64288416|144113047|31|2023-07-11 00:00:00|Active|||MOV INTERNET CAB RA 22|2023-07-11 17:47:53||||||Internet Movistar RA D22|Active|MonoInt|0||
SEGMENTO_004|2060826481|CLIENT_00672|11187395|135583406|17|2020-02-03 00:00:00|Active|||MOV INTERNET CAB RA|2020-08-18 00:00:00||||||Internet Movistar RA|Active|MonoInt|0||
SEGMENTO_004|2002115898|CLIENT_00928|300615221|517527837|23|2023-04-24 00:00:00|Active|||MOV INTERNET CAD DUO RA 22|2023-04-24 15:24:10|TV ESTANDAR HD DUO|2023-04-24 15:24:13|HFC|CATV|Active|Dúo Internet Estándar HD RA D22|Active|Duos TV BA|0||2
SEGMENTO_004|2083487599|CLIENT_00850|87403016|781033937|31|2023-05-20 00:00:00|Active|||MOV INTERNET CAD DUO RA 22|2023-05-20 15:03:20|TV ESTANDAR HD DUO|2023-05-20 15:03:20|HFC|CATV|Active|Dúo Internet Estándar HD RA D22|Active|Duos TV BA|0||2
SEGMENTO_004|2001304335|CLIENT_00428|581765021|189262437|31|1995-05-26 00:00:00|Active|MOVISTAR VOZ TRIO|Active|MOVISTAR INTERNET TRÍO|2020-07-01 00:00:00|TV ESTANDAR|2020-07-01 00:00:00|FTTH|CATV|Active|Trío Plano Local Internet Estándar HD|Active|Trios CATV|0||2
SEGMENTO_004|2030808313|CLIENT_00059|72611706|235286506|31|1967-09-01 00:00:00|Active|MOVISTAR VOZ DUO|Active|MOVISTAR INTERNET DÚO|2021-12-07 00:00:00||||||Dúo Plano Local Internet|Active|Duos BA|0|DTO FIDE S/ 3 ILIM|
SEGMENTO_004|2028628577|CLIENT_00851|29951606|050486937|17|2023-06-08 00:00:00|Active|MOVISTAR VOZ TMU M23|Active|MOV INTERNET CAF RA M23|2023-06-08 14:04:53|TV ESTANDAR HD A M23|2023-06-08 14:04:57|HFC|CATV|Active|Trío Mov. Voz Int. Estandar HD RA M23|Active|Trios CATV|0||6
SEGMENTO_004|2045107949|CLIENT_00795|73204006|311430506|31|2009-08-24 00:00:00|Active|Q51 LINEA PREMIUM C|Active||||||||LN. PLANA LOCAL||MonoLn|0||
SEGMENTO_004|2009112149|CLIENT_00532|57157385|727473306|17|2011-10-15 00:00:00|Active|MOVISTAR VOZ DUO|Active|MOVISTAR INTERNET DÚO|2019-06-11 00:00:00||||||Dúo Plano Local Internet|Active|Duos BA|0||
SEGMENTO_004|2058024554|CLIENT_00604|073927521|613780547|31|2024-03-01 00:00:00|Active|||MOV INTERNET CAB RA S23|2024-03-01 15:48:23||||||Internet Movistar RA S23|Active|MonoInt|0||
SEGMENTO_004|2070262664|CLIENT_00155|26655495|204464406|31|2015-08-27 00:00:00|Active|MOVISTAR VOZ DUO|Active|MOVISTAR INTERNET DÚO|2020-07-01 00:00:00||||||Dúo Plano Local Internet|Active|Duos BA|0||
SEGMENTO_004|2011722087|CLIENT_00088|46817685|210386306|31|2020-08-25 00:00:00|Active|MOVISTAR VOZ TMU|Active|MOV INTERNET CAF RA|2020-08-25 00:00:00|TV ESTANDAR HD A|2020-08-25 00:00:00|FTTH|CATV|Active|Trío Mov. Voz Internet Estandar HD RA D22|Active|Trios CATV|0||2
SEGMENTO_004|2024991600|CLIENT_00919|53129095|046023937|31|2023-05-20 00:00:00|Suspended|MOVISTAR VOZ TMU S23|Suspended|MOV INTERNET CAF RA S23|2023-05-20 16:20:13|TV ESTANDAR HD A S23|2023-05-20 16:20:09|FTTH|CATV|Suspended|Trio Mov. Voz Int. Estandar HD RA S23|Suspended|Trios CATV|0|Descuento IPJUL23 EXO TV S/10.00 x 12m, Fideliza Porc Internet 50% x 6 Meses, Fideliza Porc TV 50% x 6 Meses, Fideliza Porc Voz 50% x 6 Meses|2
SEGMENTO_002|2032318459|CLIENT_00719|92412895|563638406|31|2008-08-02 00:00:00|Active|MOVISTAR VOZ TRIO|Active|MOVISTAR INTERNET ADSL TRÍO HD|2021-09-01 00:00:00|TV ESTANDAR|2021-09-01 00:00:00|HFC|CATV|Active|Trío Plano Local Internet Estándar HD A|Active|Trios CATV|0||3
SEGMENTO_004|2067006652|CLIENT_00878|60291206|096022506|17|2015-01-08 00:00:00|Active|MOVISTAR VOZ DUO LOCAL|Active|MOVISTAR INTERNET DUO LOCAL|2017-04-28 00:00:00||||||Dúo Voz Plano Local Internet|Active|Duos BA|0|Ajuste Renta Internet S/ 15.00 ILIM|
SEGMENTO_004|2000507960|CLIENT_00943|24907795|992587406|17|2019-09-10 00:00:00|Active|MOVISTAR VOZ TRIO|Active|MOVISTAR INTERNET TRÍO|2020-08-31 00:00:00|TV ESTANDAR|2019-09-10 00:00:00|FTTH|CATV|Active|Trío Plano Local Internet Estándar HD|Active|Trios CATV|0|Fideliza Porc Internet 50% x 6 Meses, Fideliza Porc TV 50% x 6 Meses, Fideliza Porc Voz 50% x 6 Meses|2
SEGMENTO_004|2022589688|CLIENT_00286|99640706|981307506|99|2014-08-19 00:00:00|Active|TPI PREPAGO|Active||||||||TPI PREPAGO||MonoLn|0||
SEGMENTO_004|2000829287|CLIENT_00703|645411321|943050047|31|2023-06-27 00:00:00|Active|MOVISTAR VOZ TMU M23|Active|MOV INTERNET CAF RA M23|2023-06-27 14:55:43|TV ESTANDAR HD A M23|2023-06-27 14:55:45|HFC|CATV|Active|Trío Mov. Voz Int. Estandar HD RA M23|Active|Trios CATV|0||3
SEGMENTO_004|2014579954|CLIENT_00512|74424795|880447406|31|2008-09-16 00:00:00|Active|MOVISTAR VOZ DUO|Active|MOVISTAR INTERNET DÚO|2019-11-13 00:00:00||||||Dúo Plano Local Internet|Active|Duos BA|0||
SEGMENTO_004|2062894104|CLIENT_00158|90856906|155881537|31|2022-11-11 00:00:00|Active|MOVISTAR VOZ TMU|Active|MOV INTERNET CAE RA|2022-11-11 18:23:29|TV ESTANDAR HD A|2022-11-11 18:23:28|HFC|CATV|Active|Trío Movistar Voz Internet Estandar HD RA|Active|Trios CATV|0||2
SEGMENTO_004|2050636428|CLIENT_00398|14324285|937342306|31|2019-01-30 00:00:00|Suspended|||MOVISTAR INTERNET TRÍO|2019-10-25 00:00:00|TV ESTANDAR|2019-01-30 00:00:00|HFC|CATV|Collection Suspension ( Subscr|Trío Plano Local Internet Estándar HD|Collection Suspension ( Subscr||0||3
SEGMENTO_004|2014716920|CLIENT_00769|42605416|934274606|31|2019-12-27 00:00:00|Active|Línea Tarifa Plana Local|Active||||||||Línea Tarifa Plana Local VoIP||MonoLn|0||
SEGMENTO_004|2069670596|CLIENT_00647|147374421|200108247|9|2023-11-09 00:00:00|Active|||MOV INTERNET CAD DUO RA S23|2023-11-09 14:42:20|TV ESTANDAR HD DUO S23|2023-11-09 14:42:21|FTTH|CATV|Active|Duo Internet Estandar HD RA S23|Active|Duos TV BA|0||2
SEGMENTO_002|2078694927|CLIENT_00385|69590106|725011506|31|1967-09-01 00:00:00|Active|Q51 LINEA PREMIUM B|Active||||||||LN. SEMIPLANA LIBRE||MonoLn|0||
SEGMENTO_004|2078721881|CLIENT_00115|28353885|012548306|17|2019-10-16 00:00:00|Active|MOVISTAR VOZ TRIO|Active|MOVISTAR INTERNET TRÍO|2019-10-16 00:00:00|TV ESTANDAR|2019-10-16 00:00:00|HFC|CATV|Active|Trío Plano Local Internet Estándar HD|Active|Trios CATV|0||2
SEGMENTO_004|2093540049|CLIENT_00323|42920885|272418306|17|2006-04-20 00:00:00|Active|MOVISTAR VOZ TRIO|Active|MOVISTAR INTERNET TRÍO|2021-07-04 00:00:00|TV ESTANDAR|2021-07-04 00:00:00|FTTH|CATV|Active|Trío Plano Local Internet Estándar HD|Active|Trios CATV|0|Fideliza Porc Internet 50% x 6 Meses, Fideliza Porc TV 50% x 6 Meses, Fideliza Porc Voz 50% x 6 Meses|9
SEGMENTO_002|2078929230|CLIENT_00522|65140606|662626506|31|2020-11-24 00:00:00|Active|||MOVISTAR SOLO INTERNET|2021-12-23 00:00:00||||||Internet Movistar|Active|MonoInt|0||
SEGMENTO_004|2087841208|CLIENT_00474|81624306|258533506|17|2021-09-16 00:00:00|Active|||MOVISTAR DUO INTERNET A|2021-09-16 00:00:00|TV ESTANDAR HD|2021-09-16 00:00:00|HFC|CATV|Active|Dúo Internet TV Estándar HD|Active|Duos TV BA|0||2
SEGMENTO_004|2020274387|CLIENT_00535|898656221|264416447|5|2024-02-07 00:00:00|Active|||MOV INTERNET CAB RA S23|2024-02-07 12:58:13||||||Internet Movistar RA S23|Active|MonoInt|0|Descto Plan Internet 50% x 2 ms|
SEGMENTO_004|2062185872|CLIENT_00774|913599321|048944447|31|2024-01-30 00:00:00|Active|MOVISTAR VOZ DMU S23|Active|MOV INTERNET DUO RA S23|2024-01-30 12:42:07||||||Duo Movistar Voz Internet RA S23|Active|Duos BA|0|Descto Plan Internet 50% x 2 ms, Descto Plan Voz 50% x 2 ms|
SEGMENTO_004|2052036896|CLIENT_00239|81602385|897922347|31|2023-11-29 00:00:00|Suspended|||MOV INTERNET CAD DUO RA S23|2023-11-29 09:19:08|TV ESTANDAR HD DUO S23|2023-11-29 09:19:08|HFC|CATV|Suspended|Duo Internet Estandar HD RA S23|Suspended|Duos TV BA|0|Descto Plan Internet 50% x 2 ms, Descto Plan TV 50% x 2 ms|2
SEGMENTO_004|2049726118|CLIENT_00693|53967106|952071506|17|2009-03-16 00:00:00|Active|MOVISTAR VOZ DUO|Active|MOVISTAR INTERNET DUO ADSL|2021-12-18 00:00:00||||||Dúo Voz Plano Local Internet ADSL|Active|Duos BA|0|DTO FIDE S/ 3 ILIM|
SEGMENTO_004|2043108067|CLIENT_00772|95734385|204243306|17|1984-07-19 00:00:00|Active|MOVISTAR VOZ TRIO|Active|MOVISTAR INTERNET TRÍO|2020-06-18 00:00:00|TV ESTANDAR|2020-06-18 00:00:00|HFC|CATV|Active|Trío Plano Local Internet Estándar HD|Active|Trios CATV|0|Fideliza Porc Internet 50% x 6 Meses, Fideliza Porc TV 50% x 6 Meses, Fideliza Porc Voz 50% x 6 Meses|2
SEGMENTO_002|2056046163|CLIENT_00994|31979006|770501506|17|2008-01-26 00:00:00|Active||||2008-01-26 00:00:00||||||Troncal|Active|MonoInt|0||
SEGMENTO_002|2039216584|CLIENT_00936|87475006|795560506|17|2022-05-11 00:00:00|Active|MOVISTAR VOZ TMU|Active|MOV INTERNET CAE RA|2022-05-11 00:00:00|TV ESTANDAR HD A|2022-05-11 00:00:00|FTTH|CATV|Active|Trío Movistar Voz Internet Estandar HD RA|Active|Trios CATV|0||2
SEGMENTO_001|2026242865|CLIENT_00930|64033506|426726506|31|2008-07-17 00:00:00|Active||||2008-07-17 00:00:00||||||RDSI|Active|MonoInt|0||
SEGMENTO_004|2064786199|CLIENT_00357|48525585|651365306|17|2019-10-01 00:00:00|Active|MOVISTAR VOZ DUO|Active|MOVISTAR INTERNET DÚO|2019-10-01 00:00:00||||||Dúo Plano Local Internet|Active|Duos BA|0||
SEGMENTO_004|1003385935|CLIENT_00953|57782806|772628506|31|2015-04-27 00:00:00|Active|MOVISTAR VOZ TRIO|Active|MOVISTAR INTERNET TRÍO|2021-07-01 00:00:00|TV ESTANDAR|2021-07-01 00:00:00|FTTH|CATV|Active|Trío Plano Local Internet Estándar HD|Active|Trios CATV|0|INTERNET MOVIL BAF S/25|2
SEGMENTO_004|2015243618|CLIENT_00254|21711785|889327306|31|2013-10-19 00:00:00|Suspended|MOVISTAR VOZ DUO|Collection Suspension ( Subscr|MOVISTAR INTERNET DÚO|2020-09-01 00:00:00||||||Dúo Plano Local Internet|Collection Suspension ( Subscr|Duos BA|0||
SEGMENTO_003|2074885080|CLIENT_00308|98360006|864699406|31|1975-06-13 00:00:00|Suspended|Q51 LINEA PREMIUM C|Collection Suspension ( Subscr||||||||LN. PLANA LOCAL||MonoLn|0||
SEGMENTO_004|2028857166|CLIENT_00631|93250706|140886506|31|2022-04-20 00:00:00|Suspended|||MOV INTERNET CAB RA|2022-04-20 00:00:00||||||Internet Movistar RA|Collection Suspension ( Subscr|MonoInt|0||
SEGMENTO_004|2045121201|CLIENT_00767|992659121|014883737|31|2023-02-24 00:00:00|Active|||MOV INTERNET CAB RA 22|2023-02-24 20:05:13||||||Internet Movistar RA D22|Active|MonoInt|0||
SEGMENTO_004|2063121146|CLIENT_00778|47558285|767682306|31|2019-07-18 00:00:00|Active|MOVISTAR VOZ DUO|Active|MOVISTAR INTERNET DÚO|2019-07-18 00:00:00||||||Dúo Plano Local Internet|Active|Duos BA|0||
SEGMENTO_004|2082057839|CLIENT_00554|16502516|980105606|31|2013-02-08 00:00:00|Suspended|MOVISTAR VOZ DUO|Collection Suspension ( Subscr|MOVISTAR INTERNET DÚO|2017-03-10 00:00:00||||||Dúo Plano Local Internet|Collection Suspension ( Subscr|Duos BA|0||
SEGMENTO_004|2075370034|CLIENT_00145|32866016|214130606|17|2001-03-02 00:00:00|Active|Línea Movistar Voz|Active||||||||Línea Movistar Voz VoIP||MonoLn|0||
SEGMENTO_004|2033412319|CLIENT_00995|16408706|054997506|31|2016-12-21 00:00:00|Active|MOVISTAR VOZ DUO|Active|MOVISTAR INTERNET DÚO|2018-03-23 00:00:00||||||Dúo Plano Local Internet|Active|Duos BA|0||
SEGMENTO_004|2063339709|CLIENT_00486|838010221|686858247|5|2023-11-11 00:00:00|Active|||MOV INTERNET CAD DUO RA S23|2023-11-11 12:49:37|TV ESTANDAR HD DUO S23|2023-11-11 12:49:35|FTTH|CATV|Active|Duo Internet Estandar HD RA S23|Active|Duos TV BA|0||6
SEGMENTO_002|2032318459|CLIENT_00719|49671895|943638406|31|2015-06-17 00:00:00|Active|MOVISTAR VOZ DUO|Active|||TV ESTANDAR D|2021-09-12 00:00:00|HFC|CATV|Active|Dúo Plano Local Estándar HD PSTN||Duos CATV|0||2
SEGMENTO_004|2096770204|CLIENT_00203|30948116|012735537|17|2022-11-27 00:00:00|Active|||MOV INTERNET CAB RA|2022-11-27 11:41:57||||||Internet Movistar RA|Active|MonoInt|0||
SEGMENTO_004|2082221937|CLIENT_00364|23923106|286931506|31|2020-12-28 00:00:00|Active|||MOVISTAR SOLO INTERNET|2020-12-28 00:00:00||||||Internet Movistar|Active|MonoInt|0||
SEGMENTO_004|2096100663|CLIENT_00636|49400406|888284506|31|2002-04-04 00:00:00|Active|MOVISTAR VOZ DUO CTRL ADSL B|Active|MOVISTAR INTERNET DUO CTRL ADSL B|2021-09-12 00:00:00||||||Dúo Plano Control B|Active|Duos BA|0||
SEGMENTO_004|1003385935|CLIENT_00953|57782806|460217237|31|2022-08-03 00:00:00|Active|||MOV INTERNET CAD DUO RA|2022-08-03 16:42:23|TV ESTANDAR HD DUO|2022-08-03 16:42:26|FTTH|CATV|Active|Dúo Internet Estándar HD RA|Active|Duos TV BA|0||2
SEGMENTO_004|2037039972|CLIENT_00968|12314606|793736506|17|2018-09-07 00:00:00|Active|MOVISTAR VOZ TRIO|Active|TRIO MOVISTAR INTERNET|2018-09-07 00:00:00|TV ESTANDAR|2018-09-07 00:00:00|HFC|CATV|Active|Trío Plano Local Internet Estándar|Active|Trios CATV|0|Ajuste al plan ip S/13.9 por 12 meses|2
SEGMENTO_004|2066464531|CLIENT_00087|48105906|080730737|31|2023-02-10 00:00:00|Active|MOVISTAR VOZ TMU S23|Active|MOV INTERNET CAF RA S23|2023-02-10 12:53:50|TV ESTANDAR HD A S23|2023-02-10 12:53:50|FTTH|CATV|Active|Trio Mov. Voz Int. Estandar HD RA S23|Active|Trios CATV|0|Fideliza Porc Internet 50% x 6 Meses, Fideliza Porc TV 50% x 6 Meses, Fideliza Porc Voz 50% x 6 Meses|2
SEGMENTO_004|2002082803|CLIENT_00749|28813306|183343506|17|1994-12-15 00:00:00|Active|MOVISTAR VOZ TRÍO B|Active|TRIO MOVISTAR INTERNET D|2022-01-07 00:00:00|TV ESTANDAR HD|2022-01-07 00:00:00|HFC|CATV|Active|Trío Voz Internet Estándar HD|Active|Trios CATV|0|DTO FIDE S/ 3 ILIM, Fideliza Porc Internet 95% x 6 Meses, Fideliza Porc TV 95% x 6 Meses, Fideliza Porc Voz 95% x 6 Meses|2
SEGMENTO_004|2046058498|CLIENT_00633|29517795|905297406|31|2000-03-14 00:00:00|Active|Q51 LINEA PREMIUM B|Active||||||||LN. SEMIPLANA LIBRE||MonoLn|0||
SEGMENTO_004|2082499320|CLIENT_00489|52712985|906929306|31|2017-01-26 00:00:00|Active|MOVISTAR VOZ DUO|Active|MOVISTAR INTERNET DUO ADSL|2021-10-24 00:00:00||||||Dúo Voz Plano Local Internet ADSL|Active|Duos BA|0||
SEGMENTO_004|2075533541|CLIENT_00465|333088111|764473537|23|2022-11-22 00:00:00|Active|MOVISTAR VOZ TMU|Active|MOV INTERNET CAE RA|2022-11-22 15:58:15|TV ESTANDAR HD A|2022-11-22 15:58:12|FTTH|CATV|Active|Trío Movistar Voz Internet Estandar HD RA|Active|Trios CATV|0|Fideliza Porc Internet 50% x 6 Meses, Fideliza Porc TV 50% x 6 Meses, Fideliza Porc Voz 50% x 6 Meses|4
SEGMENTO_004|1021589348|CLIENT_00084|71523216|892452606|31|1993-05-26 00:00:00|Active|MOVISTAR VOZ DUO|Active|MOVISTAR INTERNET DUO ADSL|2021-08-01 00:00:00||||||Dúo Voz Plano Local Internet ADSL|Active|Duos BA|0||
SEGMENTO_004|2059054819|CLIENT_00448|47535606|763276506|31|2020-06-19 00:00:00|Active|||MOVISTAR DUO INTERNET HD|2020-06-19 00:00:00|TV ESTANDAR DUO|2020-06-19 00:00:00|HFC|CATV|Active|Dúo Internet Estándar HD|Active|Duos TV BA|0|Descuento IPJUL23 EXO TV S/10.00 x 12m|2
SEGMENTO_004|2008001207|CLIENT_00593|42060885|889618306|17|2021-06-03 00:00:00|Active|||MOVISTAR SOLO INTERNET|2021-06-03 00:00:00||||||Internet Movistar|Active|MonoInt|0||
SEGMENTO_004|2052036896|CLIENT_00239|81602385|754132347|31|2023-11-29 00:00:00|Suspended|||MOV INTERNET CAB RA S23|2023-11-29 11:27:38||||||Internet Movistar RA S23|Suspended|MonoInt|0|Descto Plan Internet 50% x 2 ms|
SEGMENTO_004|2014166280|CLIENT_00551|88546606|156056506|17|2016-06-10 00:00:00|Suspended|MOVISTAR VOZ DUO|Collection Suspension ( Subscr|MOVISTAR INTERNET DUO ADSL|2021-12-18 00:00:00||||||Dúo Voz Plano Local Internet ADSL|Collection Suspension ( Subscr|Duos BA|0|DTO FIDE S/ 5 ILIM|
SEGMENTO_004|2004470530|CLIENT_00006|63862495|084934406|31|2000-07-04 00:00:00|Active|MOVISTAR VOZ DUO|Active|MOVISTAR INTERNET DÚO|2018-08-02 00:00:00||||||Dúo Plano Local Internet|Active|Duos BA|0||
SEGMENTO_004|2021869954|CLIENT_00918|20363306|979623506|17|2020-12-01 00:00:00|Active|MOVISTAR VOZ DUO|Active|MOVISTAR INTERNET DÚO|2020-12-01 00:00:00||||||Dúo Plano Local Internet|Active|Duos BA|0||
SEGMENTO_004|2070061501|CLIENT_00344|472278021|175779437|31|2022-11-03 00:00:00|Active|||MOV INTERNET CAB RA|2022-11-03 17:48:29||||||Internet Movistar RA|Active|MonoInt|0|Ajuste al plan ip S/5.91 por 12 meses|
SEGMENTO_001|2026242865|CLIENT_00930|70123506|255726506|31|2020-10-23 00:00:00|Active||||2020-10-23 00:00:00||||||SIP TRUNK|Active|MonoInt|0||
SEGMENTO_004|2009085356|CLIENT_00640|60803995|756729406|31|2011-11-29 00:00:00|Active|Q51 LINEA PREMIUM C|Active||||||||LN. PLANA LOCAL||MonoLn|0||
SEGMENTO_004|2028381006|CLIENT_00481|84372185|908521306|31|2019-12-29 00:00:00|Suspended|||MOVISTAR SOLO INTERNET|2019-12-29 00:00:00||||||Internet Movistar|Suspended|MonoInt|0||
SEGMENTO_004|2011722087|CLIENT_00088|08841006|147620506|17|2014-12-30 00:00:00|Active|Línea Movistar Voz|Active||||||||Línea Movistar Voz VoIP||MonoLn|0||
SEGMENTO_004|2012621430|CLIENT_00065|85425595|340665406|31|1997-08-26 00:00:00|Active|MOVISTAR VOZ DUO|Active|MOVISTAR INTERNET DÚO|2018-05-19 00:00:00||||||Dúo Plano Local Internet|Active|Duos BA|0||
SEGMENTO_004|2075863671|CLIENT_00860|56562795|551637406|31|1999-05-28 00:00:00|Active|MOVISTAR VOZ DMU|Active|MOV INTERNET DUO RA 22|2023-02-03 06:44:17||||||Dúo Movistar Voz Internet RA D22|Active|Duos BA|0||
SEGMENTO_004|2096148900|CLIENT_00810|45247495|092284406|31|2014-07-24 00:00:00|Active|MOVISTAR VOZ TRIO|Active|TRIO MOVISTAR INTERNET|2019-08-10 00:00:00|TV ESTANDAR|2015-02-09 00:00:00|HFC|CATV|Active|Trío Plano Local Internet Estándar|Active|Trios CATV|0||3
SEGMENTO_004|2006444294|CLIENT_00359|01797306|954073506|31|2018-08-21 00:00:00|Active|MOVISTAR VOZ DUO|Active|MOVISTAR INTERNET DÚO|2018-08-21 00:00:00||||||Dúo Plano Local Internet|Active|Duos BA|0||
SEGMENTO_004|1038544262|CLIENT_00966|65269006|064090506|31|2000-04-26 00:00:00|Active|Línea Control|Active||||||||Línea Control VoIP||MonoLn|0||
SEGMENTO_004|2044789187|CLIENT_00896|678241221|543731347|5|2023-11-25 00:00:00|Active|||MOV INTERNET CAB RA S23|2023-11-25 10:42:06||||||Internet Movistar RA S23|Active|MonoInt|0|Fideliza Porc Internet 50% x 6 Meses|
SEGMENTO_004|2022589688|CLIENT_00286|40820706|352307506|99|2014-08-13 00:00:00|Active|TPI PREPAGO|Active||||||||TPI PREPAGO||MonoLn|0||
SEGMENTO_004|2042761198|CLIENT_00731|82013506|861748447|17|2024-02-17 00:00:00|Active|||MOV INTERNET CAB RA O23|2024-02-17 15:08:14||||||Internet Movistar RA O23|Active|MonoInt|0||
SEGMENTO_004|2024654901|CLIENT_00714|89444995|119649406|17|2018-09-04 00:00:00|Active|MOVISTAR VOZ DMU|Active|MOV INTERNET DUO RA|2021-11-24 00:00:00||||||Dúo Movistar Voz Internet RA|Active|Duos BA|0||
SEGMENTO_002|2042422772|CLIENT_00369|16957706|431187506|31|2006-09-08 00:00:00|Active||||2006-09-08 00:00:00||||||RDSI|Active|MonoInt|0||
SEGMENTO_004|2069507116|CLIENT_00675|57902706|201034147|17|2023-09-06 00:00:00|Active|||MOV INTERNET CAD DUO RA M23|2023-09-06 14:32:58|TV ESTANDAR HD DUO M23|2023-09-06 14:32:59|FTTH|CATV|Active|Dúo Internet Estándar HD RA M23|Active|Duos TV BA|0|Fideliza Porc Internet 50% x 6 Meses, Fideliza Porc TV 50% x 6 Meses|2
SEGMENTO_004|2090077848|CLIENT_00372|642452221|040421837|31|2023-03-29 00:00:00|Active|||MOV INTERNET CAB RA 22|2023-03-29 11:17:12||||||Internet Movistar RA D22|Active|MonoInt|0||
SEGMENTO_001|2026242865|CLIENT_00930|08082506|616726506|31|2008-03-12 00:00:00|Active||||2008-03-12 00:00:00||||||RDSI|Active|MonoInt|0||
SEGMENTO_004|2007494049|CLIENT_00339|38200585|972015306|17|2015-04-09 00:00:00|Active|MOVISTAR VOZ TRIO|Active|MOVISTAR INTERNET TRÍO|2020-06-18 00:00:00|TV ESTANDAR|2020-06-18 00:00:00|HFC|CATV|Active|Trío Plano Local Internet Estándar HD|Active|Trios CATV|0||4
SEGMENTO_004|2064019811|CLIENT_00806|02261985|628642937|31|2023-05-16 00:00:00|Active|||MOV INTERNET CAB RA 22|2023-05-16 19:44:30||||||Internet Movistar RA D22|Active|MonoInt|0||
SEGMENTO_004|1042862786|CLIENT_00787|38392116|173211606|31|1990-11-23 00:00:00|Active|MOVISTAR VOZ TRIO|Active|MOVISTAR INTERNET TRÍO|2021-07-20 00:00:00|TV ESTANDAR|2021-07-20 00:00:00|HFC|CATV|Active|Trío Plano Local Internet Estándar HD|Active|Trios CATV|0||2
SEGMENTO_004|2086870606|CLIENT_00742|57302695|286249447|31|2024-02-23 00:00:00|Active|||MOV INTERNET CAD DUO RA S23|2024-02-23 14:25:50|TV ESTANDAR HD DUO S23|2024-02-23 14:25:51|HFC|CATV|Active|Duo Internet Estandar HD RA S23|Active|Duos TV BA|0|Descto Plan Internet 50% x 2 ms, Descto Plan TV 50% x 2 ms|3
SEGMENTO_001|2026242865|CLIENT_00930|23903506|025726506|31|2008-03-08 00:00:00|Active||||2008-03-08 00:00:00||||||RDSI|Active|MonoInt|0||
SEGMENTO_003|2008935428|CLIENT_00164|087471221|336668737|15|2023-03-17 00:00:00|Active|||MOV INTERNET CAB RA 22|2023-03-17 11:29:12||||||Internet Movistar RA D22|Active|MonoInt|0||
SEGMENTO_004|2011315139|CLIENT_00002|29261506|196015506|17|2016-04-16 00:00:00|Active|MOVISTAR VOZ DUO LOCAL|Active|MOVISTAR INTERNET DUO LOCAL|2017-08-22 00:00:00||||||Dúo Voz Plano Local Internet|Active|Duos BA|0||
SEGMENTO_004|2043325056|CLIENT_00080|28112895|210728406|17|2019-01-10 00:00:00|Suspended|MOVISTAR VOZ DUO|Collection Suspension ( Subscr|MOVISTAR INTERNET DÚO|2019-01-10 00:00:00||||||Dúo Plano Local Internet|Collection Suspension ( Subscr|Duos BA|0||
SEGMENTO_002|2032318459|CLIENT_00719|96912895|713638406|31|2012-06-21 00:00:00|Active|MOVISTAR VOZ TRÍO B|Active|TRIO MOVISTAR INTERNET D|2022-03-18 00:00:00|TV ESTANDAR HD|2022-03-18 00:00:00|HFC|CATV|Active|Trío Voz Internet Estándar HD|Active|Trios CATV|0||5
SEGMENTO_004|2004403801|CLIENT_00180|51668695|822986406|17|2019-12-05 00:00:00|Active|MOVISTAR VOZ TRÍO B|Active|TRIO MOVISTAR INTERNET D|2021-05-28 00:00:00|TV ESTANDAR HD|2020-10-30 00:00:00|FTTH|CATV|Active|Trío Voz Internet Estándar HD|Active|Trios CATV|0||6
SEGMENTO_004|2093437777|CLIENT_00436|62547185|614671306|17|2019-11-06 00:00:00|Active|MOVISTAR VOZ DUO|Active|MOVISTAR INTERNET DÚO|2019-11-06 00:00:00||||||Dúo Plano Local Internet|Active|Duos BA|0||
SEGMENTO_004|2056897122|CLIENT_00573|217414901|025931347|5|2023-11-27 00:00:00|Active|MOVISTAR VOZ TMU S23|Active|MOV INTERNET CAF RA S23|2023-11-27 18:08:17|TV ESTANDAR HD A S23|2023-11-27 18:08:18|HFC|CATV|Active|Trio Mov. Voz Int. Estandar HD RA S23|Active|Trios CATV|0|Fideliza Porc Internet 50% x 6 Meses, Fideliza Porc TV 50% x 6 Meses, Fideliza Porc Voz 50% x 6 Meses|2
SEGMENTO_004|2046916374|CLIENT_00711|22517785|454977306|17|2019-06-08 00:00:00|Active|MOVISTAR VOZ TRIO|Active|TRIO MOVISTAR INTERNET|2019-06-08 00:00:00|TV ESTANDAR|2019-06-08 00:00:00|FTTH|CATV|Active|Trío Plano Local Internet Estándar|Active|Trios CATV|0||6
SEGMENTO_004|2096247949|CLIENT_00334|014420021|698221337|31|1990-12-26 00:00:00|Active|MOVISTAR VOZ DUO|Active|MOVISTAR INTERNET DÚO|2019-10-12 00:00:00||||||Dúo Plano Local Internet|Active|Duos BA|0|Ajuste Renta Internet S/ 4.50 ILIM|
SEGMENTO_004|2050836779|CLIENT_00070|702465221|633428837|31|2023-04-27 00:00:00|Active|||MOV INTERNET CAB RA 22|2023-04-27 13:33:28||||||Internet Movistar RA D22|Active|MonoInt|0||
SEGMENTO_004|2094607578|CLIENT_00434|670143411|993722637|31|2022-12-29 00:00:00|Active|MOVISTAR VOZ DMU|Active|MOV INTERNET DUO RA 22|2022-12-29 16:43:25||||||Dúo Movistar Voz Internet RA D22|Active|Duos BA|0||
SEGMENTO_004|2045107949|CLIENT_00795|48653006|921430506|31|2004-12-29 00:00:00|Active|Q51 LINEA PREMIUM C|Active||||||||LN. PLANA LOCAL||MonoLn|0||
SEGMENTO_003|2074885080|CLIENT_00308|71070006|404699406|31|1997-05-08 00:00:00|Suspended|Q51 LINEA PREMIUM C|Collection Suspension ( Subscr||||||||LN. PLANA LOCAL||MonoLn|0||
SEGMENTO_004|2078938243|CLIENT_00676|832104121|563180147|23|2019-08-24 00:00:00|Active|MOVISTAR VOZ RV|Active|MOVISTAR INTERNET TOTAL|2022-06-01 00:00:00|TV ESTANDAR DIGITAL (RV)|2022-06-01 00:00:00|HFC|CATV|Active|Movistar Total HD|Active|Trios CATV|1||2
SEGMENTO_004|2054022480|CLIENT_00547|34818616|650877606|31|2010-07-22 00:00:00|Active|Q51 LINEA PREMIUM C|Active||||||||LN. PLANA LOCAL||MonoLn|0||
SEGMENTO_004|2014332657|CLIENT_00751|04139606|534776506|31|1992-07-22 00:00:00|Active|MOVISTAR VOZ DMU S23|Active|MOV INTERNET DUO RA S23|2024-02-07 11:13:04||||||Duo Movistar Voz Internet RA S23|Active|Duos BA|0||
SEGMENTO_002|2017768500|CLIENT_00417|72941616|851716606|17|1971-07-01 00:00:00|Active|Línea Movistar Voz|Active||||||||Línea Movistar Voz VoIP||MonoLn|0||
SEGMENTO_004|2070083854|CLIENT_00585|36732306|972913506|31|2002-10-16 00:00:00|Active|MOVISTAR VOZ TRIO|Active|TRIO MOVISTAR INTERNET E|2021-10-24 00:00:00|TV ESTANDAR|2021-10-24 00:00:00|HFC|CATV|Active|Trio Movistar Voz Estandar HD EST HBO STAR|Active|Trios CATV|0||4
SEGMENTO_004|2001109147|CLIENT_00012|43224195|205051406|31|2019-12-27 00:00:00|Active|||MOVISTAR SOLO INTERNET|2019-12-27 00:00:00||||||Internet Movistar|Active|MonoInt|0||
SEGMENTO_004|2088859624|CLIENT_00594|241572321|215104047|31|2023-07-21 00:00:00|Active|MOVISTAR VOZ DMU M23|Active|MOV INTERNET DUO RA M23|2023-07-21 13:55:42||||||Dúo Movistar Voz Internet RA M23|Active|Duos BA|0||
SEGMENTO_004|2068641471|CLIENT_00978|14883106|304231506|31|1995-08-26 00:00:00|Active|MOVISTAR VOZ TRIO|Active|MOVISTAR INTERNET TRÍO|2021-08-01 00:00:00|TV ESTANDAR|2021-08-01 00:00:00|HFC|CATV|Active|Trío Plano Local Internet Estándar HD|Active|Trios CATV|0|AJUSTE FID S/50 ILIM, Descuento IPJUL23 EXO TV S/10.00 x 12m, Fideliza Porc Internet 95% x 6 Meses, Fideliza Porc TV 95% x 6 Meses, Fideliza Porc Voz 95% x 6 Meses|3
SEGMENTO_002|2021159453|CLIENT_00381|47003706|123027506|31|2008-09-09 00:00:00|Active||||2008-09-09 00:00:00||||||Troncal|Active|MonoInt|0||
SEGMENTO_004|2037757541|CLIENT_00199|43669685|490407306|31|2019-10-02 00:00:00|Active|MOVISTAR VOZ TRIO|Active|MOVISTAR INTERNET TRÍO|2019-10-02 00:00:00|TV ESTANDAR|2019-10-02 00:00:00|HFC|CATV|Active|Trío Plano Local Internet Estándar HD|Active|Trios CATV|0|Descuento IPJUL23 EXO TV S/10.00 x 12m, Fideliza Porc Internet 50% x 6 Meses, Fideliza Porc TV 50% x 6 Meses, Fideliza Porc Voz 50% x 6 Meses|2
SEGMENTO_004|2009085356|CLIENT_00640|41552995|336729406|31|2012-12-05 00:00:00|Active|MOVISTAR VOZ TRIO|Active|MOVISTAR INTERNET ADSL TRÍO HD|2022-02-16 00:00:00|TV ESTANDAR|2022-02-16 00:00:00|HFC|CATV|Active|Trío Plano Local Internet Estándar HD A|Active|Trios CATV|0||4
SEGMENTO_004|2064447144|CLIENT_00541|08389795|252508406|31|2015-10-07 00:00:00|Active|MOVISTAR VOZ DUO|Active|MOVISTAR INTERNET DUO ADSL|2016-11-11 00:00:00||||||Dúo Voz Plano Local Internet ADSL|Active|Duos BA|0||
SEGMENTO_004|2044366286|CLIENT_00796|38719095|177990406|31|2014-03-13 00:00:00|Active|||MOVISTAR SOLO INTERNET|2020-09-07 00:00:00||||||Internet Movistar|Active|MonoInt|0||
SEGMENTO_004|2091061273|CLIENT_00653|90142306|379823506|17|2014-07-09 00:00:00|Active|MOVISTAR VOZ TRIO DTH|Active|Movistar Trio Internet DTH|2022-01-07 00:00:00|MOVISTAR ESTANDAR SATELITAL|2016-10-15 00:00:00|DTH|DTH|Active|Trío Movistar Voz Internet TV Satelital|Active|Trios DTH|0|Ajuste Renta Internet S/ 15.00 ILIM, BLOQUE FULL HD DTH, DTO FIDE S/ 5 ILIM, Punto adicional HD DTH|
SEGMENTO_004|2051367485|CLIENT_00262|97093406|169234506|31|2015-03-09 00:00:00|Active|MOVISTAR VOZ DUO|Active|MOVISTAR INTERNET DÚO|2021-12-07 00:00:00||||||Dúo Plano Local Internet|Active|Duos BA|0|DTO FIDE S/10.9 ILIM|
SEGMENTO_004|2014716920|CLIENT_00769|77045416|954232837|31|2023-04-01 00:00:00|Active|||MOV INTERNET CAD DUO RA 22|2023-04-01 13:38:29|TV ESTANDAR HD DUO|2023-04-01 13:38:27|FTTH|CATV|Active|Dúo Internet Estándar HD RA D22|Active|Duos TV BA|0|Descuento IPJUL23 EXO TV S/10.00 x 12m|2
SEGMENTO_004|2082043891|CLIENT_00584|50111885|145028306|17|2011-09-03 00:00:00|Active|Q51 LINEA PREMIUM C|Active||||||||LN. PLANA LOCAL||MonoLn|0||
SEGMENTO_004|2018488844|CLIENT_00289|57537295|511382406|31|2014-08-29 00:00:00|Active|Línea Control|Active||||||||Línea Control||MonoLn|0||
SEGMENTO_004|2066464531|CLIENT_00087|48105906|087129506|31|2020-06-25 00:00:00|Active|MOVISTAR VOZ TMU S23|Active|MOV INTERNET CAF RA S23|2020-06-25 00:00:00|TV ESTANDAR HD A S23|2020-06-25 00:00:00|HFC|CATV|Active|Trio Mov. Voz Int. Estandar HD RA S23|Active|Trios CATV|0|Fideliza Porc Internet 50% x 6 Meses, Fideliza Porc TV 50% x 6 Meses, Fideliza Porc Voz 50% x 6 Meses|2
SEGMENTO_004|2068178034|CLIENT_00379|31994606|972666506|31|2017-09-22 00:00:00|Active|MOVISTAR VOZ DUO|Active|MOVISTAR INTERNET DÚO|2021-12-30 00:00:00||||||Dúo Plano Local Internet|Active|Duos BA|0|DTO FIDE S/30.9 ILIM|
SEGMENTO_004|2015048988|CLIENT_00520|64524695|363979937|31|2023-06-26 00:00:00|Active|MOVISTAR VOZ TMU M23|Active|MOV INTERNET CAF RA M23|2023-06-26 12:39:51|TV ESTANDAR HD A M23|2023-06-26 12:39:49|HFC|CATV|Active|Trío Mov. Voz Int. Estandar HD RA M23|Active|Trios CATV|0||3
SEGMENTO_004|2035557284|CLIENT_00828|39666216|413053437|17|2022-10-06 00:00:00|Active|||MOV INTERNET CAD DUO RA|2022-10-06 17:25:12|TV ESTANDAR HD DUO|2022-10-06 17:25:11|HFC|CATV|Active|Dúo Internet Estándar HD RA|Active|Duos TV BA|0||4
SEGMENTO_004|2053125283|CLIENT_00112|31384206|062532506|31|1986-02-17 00:00:00|Active|Q51 LINEA PREMIUM C|Active||||||||LN. PLANA LOCAL||MonoLn|0||
SEGMENTO_004|2071854449|CLIENT_00591|92218116|435285147|17|2023-09-14 00:00:00|Active|||MOV INTERNET CAD DUO RA M23|2023-09-14 20:19:36|TV ESTANDAR HD DUO M23|2023-09-14 20:17:42|HFC|CATV|Active|Dúo Internet Estándar HD RA M23|Active|Duos TV BA|0||6
SEGMENTO_004|2052552788|CLIENT_00104|99098006|292770506|31|2023-05-02 00:00:00|Active|MOVISTAR VOZ TMU RV|Active|MOV INTERNET CAH RV RET|2023-05-02 18:21:25|TV ESTANDAR DIGITAL HD RV|2023-05-02 18:21:25|HFC|CATV|Active|Trío Mov. Voz Internet Estandar HD RV D22|Active|Trios CATV|0|Descuento IPJUL23 EXO TV S/10.00 x 12m|2
SEGMENTO_001|2026242865|CLIENT_00930|72333506|445726506|31|2008-03-12 00:00:00|Active||||2008-03-12 00:00:00||||||RDSI|Active|MonoInt|0||
SEGMENTO_004|2072175636|CLIENT_00148|472623421|166045247|31|2022-08-10 00:00:00|Active|||MOV INTERNET CAB RA|2022-08-10 12:17:10||||||Internet Movistar RA|Active|MonoInt|0||
SEGMENTO_004|2099870926|CLIENT_00868|99425785|516467306|31|2021-05-20 00:00:00|Active|MOVISTAR VOZ DUO|Active|MOVISTAR INTERNET DÚO|2021-05-20 00:00:00||||||Dúo Plano Local Internet|Active|Duos BA|0||
SEGMENTO_004|2059725559|CLIENT_00880|24481706|593707506|31|2016-06-23 00:00:00|Suspended|MOVISTAR VOZ DUO LOCAL|Collection Suspension ( Subscr|MOVISTAR INTERNET DUO LOCAL|2021-12-07 00:00:00||||||Dúo Voz Plano Local Internet|Collection Suspension ( Subscr|Duos BA|0||
SEGMENTO_004|2078802807|CLIENT_00099|70776985|307879306|17|2017-10-04 00:00:00|Active|MOVISTAR VOZ DUO|Active|MOVISTAR INTERNET DÚO|2020-10-20 00:00:00||||||Dúo Plano Local Internet|Active|Duos BA|0||
SEGMENTO_004|2088859624|CLIENT_00594|13024795|162947837|17|2023-04-22 00:00:00|Active|MOVISTAR VOZ TMU|Active|MOV INTERNET CAF RA|2023-04-22 16:20:24|TV ESTANDAR HD A|2023-04-22 16:20:26|HFC|CATV|Active|Trío Mov. Voz Internet Estandar HD RA D22|Active|Trios CATV|0|Descuento IPJUL23 EXO TV S/10.00 x 12m|2
SEGMENTO_002|2023381522|CLIENT_00756|03530816|398698606|31|2014-04-03 00:00:00|Active|MOVISTAR VOZ DUO|Active|MOVISTAR INTERNET DUO ADSL|2021-12-07 00:00:00||||||Dúo Voz Plano Local Internet ADSL|Active|Duos BA|0|AJUSTE FID S/15 ILIM|
SEGMENTO_002|2028712026|CLIENT_00204|78912516|692026606|31|1995-08-28 00:00:00|Active|Q51 LINEA PREMIUM B|Active||||||||LN. SEMIPLANA LIBRE||MonoLn|0||
SEGMENTO_002|2010945037|CLIENT_00252|95990595|158692337|31|2004-09-15 00:00:00|Active|||||TV ESTANDAR DIGITAL CMS|2004-09-15 00:00:00|HFC|CATV|Active|TV ESTANDAR DIGITAL||MonoTv|0||3
SEGMENTO_003|2074885080|CLIENT_00308|32760006|214699406|31|2003-03-04 00:00:00|Suspended|MOVISTAR VOZ DUO CTRL ADSL|Collection Suspension ( Subscr|MOVISTAR INTERNET DUO CTRL ADSL|2013-12-10 00:00:00||||||Dúo Plano Control|Collection Suspension ( Subscr|Duos BA|0||
SEGMENTO_004|2049019784|CLIENT_00811|81881716|247937606|17|2019-03-04 00:00:00|Active|MOVISTAR VOZ DUO|Active|MOVISTAR INTERNET DÚO|2022-02-24 00:00:00||||||Dúo Plano Local Internet|Active|Duos BA|0||
SEGMENTO_002|2039754476|CLIENT_00765|82785016|660080606|31|2020-07-31 00:00:00|Active|MOVISTAR VOZ TRIO|Active|MOVISTAR INTERNET TRÍO|2020-07-31 00:00:00|TV ESTANDAR|2020-07-31 00:00:00|HFC|CATV|Active|Trío Plano Local Internet Estándar HD|Active|Trios CATV|0|Descuento IPJUL23 EXO TV S/10.00 x 12m|5
SEGMENTO_004|2027354004|CLIENT_00836|96503306|987333506|31|2019-01-26 00:00:00|Active|MOVISTAR VOZ DUO|Active|MOVISTAR INTERNET DÚO|2019-01-26 00:00:00||||||Dúo Plano Local Internet|Active|Duos BA|0||
SEGMENTO_004|2041230831|CLIENT_00071|82071585|654625306|31|2017-12-22 00:00:00|Active|MOVISTAR VOZ TRIO|Active|MOVISTAR INTERNET TRÍO|2021-07-01 00:00:00|TV ESTANDAR|2021-07-01 00:00:00|FTTH|CATV|Active|Trío Plano Local Internet Estándar HD|Active|Trios CATV|0||2
SEGMENTO_004|2032335674|CLIENT_00620|516239221|578207937|31|2023-06-12 00:00:00|Active|||MOV INTERNET CAB RA 22|2023-06-12 15:43:36||||||Internet Movistar RA D22|Active|MonoInt|0||
SEGMENTO_004|2082202511|CLIENT_00338|63692716|087886606|17|2021-02-05 00:00:00|Active|MOVISTAR VOZ DUO|Active|MOVISTAR INTERNET DÚO|2021-02-05 00:00:00||||||Dúo Plano Local Internet|Active|Duos BA|0||
SEGMENTO_004|2080444231|CLIENT_00903|556834021|678973447|31|2024-01-29 00:00:00|Active|||MOV INTERNET CAD DUO RA S23|2024-01-29 10:07:48|TV ESTANDAR HD DUO S23|2024-01-29 10:07:48|HFC|CATV|Active|Duo Internet Estandar HD RA S23|Active|Duos TV BA|0|Descto Plan Internet 50% x 2 ms, Descto Plan TV 50% x 2 ms|2
SEGMENTO_004|2059508137|CLIENT_00794|77845716|573577606|17|2022-05-13 00:00:00|Active|MOVISTAR VOZ DMU|Active|MOV INTERNET DUO RA|2022-05-13 00:00:00||||||Dúo Movistar Voz Internet RA|Active|Duos BA|0|Ajuste al plan ip S/9.91 por 12 meses|
SEGMENTO_002|2006121666|CLIENT_00662|51834206|732033837|17|2023-04-08 00:00:00|Active|||MOV INTERNET CAB RA 22|2023-04-08 10:22:59||||||Internet Movistar RA D22|Active|MonoInt|0||
SEGMENTO_004|2051560969|CLIENT_00910|655842121|682586637|15|2023-01-19 00:00:00|Active|MOVISTAR VOZ DMU|Active|MOV INTERNET DUO RA 22|2023-01-19 19:10:09||||||Dúo Movistar Voz Internet RA D22|Active|Duos BA|0||
SEGMENTO_004|2042840517|CLIENT_00226|261499911|815253737|5|2023-02-27 00:00:00|Active|MOVISTAR VOZ DMU|Active|MOV INTERNET DUO RA 22|2023-02-27 10:44:54||||||Dúo Movistar Voz Internet RA D22|Active|Duos BA|0||
SEGMENTO_004|2089657456|CLIENT_00807|63759495|776805406|17|2022-05-09 00:00:00|Active|||MOV INTERNET CAD DUO RA|2022-05-09 00:00:00|TV ESTANDAR HD DUO|2022-05-09 00:00:00|HFC|CATV|Active|Dúo Internet Estándar HD RA|Active|Duos TV BA|0|Fideliza Porc Internet 50% x 6 Meses, Fideliza Porc TV 50% x 6 Meses|3
SEGMENTO_004|2014579954|CLIENT_00512|64553795|211447406|17|2022-02-11 00:00:00|Active|||MOVISTAR DUO INTERNET A|2022-02-11 00:00:00|TV ESTANDAR HD|2022-02-11 00:00:00|HFC|CATV|Suspended|Dúo Internet TV Estándar HD|Active|Duos TV BA|0|Fideliza Porc Internet 95% x 6 Meses, Fideliza Porc TV 95% x 6 Meses|2
SEGMENTO_004|2061611588|CLIENT_00499|07661185|996162347|17|2023-12-05 00:00:00|Active|MOVISTAR VOZ DMU S23|Active|MOV INTERNET DUO RA S23|2023-12-05 16:18:30||||||Duo Movistar Voz Internet RA S23|Active|Duos BA|0||
SEGMENTO_004|2094456978|CLIENT_00488|414931021|517753337|31|2022-08-24 00:00:00|Active|MOVISTAR VOZ DMU|Active|MOV INTERNET DUO RA|2022-08-24 22:52:06||||||Dúo Movistar Voz Internet RA|Active|Duos BA|0||
SEGMENTO_004|2090223377|CLIENT_00596|70524006|464911506|31|2021-07-23 00:00:00|Active|MOVISTAR VOZ TRÍO B|Active|TRIO MOVISTAR INTERNET D|2021-07-23 00:00:00|TV ESTANDAR HD|2021-07-23 00:00:00|HFC|CATV|Active|Trío Voz Internet Estándar HD|Active|Trios CATV|0||2
SEGMENTO_004|2007442327|CLIENT_00253|371954321|127869047|5|2023-08-17 00:00:00|Active|MOVISTAR VOZ DMU M23|Active|MOV INTERNET DUO RA M23|2023-08-17 14:06:03||||||Dúo Movistar Voz Internet RA M23|Active|Duos BA|0||
SEGMENTO_004|2059725559|CLIENT_00880|70152706|173707506|31|1970-01-06 00:00:00|Suspended|Q51 LINEA PREMIUM C|Collection Suspension ( Subscr||||||||LN. PLANA LOCAL||MonoLn|0||
SEGMENTO_004|2084282369|CLIENT_00074|65329185|175191306|31|2002-07-28 00:00:00|Suspended|Mono Voz Control|Collection Suspension ( Subscr||||||||LN. CONTROL||MonoLn|0||
SEGMENTO_004|2068641471|CLIENT_00978|916779021|812531537|31|2022-11-10 00:00:00|Suspended|||MOV INTERNET CAB RA|2022-11-10 14:54:18||||||Internet Movistar RA|Collection Suspension ( Subscr|MonoInt|0||
SEGMENTO_004|2083215398|CLIENT_00564|74601685|538916306|17|2018-11-14 00:00:00|Active|MOVISTAR VOZ DUO|Active|MOVISTAR INTERNET DÚO|2021-08-01 00:00:00||||||Dúo Plano Local Internet|Active|Duos BA|0||
SEGMENTO_004|2090223377|CLIENT_00596|28793006|654911506|31|2021-09-20 00:00:00|Active|Q51 LINEA PREMIUM C|Active||||||||LN. PLANA LOCAL VOIP||MonoLn|0||
SEGMENTO_002|2028712026|CLIENT_00204|01421516|462026606|31|1995-05-31 00:00:00|Active|Q51 LINEA PREMIUM C|Active||||||||LN. PLANA LOCAL||MonoLn|0||
SEGMENTO_002|2017768500|CLIENT_00417|11041616|431716606|17|1971-07-01 00:00:00|Active|||MOV INTERNET CAB RA 22|2022-01-07 00:00:00||||||Internet Movistar RA D22|Active|MonoInt|0||
SEGMENTO_004|2096523728|CLIENT_00797|66092895|592148406|31|2004-01-13 00:00:00|Suspended|MOVISTAR VOZ TRÍO B|Collection Suspension ( Subscr|TRIO MOVISTAR INTERNET D|2017-11-26 00:00:00|TV ESTANDAR HD|2017-11-26 00:00:00|HFC|CATV|Collection Suspension ( Subscr|Trío Voz Internet Estándar HD|Collection Suspension ( Subscr|Trios CATV|0||3
SEGMENTO_004|2054335919|CLIENT_00098|572674121|926932637|31|2022-12-29 00:00:00|Active|||MOV INTERNET CAB RA 22|2022-12-29 15:21:43||||||Internet Movistar RA D22|Active|MonoInt|0||
SEGMENTO_004|2068242198|CLIENT_00515|127683021|387668337|31|2022-09-14 00:00:00|Active|||MOV INTERNET CAB RA 22|2022-09-14 12:57:10||||||Internet Movistar RA D22|Active|MonoInt|0||
SEGMENTO_004|2082647868|CLIENT_00292|88402006|478720506|31|1967-09-01 00:00:00|Active|MOVISTAR VOZ DMU|Active|MOV INTERNET DUO RA 22|2021-07-01 00:00:00||||||Dúo Movistar Voz Internet RA D22|Active|Duos BA|0||
SEGMENTO_004|2052019028|CLIENT_00034|09551795|934586147|31|2023-03-28 00:00:00|Active|||MOV INTERNET CAB RA 22|2023-03-28 15:24:48||||||Internet Movistar RA D22|Active|MonoInt|0||
SEGMENTO_004|2070698896|CLIENT_00456|244253411|757234537|15|2022-11-22 00:00:00|Suspended|MOVISTAR VOZ TM|Collection Suspension ( Subscr|MOV INTERNET CAF|2022-11-22 11:39:59|TV ESTANDAR GB|2022-11-22 11:39:58|HFC|CATV|Collection Suspension ( Subscr|Trío Movistar Voz Internet Estandar RA|Collection Suspension ( Subscr|Trios CATV|0||1
SEGMENTO_004|1002436750|CLIENT_00326|10591116|926021606|31|1993-02-03 00:00:00|Suspended|Q51 LINEA PREMIUM B|Collection Suspension ( Subscr||||||||LN. SEMIPLANA LIBRE||MonoLn|0||
SEGMENTO_004|2073797693|CLIENT_00207|95119385|958593247|17|2023-10-23 00:00:00|Active|||MOV INTERNET CAB RA S23|2023-10-23 11:15:22||||||Internet Movistar RA S23|Active|MonoInt|0|Fideliza Porc Internet 50% x 6 Meses|
SEGMENTO_004|2039981438|CLIENT_00052|20246385|096363306|31|2020-02-27 00:00:00|Active|||MOVISTAR SOLO INTERNET|2020-07-24 00:00:00||||||Internet Movistar|Active|MonoInt|0||
SEGMENTO_004|2039981438|CLIENT_00052|20246385|218118047|31|2023-08-05 00:00:00|Suspended|||MOV INTERNET CAB RA M23|2023-08-05 17:22:31||||||Internet Movistar RA M23|Suspended|MonoInt|0||
SEGMENTO_004|2067617220|CLIENT_00473|41588895|804898406|17|2021-11-11 00:00:00|Active|||MOVISTAR SOLO INTERNET|2021-11-11 00:00:00||||||Internet Movistar|Active|MonoInt|0||
SEGMENTO_004|2079459148|CLIENT_00345|84006595|696175406|17|2018-07-13 00:00:00|Active|MOVISTAR VOZ TRIO|Active|MOVISTAR INTERNET TRÍO|2021-06-13 00:00:00|TV ESTANDAR|2021-06-13 00:00:00|HFC|CATV|Active|Trío Plano Local Internet Estándar HD|Active|Trios CATV|0|Fideliza Porc Internet 50% x 6 Meses, Fideliza Porc TV 50% x 6 Meses, Fideliza Porc Voz 50% x 6 Meses|15
SEGMENTO_004|2096049962|CLIENT_01000|794131221|928115837|31|2023-04-18 00:00:00|Active|||MOV INTERNET CAB RA 22|2023-04-18 19:08:44||||||Internet Movistar RA D22|Active|MonoInt|0||
SEGMENTO_004|2050502220|CLIENT_00468|81900195|583170547|17|2024-02-29 00:00:00|Active|MOVISTAR VOZ DMU S23|Active|MOV INTERNET DUO RA S23|2024-02-29 14:04:44||||||Duo Movistar Voz Internet RA S23|Active|Duos BA|0||
SEGMENTO_003|2074885080|CLIENT_00308|45440006|634699406|31|1987-02-12 00:00:00|Suspended|MOVISTAR VOZ DÚO BC|Collection Suspension ( Subscr|MOVISTAR INTERNET DUO ADSL C|2022-02-16 00:00:00||||||Dúo Voz Plano Local Internet ADSL B|Collection Suspension ( Subscr|Duos BA|0||
SEGMENTO_004|2052084350|CLIENT_00841|05833575|382524637|5|2023-01-07 00:00:00|Active|||MOV INTERNET CAB RA 22|2023-01-07 12:35:23||||||Internet Movistar RA D22|Active|MonoInt|0||
SEGMENTO_004|2098293784|CLIENT_00265|72959295|179303406|31|2021-05-29 00:00:00|Active|MOVISTAR VOZ TRÍO B|Active|TRIO MOVISTAR INTERNET D|2021-05-29 00:00:00|TV ESTANDAR HD|2021-05-29 00:00:00|FTTH|CATV|Active|Trío Voz Internet Estándar HD|Active|Trios CATV|0||2
SEGMENTO_004|2047909598|CLIENT_00269|90834906|465114047|31|2023-07-16 00:00:00|Active|||MOV INTERNET CAB RA 22|2023-07-16 11:41:33||||||Internet Movistar RA D22|Active|MonoInt|0||
SEGMENTO_004|2078922170|CLIENT_00227|741841421|209822247|15|2023-10-16 00:00:00|Active|||MOV INTERNET CAB RA 22|2023-10-16 13:09:13||||||Internet Movistar RA D22|Active|MonoInt|0|Fideliza Porc Internet 50% x 6 Meses|
SEGMENTO_004|2043525526|CLIENT_00979|11065316|254323606|17|2017-12-12 00:00:00|Active|MOVISTAR VOZ TRÍO B|Active|TRIO MOVISTAR INTERNET D|2017-12-12 00:00:00|TV ESTANDAR HD|2017-12-12 00:00:00|HFC|CATV|Active|Trío Voz Internet Estándar HD|Active|Trios CATV|0||2
SEGMENTO_004|2014689387|CLIENT_00420|25437185|628271306|31|2013-08-10 00:00:00|Active|MOVISTAR VOZ DUO|Active|MOVISTAR INTERNET DÚO|2021-04-24 00:00:00||||||Dúo Plano Local Internet|Active|Duos BA|0||
SEGMENTO_004|2070129626|CLIENT_00728|25920006|227635537|31|2022-11-25 00:00:00|Active|||MOV INTERNET CAB RA|2022-11-25 18:06:39||||||Internet Movistar RA|Active|MonoInt|0||
SEGMENTO_004|2064447144|CLIENT_00541|50520895|354842347|31|2023-11-30 00:00:00|Active|||MOV INTERNET CAB RA S23|2023-11-30 14:55:07||||||Internet Movistar RA S23|Active|MonoInt|0||
SEGMENTO_004|2024991600|CLIENT_00919|53129095|488272147|31|2023-08-29 00:00:00|Active|||MOV INTERNET CAD DUO RA M23|2023-08-29 14:14:39|TV ESTANDAR HD DUO M23|2023-08-29 14:14:39|FTTH|CATV|Active|Dúo Internet Estándar HD RA M23|Active|Duos TV BA|0|Fideliza Porc Internet 50% x 6 Meses, Fideliza Porc TV 50% x 6 Meses|2
SEGMENTO_004|2024177972|CLIENT_00132|00147116|380284537|31|2022-11-24 00:00:00|Active|||MOV INTERNET CAB RA|2022-11-24 17:01:49||||||Internet Movistar RA|Active|MonoInt|0||
SEGMENTO_004|2006969490|CLIENT_00418|16623085|840430306|31|2004-12-07 00:00:00|Active|MOVISTAR VOZ TRIO|Active|MOVISTAR INTERNET TRÍO|2020-07-01 00:00:00|TV ESTANDAR|2020-07-01 00:00:00|HFC|CATV|Active|Trío Plano Local Internet Estándar HD|Active|Trios CATV|0||4
SEGMENTO_004|2062876920|CLIENT_00061|14452695|082136406|17|2012-09-06 00:00:00|Active|Q51 LINEA PREMIUM C|Active||||||||LN. PLANA LOCAL||MonoLn|0||
SEGMENTO_004|2067912703|CLIENT_00808|18529606|917907506|31|2016-10-31 00:00:00|Suspended|||MOV INTERNET CAB RA S23|2022-04-01 00:00:00||||||Internet Movistar RA S23|Collection Suspension ( Subscr|MonoInt|0|AJUSTE FID S/35 ILIM|
SEGMENTO_004|2039660724|CLIENT_00161|16662575|448592537|15|2022-11-16 00:00:00|Active|MOVISTAR VOZ TMU|Active|MOV INTERNET CAE RA|2022-11-16 15:02:44|TV ESTANDAR HD A|2022-11-16 15:02:42|HFC|CATV|Active|Trío Movistar Voz Internet Estandar HD RA|Active|Trios CATV|0|Ajuste al plan ip S/14.91 por 12 meses|2
SEGMENTO_004|2062876920|CLIENT_00061|92462695|462136406|17|2012-09-06 00:00:00|Active|Q51 LINEA PREMIUM C|Active||||||||LN. PLANA LOCAL||MonoLn|0||
SEGMENTO_004|2034936943|CLIENT_00342|503427421|984532347|31|2023-11-30 00:00:00|Active|||MOV INTERNET CAB RA S23|2023-11-30 19:12:44||||||Internet Movistar RA S23|Active|MonoInt|0||
SEGMENTO_004|2062876920|CLIENT_00061|19662695|652136406|17|2012-09-07 00:00:00|Active|MOVISTAR VOZ TMU|Active|MOV INTERNET CAE RA|2022-03-27 00:00:00|TV ESTANDAR HD A|2021-10-24 00:00:00|FTTH|CATV|Active|Trío Movistar Voz Internet Estandar HD RA|Active|Trios CATV|0||4
SEGMENTO_004|2083037709|CLIENT_00861|83745295|097262406|31|2018-10-29 00:00:00|Active|MOVISTAR VOZ DUO|Active|MOVISTAR INTERNET DÚO|2021-08-01 00:00:00||||||Dúo Plano Local Internet|Active|Duos BA|0||
SEGMENTO_002|2078929230|CLIENT_00522|71870606|472626506|31|2009-01-30 00:00:00|Active|Q51 LINEA PREMIUM B|Active||||||||LN. SEMIPLANA LIBRE||MonoLn|0||
SEGMENTO_004|2080580035|CLIENT_00442|15241116|945311606|31|2022-04-20 00:00:00|Active|||MOVISTAR DUO INTERNET A|2022-04-20 00:00:00|TV ESTANDAR HD|2022-04-20 00:00:00|HFC|CATV|Active|Dúo Internet TV Estándar HD|Active|Duos TV BA|0||2
SEGMENTO_004|2069114417|CLIENT_00617|28716716|901976837|17|2023-04-21 00:00:00|Active|||MOV INTERNET CAD DUO RA 22|2023-04-21 19:11:11|TV ESTANDAR HD DUO|2023-04-21 19:11:12|HFC|CATV|Active|Dúo Internet Estándar HD RA D22|Active|Duos TV BA|0|Fideliza Porc Internet 50% x 6 Meses, Fideliza Porc TV 50% x 6 Meses|2
SEGMENTO_004|2030808313|CLIENT_00059|35731706|425286506|31|1990-10-09 00:00:00|Active|Mono Voz Control|Active||||||||LN. CONTROL||MonoLn|0||
SEGMENTO_004|2059396553|CLIENT_00171|789259121|567025737|31|2023-03-02 00:00:00|Active|||MOV INTERNET CAD DUO RA 22|2023-03-02 12:50:26|TV ESTANDAR HD DUO|2023-03-02 12:50:28|HFC|CATV|Active|Dúo Internet Estándar HD RA D22|Active|Duos TV BA|0|Descuento IPJUL23 EXO TV S/10.00 x 12m|3
SEGMENTO_004|2079513695|CLIENT_00366|77661495|794524406|31|1981-03-24 00:00:00|Active|MOVISTAR VOZ DUO|Active|MOVISTAR INTERNET DÚO|2019-04-25 00:00:00||||||Dúo Plano Local Internet|Active|Duos BA|0||
SEGMENTO_002|2023381522|CLIENT_00756|03530816|398698606|31|2013-11-28 00:00:00|Active||||2013-11-28 00:00:00||||||Troncal|Active|MonoInt|0||
SEGMENTO_002|2023381522|CLIENT_00756|03530816|398698606|31|2013-12-23 00:00:00|Active|MOVISTAR TV SATELITAL D|Active|Movistar Trio Internet DTH|2021-12-30 00:00:00||||||Trío Movistar Voz Internet TV Satelital|Active|Duos BA|0|AJUSTE FID S/15 ILIM|
SEGMENTO_002|2021159453|CLIENT_00381|23594506|103755506|31|1997-05-30 00:00:00|Active||||1997-05-30 00:00:00||||||SIP TRUNK|Active|MonoInt|0||
SEGMENTO_001|2026242865|CLIENT_00930|54343506|825726506|31|2008-09-05 00:00:00|Active||||2008-09-05 00:00:00||||||RDSI|Active|MonoInt|0||
SEGMENTO_004|2017146912|CLIENT_00882|72859616|555976606|31|2002-01-15 00:00:00|Active|MOVISTAR VOZ DUO|Active|MOVISTAR INTERNET DUO ADSL|2021-12-07 00:00:00||||||Dúo Voz Plano Local Internet ADSL|Active|Duos BA|0|DTO FIDE S/ 5 ILIM|
SEGMENTO_004|2064658684|CLIENT_00353|55329516|319075606|17|2016-08-12 00:00:00|Active|||||TV ESTANDAR DIGITAL RA 22 M23|2021-07-18 00:00:00|HFC|CATV|Active|TV Estándar Digital RA M23||MonoTv|0||4
SEGMENTO_004|2062894104|CLIENT_00158|81875906|541849506|31|2020-10-22 00:00:00|Active|MOVISTAR VOZ DUO|Active|MOVISTAR INTERNET DÚO|2020-10-22 00:00:00||||||Dúo Plano Local Internet|Active|Duos BA|0||
SEGMENTO_004|2012952033|CLIENT_00988|615858811|670623047|15|2023-07-11 00:00:00|Active|||MOV INTERNET CAD DUO RA M23|2023-07-11 17:29:23|TV ESTANDAR HD DUO M23|2023-07-11 17:29:22|FTTH|CATV|Active|Dúo Internet Estándar HD RA M23|Active|Duos TV BA|0||2
SEGMENTO_004|2045776570|CLIENT_00215|08925695|606666406|31|2020-12-27 00:00:00|Active|MOVISTAR VOZ DUO|Active|MOVISTAR INTERNET DÚO|2020-12-27 00:00:00||||||Dúo Plano Local Internet|Active|Duos BA|0||
SEGMENTO_004|2077669628|CLIENT_00032|74784575|139197047|5|2023-08-07 00:00:00|Active|||MOV INTERNET CAD DUO RA M23|2023-08-07 18:18:25|TV ESTANDAR HD DUO M23|2023-08-07 18:18:23|FTTH|CATV|Active|Dúo Internet Estándar HD RA M23|Active|Duos TV BA|0||2
SEGMENTO_004|2054854170|CLIENT_00245|98619106|681491506|17|2021-06-17 00:00:00|Active|||MOVISTAR SOLO INTERNET|2021-06-17 00:00:00||||||Internet Movistar|Active|MonoInt|0||
SEGMENTO_004|2014846070|CLIENT_00340|72451695|233816406|31|2018-08-22 00:00:00|Active|MOVISTAR VOZ DUO LOCAL|Active|MOVISTAR INTERNET DUO LOCAL|2021-09-01 00:00:00||||||Dúo Voz Plano Local Internet|Active|Duos BA|0||
SEGMENTO_002|2039216584|CLIENT_00936|08009685|271207306|17|1996-05-25 00:00:00|Active|Q51 LINEA PREMIUM B|Active||||||||LN. SEMIPLANA LIBRE||MonoLn|0||
SEGMENTO_002|2020052100|CLIENT_00534|86938406|832205506|31|1980-04-01 00:00:00|Active|Mono Voz Control|Active||||||||LN. CONTROL||MonoLn|0||
SEGMENTO_004|2013237934|CLIENT_00303|22518216|653521337|31|2022-08-09 00:00:00|Active|MOVISTAR VOZ DMU|Active|MOV INTERNET DUO RA|2022-08-09 19:53:36||||||Dúo Movistar Voz Internet RA|Active|Duos BA|0||
SEGMENTO_004|2046859398|CLIENT_00764|01293616|892066606|31|2023-05-02 00:00:00|Active|||MOV INTERNET CAD DUO RA 22|2023-05-02 14:19:43|TV ESTANDAR HD DUO|2023-05-02 14:19:44|FTTH|CATV|Active|Dúo Internet Estándar HD RA D22|Active|Duos TV BA|0|Descuento IPJUL23 EXO TV S/10.00 x 12m|2
SEGMENTO_004|1002436750|CLIENT_00326|89053195|243341406|31|2018-03-19 00:00:00|Active|MOVISTAR VOZ DUO|Active|MOVISTAR INTERNET DÚO|2018-03-19 00:00:00||||||Dúo Plano Local Internet|Active|Duos BA|0||
SEGMENTO_004|2078726535|CLIENT_00097|54748216|107782606|17|2020-12-12 00:00:00|Suspended|||MOVISTAR SOLO INTERNET|2021-11-24 00:00:00||||||Internet Movistar|Collection Suspension ( Subscr|MonoInt|0||
SEGMENTO_002|2056046163|CLIENT_00994|31979006|770501506|17|2008-02-20 00:00:00|Active||||2008-02-20 00:00:00||||||Troncal|Active|MonoInt|0||
SEGMENTO_004|2054958528|CLIENT_00390|07228285|616382306|17|2019-11-09 00:00:00|Active|||MOVISTAR DUO INTERNET|2019-11-09 00:00:00|TV ESTANDAR DUO|2019-11-09 00:00:00|HFC|CATV|Active|Dúo Internet Estándar|Active|Duos TV BA|0||4
SEGMENTO_004|2045855183|CLIENT_00181|59950906|607229506|31|2013-11-21 00:00:00|Active|MOVISTAR VOZ TRIO|Active|MOVISTAR INTERNET TRÍO|2019-08-22 00:00:00|TV ESTANDAR|2015-02-12 00:00:00|HFC|CATV|Active|Trío Plano Local Internet Estándar HD|Active|Trios CATV|0||2
SEGMENTO_004|1031024653|CLIENT_00975|77371095|521620406|31|2019-10-23 00:00:00|Active|MOVISTAR VOZ DUO|Active|MOVISTAR INTERNET DÚO|2019-10-23 00:00:00||||||Dúo Plano Local Internet|Active|Duos BA|0||
SEGMENTO_004|1038544262|CLIENT_00966|05999006|674090506|17|1998-12-17 00:00:00|Active||||2005-09-24 00:00:00||||||Troncal|Active|MonoInt|0||
SEGMENTO_004|2038523791|CLIENT_00595|36468785|975397306|31|2019-11-29 00:00:00|Active|MOVISTAR VOZ TRIO|Active|MOVISTAR INTERNET TRÍO|2019-11-29 00:00:00|TV ESTANDAR|2019-11-29 00:00:00|HFC|CATV|Active|Trío Plano Local Internet Estándar HD|Active|Trios CATV|0||3
SEGMENTO_004|2038298370|CLIENT_00249|100636111|727830147|31|2023-08-19 00:00:00|Active|||MOV INTERNET CAB RA 22|2023-08-19 11:27:53||||||Internet Movistar RA D22|Active|MonoInt|0||
SEGMENTO_004|2019455714|CLIENT_00324|83418085|180180306|17|2016-02-05 00:00:00|Active|MOVISTAR VOZ DUO|Active|MOVISTAR INTERNET DÚO|2016-02-05 00:00:00||||||Dúo Plano Local Internet|Active|Duos BA|0||
SEGMENTO_004|2067392845|CLIENT_00917|86255416|826914606|31|2010-05-26 00:00:00|Active|MOVISTAR VOZ DUO|Active|MOVISTAR INTERNET DUO ADSL|2021-11-16 00:00:00||||||Dúo Voz Plano Local Internet ADSL|Active|Duos BA|0||
SEGMENTO_004|2046859398|CLIENT_00764|60084616|092066606|31|1994-11-26 00:00:00|Active|Q51 LINEA PREMIUM B|Active||||||||LN. SEMIPLANA LIBRE||MonoLn|0||
SEGMENTO_004|2046058498|CLIENT_00633|64907795|715297406|31|1997-10-22 00:00:00|Active|MOVISTAR VOZ DÚO BC|Active|MOVISTAR INTERNET DUO ADSL C|2021-09-05 00:00:00||||||Dúo Voz Plano Local Internet ADSL B|Active|Duos BA|0||
SEGMENTO_004|2096049962|CLIENT_01000|791921221|597087737|31|2023-03-21 00:00:00|Active|||MOV INTERNET CAB RA 22|2023-03-21 19:54:51||||||Internet Movistar RA D22|Active|MonoInt|0|Fideliza Porc Internet 50% x 6 Meses|
SEGMENTO_004|2052913932|CLIENT_00961|34087016|051079337|17|2022-09-26 00:00:00|Suspended|||MOV INTERNET CAB RA|2022-09-26 15:57:46||||||Internet Movistar RA|Collection Suspension ( Subscr|MonoInt|0||
SEGMENTO_004|2067392845|CLIENT_00917|62874416|636914606|31|2006-12-13 00:00:00|Active|MOVISTAR VOZ DUO|Active|MOVISTAR INTERNET DÚO|2021-11-29 00:00:00||||||Dúo Plano Local Internet|Active|Duos BA|0||
SEGMENTO_004|2007125725|CLIENT_00268|10586016|827071606|17|2019-06-14 00:00:00|Suspended|MOVISTAR VOZ TRIO|Collection Suspension ( Subscr|MOVISTAR INTERNET TRÍO|2019-10-31 00:00:00|TV ESTANDAR|2019-06-14 00:00:00|HFC|CATV|Collection Suspension ( Subscr|Trío Plano Local Internet Estándar HD|Collection Suspension ( Subscr|Trios CATV|0||5
SEGMENTO_004|2009085356|CLIENT_00640|72133995|146729406|31|2011-12-02 00:00:00|Active|MOVISTAR VOZ TRÍO B|Active|TRIO MOVISTAR INTERNET D|2021-04-29 00:00:00|TV ESTANDAR HD|2019-11-26 00:00:00|HFC|CATV|Active|Trío Voz Internet Estándar HD|Active|Trios CATV|0||4
SEGMENTO_004|2052573387|CLIENT_00197|797520221|116187447|31|2024-02-16 00:00:00|Active|||MOV INTERNET CAB RA S23|2024-02-16 10:35:52||||||Internet Movistar RA S23|Active|MonoInt|0|Descto Plan Internet 50% x 2 ms|
SEGMENTO_004|2032805428|CLIENT_00508|77873195|129741406|31|2020-08-22 00:00:00|Active|MOVISTAR VOZ DUO|Active|MOVISTAR INTERNET DÚO|2020-08-22 00:00:00||||||Dúo Plano Local Internet|Active|Duos BA|0||
SEGMENTO_004|2011033410|CLIENT_00556|32477185|064671306|31|2018-10-31 00:00:00|Active|MOVISTAR VOZ DUO|Active|MOVISTAR INTERNET DÚO|2018-10-31 00:00:00||||||Dúo Plano Local Internet|Active|Duos BA|0||
SEGMENTO_004|2085352948|CLIENT_00630|60778085|575780306|31|1995-12-01 00:00:00|Active|MOVISTAR VOZ TMU RV M23|Active|MOV INTERNET CAH RV RET M23|2018-11-01 00:00:00|TV ESTANDAR DIGITAL HD RV M23|2018-11-01 00:00:00|HFC|CATV|Active|Trío Mov. Voz Int. Estandar HD RV M23|Active|Trios CATV|0||2
SEGMENTO_002|2032318459|CLIENT_00719|04851895|373638406|31|2012-07-11 00:00:00|Active|Línea Control|Active||||||||Línea Control||MonoLn|0||
SEGMENTO_004|2079585159|CLIENT_00559|62957795|726097406|17|2010-12-14 00:00:00|Active|MOVISTAR VOZ DUO|Active|MOVISTAR INTERNET DUO ADSL|2021-09-05 00:00:00||||||Dúo Voz Plano Local Internet ADSL|Active|Duos BA|0||
SEGMENTO_002|2087028740|CLIENT_00487|61293606|640746506|31|2006-07-12 00:00:00|Active||||2006-07-12 00:00:00||||||Troncal|Active|MonoInt|0||
SEGMENTO_004|2059054819|CLIENT_00448|80625606|953276506|31|2020-12-26 00:00:00|Active|||MOV INTERNET CAD DUO RA|2022-05-05 00:00:00|TV ESTANDAR HD DUO|2020-12-26 00:00:00|HFC|CATV|Active|Dúo Internet Estándar HD RA|Active|Duos TV BA|0|Descuento IPJUL23 EXO TV S/10.00 x 12m|2
SEGMENTO_004|2004375439|CLIENT_00427|676676521|143879447|23|2024-02-26 00:00:00|Active|||MOV INTERNET CAD DUO RA S23|2024-02-26 11:30:54|TV ESTANDAR HD DUO S23|2024-02-26 11:30:54|HFC|CATV|Active|Duo Internet Estandar HD RA S23|Active|Duos TV BA|0|Descto Plan Internet 50% x 2 ms, Descto Plan TV 50% x 2 ms|4
SEGMENTO_004|2022589688|CLIENT_00286|19640706|791307506|99|2014-06-11 00:00:00|Active|TPI PREPAGO|Active||||||||TPI PREPAGO||MonoLn|0||
SEGMENTO_004|2096030030|CLIENT_00475|25817316|033783606|31|2007-06-23 00:00:00|Suspended|Q51 LINEA PREMIUM B|Collection Suspension ( Subscr||||||||LN. SEMIPLANA LIBRE||MonoLn|0||
SEGMENTO_004|2021245754|CLIENT_00454|45224695|670156406|31|2021-07-21 00:00:00|Active|||MOV INTERNET CAB RA S23|2021-07-21 00:00:00||||||Internet Movistar RA S23|Active|MonoInt|0||
SEGMENTO_004|2052036896|CLIENT_00239|81602385|117132347|31|2023-11-29 00:00:00|Suspended|||MOV INTERNET CAB RA S23|2023-11-29 09:50:45||||||Internet Movistar RA S23|Suspended|MonoInt|0|Descto Plan Internet 50% x 2 ms|
SEGMENTO_004|2046859398|CLIENT_00764|89974616|603066606|31|2005-07-10 00:00:00|Active|Q51 LINEA PREMIUM C|Active||||||||LN. PLANA LOCAL||MonoLn|0||
SEGMENTO_004|2023740275|CLIENT_00569|86984195|613851406|31|2011-11-28 00:00:00|Active|Q51 LINEA PREMIUM C|Active||||||||LN. PLANA LOCAL||MonoLn|0||
SEGMENTO_004|2068242198|CLIENT_00515|32297206|245192506|31|2010-12-29 00:00:00|Active|MOVISTAR VOZ DMU|Active|MOV INTERNET DUO RA|2022-03-28 00:00:00||||||Dúo Movistar Voz Internet RA|Active|Duos BA|0||
SEGMENTO_004|2014579954|CLIENT_00512|84251595|288825406|31|2017-05-18 00:00:00|Active|||MONO INTERNET SPEEDY NAKED|2017-05-18 00:00:00||||||SPEEDY NAKED|Active|MonoInt|0||
SEGMENTO_004|2043325056|CLIENT_00080|86391895|699628406|17|2021-07-10 00:00:00|Active|||MOVISTAR DUO INTERNET A|2021-07-10 00:00:00|TV ESTANDAR HD|2021-07-10 00:00:00|HFC|CATV|Active|Dúo Internet TV Estándar HD|Active|Duos TV BA|0||2
SEGMENTO_002|2050799857|CLIENT_00697|05557295|415482406|17|2016-05-06 00:00:00|Active|MOVISTAR VOZ TRIO|Active|MOVISTAR INTERNET TRÍO|2021-07-04 00:00:00|TV ESTANDAR|2021-07-04 00:00:00|HFC|CATV|Active|Trío Plano Local Internet Estándar HD|Active|Trios CATV|0|Descuento IPJUL23 EXO TV S/10.00 x 12m|2
SEGMENTO_004|2050569390|CLIENT_00944|30497716|910378606|31|2015-02-24 00:00:00|Active|Q51 LINEA PREMIUM C|Active||||||||LN. PLANA LOCAL VOIP||MonoLn|0||
SEGMENTO_004|1042311948|CLIENT_00722|42848116|688781606|31|2000-01-28 00:00:00|Active|MOVISTAR VOZ TRIO|Active|MOVISTAR INTERNET TRÍO|2021-07-01 00:00:00|TV ESTANDAR|2021-07-01 00:00:00|HFC|CATV|Active|Trío Plano Local Internet Estándar HD|Active|Trios CATV|0|Descuento IPJUL23 EXO TV S/10.00 x 12m, INTERNET MOVIL BAF S/40|2
SEGMENTO_002|2010945037|CLIENT_00252|95990595|683715406|31|2011-04-20 00:00:00|Active|||||TV ESTANDAR DIGITAL CMS|2011-04-20 00:00:00|HFC|CATV|Active|TV ESTANDAR DIGITAL||MonoTv|0||4
SEGMENTO_004|2036223175|CLIENT_00279|85937506|670355506|31|2021-02-12 00:00:00|Active|MOVISTAR VOZ TRÍO B|Active|TRIO MOVISTAR INTERNET D|2021-02-12 00:00:00|TV ESTANDAR HD|2021-02-12 00:00:00|FTTH|CATV|Active|Trío Voz Internet Estándar HD|Active|Trios CATV|0||2
SEGMENTO_004|2039714658|CLIENT_00290|39441885|564428306|31|2019-06-18 00:00:00|Active|MOVISTAR VOZ TRIO|Active|MOVISTAR INTERNET TRÍO|2019-06-18 00:00:00|TV ESTANDAR|2019-06-18 00:00:00|HFC|CATV|Active|Trío Plano Local Internet Estándar HD|Active|Trios CATV|0||4
SEGMENTO_004|2026743546|CLIENT_00858|13046406|969654506|31|2007-10-17 00:00:00|Active|MOVISTAR VOZ DÚO BC|Active|MOVISTAR INTERNET DUO ADSL C|2021-12-30 00:00:00||||||Dúo Voz Plano Local Internet ADSL B|Active|Duos BA|0|DTO FIDE S/ 3 ILIM|
SEGMENTO_004|2072719850|CLIENT_00681|197529901|740066937|31|2023-06-07 00:00:00|Active|||MOV INTERNET CAB RA 22|2023-06-07 10:29:28||||||Internet Movistar RA D22|Active|MonoInt|0||
SEGMENTO_004|2008388940|CLIENT_00121|39706806|604368506|31|2008-08-19 00:00:00|Active|Mono Voz Control|Active||||||||LN. CONTROL||MonoLn|0||
SEGMENTO_004|2098283606|CLIENT_00347|49333685|454146306|31|1995-05-05 00:00:00|Suspended|MOVISTAR VOZ DUO|Collection Suspension ( Subscr|MOVISTAR INTERNET DUO ADSL|2021-07-01 00:00:00||||||Dúo Voz Plano Local Internet ADSL|Collection Suspension ( Subscr|Duos BA|0||
SEGMENTO_004|2045782704|CLIENT_00628|47189206|791103506|17|2021-05-08 00:00:00|Active|MOVISTAR VOZ TRÍO B|Active|TRIO MOVISTAR INTERNET D|2021-05-08 00:00:00|TV ESTANDAR HD|2021-05-08 00:00:00|FTTH|CATV|Active|Trío Voz Internet Estándar HD|Active|Trios CATV|0||4
SEGMENTO_004|2071834507|CLIENT_00042|347990521|964439347|15|2024-01-10 00:00:00|Active|MOVISTAR VOZ TMU S23|Active|MOV INTERNET CAF RA S23|2024-01-10 17:49:04|TV ESTANDAR HD A S23|2024-01-10 17:49:05|HFC|CATV|Active|Trio Mov. Voz Int. Estandar HD RA S23|Active|Trios CATV|0|Descto Plan Internet 50% x 2 ms, Descto Plan TV 50% x 2 ms, Descto Plan Voz 50% x 2 ms|2
SEGMENTO_004|2017937229|CLIENT_00299|76435295|930562406|17|2010-09-02 00:00:00|Active|MOVISTAR VOZ DUO|Active|MOVISTAR INTERNET DÚO|2018-11-19 00:00:00||||||Dúo Plano Local Internet|Active|Duos BA|0||
SEGMENTO_004|2091696217|CLIENT_00523|162487121|662726737|17|2023-03-10 00:00:00|Active|MOVISTAR VOZ TMU|Active|MOV INTERNET CAF RA|2023-03-10 12:34:38|TV ESTANDAR HD A|2023-03-10 12:34:35|FTTH|CATV|Active|Trío Mov. Voz Internet Estandar HD RA D22|Active|Trios CATV|0|Descuento IPJUL23 EXO TV S/10.00 x 12m|2
SEGMENTO_004|2069458837|CLIENT_00566|07502795|535237406|31|2017-08-21 00:00:00|Active|MOVISTAR VOZ TRIO|Active|MOVISTAR INTERNET TRÍO|2021-07-01 00:00:00|TV ESTANDAR|2021-07-01 00:00:00|HFC|CATV|Active|Trío Plano Local Internet Estándar HD|Active|Trios CATV|0||2
SEGMENTO_002|2042422772|CLIENT_00369|64027706|811187506|31|2007-09-06 00:00:00|Active|Q51 LINEA PREMIUM B|Active||||||||LN. SEMIPLANA LIBRE||MonoLn|0||
SEGMENTO_004|2057769086|CLIENT_00950|09848595|996795406|31|2017-08-19 00:00:00|Active|Q51 LINEA PREMIUM B|Active||||||||LN. SEMIPLANA LIBRE||MonoLn|0||
SEGMENTO_002|2028712026|CLIENT_00204|72332516|802026606|31|1998-01-07 00:00:00|Active|Q51 LINEA PREMIUM B|Active||||||||LN. SEMIPLANA LIBRE||MonoLn|0||
SEGMENTO_004|2040443627|CLIENT_00393|05650016|114999506|31|2017-08-21 00:00:00|Active|MOVISTAR VOZ TMU M23|Active|MOV INTERNET CAF RA M23|2021-09-18 00:00:00|TV ESTANDAR HD A M23|2021-09-18 00:00:00|FTTH|CATV|Active|Trío Mov. Voz Int. Estandar HD RA M23|Active|Trios CATV|0||3
SEGMENTO_004|2080922598|CLIENT_00881|25071785|808627306|17|2018-02-16 00:00:00|Active|MOVISTAR VOZ DUO|Active|MOVISTAR INTERNET DÚO|2018-02-16 00:00:00||||||Dúo Plano Local Internet|Active|Duos BA|0||
SEGMENTO_004|2082231687|CLIENT_00914|99741685|789189737|31|2023-03-25 00:00:00|Active|||MOV INTERNET CAB RA 22|2023-03-25 11:48:21||||||Internet Movistar RA D22|Active|MonoInt|0||
SEGMENTO_004|2096619821|CLIENT_00477|43312495|202034406|17|2019-05-03 00:00:00|Active|MOVISTAR VOZ DUO|Active|MOVISTAR INTERNET DÚO|2019-05-03 00:00:00||||||Dúo Plano Local Internet|Active|Duos BA|0||
SEGMENTO_004|2070942382|CLIENT_00382|50266285|841297637|31|2023-01-28 00:00:00|Active|||MOV INTERNET CAD DUO RA 22|2023-01-28 10:20:10|TV ESTANDAR HD DUO|2023-01-28 10:20:13|FTTH|CATV|Active|Dúo Internet Estándar HD RA D22|Active|Duos TV BA|0||3
SEGMENTO_004|2014579954|CLIENT_00512|88463795|401447406|31|2022-07-20 00:00:00|Active|||MOV INTERNET CAB RA|2022-07-20 14:45:57||||||Internet Movistar RA|Active|MonoInt|0||
SEGMENTO_004|1003385935|CLIENT_00953|67354095|691550406|17|2014-05-15 00:00:00|Active|Q51 LINEA PREMIUM C|Active||||||||LN. PLANA LOCAL||MonoLn|0||
SEGMENTO_004|2022677765|CLIENT_00939|74464985|515459306|17|2019-08-08 00:00:00|Active|||MOV INTERNET CAB RA 22|2019-08-08 00:00:00||||||Internet Movistar RA D22|Active|MonoInt|0||
SEGMENTO_004|2099913198|CLIENT_00654|82030516|832178737|17|2023-03-21 00:00:00|Active|||MOV INTERNET CAB RA 22|2023-03-21 18:03:06||||||Internet Movistar RA D22|Active|MonoInt|0|Fide Prom Internet S/40 x 12 Meses|
SEGMENTO_004|2040929331|CLIENT_00023|150233121|370598537|5|2022-12-12 00:00:00|Active|||MOV INTERNET CAB RA 22|2022-12-12 17:49:29||||||Internet Movistar RA D22|Active|MonoInt|0||
SEGMENTO_004|2049726118|CLIENT_00693|45677106|152071506|17|1996-01-23 00:00:00|Active|Q51 LINEA PREMIUM B|Active||||||||LN. SEMIPLANA LIBRE||MonoLn|0||
SEGMENTO_004|2082202511|CLIENT_00338|61032716|467886606|17|2021-02-03 00:00:00|Active|MOVISTAR VOZ DUO|Active|MOVISTAR INTERNET DÚO|2021-02-03 00:00:00||||||Dúo Plano Local Internet|Active|Duos BA|0||
SEGMENTO_004|2044354863|CLIENT_00913|101105521|780218447|17|2024-02-21 00:00:00|Active|||MOV INTERNET CAB RA S23|2024-02-21 16:08:32||||||Internet Movistar RA S23|Active|MonoInt|0||
SEGMENTO_004|2030808313|CLIENT_00059|83690706|615286506|31|1971-10-13 00:00:00|Active||||1971-10-13 00:00:00||||||Troncal|Active|MonoInt|0||
SEGMENTO_004|2024257504|CLIENT_00509|351242611|058866937|17|2023-06-07 00:00:00|Active|MOVISTAR VOZ DMU M23|Active|MOV INTERNET DUO RA M23|2023-06-07 14:52:25||||||Dúo Movistar Voz Internet RA M23|Active|Duos BA|0||
SEGMENTO_003|2080037559|CLIENT_00735|23508806|386468506|31|2011-11-17 00:00:00|Suspended|MOVISTAR VOZ DUO|Collection Suspension ( Subscr|MOVISTAR INTERNET DUO ADSL|2022-02-16 00:00:00||||||Dúo Voz Plano Local Internet ADSL|Collection Suspension ( Subscr|Duos BA|0||
SEGMENTO_004|2070874147|CLIENT_00128|830250421|724910247|31|2023-10-03 00:00:00|Active|||MOV INTERNET CAB RA 22|2023-10-03 19:20:28||||||Internet Movistar RA D22|Active|MonoInt|0||
SEGMENTO_004|2022589688|CLIENT_00286|37460706|312307506|99|2014-04-19 00:00:00|Active|TPI PREPAGO|Active||||||||TPI PREPAGO||MonoLn|0||
SEGMENTO_004|2098337123|CLIENT_00365|640401021|887482337|31|2022-08-25 00:00:00|Suspended|||MOV INTERNET CAB RA|2022-08-25 12:55:15||||||Internet Movistar RA|Collection Suspension ( Subscr|MonoInt|0|Descuento Prom Internet S/40 x 3m|
SEGMENTO_002|2017768500|CLIENT_00417|91041616|811716606|31|2019-08-27 00:00:00|Suspended|||MOVISTAR SOLO INTERNET|2019-08-27 00:00:00||||||Internet Movistar|Collection Suspension ( Subscr|MonoInt|0||
SEGMENTO_004|2066690205|CLIENT_00259|649688221|386145937|31|2023-06-01 00:00:00|Active|||MOV INTERNET CAD DUO RA 22|2023-06-01 18:58:30|TV ESTANDAR HD DUO|2023-06-01 18:58:29|HFC|CATV|Active|Dúo Internet Estándar HD RA D22|Active|Duos TV BA|0|Descuento IPJUL23 EXO TV S/10.00 x 12m|2
SEGMENTO_004|2063540669|CLIENT_00684|402956121|065518637|5|2023-01-26 00:00:00|Active|||MOV INTERNET CAB RA 22|2023-01-26 13:09:00||||||Internet Movistar RA D22|Active|MonoInt|0||
SEGMENTO_004|2071502889|CLIENT_00952|37201595|079615406|17|2006-02-15 00:00:00|Active|MOVISTAR VOZ TRIO|Active|MOVISTAR INTERNET TRÍO|2022-03-18 00:00:00|TV ESTANDAR|2022-03-18 00:00:00|HFC|CATV|Active|Trío Plano Local Internet Estándar HD|Active|Trios CATV|0||5
SEGMENTO_004|2061098744|CLIENT_00011|89501806|637509506|31|2019-07-18 00:00:00|Suspended|||MOVISTAR SOLO INTERNET|2019-07-18 00:00:00||||||Internet Movistar|Collection Suspension ( Subscr|MonoInt|0||
SEGMENTO_004|2011315139|CLIENT_00002|05550985|879719306|31|2015-10-19 00:00:00|Suspended|Línea Control|Collection Suspension ( Subscr||||||||Línea Control||MonoLn|0||
SEGMENTO_004|2064617159|CLIENT_00426|63245985|612469306|17|2018-11-07 00:00:00|Active|MOVISTAR VOZ DUO|Active|MOVISTAR INTERNET DÚO|2018-11-07 00:00:00||||||Dúo Plano Local Internet|Active|Duos BA|0||
SEGMENTO_004|2044662368|CLIENT_00741|04691085|221910306|31|2005-12-02 00:00:00|Active|MOVISTAR VOZ DUO|Active|MOVISTAR INTERNET DÚO|2019-07-03 00:00:00||||||Dúo Plano Local Internet|Active|Duos BA|0||
SEGMENTO_004|2070410790|CLIENT_00505|92465095|733660406|31|2018-07-14 00:00:00|Active|MOVISTAR VOZ DUO|Active|MOVISTAR INTERNET DÚO|2019-08-18 00:00:00||||||Dúo Plano Local Internet|Active|Duos BA|0||
SEGMENTO_004|2050569390|CLIENT_00944|14597716|720378606|31|2015-02-24 00:00:00|Active|Q51 LINEA PREMIUM C|Active||||||||LN. PLANA LOCAL VOIP||MonoLn|0||
SEGMENTO_004|2064819637|CLIENT_00608|97637616|719676606|31|2013-09-18 00:00:00|Active|MOVISTAR VOZ DUO|Active|MOVISTAR INTERNET DUO ADSL|2021-07-01 00:00:00||||||Dúo Voz Plano Local Internet ADSL|Active|Duos BA|0||
SEGMENTO_002|2020052100|CLIENT_00534|06938406|642205506|31|1996-11-05 00:00:00|Suspended|MOVISTAR VOZ DÚO BC|Suspended|MOVISTAR INTERNET DUO ADSL C|2009-04-07 00:00:00||||||Dúo Voz Plano Local Internet ADSL B|Suspended|Duos BA|0||
SEGMENTO_002|2045641140|CLIENT_00319|02842906|275498506|17|2016-05-12 00:00:00|Active|MOVISTAR VOZ DUO|Active|MOVISTAR INTERNET DUO ADSL|2021-07-18 00:00:00||||||Dúo Voz Plano Local Internet ADSL|Active|Duos BA|0||
SEGMENTO_004|2004899141|CLIENT_00494|01762006|960103047|17|2023-07-12 00:00:00|Active|||MOV INTERNET CAD DUO RA M23|2023-07-12 13:47:12|TV ESTANDAR HD DUO M23|2023-07-12 13:47:09|HFC|CATV|Active|Dúo Internet Estándar HD RA M23|Active|Duos TV BA|0||6
SEGMENTO_004|2034895152|CLIENT_00378|60534585|669255306|31|2020-09-28 00:00:00|Active|MOVISTAR VOZ DUO|Active|MOVISTAR INTERNET DÚO|2020-09-28 00:00:00||||||Dúo Plano Local Internet|Active|Duos BA|0||
SEGMENTO_004|2064043539|CLIENT_00599|87516095|203070406|17|2019-01-09 00:00:00|Active|MOVISTAR VOZ TRIO|Active|MOVISTAR INTERNET TRÍO|2020-08-08 00:00:00|TV ESTANDAR|2019-06-12 00:00:00|HFC|CATV|Active|Trío Plano Local Internet Estándar HD|Active|Trios CATV|0||2
SEGMENTO_004|2059725559|CLIENT_00880|66481706|973707506|17|2016-08-12 00:00:00|Suspended|Q51 LINEA PREMIUM C|Collection Suspension ( Subscr||||||||LN. PLANA LOCAL||MonoLn|0||
SEGMENTO_004|2093200767|CLIENT_00680|71589195|163702406|17|1996-02-20 00:00:00|Active|MOVISTAR VOZ DUO|Active|MOVISTAR INTERNET DUO ADSL|2021-12-18 00:00:00||||||Dúo Voz Plano Local Internet ADSL|Active|Duos BA|0|DTO FIDE S/ 5 ILIM|
SEGMENTO_004|2051562677|CLIENT_00360|87495595|310285406|31|2018-08-24 00:00:00|Active|||MONO INTERNET SPEEDY NAKED|2018-08-24 00:00:00||||||SPEEDY NAKED|Active|MonoInt|0||
SEGMENTO_004|2047770405|CLIENT_00867|871938221|171224937|31|2023-05-25 00:00:00|Active|||MOV INTERNET CAB RA 22|2023-05-25 11:21:32||||||Internet Movistar RA D22|Active|MonoInt|0||
SEGMENTO_004|2063755498|CLIENT_00835|84725595|249565406|31|2012-05-15 00:00:00|Active|Línea Movistar Voz|Active||||||||Línea Movistar Voz VoIP||MonoLn|0||
SEGMENTO_004|2062876920|CLIENT_00061|21502695|842136406|17|2012-09-06 00:00:00|Active|Q51 LINEA PREMIUM C|Active||||||||LN. PLANA LOCAL||MonoLn|0||
SEGMENTO_004|2066854509|CLIENT_00619|70805406|916244506|17|2016-07-07 00:00:00|Active|MOVISTAR VOZ DUO|Active|MOVISTAR INTERNET DÚO|2022-02-11 00:00:00||||||Dúo Plano Local Internet|Active|Duos BA|0||
SEGMENTO_004|2038298370|CLIENT_00249|100636111|341041147|31|2023-08-23 00:00:00|Active|||MOV INTERNET CAB RA 22|2023-08-23 11:59:19||||||Internet Movistar RA D22|Active|MonoInt|0||
SEGMENTO_004|2096030030|CLIENT_00475|70857316|833783606|31|2002-04-25 00:00:00|Suspended|Q51 LINEA PREMIUM C|Collection Suspension ( Subscr||||||||LN. PLANA LOCAL||MonoLn|0||
SEGMENTO_004|2073797693|CLIENT_00207|14288385|626783306|31|2003-10-10 00:00:00|Active|Línea Control|Active||||||||Línea Control||MonoLn|0||
SEGMENTO_002|2023381522|CLIENT_00756|732560421|958403347|31|2023-12-04 00:00:00|Active|||MOV INTERNET CAB RA S23|2023-12-04 09:34:11||||||Internet Movistar RA S23|Active|MonoInt|0||
SEGMENTO_004|2077664976|CLIENT_00134|99112106|613011506|17|2021-02-03 00:00:00|Active|||MOVISTAR SOLO INTERNET|2021-02-03 00:00:00||||||Internet Movistar|Active|MonoInt|0||
SEGMENTO_004|2069655698|CLIENT_00548|09574085|139540306|17|2017-08-10 00:00:00|Active|MOVISTAR VOZ TRIO|Active|TRIO MOVISTAR INTERNET|2018-05-17 00:00:00|TV ESTANDAR|2018-05-17 00:00:00|HFC|CATV|Active|Trío Plano Local Internet Estándar|Active|Trios CATV|0||2
SEGMENTO_003|2074885080|CLIENT_00308|18360006|824699406|31|1999-03-04 00:00:00|Suspended|MOVISTAR VOZ DUO|Collection Suspension ( Subscr|MOVISTAR INTERNET DUO ADSL|2022-02-16 00:00:00||||||Dúo Voz Plano Local Internet ADSL|Collection Suspension ( Subscr|Duos BA|0|DTO FIDE S/ 20 ILIM|
SEGMENTO_004|2066690205|CLIENT_00259|368799221|968687937|31|2023-06-13 00:00:00|Active|||MOV INTERNET CAB RA 22|2023-06-13 18:58:47||||||Internet Movistar RA D22|Active|MonoInt|0||
SEGMENTO_004|2078953582|CLIENT_00546|40894306|650890247|31|2017-01-05 00:00:00|Active|Línea Control|Active||||||||Línea Control||MonoLn|0||
SEGMENTO_004|2074327800|CLIENT_00822|78255606|348352737|31|2023-02-20 00:00:00|Active|||MOV INTERNET CAD DUO RA 22|2023-02-20 10:39:08|TV ESTANDAR HD DUO|2023-02-20 10:39:07|FTTH|CATV|Active|Dúo Internet Estándar HD RA D22|Active|Duos TV BA|0|Fide Prom Internet S/40 x 12 Meses|2
SEGMENTO_002|2023381522|CLIENT_00756|03530816|398698606|31|2014-04-02 00:00:00|Active|MOVISTAR VOZ DUO|Active|MOVISTAR INTERNET DUO ADSL|2021-12-30 00:00:00||||||Dúo Voz Plano Local Internet ADSL|Active|Duos BA|0|AJUSTE FID S/15 ILIM|
SEGMENTO_004|2000954519|CLIENT_00989|473844901|245209537|15|2022-12-13 00:00:00|Active|||MOV INTERNET CAB RA 22|2022-12-13 09:57:43||||||Internet Movistar RA D22|Active|MonoInt|0||
SEGMENTO_004|2067617220|CLIENT_00473|65329895|614898406|31|2021-01-23 00:00:00|Active|MOVISTAR VOZ TRÍO B|Active|TRIO MOVISTAR INTERNET D|2021-01-23 00:00:00|TV ESTANDAR HD|2021-01-23 00:00:00|HFC|CATV|Active|Trío Voz Internet Estándar HD|Active|Trios CATV|0||2
SEGMENTO_004|2087799939|CLIENT_00195|799221901|377408937|23|2023-06-15 00:00:00|Active|||MOV INTERNET CAB RA 22|2023-06-15 11:30:12||||||Internet Movistar RA D22|Active|MonoInt|0||
SEGMENTO_004|2079431606|CLIENT_00125|96767095|160580406|31|1995-06-23 00:00:00|Active|Q51 LINEA PREMIUM B|Active||||||||LN. SEMIPLANA LIBRE||MonoLn|0||
SEGMENTO_004|2078272562|CLIENT_00198|530659421|439966347|27|2023-12-21 00:00:00|Active|MOVISTAR VOZ TMU S23|Active|MOV INTERNET CAF RA S23|2023-12-21 18:49:01|TV ESTANDAR HD A S23|2023-12-21 18:49:00|FTTH|CATV|Active|Trio Mov. Voz Int. Estandar HD RA S23|Active|Trios CATV|0||2
SEGMENTO_004|2008388940|CLIENT_00121|58706806|283368506|31|2009-07-22 00:00:00|Active|Mono Voz Control|Active||||||||LN. CONTROL||MonoLn|0||
SEGMENTO_004|2021496960|CLIENT_00814|233955121|369376637|5|2023-01-19 00:00:00|Active|||MOV INTERNET CAD DUO RA 22|2023-01-19 19:46:04|TV ESTANDAR HD DUO|2023-01-19 19:46:02|HFC|CATV|Active|Dúo Internet Estándar HD RA D22|Active|Duos TV BA|0||2
SEGMENTO_004|2054854170|CLIENT_00245|76218716|058778606|31|2020-10-23 00:00:00|Active|||MOVISTAR SOLO INTERNET|2020-10-23 00:00:00||||||Internet Movistar|Active|MonoInt|0|Fideliza Porc Internet 50% x 6 Meses|
SEGMENTO_004|2024833165|CLIENT_00853|99872785|702937306|17|2012-03-31 00:00:00|Active|MOVISTAR VOZ DUO|Active|MOVISTAR INTERNET DÚO|2019-04-24 00:00:00||||||Dúo Plano Local Internet|Active|Duos BA|0||
SEGMENTO_004|2082221937|CLIENT_00364|16473106|476931506|31|1982-09-01 00:00:00|Active|Q51 LINEA PREMIUM C|Active||||||||LN. PLANA LOCAL||MonoLn|0||
SEGMENTO_004|2042761198|CLIENT_00731|340137021|020695437|31|2022-10-15 00:00:00|Suspended|||MOV INTERNET CAB RA|2022-10-15 15:22:34||||||Internet Movistar RA|Suspended|MonoInt|0|Ajuste al plan ip S/5.91 por 12 meses|
SEGMENTO_004|2091617136|CLIENT_00837|22696485|744180937|31|2023-05-08 00:00:00|Active|MOVISTAR VOZ DMU|Active|MOV INTERNET DUO RA 22|2023-05-08 16:54:25||||||Dúo Movistar Voz Internet RA D22|Active|Duos BA|0||
SEGMENTO_004|2014968629|CLIENT_00674|44868985|694799306|31|2016-02-04 00:00:00|Active|MOVISTAR VOZ DUO|Active|MOVISTAR INTERNET DÚO|2017-01-06 00:00:00||||||Dúo Plano Local Internet|Active|Duos BA|0||
SEGMENTO_004|2088089421|CLIENT_00726|72537285|297272306|31|2017-07-20 00:00:00|Active|MOVISTAR VOZ TMU|Active|MOV INTERNET CAF RA|2019-01-04 00:00:00|TV ESTANDAR HD A|2017-07-20 00:00:00|FTTH|CATV|Active|Trío Mov. Voz Internet Estandar HD RA D22|Active|Trios CATV|0|AJUSTE FID S/9 ILIM|2
SEGMENTO_004|2021652039|CLIENT_00067|78225906|547183737|31|2023-02-27 00:00:00|Active|||MOV INTERNET CAB RA 22|2023-02-27 11:46:39||||||Internet Movistar RA D22|Active|MonoInt|0|Fideliza Porc Internet 50% x 6 Meses|
SEGMENTO_004|2074037343|CLIENT_00670|82289685|405807306|31|2018-07-18 00:00:00|Active|MOVISTAR VOZ TRIO|Active|TRIO MOVISTAR INTERNET|2021-07-20 00:00:00|TV ESTANDAR|2021-07-20 00:00:00|HFC|CATV|Active|Trío Plano Local Internet Estándar|Active|Trios CATV|0||2
SEGMENTO_002|2087028740|CLIENT_00487|80293606|450746506|31|1999-06-27 00:00:00|Active|Q51 LINEA PREMIUM B|Active||||||||LN. SEMIPLANA LIBRE||MonoLn|0||
SEGMENTO_004|2050348529|CLIENT_00770|96289595|106306406|31|2021-11-04 00:00:00|Active|||||TV ESTANDAR DIGITAL CMS|2021-11-04 00:00:00|HFC|CATV|Active|TV ESTANDAR DIGITAL||MonoTv|0||2
SEGMENTO_004|2012285306|CLIENT_00349|608231121|176216537|23|2022-11-30 00:00:00|Suspended|||MOV INTERNET CAB RA 22|2022-11-30 12:42:43||||||Internet Movistar RA D22|Collection Suspension ( Subscr|MonoInt|0|Fideliza Porc Internet 50% x 6 Meses|
SEGMENTO_003|2074885080|CLIENT_00308|28099995|273699406|31|2014-08-15 00:00:00|Suspended|MOVISTAR VOZ DUO|Collection Suspension ( Subscr|MOVISTAR INTERNET DUO ADSL|2022-02-16 00:00:00||||||Dúo Voz Plano Local Internet ADSL|Collection Suspension ( Subscr|Duos BA|0||
SEGMENTO_004|2059725559|CLIENT_00880|47322706|914707506|17|2016-08-16 00:00:00|Suspended|Q51 LINEA PREMIUM C|Collection Suspension ( Subscr||||||||LN. PLANA LOCAL||MonoLn|0||
SEGMENTO_002|2056940528|CLIENT_00704|20102885|649828306|31|2019-11-22 00:00:00|Active|||MOVISTAR DUO INTERNET|2019-11-22 00:00:00|TV ESTANDAR DUO|2019-11-22 00:00:00|FTTH|CATV|Active|Dúo Internet Estándar|Active|Duos TV BA|0||3
SEGMENTO_004|2006257040|CLIENT_00405|59957575|125613147|15|2023-09-01 00:00:00|Active|||MOV INTERNET CAB RA 22|2023-09-01 11:06:04||||||Internet Movistar RA D22|Active|MonoInt|0|Fideliza Porc Internet 50% x 6 Meses|
SEGMENTO_004|2054022480|CLIENT_00547|25628616|840877606|31|2021-01-26 00:00:00|Active|||MOVISTAR DUO INTERNET A|2021-01-26 00:00:00|TV ESTANDAR HD|2021-01-26 00:00:00|HFC|CATV|Active|Dúo Internet TV Estándar HD|Active|Duos TV BA|0|Fideliza Porc Internet 50% x 6 Meses, Fideliza Porc TV 50% x 6 Meses|2
SEGMENTO_004|2045776570|CLIENT_00215|55675695|095666406|31|2021-06-29 00:00:00|Active|||MOVISTAR SOLO INTERNET|2021-06-29 00:00:00||||||Internet Movistar|Active|MonoInt|0||
SEGMENTO_004|2066717944|CLIENT_00082|22841716|965196606|31|2022-02-26 00:00:00|Active|MOVISTAR VOZ DUO|Active|MOVISTAR INTERNET DÚO|2022-02-26 00:00:00||||||Dúo Plano Local Internet|Active|Duos BA|0||
SEGMENTO_004|2090674309|CLIENT_00855|10261906|298836047|31|2023-07-27 00:00:00|Active|MOVISTAR VOZ DMU M23|Active|MOV INTERNET DUO RA M23|2023-07-27 17:32:18||||||Dúo Movistar Voz Internet RA M23|Active|Duos BA|0|Fideliza Porc Internet 50% x 6 Meses, Fideliza Porc Voz 50% x 6 Meses|
SEGMENTO_004|2022589688|CLIENT_00286|79530706|502307506|99|2013-09-15 00:00:00|Active|TPI PREPAGO|Active||||||||TPI PREPAGO||MonoLn|0||
SEGMENTO_004|2010399017|CLIENT_00723|50035295|395362406|17|2021-03-11 00:00:00|Active|||MOVISTAR SOLO INTERNET|2021-03-11 00:00:00||||||Internet Movistar|Active|MonoInt|0||
SEGMENTO_004|2023740275|CLIENT_00569|59894016|525740606|31|2011-11-28 00:00:00|Active|MOVISTAR VOZ TRIO F|Active|Speedy Negocios Avanzados Internet III|2011-11-28 00:00:00|TV ESTANDAR K|2011-11-28 00:00:00|HFC|CATV|Active|TRIO SPEEDY NEG AVA|Active|Trios CATV|0||2
SEGMENTO_004|2059725559|CLIENT_00880|44312706|304707506|31|2009-03-18 00:00:00|Suspended|Q51 LINEA PREMIUM B|Collection Suspension ( Subscr||||||||LN. SEMIPLANA LIBRE||MonoLn|0||
SEGMENTO_004|2080608107|CLIENT_00240|29991516|774187347|31|2023-12-27 00:00:00|Active|||MOV INTERNET CAB RA S23|2023-12-27 13:30:34||||||Internet Movistar RA S23|Active|MonoInt|0||
SEGMENTO_004|2026874104|CLIENT_00981|53769395|551404406|31|2019-05-27 00:00:00|Active|MOVISTAR VOZ TMU S23|Active|MOV INTERNET CAF RA S23|2020-07-01 00:00:00|TV ESTANDAR HD A S23|2020-07-01 00:00:00|FTTH|CATV|Active|Trio Mov. Voz Int. Estandar HD RA S23|Active|Trios CATV|0|Ajuste al plan ip S/9.91 por 12 meses|2
SEGMENTO_004|2093963249|CLIENT_00250|53892085|911920306|17|2019-03-06 00:00:00|Active|MOVISTAR VOZ DMU|Active|MOV INTERNET DUO RA 22|2019-03-06 00:00:00||||||Dúo Movistar Voz Internet RA D22|Active|Duos BA|0||
SEGMENTO_004|2022997625|CLIENT_00266|28064185|533741306|31|2014-03-20 00:00:00|Active|MOVISTAR VOZ DUO|Active|MOVISTAR INTERNET DÚO|2020-09-12 00:00:00||||||Dúo Plano Local Internet|Active|Duos BA|0||
SEGMENTO_002|2039530710|CLIENT_00063|66883006|651430506|31|2022-03-28 00:00:00|Active|||MOV INTERNET CAB RA|2022-03-28 00:00:00||||||Internet Movistar RA|Active|MonoInt|0||
SEGMENTO_002|2023381522|CLIENT_00756|03530816|398698606|31|2015-09-03 00:00:00|Active|MOVISTAR VOZ DUO|Active|MOVISTAR INTERNET DÚO|2021-04-17 00:00:00||||||Dúo Plano Local Internet|Active|Duos BA|0||
SEGMENTO_004|2003449498|CLIENT_00973|043518221|741593937|31|2023-05-25 00:00:00|Active|||MOV INTERNET CAB RA 22|2023-05-25 20:06:30||||||Internet Movistar RA D22|Active|MonoInt|0||
SEGMENTO_004|2022643357|CLIENT_00298|22329095|011101406|31|2013-03-02 00:00:00|Active|MOVISTAR VOZ TRIO|Active|MOVISTAR INTERNET TRÍO|2020-12-16 00:00:00|TV ESTANDAR|2020-12-16 00:00:00|HFC|CATV|Active|Trío Plano Local Internet Estándar HD|Active|Trios CATV|0||2
SEGMENTO_004|2059937005|CLIENT_00054|32045595|727955406|31|2016-09-07 00:00:00|Active|||||TV ESTANDAR DIGITAL CMS|2016-09-07 00:00:00|HFC|CATV|Active|TV ESTANDAR DIGITAL||MonoTv|0|Ajuste Renta TV S/ 15.00 ILIM|2
SEGMENTO_004|2099913198|CLIENT_00654|82030516|169444047|17|2023-07-20 00:00:00|Active|||MOV INTERNET CAD DUO RA M23|2023-07-20 11:24:59|TV ESTANDAR HD DUO M23|2023-07-20 11:24:58|FTTH|CATV|Active|Dúo Internet Estándar HD RA M23|Active|Duos TV BA|0||2
SEGMENTO_002|2017768500|CLIENT_00417|72041616|621716606|31|2019-09-04 00:00:00|Suspended|||MOVISTAR SOLO INTERNET|2019-09-04 00:00:00||||||Internet Movistar|Collection Suspension ( Subscr|MonoInt|0||
SEGMENTO_002|2058059037|CLIENT_00294|40815595|083465406|31|1999-03-18 00:00:00|Active|||||TV ESTANDAR DIGITAL CMS|1999-03-18 00:00:00|HFC|CATV|Active|TV ESTANDAR DIGITAL||MonoTv|0||5
SEGMENTO_004|2052036896|CLIENT_00239|81602385|817171937|31|2023-05-15 00:00:00|Active|||MOV INTERNET CAB RA 22|2023-05-15 15:52:23||||||Internet Movistar RA D22|Active|MonoInt|0||
SEGMENTO_004|2054510534|CLIENT_00526|97081995|653919406|31|1992-11-10 00:00:00|Active|MOVISTAR VOZ TRIO|Active|MOVISTAR INTERNET TRÍO|2022-03-18 00:00:00|TV ESTANDAR|2022-03-18 00:00:00|HFC|CATV|Active|Trío Plano Local Internet Estándar HD|Active|Trios CATV|0||3
SEGMENTO_004|2078965242|CLIENT_00922|62416895|746478406|31|2013-11-09 00:00:00|Active|MOVISTAR TV SATELITAL E|Active|||MOVISTAR ESTANDAR SATELITAL|2018-04-28 00:00:00|DTH|DTH|Active|DÚO VOZ TV SATELITAL B VOIP||Duos DTH|0||
SEGMENTO_004|2084595191|CLIENT_00613|29675885|464868306|17|2021-02-06 00:00:00|Active|||MOVISTAR DUO INTERNET A|2021-02-06 00:00:00|TV ESTANDAR HD|2021-02-06 00:00:00|HFC|CATV|Active|Dúo Internet TV Estándar HD|Active|Duos TV BA|0||2
SEGMENTO_004|2096049962|CLIENT_01000|98796116|250347837|17|2023-04-29 00:00:00|Active|||MOV INTERNET CAB RA 22|2023-04-29 14:19:56||||||Internet Movistar RA D22|Active|MonoInt|0||
SEGMENTO_004|2063036368|CLIENT_00951|70819185|439191306|17|2017-12-09 00:00:00|Active|MOVISTAR VOZ DUO|Active|MOVISTAR INTERNET DÚO|2017-12-09 00:00:00||||||Dúo Plano Local Internet|Active|Duos BA|0||
SEGMENTO_004|2068789568|CLIENT_00153|94825706|032957506|31|2017-10-18 00:00:00|Active|MOVISTAR VOZ DUO|Active|MOVISTAR INTERNET DÚO|2021-12-30 00:00:00||||||Dúo Plano Local Internet|Active|Duos BA|0|DTO FIDE S/30.9 ILIM|
SEGMENTO_004|2099786996|CLIENT_00380|013688021|266039437|31|2022-11-02 00:00:00|Active|||MOV INTERNET CAB RA|2022-11-02 16:21:37||||||Internet Movistar RA|Active|MonoInt|0||
SEGMENTO_004|2090408902|CLIENT_00331|79186895|296968406|31|2020-07-20 00:00:00|Active|MOVISTAR VOZ TRÍO B|Active|TRIO MOVISTAR INTERNET D|2021-11-22 00:00:00|TV ESTANDAR HD|2021-11-22 00:00:00|FTTH|CATV|Active|Trío Voz Internet Estándar HD|Active|Trios CATV|0||2
SEGMENTO_004|2014332657|CLIENT_00751|723647311|693599227|31|2010-05-31 00:00:00|Suspended|MOVISTAR VOZ TRIO|Suspended|MOVISTAR INTERNET TRÍO|2021-07-01 00:00:00|TV ESTANDAR|2021-07-01 00:00:00|HFC|CATV|Suspended|Trío Plano Local Internet Estándar HD|Suspended|Trios CATV|0||2
SEGMENTO_004|2096030030|CLIENT_00475|77460395|923513406|17|2021-02-01 00:00:00|Suspended|MOVISTAR VOZ DUO|Collection Suspension ( Subscr|MOVISTAR INTERNET DÚO|2021-02-01 00:00:00||||||Dúo Plano Local Internet|Collection Suspension ( Subscr|Duos BA|0|BO Prom Internet 1 GB x 2 meses|
SEGMENTO_004|2059725559|CLIENT_00880|25312706|363707506|31|2016-06-18 00:00:00|Active|MOVISTAR VOZ DUO LOCAL|Active|MOVISTAR INTERNET DUO LOCAL|2021-12-07 00:00:00||||||Dúo Voz Plano Local Internet|Active|Duos BA|0||
SEGMENTO_004|2080221488|CLIENT_00213|57359006|139090506|31|1973-09-04 00:00:00|Active|MOVISTAR VOZ TRIO|Active|MOVISTAR INTERNET TRÍO|2021-07-20 00:00:00|TV ESTANDAR|2021-07-20 00:00:00|HFC|CATV|Active|Trío Plano Local Internet Estándar HD|Active|Trios CATV|0||2
SEGMENTO_004|2043779813|CLIENT_00336|27078316|228593606|31|2000-12-06 00:00:00|Suspended|MOVISTAR VOZ DUO SNA A|Collection Suspension ( Subscr|Speedy Negocios Avanzados Internet A|2008-02-06 00:00:00||||||DUO SPEEDY NEG AVA A|Collection Suspension ( Subscr|Duos BA|0||
SEGMENTO_004|2004090558|CLIENT_00948|219821911|598493937|15|2023-05-26 00:00:00|Active|MOVISTAR VOZ DMU|Active|MOV INTERNET DUO RA 22|2023-05-26 19:25:48||||||Dúo Movistar Voz Internet RA D22|Active|Duos BA|0||
SEGMENTO_004|2067346691|CLIENT_00086|24049095|289201406|31|2023-04-18 00:00:00|Active|||MOV INTERNET CAB RA 22|2023-04-18 17:40:26||||||Internet Movistar RA D22|Active|MonoInt|0||
SEGMENTO_004|2071502889|CLIENT_00952|54046485|796374306|17|2006-02-15 00:00:00|Active|Q51 LINEA PREMIUM B|Active||||||||LN. SEMIPLANA LIBRE||MonoLn|0||
SEGMENTO_004|2051562677|CLIENT_00360|63223885|213448306|31|2014-08-29 00:00:00|Active|MOVISTAR VOZ TRÍO B|Active|TRIO MOVISTAR INTERNET D|2021-04-26 00:00:00|TV ESTANDAR HD|2019-11-04 00:00:00|HFC|CATV|Active|Trío Voz Internet Estándar HD|Active|Trios CATV|0|Fideliza Porc Internet 50% x 6 Meses, Fideliza Porc TV 50% x 6 Meses, Fideliza Porc Voz 50% x 6 Meses|4
SEGMENTO_002|2002459973|CLIENT_00887|435846421|136952347|27|2023-12-01 00:00:00|Active|||MOV INTERNET CAB RA S23|2023-12-01 12:31:24||||||Internet Movistar RA S23|Active|MonoInt|0||
SEGMENTO_004|2023740275|CLIENT_00569|59894016|525740606|31|2022-10-04 00:00:00|Active|||MOV INTERNET CAB RA|2022-10-04 17:09:59||||||Internet Movistar RA|Active|MonoInt|0||
SEGMENTO_004|2054205660|CLIENT_00625|13520095|769110406|31|2021-05-29 00:00:00|Active|||MOVISTAR DUO INTERNET A|2021-05-29 00:00:00|TV ESTANDAR HD|2021-05-29 00:00:00|HFC|CATV|Active|Dúo Internet TV Estándar HD|Active|Duos TV BA|0||2
SEGMENTO_004|2063339709|CLIENT_00486|838010221|049034837|5|2023-04-11 00:00:00|Active|||MOV INTERNET CAD DUO RA 22|2023-04-11 12:06:51|TV ESTANDAR HD DUO|2023-04-11 12:06:50|FTTH|CATV|Active|Dúo Internet Estándar HD RA D22|Active|Duos TV BA|0|Descuento IPJUL23 EXO TV S/10.00 x 12m|6
SEGMENTO_002|2006121666|CLIENT_00662|51834206|777764737|17|2023-03-03 00:00:00|Active|||MOV INTERNET CAB RA 22|2023-03-03 12:37:10||||||Internet Movistar RA D22|Active|MonoInt|0||
SEGMENTO_004|2081101271|CLIENT_00815|84284516|819655606|17|2020-09-02 00:00:00|Active|||MOVISTAR SOLO INTERNET|2020-09-02 00:00:00||||||Internet Movistar|Active|MonoInt|0||
SEGMENTO_004|2009716777|CLIENT_00151|97228806|111598506|17|2012-06-23 00:00:00|Active|Línea Movistar Voz|Active||||||||Línea Movistar Voz VoIP||MonoLn|0||
SEGMENTO_002|2023381522|CLIENT_00756|732560421|635050247|31|2023-10-05 00:00:00|Active|||MOV INTERNET CAB RA 22|2023-10-05 13:41:09||||||Internet Movistar RA D22|Active|MonoInt|0||
SEGMENTO_004|2042176157|CLIENT_00570|77251595|032125406|31|2003-09-21 00:00:00|Active|||||TV ESTANDAR DIGITAL CMS|2003-09-21 00:00:00|HFC|CATV|Active|TV ESTANDAR DIGITAL||MonoTv|0||2
SEGMENTO_004|2078726535|CLIENT_00097|563865911|205353237|31|2022-07-08 00:00:00|Suspended|||MOV INTERNET CAB RA|2022-07-08 14:07:40||||||Internet Movistar RA|Collection Suspension ( Subscr|MonoInt|0||
SEGMENTO_004|2076142431|CLIENT_00318|87046995|126079406|17|2020-11-17 00:00:00|Active|MOVISTAR VOZ DUO|Active|MOVISTAR INTERNET DÚO|2020-11-17 00:00:00||||||Dúo Plano Local Internet|Active|Duos BA|0||
SEGMENTO_004|2014166280|CLIENT_00551|77576606|346056506|31|2015-01-22 00:00:00|Active|MOVISTAR VOZ DUO|Active|MOVISTAR INTERNET DUO ADSL|2021-12-30 00:00:00||||||Dúo Voz Plano Local Internet ADSL|Active|Duos BA|0|DTO FIDE S/ 5 ILIM|
SEGMENTO_004|2061659174|CLIENT_00929|75231785|966427306|31|1995-05-30 00:00:00|Active|Q51 LINEA PREMIUM B|Active||||||||LN. SEMIPLANA LIBRE||MonoLn|0||
SEGMENTO_004|2016965059|CLIENT_00391|543454421|354077447|15|2024-02-19 00:00:00|Active|||MOV INTERNET CAB RA S23|2024-02-19 10:40:09||||||Internet Movistar RA S23|Active|MonoInt|0|Descto Plan Internet 50% x 2 ms|
SEGMENTO_004|2008582435|CLIENT_00170|91328716|876578606|17|1967-09-01 00:00:00|Suspended|MOVISTAR VOZ DUO NACIONAL B|Collection Suspension ( Subscr|MOVISTAR INTERNET DUO ADSL B|2006-12-17 00:00:00||||||Dúo Voz Plano Local Internet ADSL A|Collection Suspension ( Subscr|Duos BA|0||
SEGMENTO_004|2014706556|CLIENT_00993|72356185|353361306|31|2009-06-10 00:00:00|Active|Q51 LINEA PREMIUM C|Active||||||||LN. PLANA LOCAL||MonoLn|0||
SEGMENTO_004|2093258591|CLIENT_00642|555856521|016720547|27|2024-03-02 00:00:00|Active|||MOV INTERNET CAB RA S23|2024-03-02 19:49:12||||||Internet Movistar RA S23|Active|MonoInt|0||
SEGMENTO_004|2003660112|CLIENT_00090|215219121|475123937|15|2023-05-20 00:00:00|Active|MOVISTAR VOZ DMU|Active|MOV INTERNET DUO RA 22|2023-05-20 12:54:20||||||Dúo Movistar Voz Internet RA D22|Active|Duos BA|0||
SEGMENTO_004|2007701500|CLIENT_00007|375143221|481218347|5|2023-12-29 00:00:00|Active|||MOV INTERNET CAB RA S23|2023-12-29 11:04:29||||||Internet Movistar RA S23|Active|MonoInt|0||
SEGMENTO_004|2016725272|CLIENT_00478|403044421|164577247|9|2023-11-08 00:00:00|Active|||MOV INTERNET CAB RA S23|2023-11-08 12:44:18||||||Internet Movistar RA S23|Active|MonoInt|0||
SEGMENTO_002|2017768500|CLIENT_00417|53941616|051716606|17|1996-01-27 00:00:00|Active|Línea Movistar Voz|Active||||||||Línea Movistar Voz VoIP||MonoLn|0||
SEGMENTO_004|2082202511|CLIENT_00338|17092716|277886606|31|2010-10-29 00:00:00|Active|MOVISTAR VOZ DUO|Active|MOVISTAR INTERNET DÚO|2020-07-01 00:00:00||||||Dúo Plano Local Internet|Active|Duos BA|0||
SEGMENTO_004|2090276302|CLIENT_00771|884338221|581724937|31|2023-05-29 00:00:00|Active|||MOV INTERNET CAB RA 22|2023-05-29 13:13:32||||||Internet Movistar RA D22|Active|MonoInt|0||
SEGMENTO_004|2014431588|CLIENT_00437|82366085|589460306|31|2018-11-21 00:00:00|Active|MOVISTAR VOZ DMU M23|Active|MOV INTERNET DUO RA RET M23|2019-03-08 00:00:00||||||Dúo Movistar Voz Internet RA M23 RET|Active|Duos BA|0|Ajuste al plan ip S/9.91 por 12 meses, AJUSTE FID S/5.11 ILIM|
SEGMENTO_004|2088537697|CLIENT_00972|29359795|934608406|31|2018-10-25 00:00:00|Suspended|MOVISTAR VOZ DUO|Suspended|MOVISTAR INTERNET DÚO|2021-04-26 00:00:00||||||Dúo Plano Local Internet|Suspended|Duos BA|0|Dsct Fidelización Internet 50 x 6 Meses, Dsct Fidelización Voz 10 x 6 Meses|
SEGMENTO_004|2079431606|CLIENT_00125|01798806|456498506|31|1988-12-18 00:00:00|Active|Q51 LINEA PREMIUM C|Active||||||||LN. PLANA LOCAL||MonoLn|0||
SEGMENTO_004|2053276369|CLIENT_00932|18794285|022252306|31|2019-11-20 00:00:00|Active|MOVISTAR VOZ DUO|Active|MOVISTAR INTERNET DÚO|2019-11-20 00:00:00||||||Dúo Plano Local Internet|Active|Duos BA|0||
SEGMENTO_002|2039530710|CLIENT_00063|85883006|081430506|31|2009-02-26 00:00:00|Active|MOVISTAR VOZ DUO|Active|MOVISTAR INTERNET DÚO|2021-07-01 00:00:00||||||Dúo Plano Local Internet|Active|Duos BA|0||
SEGMENTO_004|2054854170|CLIENT_00245|93619106|491491506|31|2020-10-27 00:00:00|Active|||MOVISTAR SOLO INTERNET|2020-10-27 00:00:00||||||Internet Movistar|Active|MonoInt|0|Fideliza Porc Internet 50% x 6 Meses|
SEGMENTO_003|2080037559|CLIENT_00735|14708806|536468506|31|2012-04-11 00:00:00|Suspended|MOVISTAR VOZ DUO|Collection Suspension ( Subscr|MOVISTAR INTERNET DUO ADSL|2022-04-01 00:00:00||||||Dúo Voz Plano Local Internet ADSL|Collection Suspension ( Subscr|Duos BA|0||
SEGMENTO_004|2078802807|CLIENT_00099|93455606|848147506|17|2003-08-14 00:00:00|Active|MOVISTAR VOZ TRÍO B|Active|TRIO MOVISTAR INTERNET D|2017-11-21 00:00:00|TV ESTANDAR HD|2017-11-21 00:00:00|HFC|CATV|Active|Trío Voz Internet Estándar HD|Active|Trios CATV|0||2
SEGMENTO_004|2050748661|CLIENT_00587|87023195|896241406|17|1993-10-23 00:00:00|Active|Mono Voz Control|Active||||||||LN. CONTROL||MonoLn|0||
SEGMENTO_004|2066690205|CLIENT_00259|460878221|195235937|31|2023-05-31 00:00:00|Active|MOVISTAR VOZ TMU|Active|MOV INTERNET CAF RA|2023-05-31 12:30:13|TV ESTANDAR HD A|2023-05-31 12:30:22|HFC|CATV|Active|Trío Mov. Voz Internet Estandar HD RA D22|Active|Trios CATV|0|Descuento IPJUL23 EXO TV S/10.00 x 12m|3
SEGMENTO_002|2087028740|CLIENT_00487|49604606|830746506|31|2007-11-30 00:00:00|Active|Q51 LINEA PREMIUM B|Active||||||||LN. SEMIPLANA LIBRE||MonoLn|0||
SEGMENTO_004|2068100781|CLIENT_00901|11290506|889494506|17|2012-08-09 00:00:00|Active|MOVISTAR VOZ TRÍO B|Active|TRIO MOVISTAR INTERNET D|2018-01-11 00:00:00|TV ESTANDAR HD|2015-03-18 00:00:00|HFC|CATV|Active|Trío Voz Internet Estándar HD|Active|Trios CATV|0||2
SEGMENTO_004|2019605219|CLIENT_00561|45201606|864585506|31|2022-01-20 00:00:00|Active|||MOVISTAR DUO INTERNET A|2022-01-20 00:00:00|TV ESTANDAR HD|2022-01-20 00:00:00|FTTH|CATV|Active|Dúo Internet TV Estándar HD|Active|Duos TV BA|0||5
SEGMENTO_004|2094098136|CLIENT_00955|76599116|854412606|31|2019-07-21 00:00:00|Active|||MOVISTAR SOLO INTERNET|2019-07-21 00:00:00||||||Internet Movistar|Active|MonoInt|0|Fideliza Porc Internet 95% x 6 Meses|
SEGMENTO_004|2059315520|CLIENT_00186|86662495|422934406|17|2019-07-06 00:00:00|Active|MOVISTAR VOZ DUO|Active|MOVISTAR INTERNET DÚO|2019-07-06 00:00:00||||||Dúo Plano Local Internet|Active|Duos BA|0||
SEGMENTO_004|2015243618|CLIENT_00254|96170106|586311506|17|2019-03-04 00:00:00|Active|MOVISTAR VOZ TRIO|Active|TRIO MOVISTAR INTERNET|2019-12-30 00:00:00|TV ESTANDAR|2019-12-30 00:00:00|HFC|CATV|Active|Trío Plano Local Internet Estándar|Active|Trios CATV|0|Fideliza Porc Internet 50% x 6 Meses, Fideliza Porc TV 50% x 6 Meses, Fideliza Porc Voz 50% x 6 Meses|2
SEGMENTO_004|2063960356|CLIENT_00283|53376585|467155237|31|2022-07-20 00:00:00|Active|||MOV INTERNET CAD DUO RA|2022-07-20 15:18:38|TV ESTANDAR HD DUO|2022-07-20 15:18:38|FTTH|CATV|Active|Dúo Internet Estándar HD RA|Active|Duos TV BA|0||2
SEGMENTO_004|2091907227|CLIENT_00779|58853595|143145406|31|1999-12-13 00:00:00|Active|||||TV ESTANDAR DIGITAL CMS|1999-12-13 00:00:00|HFC|CATV|Active|TV ESTANDAR DIGITAL||MonoTv|0||2
SEGMENTO_004|2096049962|CLIENT_01000|81666116|351151606|17|2020-11-14 00:00:00|Active|||MOV INTERNET CAA RV O23|2021-12-18 00:00:00||||||Internet Movistar RV O23|Active|MonoInt|0||
SEGMENTO_004|2012793422|CLIENT_00234|60004085|215930306|17|2021-08-13 00:00:00|Active|||MOVISTAR SOLO INTERNET|2021-08-13 00:00:00||||||Internet Movistar|Active|MonoInt|0||
SEGMENTO_004|2059725559|CLIENT_00880|66322706|743707506|31|2016-07-27 00:00:00|Suspended|MOVISTAR VOZ DUO LOCAL|Collection Suspension ( Subscr|MOVISTAR INTERNET DUO LOCAL|2021-12-07 00:00:00||||||Dúo Voz Plano Local Internet|Collection Suspension ( Subscr|Duos BA|0||
SEGMENTO_004|2018488844|CLIENT_00289|76537295|321382406|17|2010-09-08 00:00:00|Active|MOVISTAR VOZ DUO STD|Active|||TV ESTANDAR DUO TV B|2021-09-05 00:00:00|HFC|CATV|Active|Dúo Movistar Voz Estándar Digital||Duos CATV|0|Fideliza Porc TV 50% x 6 Meses, Fideliza Porc Voz 50% x 6 Meses|4
SEGMENTO_004|2042761198|CLIENT_00731|82013506|297748447|17|2024-02-17 00:00:00|Active|||MOV INTERNET CAB RA S23|2024-02-17 16:22:27||||||Internet Movistar RA S23|Active|MonoInt|0||
SEGMENTO_004|2034994857|CLIENT_00519|58380706|123425537|17|2022-11-25 00:00:00|Active|MOVISTAR VOZ TMU|Active|MOV INTERNET CAE RA|2022-11-25 14:28:18|TV ESTANDAR HD A|2022-11-25 14:28:19|HFC|CATV|Active|Trío Movistar Voz Internet Estandar HD RA|Active|Trios CATV|0|Fideliza Porc Internet 50% x 6 Meses, Fideliza Porc TV 50% x 6 Meses, Fideliza Porc Voz 50% x 6 Meses|3
SEGMENTO_004|2040655923|CLIENT_00296|12742185|767838637|31|2023-01-27 00:00:00|Active|||MOV INTERNET CAB RA 22|2023-01-27 13:19:31||||||Internet Movistar RA D22|Active|MonoInt|0||
SEGMENTO_004|2077617839|CLIENT_00036|75015575|146223937|5|2023-05-22 00:00:00|Active|||MOV INTERNET CAB RA 22|2023-05-22 15:01:11||||||Internet Movistar RA D22|Active|MonoInt|0||
SEGMENTO_004|2032243442|CLIENT_00656|944798511|464331147|31|2023-08-21 00:00:00|Active|||MOV INTERNET CAB RA 22|2023-08-21 15:30:37||||||Internet Movistar RA D22|Active|MonoInt|0||
SEGMENTO_004|2050544462|CLIENT_00635|17572385|717423306|31|2014-07-01 00:00:00|Active|Línea Control|Active||||||||Línea Control||MonoLn|0||
SEGMENTO_004|2008330743|CLIENT_00241|76760385|845703306|17|2019-06-12 00:00:00|Active|MOVISTAR VOZ DUO|Active|MOVISTAR INTERNET DÚO|2019-06-12 00:00:00||||||Dúo Plano Local Internet|Active|Duos BA|0||
SEGMENTO_004|2012453412|CLIENT_00293|31688106|503581506|17|2017-09-13 00:00:00|Active|MOVISTAR VOZ TRIO|Active|MOVISTAR INTERNET TRÍO|2021-07-04 00:00:00|TV ESTANDAR|2021-07-04 00:00:00|HFC|CATV|Active|Trío Plano Local Internet Estándar HD|Active|Trios CATV|0||2
SEGMENTO_004|2010399017|CLIENT_00723|96621595|683815406|31|2013-12-03 00:00:00|Active|||||MONO TV ESTANDAR F|2013-12-03 00:00:00|HFC|CATV|Active|MONO TV ESTANDAR F||MonoTv|0|Ajuste al plan ip S/5 por 12 meses|5
SEGMENTO_004|2006503400|CLIENT_00037|15930885|720118306|31|2021-10-23 00:00:00|Active|MOVISTAR VOZ TRÍO B|Active|TRIO MOVISTAR INTERNET D|2021-10-23 00:00:00|TV ESTANDAR HD|2021-10-23 00:00:00|FTTH|CATV|Active|Trío Voz Internet Estándar HD|Active|Trios CATV|0||5
SEGMENTO_004|2066854509|CLIENT_00619|85115406|726244506|17|2019-05-10 00:00:00|Active|||MOVISTAR SOLO INTERNET|2019-05-10 00:00:00||||||Internet Movistar|Active|MonoInt|0||
SEGMENTO_004|2033527809|CLIENT_00688|818737121|743971247|5|2023-10-14 00:00:00|Active|||MOV INTERNET CAB RA 22|2023-10-14 12:47:04||||||Internet Movistar RA D22|Active|MonoInt|0||
SEGMENTO_004|2006444294|CLIENT_00359|14287306|344073506|31|2018-08-18 00:00:00|Active|MOVISTAR VOZ DUO|Active|MOVISTAR INTERNET DÚO|2018-08-18 00:00:00||||||Dúo Plano Local Internet|Active|Duos BA|0||
SEGMENTO_004|2000121758|CLIENT_00553|287712321|306693047|15|2023-07-14 00:00:00|Active|||MOV INTERNET CAB RA 22|2023-07-14 19:03:56||||||Internet Movistar RA D22|Active|MonoInt|0||
SEGMENTO_004|2061726816|CLIENT_00637|50450906|112598506|31|1996-12-09 00:00:00|Active|MOVISTAR VOZ DUO CTRL ADSL|Active|MOVISTAR INTERNET DUO CTRL ADSL|2011-08-25 00:00:00||||||Dúo Plano Control|Active|Duos BA|0||
SEGMENTO_004|2059725559|CLIENT_00880|85481706|553707506|31|2016-09-24 00:00:00|Suspended|MOVISTAR VOZ DUO LOCAL|Collection Suspension ( Subscr|MOVISTAR INTERNET DUO LOCAL|2021-12-07 00:00:00||||||Dúo Voz Plano Local Internet|Collection Suspension ( Subscr|Duos BA|0||
SEGMENTO_004|2038577653|CLIENT_00409|84576485|211774306|31|1981-04-06 00:00:00|Active|MOVISTAR VOZ TRIO|Active|MOVISTAR INTERNET TRÍO|2019-12-09 00:00:00|TV ESTANDAR|2019-12-09 00:00:00|FTTH|CATV|Active|Trío Plano Local Internet Estándar HD|Active|Trios CATV|0||3
SEGMENTO_004|2082202511|CLIENT_00338|53080816|885009606|31|2003-01-03 00:00:00|Active|MOVISTAR VOZ DMU|Active|MOV INTERNET DUO RA|2020-07-01 00:00:00||||||Dúo Movistar Voz Internet RA|Active|Duos BA|0||
SEGMENTO_004|2016792398|CLIENT_00998|39598195|941791406|17|2021-02-05 00:00:00|Active|MOVISTAR VOZ DUO|Active|MOVISTAR INTERNET DÚO|2021-02-05 00:00:00||||||Dúo Plano Local Internet|Active|Duos BA|0||
SEGMENTO_004|2060524559|CLIENT_00389|51654606|253425837|17|2023-04-19 00:00:00|Active|MOVISTAR VOZ DMU|Active|MOV INTERNET DUO RA 22|2023-04-19 17:09:00||||||Dúo Movistar Voz Internet RA D22|Active|Duos BA|0||
SEGMENTO_004|2029512487|CLIENT_00825|128846421|419521347|27|2023-11-29 00:00:00|Active|||MOV INTERNET CAB RA S23|2023-11-29 12:52:11||||||Internet Movistar RA S23|Active|MonoInt|0||
SEGMENTO_004|2070129626|CLIENT_00728|25920006|972132937|31|2023-05-16 00:00:00|Suspended|||MOV INTERNET CAB RA 22|2023-05-16 10:29:30||||||Internet Movistar RA D22|Collection Suspension ( Subscr|MonoInt|0||
SEGMENTO_004|2007557329|CLIENT_00611|62080185|012801306|17|2018-10-15 00:00:00|Active|MOVISTAR VOZ DUO|Active|MOVISTAR INTERNET DÚO|2018-10-15 00:00:00||||||Dúo Plano Local Internet|Active|Duos BA|0||
SEGMENTO_004|2068741039|CLIENT_00328|078823111|744500537|31|2022-11-03 00:00:00|Active|||MOV INTERNET CAD DUO RA|2022-11-03 20:04:36|TV ESTANDAR HD DUO|2022-11-03 20:04:37|HFC|CATV|Active|Dúo Internet Estándar HD RA|Active|Duos TV BA|0|Ajuste al plan ip S/14.91 por 12 meses|2
SEGMENTO_004|2098293784|CLIENT_00265|81864316|348419637|31|2023-01-31 00:00:00|Suspended|MOVISTAR VOZ TMU|Suspended|MOV INTERNET CAF RA|2023-01-31 12:53:36|TV ESTANDAR HD A|2023-01-31 12:53:27|HFC|CATV|Suspended|Trío Mov. Voz Internet Estandar HD RA D22|Suspended|Trios CATV|0||3
SEGMENTO_004|2015924484|CLIENT_00897|318317521|645640547|9|2024-02-29 00:00:00|Active|MOVISTAR VOZ TMU S23|Active|MOV INTERNET CAF RA S23|2024-02-29 12:14:48|TV ESTANDAR HD A S23|2024-02-29 12:14:47|HFC|CATV|Active|Trio Mov. Voz Int. Estandar HD RA S23|Active|Trios CATV|0|Descto Plan Internet 50% x 2 ms, Descto Plan TV 50% x 2 ms, Descto Plan Voz 50% x 2 ms|4
SEGMENTO_004|2011807911|CLIENT_00490|58474295|777752406|17|2020-09-17 00:00:00|Active|MOVISTAR VOZ TRIO|Active|MOVISTAR INTERNET TRÍO|2020-09-17 00:00:00|TV ESTANDAR|2020-09-17 00:00:00|FTTH|CATV|Active|Trío Plano Local Internet Estándar HD|Active|Trios CATV|0||2
SEGMENTO_004|2059564423|CLIENT_00991|53354695|965456406|31|2005-11-25 00:00:00|Active|MOVISTAR VOZ DUO|Active|MOVISTAR INTERNET DÚO|2021-05-22 00:00:00||||||Dúo Plano Local Internet|Active|Duos BA|0||
SEGMENTO_004|2098293784|CLIENT_00265|072277321|153016147|31|2023-09-13 00:00:00|Suspended|||MOV INTERNET CAB RA 22|2023-09-13 15:47:19||||||Internet Movistar RA D22|Collection Suspension ( Subscr|MonoInt|0||
SEGMENTO_004|2033412319|CLIENT_00995|045639021|015674047|31|2023-07-19 00:00:00|Active|||MOV INTERNET CAB RA 22|2023-07-19 11:52:50||||||Internet Movistar RA D22|Active|MonoInt|0|Fideliza Porc Internet 50% x 6 Meses|
SEGMENTO_004|2051127548|CLIENT_00931|177250221|655885737|5|2023-03-07 00:00:00|Active|||MOV INTERNET CAB RA 22|2023-03-07 13:07:00||||||Internet Movistar RA D22|Active|MonoInt|0||
SEGMENTO_004|2087310649|CLIENT_00784|21678485|042794306|31|2019-10-24 00:00:00|Active|||MOVISTAR SOLO INTERNET|2019-10-24 00:00:00||||||Internet Movistar|Active|MonoInt|0||
SEGMENTO_004|2096049962|CLIENT_01000|791921221|597087737|31|2023-03-18 00:00:00|Active|||MOV INTERNET CAB RA 22|2023-03-18 18:21:41||||||Internet Movistar RA D22|Active|MonoInt|0|Fideliza Porc Internet 50% x 6 Meses|
SEGMENTO_004|2065635379|CLIENT_00149|03536406|055284506|17|2015-06-01 00:00:00|Active|MOVISTAR VOZ TRIO|Active|MOVISTAR INTERNET TRÍO|2021-07-04 00:00:00|TV ESTANDAR|2021-07-04 00:00:00|HFC|CATV|Active|Trío Plano Local Internet Estándar HD|Active|Trios CATV|0||2
SEGMENTO_004|2090631860|CLIENT_00033|91561185|903611306|31|2019-07-23 00:00:00|Active|MOVISTAR VOZ DUO|Active|MOVISTAR INTERNET DÚO|2019-07-23 00:00:00||||||Dúo Plano Local Internet|Active|Duos BA|0||
SEGMENTO_004|2033541980|CLIENT_00010|792078121|391821737|15|2023-02-10 00:00:00|Active|||MOV INTERNET CAB RA 22|2023-02-10 15:59:11||||||Internet Movistar RA D22|Active|MonoInt|0||
SEGMENTO_004|2094098136|CLIENT_00955|24009116|624412606|31|2020-09-28 00:00:00|Active|||MOVISTAR SOLO INTERNET|2021-11-24 00:00:00||||||Internet Movistar|Active|MonoInt|0|Fideliza Porc Internet 95% x 6 Meses|
SEGMENTO_004|2026743546|CLIENT_00858|88997885|610098306|31|2007-10-17 00:00:00|Active|Q51 LINEA PREMIUM B|Active||||||||LN. SEMIPLANA LIBRE||MonoLn|0||
SEGMENTO_004|2088859624|CLIENT_00594|04541595|183725406|31|2008-08-21 00:00:00|Active|||||TV ESTANDAR DIGITAL CMS|2008-08-21 00:00:00|HFC|CATV|Active|TV ESTANDAR DIGITAL||MonoTv|0||2
SEGMENTO_004|2052913932|CLIENT_00961|34087016|775850606|17|2017-04-11 00:00:00|Suspended|MOVISTAR VOZ DÚO BC|Collection Suspension ( Subscr|MOVISTAR INTERNET DUO ADSL C|2021-11-24 00:00:00||||||Dúo Voz Plano Local Internet ADSL B|Collection Suspension ( Subscr|Duos BA|0||
SEGMENTO_004|2052323757|CLIENT_00530|52223795|355937406|31|1993-12-18 00:00:00|Active|MOVISTAR VOZ TRÍO B|Active|TRIO MOVISTAR INTERNET D|2021-12-30 00:00:00|TV ESTANDAR HD|2021-12-30 00:00:00|FTTH|CATV|Active|Trío Voz Internet Estándar HD|Active|Trios CATV|0||3
SEGMENTO_002|2051657671|CLIENT_00660|739587221|326223937|23|2023-05-22 00:00:00|Active|MOVISTAR VOZ DMU|Active|MOV INTERNET DUO RA 22|2023-05-22 11:33:36||||||Dúo Movistar Voz Internet RA D22|Active|Duos BA|0||
SEGMENTO_004|2035559917|CLIENT_00985|07066016|104440606|31|2020-09-27 00:00:00|Active|||MOVISTAR SOLO INTERNET|2021-11-24 00:00:00||||||Internet Movistar|Active|MonoInt|0||
SEGMENTO_004|2079684847|CLIENT_00889|609089211|674926637|23|2023-01-17 00:00:00|Active|MOVISTAR VOZ DMU|Active|MOV INTERNET DUO RA 22|2023-01-17 18:35:06||||||Dúo Movistar Voz Internet RA D22|Active|Duos BA|0||
SEGMENTO_003|2080037559|CLIENT_00735|95349716|593788606|31|2008-05-09 00:00:00|Suspended|MOVISTAR VOZ DUO|Collection Suspension ( Subscr|MOVISTAR INTERNET DÚO|2022-04-01 00:00:00||||||Dúo Plano Local Internet|Collection Suspension ( Subscr|Duos BA|0|DTO FIDE S/ 20 ILIM|
SEGMENTO_004|2020228816|CLIENT_00854|59662385|957623306|31|2019-10-29 00:00:00|Active|MOVISTAR VOZ DUO|Active|MOVISTAR INTERNET DÚO|2019-10-29 00:00:00||||||Dúo Plano Local Internet|Active|Duos BA|0||
SEGMENTO_004|2020274387|CLIENT_00535|898656221|846116447|5|2024-02-07 00:00:00|Active|||MOV INTERNET CAB RA S23|2024-02-07 13:29:27||||||Internet Movistar RA S23|Active|MonoInt|0|Descto Plan Internet 50% x 2 ms|
SEGMENTO_004|2070083854|CLIENT_00585|01742306|172913506|31|2005-07-08 00:00:00|Active||||2005-07-08 00:00:00||||||Troncal|Active|MonoInt|0||
SEGMENTO_004|2096049962|CLIENT_01000|794131221|964923937|31|2023-05-20 00:00:00|Active|||MOV INTERNET CAB RA 22|2023-05-20 17:15:47||||||Internet Movistar RA D22|Active|MonoInt|0||
SEGMENTO_004|2096523728|CLIENT_00797|28409585|030995306|31|2021-04-30 00:00:00|Active|MOVISTAR VOZ TRÍO B|Active|TRIO MOVISTAR INTERNET D|2021-04-30 00:00:00|TV ESTANDAR HD|2021-04-30 00:00:00|HFC|CATV|Active|Trío Voz Internet Estándar HD|Active|Trios CATV|0||2
SEGMENTO_004|2088835937|CLIENT_00645|08320895|205318406|17|2022-06-16 00:00:00|Active|||MOV INTERNET CAD DUO RA|2022-06-16 00:00:00|TV ESTANDAR HD DUO|2022-06-16 00:00:00|HFC|CATV|Active|Dúo Internet Estándar HD RA|Active|Duos TV BA|0||2
SEGMENTO_004|2091907227|CLIENT_00779|37698395|358893406|31|2015-04-27 00:00:00|Active|MOVISTAR VOZ TRÍO B|Active|TRIO MOVISTAR INTERNET D|2021-12-30 00:00:00|TV ESTANDAR HD|2021-12-30 00:00:00|HFC|CATV|Active|Trío Voz Internet Estándar HD|Active|Trios CATV|0|DTO FIDE S/ 3 ILIM|2
SEGMENTO_004|2096049962|CLIENT_01000|791921221|597087737|31|2023-03-22 00:00:00|Active|||MOV INTERNET CAB RA 22|2023-03-22 15:26:58||||||Internet Movistar RA D22|Active|MonoInt|0|Fideliza Porc Internet 50% x 6 Meses|
SEGMENTO_004|2026598806|CLIENT_00317|55190516|950594606|31|2021-11-28 00:00:00|Active|MOVISTAR VOZ DUO|Active|MOVISTAR INTERNET DÚO|2021-11-28 00:00:00||||||Dúo Plano Local Internet|Active|Duos BA|0||
SEGMENTO_004|2052019028|CLIENT_00034|09551795|634586147|31|2023-03-28 00:00:00|Active|||MOV INTERNET CAB RA 22|2023-03-28 15:32:26||||||Internet Movistar RA D22|Active|MonoInt|0||
SEGMENTO_004|2022589688|CLIENT_00286|75460706|922307506|99|2014-06-09 00:00:00|Active|TPI PREPAGO|Active||||||||TPI PREPAGO||MonoLn|0||
SEGMENTO_004|2014706556|CLIENT_00993|18160985|752519306|31|2005-11-15 00:00:00|Active|Q51 LINEA PREMIUM C|Active||||||||LN. PLANA LOCAL||MonoLn|0||
SEGMENTO_004|2041738350|CLIENT_00316|89282285|541522306|31|2013-01-30 00:00:00|Active|MOVISTAR VOZ DUO|Active|MOVISTAR INTERNET DÚO|2019-06-19 00:00:00||||||Dúo Plano Local Internet|Active|Duos BA|0||
SEGMENTO_004|2039071279|CLIENT_00736|507047111|156312437|17|2022-10-08 00:00:00|Active|MOVISTAR VOZ TMU|Active|MOV INTERNET CAE RA|2022-10-08 15:08:26|TV ESTANDAR HD A|2022-10-08 15:08:29|HFC|CATV|Active|Trío Movistar Voz Internet Estandar HD RA|Active|Trios CATV|0|Ajuste al plan ip S/14.91 por 12 meses|6
SEGMENTO_004|2031708273|CLIENT_00450|20276516|745365606|17|2021-03-02 00:00:00|Active|MOVISTAR VOZ DUO|Active|MOVISTAR INTERNET DÚO|2021-03-02 00:00:00||||||Dúo Plano Local Internet|Active|Duos BA|0||
SEGMENTO_004|2040502929|CLIENT_00235|71948185|716381306|31|2009-02-19 00:00:00|Active|MOVISTAR VOZ DUO|Active|MOVISTAR INTERNET DÚO|2019-02-26 00:00:00||||||Dúo Plano Local Internet|Active|Duos BA|0||
SEGMENTO_004|2026562260|CLIENT_00100|97851885|747228306|31|2008-12-31 00:00:00|Active|MOVISTAR VOZ DUO LOCAL|Active|MOVISTAR INTERNET DUO LOCAL|2021-09-01 00:00:00||||||Dúo Voz Plano Local Internet|Active|Duos BA|0||
SEGMENTO_004|2093963249|CLIENT_00250|63903085|111920306|17|2019-03-07 00:00:00|Active|MOVISTAR VOZ DUO|Active|MOVISTAR INTERNET DÚO|2019-03-07 00:00:00||||||Dúo Plano Local Internet|Active|Duos BA|0||
SEGMENTO_004|2035557284|CLIENT_00828|07407216|080963606|31|2020-02-18 00:00:00|Suspended|||MOVISTAR DUO INTERNET HD|2020-08-01 00:00:00|TV ESTANDAR DUO|2020-08-01 00:00:00|HFC|CATV|Collection Suspension ( Subscr|Dúo Internet Estándar HD|Collection Suspension ( Subscr|Duos TV BA|0||4
SEGMENTO_003|2080037559|CLIENT_00735|84297806|346468506|31|2005-02-22 00:00:00|Suspended|Q51 LINEA PREMIUM C|Collection Suspension ( Subscr||||||||LN. PLANA LOCAL||MonoLn|0||
SEGMENTO_002|2032318459|CLIENT_00719|77912895|333638406|31|2000-09-12 00:00:00|Active|MOVISTAR VOZ DUO|Active|||TV ESTANDAR DUO TV|2019-07-20 00:00:00|HFC|CATV|Active|Dúo Plano Local Estándar||Duos CATV|0||2
SEGMENTO_004|2012916743|CLIENT_00424|49115295|899852406|17|2019-12-10 00:00:00|Active|MOVISTAR VOZ DMU|Active|MOV INTERNET DUO RA 22|2019-12-10 00:00:00||||||Dúo Movistar Voz Internet RA D22|Active|Duos BA|0||
SEGMENTO_002|2021159453|CLIENT_00381|73724206|715942506|31|2012-05-15 00:00:00|Active|Q51 LINEA PREMIUM B|Active||||||||LN. SEMIPLANA LIBRE||MonoLn|0||
SEGMENTO_004|2078726535|CLIENT_00097|357688911|239768237|31|2022-08-01 00:00:00|Active|MOVISTAR VOZ DMU|Active|MOV INTERNET DUO RA|2022-08-01 11:34:10||||||Dúo Movistar Voz Internet RA|Active|Duos BA|0||
SEGMENTO_004|2017146912|CLIENT_00882|88569616|365976606|31|2018-10-22 00:00:00|Active|MOVISTAR VOZ DUO|Active|MOVISTAR INTERNET DUO ADSL|2021-09-12 00:00:00||||||Dúo Voz Plano Local Internet ADSL|Active|Duos BA|0||
SEGMENTO_002|2042422772|CLIENT_00369|03027706|011187506|31|2007-09-10 00:00:00|Active|Q51 LINEA PREMIUM B|Active||||||||LN. SEMIPLANA LIBRE||MonoLn|0||
SEGMENTO_004|2005835327|CLIENT_00789|909214021|945933447|5|2024-01-24 00:00:00|Active|||MOV INTERNET CAB RA S23|2024-01-24 16:51:51||||||Internet Movistar RA S23|Active|MonoInt|0|Descto Plan Internet 50% x 2 ms|
SEGMENTO_004|2016641872|CLIENT_00659|56917616|167977537|31|2022-12-09 00:00:00|Active|MOVISTAR VOZ DMU|Active|MOV INTERNET DUO RA 22|2022-12-09 17:14:36||||||Dúo Movistar Voz Internet RA D22|Active|Duos BA|0||
SEGMENTO_004|2082130032|CLIENT_00923|646582711|163739337|31|2022-09-22 00:00:00|Active|||MOV INTERNET CAB RA|2022-09-22 16:28:27||||||Internet Movistar RA|Active|MonoInt|0||
SEGMENTO_004|2090896108|CLIENT_00183|65071385|486109447|31|2024-02-20 00:00:00|Active|||MOV INTERNET CAD DUO RA S23|2024-02-20 13:21:49|TV ESTANDAR HD DUO S23|2024-02-20 13:21:48|HFC|CATV|Active|Duo Internet Estandar HD RA S23|Active|Duos TV BA|0|Descto Plan Internet 50% x 2 ms, Descto Plan TV 50% x 2 ms|2
SEGMENTO_004|1042311948|CLIENT_00722|33871295|149422406|17|2015-06-17 00:00:00|Active|MOVISTAR VOZ DUO|Active|MOVISTAR INTERNET DUO ADSL|2021-12-18 00:00:00||||||Dúo Voz Plano Local Internet ADSL|Active|Duos BA|0|DTO FIDE S/ 5 ILIM|
SEGMENTO_004|2034994857|CLIENT_00519|58380706|338325537|17|2022-11-25 00:00:00|Active|MOVISTAR VOZ TMU|Active|MOV INTERNET CAE RA|2022-11-25 12:23:42|TV ESTANDAR HD A|2022-11-25 12:23:43|HFC|CATV|Active|Trío Movistar Voz Internet Estandar HD RA|Active|Trios CATV|0|Fideliza Porc Internet 50% x 6 Meses, Fideliza Porc TV 50% x 6 Meses, Fideliza Porc Voz 50% x 6 Meses|2
SEGMENTO_004|2094456978|CLIENT_00488|598502021|341874337|31|2022-08-31 00:00:00|Active|||MOV INTERNET CAB RA|2022-08-31 16:56:09||||||Internet Movistar RA|Active|MonoInt|0|Ajuste al plan ip S/5.91 por 12 meses|
SEGMENTO_004|2036252758|CLIENT_00485|97971595|652425406|31|2017-07-21 00:00:00|Active|||||TV ESTANDAR DIGITAL CMS|2017-07-21 00:00:00|HFC|CATV|Active|TV ESTANDAR DIGITAL||MonoTv|0||5
SEGMENTO_004|2043153301|CLIENT_00849|51676116|302051606|31|2022-02-23 00:00:00|Suspended|||MOVISTAR DUO INTERNET A|2022-02-23 00:00:00|TV ESTANDAR HD|2022-02-23 00:00:00|HFC|CATV|Collection Suspension ( Subscr|Dúo Internet TV Estándar HD|Collection Suspension ( Subscr|Duos TV BA|0||2
SEGMENTO_004|2081101271|CLIENT_00815|10405516|019655606|31|2021-01-21 00:00:00|Active|||MOVISTAR SOLO INTERNET|2021-01-21 00:00:00||||||Internet Movistar|Active|MonoInt|0||
SEGMENTO_004|2008388940|CLIENT_00121|44265806|093368506|31|2009-07-22 00:00:00|Active|Mono Voz Control|Active||||||||LN. CONTROL||MonoLn|0||
SEGMENTO_004|2001580114|CLIENT_00016|52975885|733768306|31|2019-07-22 00:00:00|Active|||MOV INTERNET CAB RA 22|2019-07-22 00:00:00||||||Internet Movistar RA D22|Active|MonoInt|0||
SEGMENTO_002|2076627493|CLIENT_00738|72783985|781749306|31|2015-10-22 00:00:00|Active|Línea Control|Active||||||||Línea Control||MonoLn|0||
SEGMENTO_004|2059725559|CLIENT_00880|93452706|783707506|31|2016-12-24 00:00:00|Suspended|Q51 LINEA PREMIUM C|Collection Suspension ( Subscr||||||||LN. PLANA LOCAL||MonoLn|0||
SEGMENTO_004|2053362929|CLIENT_00361|76441985|368529306|31|2017-08-25 00:00:00|Suspended|MOVISTAR VOZ DUO|Collection Suspension ( Subscr|MOVISTAR INTERNET DUO ADSL|2021-07-18 00:00:00||||||Dúo Voz Plano Local Internet ADSL|Collection Suspension ( Subscr|Duos BA|0||
SEGMENTO_004|2047640143|CLIENT_00114|25359406|755805506|17|2018-03-12 00:00:00|Suspended|MOVISTAR VOZ TRIO|Suspended|MOVISTAR INTERNET TRÍO|2020-09-15 00:00:00|TV ESTANDAR|2018-03-12 00:00:00|HFC|CATV|Suspended|Trío Plano Local Internet Estándar HD|Suspended|Trios CATV|0|Fideliza Porc Internet 50% x 6 Meses, Fideliza Porc TV 50% x 6 Meses, Fideliza Porc Voz 50% x 6 Meses|3
SEGMENTO_004|2078965242|CLIENT_00922|499948221|955854937|31|2023-05-30 00:00:00|Active|||MOV INTERNET CAB RA 22|2023-05-30 16:20:14||||||Internet Movistar RA D22|Active|MonoInt|0||
SEGMENTO_002|2028712026|CLIENT_00204|145255911|626869447|31|2024-02-24 00:00:00|Active|MOVISTAR VOZ TMU S23|Active|MOV INTERNET CAF RA S23|2024-02-24 12:50:52|TV ESTANDAR HD A S23|2024-02-24 12:50:53|FTTH|CATV|Active|Trio Mov. Voz Int. Estandar HD RA S23|Active|Trios CATV|0|Descto Plan Internet 50% x 2 ms, Descto Plan TV 50% x 2 ms, Descto Plan Voz 50% x 2 ms|2
SEGMENTO_002|2039530710|CLIENT_00063|74454006|461430506|31|2022-03-30 00:00:00|Active|||MOV INTERNET CAB RA|2022-03-30 00:00:00||||||Internet Movistar RA|Active|MonoInt|0||
SEGMENTO_004|2036252758|CLIENT_00485|66047716|391868606|31|1975-10-04 00:00:00|Suspended||||1975-10-04 00:00:00||||||Troncal|Collection Suspension ( Subscr|MonoInt|0||
SEGMENTO_004|2059817312|CLIENT_00780|97904616|481737606|31|2013-03-20 00:00:00|Active|MOVISTAR VOZ TRIO|Active|MOVISTAR INTERNET TRÍO|2020-07-01 00:00:00|TV ESTANDAR|2020-07-01 00:00:00|HFC|CATV|Active|Trío Plano Local Internet Estándar HD|Active|Trios CATV|0||2
SEGMENTO_004|2092329999|CLIENT_00015|671814511|977999537|17|2022-12-21 00:00:00|Active|MOVISTAR VOZ DMU|Active|MOV INTERNET DUO RA 22|2022-12-21 16:35:44||||||Dúo Movistar Voz Internet RA D22|Active|Duos BA|0||
SEGMENTO_004|2046272291|CLIENT_00829|23889085|534644147|31|2023-09-06 00:00:00|Active|||MOV INTERNET CAD DUO RA M23|2023-09-06 16:01:49|TV ESTANDAR HD DUO M23|2023-09-06 16:01:50|FTTH|CATV|Active|Dúo Internet Estándar HD RA M23|Active|Duos TV BA|0||2
SEGMENTO_004|2002846047|CLIENT_00694|10574185|008841306|17|2015-07-13 00:00:00|Active|Q51 LINEA PREMIUM C|Active||||||||LN. PLANA LOCAL||MonoLn|0||
SEGMENTO_004|2059054819|CLIENT_00448|90153516|306225606|31|2020-06-10 00:00:00|Suspended||||2020-06-10 00:00:00||||||SIP TRUNK|Collection Suspension ( Subscr|MonoInt|0||
SEGMENTO_004|2069376951|CLIENT_00700|47259185|616591306|17|1996-08-12 00:00:00|Active|Q51 LINEA PREMIUM B|Active||||||||LN. SEMIPLANA LIBRE||MonoLn|0||
SEGMENTO_002|2028712026|CLIENT_00204|30022516|002026606|31|1967-12-01 00:00:00|Active||||1970-01-01 05:31:00||||||Troncal|Active|MonoInt|0||
SEGMENTO_004|2096049962|CLIENT_01000|791921221|597087737|31|2023-03-22 00:00:00|Active|||MOV INTERNET CAB RA 22|2023-03-22 19:45:29||||||Internet Movistar RA D22|Active|MonoInt|0|Fideliza Porc Internet 50% x 6 Meses|
SEGMENTO_004|2047556447|CLIENT_00117|88214506|791155506|31|1998-04-11 00:00:00|Active|Mono Voz Control|Active||||||||LN. CONTROL||MonoLn|0||
SEGMENTO_004|2054335919|CLIENT_00098|19197485|937884306|17|2019-11-06 00:00:00|Active|||MOV INTERNET CAD DUO RA 22 1D|2020-06-15 00:00:00|TV ESTANDAR HD DUO 1D|2019-11-06 00:00:00|HFC|CATV|Active|Dúo Internet Estándar RA 1D D22|Active|Duos TV BA|0|Fideliza Porc Internet 50% x 6 Meses, Fideliza Porc TV 50% x 6 Meses|2
SEGMENTO_004|2031756935|CLIENT_00484|83698185|525743937|31|2023-05-22 00:00:00|Active|||MOV INTERNET CAB RA 22|2023-05-22 11:22:24||||||Internet Movistar RA D22|Active|MonoInt|0||
SEGMENTO_004|2093305474|CLIENT_00330|82736316|703553606|31|2017-09-27 00:00:00|Active|MOVISTAR VOZ DUO SNA|Active|Speedy Negocios Avanzados Internet II|2017-09-27 00:00:00||||||DUO SPEEDY NEG AVA|Active|Duos BA|0||
SEGMENTO_004|2005150947|CLIENT_00073|14781106|928521506|31|1998-06-02 00:00:00|Active|MOVISTAR VOZ DUO|Active|MOVISTAR INTERNET DÚO|2021-10-24 00:00:00||||||Dúo Plano Local Internet|Active|Duos BA|0||
SEGMENTO_001|2026242865|CLIENT_00930|92343506|084726506|31|2008-03-14 00:00:00|Active||||2008-03-14 00:00:00||||||RDSI|Active|MonoInt|0||
SEGMENTO_004|2042601129|CLIENT_00965|784214511|997616837|31|2023-04-21 00:00:00|Active|||MOV INTERNET CAB RA 22|2023-04-21 11:41:03||||||Internet Movistar RA D22|Active|MonoInt|0||
SEGMENTO_004|2046859398|CLIENT_00764|01293616|892066606|31|2004-05-31 00:00:00|Active|Q51 LINEA PREMIUM B|Active||||||||LN. SEMIPLANA LIBRE||MonoLn|0||
SEGMENTO_004|2096100663|CLIENT_00636|49400406|191811547|31|2024-03-02 00:00:00|Active|MOVISTAR VOZ DMU O23|Active|MOV INTERNET DUO RA O23|2024-03-02 10:49:42||||||Duo Movistar Voz Internet RA O23|Active|Duos BA|0||
SEGMENTO_004|2004670915|CLIENT_00592|88502895|956438406|17|2006-06-17 00:00:00|Active|MOVISTAR VOZ DMU S23|Active|MOV INTERNET DUO RA S23|2021-12-18 00:00:00||||||Duo Movistar Voz Internet RA S23|Active|Duos BA|0|DTO FIDE S/ 5 ILIM|
SEGMENTO_004|2013492248|CLIENT_00251|48171185|783196837|31|2023-04-21 00:00:00|Active|MOVISTAR VOZ TMU|Active|MOV INTERNET CAF RA|2023-04-21 10:57:13|TV ESTANDAR HD A|2023-04-21 10:57:15|HFC|CATV|Active|Trío Mov. Voz Internet Estandar HD RA D22|Active|Trios CATV|0|Descuento IPJUL23 EXO TV S/10.00 x 12m, Fideliza Porc Internet 50% x 6 Meses, Fideliza Porc TV 50% x 6 Meses, Fideliza Porc Voz 50% x 6 Meses|2
SEGMENTO_004|2057229878|CLIENT_00373|775403901|396382837|23|2023-04-05 00:00:00|Active|||MOV INTERNET CAB RA 22|2023-04-05 13:01:06||||||Internet Movistar RA D22|Active|MonoInt|0||
SEGMENTO_004|2024654901|CLIENT_00714|09444995|309649406|17|2018-09-17 00:00:00|Active|MOVISTAR VOZ DMU O23|Active|MOV INTERNET DUO RA O23|2021-11-24 00:00:00||||||Duo Movistar Voz Internet RA O23|Active|Duos BA|0||
SEGMENTO_004|2054205660|CLIENT_00625|50842706|067518506|17|2012-05-11 00:00:00|Active|MOVISTAR VOZ DUO|Active|MOVISTAR INTERNET DÚO|2022-06-10 00:00:00||||||Dúo Plano Local Internet|Active|Duos BA|0||
SEGMENTO_004|2047100108|CLIENT_00873|25197016|385037837|17|2023-04-21 00:00:00|Suspended|||MOV INTERNET CAB RA 22|2023-04-21 19:17:29||||||Internet Movistar RA D22|Collection Suspension ( Subscr|MonoInt|0||
SEGMENTO_002|2006121666|CLIENT_00662|51834206|691032506|17|2019-04-10 00:00:00|Active|MOVISTAR VOZ DUO|Active|MOVISTAR INTERNET DÚO|2021-06-11 00:00:00||||||Dúo Plano Local Internet|Active|Duos BA|0||
SEGMENTO_004|2046930363|CLIENT_00514|19676295|174972406|17|2021-05-04 00:00:00|Active|||MOVISTAR SOLO INTERNET|2021-05-04 00:00:00||||||Internet Movistar|Active|MonoInt|0||
SEGMENTO_004|2076142431|CLIENT_00318|07046995|926079406|17|2012-05-19 00:00:00|Active|MOVISTAR VOZ DUO|Active|MOVISTAR INTERNET DÚO|2019-11-12 00:00:00||||||Dúo Plano Local Internet|Active|Duos BA|0||
SEGMENTO_004|2067016446|CLIENT_00306|98911606|581948937|31|2023-06-16 00:00:00|Active|||MOV INTERNET CAB RA 22|2023-06-16 16:40:38||||||Internet Movistar RA D22|Active|MonoInt|0||
SEGMENTO_004|2059508137|CLIENT_00794|05428495|209194406|31|2021-10-25 00:00:00|Active|MOVISTAR VOZ DUO|Active|MOVISTAR INTERNET DÚO|2021-10-25 00:00:00||||||Dúo Plano Local Internet|Active|Duos BA|0||
SEGMENTO_004|2002205885|CLIENT_00974|13088216|131072606|31|1995-09-25 00:00:00|Active|MOVISTAR VOZ DUO|Active|MOVISTAR INTERNET DÚO|2020-09-01 00:00:00||||||Dúo Plano Local Internet|Active|Duos BA|0||
SEGMENTO_004|2059725559|CLIENT_00880|55452706|114707506|17|2016-06-17 00:00:00|Suspended|MOVISTAR VOZ DUO LOCAL|Collection Suspension ( Subscr|MOVISTAR INTERNET DUO LOCAL|2021-12-23 00:00:00||||||Dúo Voz Plano Local Internet|Collection Suspension ( Subscr|Duos BA|0||
SEGMENTO_004|2054854170|CLIENT_00245|94709106|012491506|17|2020-11-12 00:00:00|Active|||MOVISTAR SOLO INTERNET|2020-11-12 00:00:00||||||Internet Movistar|Active|MonoInt|0|Fideliza Porc Internet 50% x 6 Meses|
SEGMENTO_004|2063051543|CLIENT_00629|90065095|504460406|31|2020-06-24 00:00:00|Active|MOVISTAR VOZ DMU|Active|MOV INTERNET DUO RA|2020-06-24 00:00:00||||||Dúo Movistar Voz Internet RA|Active|Duos BA|0||
SEGMENTO_002|2027994752|CLIENT_00081|35214995|755649406|31|2017-07-17 00:00:00|Active|MOVISTAR VOZ TRÍO B|Active|TRIO MOVISTAR INTERNET D|2021-12-30 00:00:00|TV ESTANDAR HD|2021-12-30 00:00:00|HFC|CATV|Active|Trío Voz Internet Estándar HD|Active|Trios CATV|0||2
SEGMENTO_004|2047081406|CLIENT_00312|48285695|160976406|31|2004-12-28 00:00:00|Active|MOVISTAR VOZ DUO|Active|MOVISTAR INTERNET DUO ADSL|2021-12-30 00:00:00||||||Dúo Voz Plano Local Internet ADSL|Active|Duos BA|0|DTO FIDE S/ 3 ILIM|
SEGMENTO_004|2032805428|CLIENT_00508|77181016|455330606|17|2017-04-13 00:00:00|Suspended|||MOVISTAR SOLO INTERNET|2021-12-18 00:00:00||||||Internet Movistar|Collection Suspension ( Subscr|MonoInt|0|DTO FIDE S/ 3 ILIM|
SEGMENTO_004|2074327800|CLIENT_00822|78255606|971842737|31|2023-02-20 00:00:00|Active|||MOV INTERNET CAB RA 22|2023-02-20 10:36:06||||||Internet Movistar RA D22|Active|MonoInt|0|Fide Prom Internet S/40 x 12 Meses|
SEGMENTO_001|2026242865|CLIENT_00930|79533506|046726506|31|2008-08-13 00:00:00|Active||||2008-08-13 00:00:00||||||RDSI|Active|MonoInt|0||
SEGMENTO_002|2021159453|CLIENT_00381|74034206|525942506|31|1995-07-06 00:00:00|Active|Q51 LINEA PREMIUM C|Active||||||||LN. PLANA LOCAL||MonoLn|0||
SEGMENTO_004|2057769086|CLIENT_00950|65458595|707795406|31|2005-07-16 00:00:00|Active|Q51 LINEA PREMIUM B|Active||||||||LN. SEMIPLANA LIBRE||MonoLn|0||
SEGMENTO_004|2017763650|CLIENT_00236|01691195|268721406|31|2018-02-24 00:00:00|Suspended|MOVISTAR VOZ DUO|Suspended|MOVISTAR INTERNET DÚO|2021-12-30 00:00:00||||||Dúo Plano Local Internet|Suspended|Duos BA|0|DTO FIDE S/30.9 ILIM|
SEGMENTO_004|2013961806|CLIENT_00271|90443085|371530306|31|2019-04-29 00:00:00|Active|MOVISTAR VOZ DUO|Active|MOVISTAR INTERNET DÚO|2019-04-29 00:00:00||||||Dúo Plano Local Internet|Active|Duos BA|0||
SEGMENTO_004|2037024710|CLIENT_00800|29790085|913900306|31|1981-12-09 00:00:00|Active|MOVISTAR VOZ DUO|Active|MOVISTAR INTERNET DÚO|2019-04-03 00:00:00||||||Dúo Plano Local Internet|Active|Duos BA|0||
SEGMENTO_004|2055225191|CLIENT_00562|66051116|996801606|31|2020-12-22 00:00:00|Active|||MOVISTAR SOLO INTERNET|2021-12-23 00:00:00||||||Internet Movistar|Active|MonoInt|0|DTO FIDE S/ 3 ILIM|
SEGMENTO_004|2088859624|CLIENT_00594|25953795|448291537|31|2017-06-16 00:00:00|Active|MOVISTAR VOZ DMU S23|Active|MOV INTERNET DUO RA S23|2017-06-16 00:00:00||||||Duo Movistar Voz Internet RA S23|Active|Duos BA|0||
SEGMENTO_004|2087841208|CLIENT_00474|73605306|828533506|31|2021-08-21 00:00:00|Active|||MOVISTAR SOLO INTERNET|2021-08-21 00:00:00||||||Internet Movistar|Active|MonoInt|0||
SEGMENTO_004|2022589688|CLIENT_00286|23288985|233799306|17|2019-05-16 00:00:00|Active|MOVISTAR VOZ DUO|Active|MOVISTAR INTERNET DÚO|2019-05-16 00:00:00||||||Dúo Plano Local Internet|Active|Duos BA|0||
SEGMENTO_004|2093830022|CLIENT_00544|98001806|151528506|31|2022-03-29 00:00:00|Active|||MOV INTERNET CAB RA|2022-03-29 00:00:00||||||Internet Movistar RA|Active|MonoInt|0||
SEGMENTO_004|2066367927|CLIENT_00527|688513121|214988537|5|2020-10-16 00:00:00|Active|MOVISTAR VOZ DUO|Active|MOVISTAR INTERNET DÚO|2022-02-08 00:00:00||||||Dúo Plano Local Internet|Active|Duos BA|0||
SEGMENTO_004|2093804116|CLIENT_00577|76921016|490196737|31|2023-03-10 00:00:00|Active|||MOV INTERNET CAD DUO RA 22|2023-03-10 18:09:00|TV ESTANDAR HD DUO|2023-03-10 18:09:01|HFC|CATV|Active|Dúo Internet Estándar HD RA D22|Active|Duos TV BA|0||3
SEGMENTO_004|2053937831|CLIENT_00322|38331516|209160147|31|2023-08-17 00:00:00|Active|||MOV INTERNET CAD DUO RA M23|2023-08-17 18:58:21|TV ESTANDAR HD DUO M23|2023-08-17 18:58:20|HFC|CATV|Active|Dúo Internet Estándar HD RA M23|Active|Duos TV BA|0|Fideliza Porc Internet 50% x 6 Meses, Fideliza Porc TV 50% x 6 Meses|2
SEGMENTO_002|2006121666|CLIENT_00662|51834206|370764737|17|2023-02-28 00:00:00|Active|||MOV INTERNET CAB RA 22|2023-02-28 10:55:42||||||Internet Movistar RA D22|Active|MonoInt|0||
SEGMENTO_004|2093804116|CLIENT_00577|76921016|009586737|31|2023-03-09 00:00:00|Suspended|||MOV INTERNET CAB RA 22|2023-03-09 11:51:44||||||Internet Movistar RA D22|Collection Suspension ( Subscr|MonoInt|0||
SEGMENTO_004|2020725590|CLIENT_00706|736720321|119169447|5|2024-02-26 00:00:00|Active|||MOV INTERNET CAD DUO RA S23|2024-02-26 15:36:13|TV ESTANDAR HD DUO S23|2024-02-26 15:36:14|HFC|CATV|Active|Duo Internet Estandar HD RA S23|Active|Duos TV BA|0|Descto Plan Internet 50% x 2 ms, Descto Plan TV 50% x 2 ms|2
SEGMENTO_004|2014556610|CLIENT_00214|30601716|559496606|17|2008-08-16 00:00:00|Active|MOVISTAR VOZ DUO|Active|MOVISTAR INTERNET DÚO|2021-07-04 00:00:00||||||Dúo Plano Local Internet|Active|Duos BA|0||
SEGMENTO_004|2086007246|CLIENT_00809|40727195|010068147|31|2023-09-29 00:00:00|Active|||MOV INTERNET CAB RA 22|2023-09-29 11:11:29||||||Internet Movistar RA D22|Active|MonoInt|0||
SEGMENTO_004|2086007246|CLIENT_00809|40727195|095368147|31|2023-09-27 00:00:00|Active|||MOV INTERNET CAD DUO RA M23|2023-09-27 16:51:43|TV ESTANDAR HD DUO M23|2023-09-27 16:51:45|HFC|CATV|Active|Dúo Internet Estándar HD RA M23|Active|Duos TV BA|0||3
SEGMENTO_004|2024280784|CLIENT_00727|696425021|232161437|31|2022-10-01 00:00:00|Active|||MOV INTERNET CAB RA|2022-10-01 13:10:51||||||Internet Movistar RA|Active|MonoInt|0|Ajuste al plan ip S/9.91 por 12 meses|
SEGMENTO_004|2080221488|CLIENT_00213|31059006|519090506|31|1967-09-01 00:00:00|Active|MOVISTAR VOZ TRÍO B|Active|TRIO MOVISTAR INTERNET D|2021-12-27 00:00:00|TV ESTANDAR HD|2021-12-27 00:00:00|HFC|CATV|Active|Trío Voz Internet Estándar HD|Active|Trios CATV|0||2
SEGMENTO_004|2031395900|CLIENT_00781|37106395|794863406|17|2017-08-08 00:00:00|Active|MOVISTAR VOZ TMU|Active|MOV INTERNET CAF RA|2021-07-04 00:00:00|TV ESTANDAR HD A|2021-07-04 00:00:00|HFC|CATV|Active|Trío Mov. Voz Internet Estandar HD RA D22|Active|Trios CATV|0||2
SEGMENTO_004|2033800985|CLIENT_00691|47304716|667540737|17|2023-02-09 00:00:00|Active|||MOV INTERNET CAB RA 22|2023-02-09 12:19:46||||||Internet Movistar RA D22|Active|MonoInt|0||
SEGMENTO_004|2079967938|CLIENT_00325|13671295|591722406|17|2019-09-05 00:00:00|Active|||MOVISTAR SOLO INTERNET|2019-09-05 00:00:00||||||Internet Movistar|Active|MonoInt|0||
SEGMENTO_004|2083215398|CLIENT_00564|283427321|035973147|31|2023-10-20 00:00:00|Suspended|||MOV INTERNET CAB RA S23|2023-10-20 12:08:06||||||Internet Movistar RA S23|Collection Suspension ( Subscr|MonoInt|0|Descto Plan Internet 50% x 2 mes|
SEGMENTO_004|2022589688|CLIENT_00286|93060706|732307506|99|2013-08-26 00:00:00|Active|TPI PREPAGO|Active||||||||TPI PREPAGO||MonoLn|0||
SEGMENTO_001|2026242865|CLIENT_00930|87913016|308520606|31|2014-04-26 00:00:00|Active|Q51 LINEA PREMIUM B|Active||||||||LN. SEMIPLANA LIBRE||MonoLn|0||
SEGMENTO_004|2067006652|CLIENT_00878|76781206|896022506|31|2017-12-28 00:00:00|Active|||MOV INTERNET CAB RA O23|2021-03-10 00:00:00||||||Internet Movistar RA O23|Active|MonoInt|0||
SEGMENTO_002|2069121500|CLIENT_00717|05968995|550389406|17|2021-09-16 00:00:00|Active|||MOVISTAR DUO INTERNET A|2021-09-16 00:00:00|TV ESTANDAR HD|2021-09-16 00:00:00|FTTH|CATV|Active|Dúo Internet TV Estándar HD|Active|Duos TV BA|0||2
SEGMENTO_004|2035992313|CLIENT_00793|73449016|683211606|31|2022-03-28 00:00:00|Active|||MOV INTERNET CAB RA|2022-03-28 00:00:00||||||Internet Movistar RA|Active|MonoInt|0||
SEGMENTO_004|2007557329|CLIENT_00611|66318716|077070247|31|2023-10-10 00:00:00|Active|||MOV INTERNET CAB RA 22|2023-10-10 13:17:48||||||Internet Movistar RA D22|Active|MonoInt|0||
SEGMENTO_004|2054283108|CLIENT_00682|81254285|685342306|31|2018-10-18 00:00:00|Suspended|MOVISTAR VOZ DUO|Suspended|MOVISTAR INTERNET DÚO|2018-10-18 00:00:00||||||Dúo Plano Local Internet|Suspended|Duos BA|0||
SEGMENTO_002|2078694927|CLIENT_00385|72251106|594011506|31|1989-12-28 00:00:00|Active|Q51 LINEA PREMIUM B|Active||||||||LN. SEMIPLANA LIBRE||MonoLn|0||
SEGMENTO_004|2075223983|CLIENT_00843|687675321|217543147|23|2023-09-01 00:00:00|Active|||MOV INTERNET CAB RA 22|2023-09-01 12:05:25||||||Internet Movistar RA D22|Active|MonoInt|0||
SEGMENTO_002|2015652897|CLIENT_00439|43642216|643052606|31|1996-08-09 00:00:00|Active|MOVISTAR VOZ DUO|Active|MOVISTAR INTERNET DÚO|2017-01-25 00:00:00||||||Dúo Plano Local Internet|Active|Duos BA|0||
SEGMENTO_004|2067382285|CLIENT_00906|22770406|391904506|17|2011-02-16 00:00:00|Active|||||TV ESTANDAR DIGITAL RA 22|2015-02-21 00:00:00|HFC|CATV|Active|TV Estándar Digital RA D22||MonoTv|0||2
SEGMENTO_004|2071854449|CLIENT_00591|92218116|641853247|17|2023-10-19 00:00:00|Suspended|||MOV INTERNET CAB RA S23|2023-10-19 14:14:27||||||Internet Movistar RA S23|Collection Suspension ( Subscr|MonoInt|0||
SEGMENTO_004|2014556610|CLIENT_00214|88250716|749496606|17|2020-01-06 00:00:00|Active|||MOVISTAR SOLO INTERNET|2021-12-18 00:00:00||||||Internet Movistar|Active|MonoInt|0||
SEGMENTO_002|2028712026|CLIENT_00204|90891516|042026606|31|1997-11-26 00:00:00|Active|Q51 LINEA PREMIUM B|Active||||||||LN. SEMIPLANA LIBRE||MonoLn|0||
SEGMENTO_004|2042176157|CLIENT_00570|26577195|667581406|31|1999-12-29 00:00:00|Active|MOVISTAR VOZ DUO|Active|MOVISTAR INTERNET DÚO|2016-08-12 00:00:00||||||Dúo Plano Local Internet|Active|Duos BA|0||
SEGMENTO_004|2096049962|CLIENT_01000|79796116|121151606|17|2020-11-11 00:00:00|Suspended|||MOVISTAR SOLO INTERNET|2021-12-18 00:00:00||||||Internet Movistar|Collection Suspension ( Subscr|MonoInt|0|DTO FIDE S/ 3 ILIM|
SEGMENTO_004|2011722087|CLIENT_00088|66781006|337620506|17|2014-12-30 00:00:00|Suspended|Línea Movistar Voz|Collection Suspension ( Subscr||||||||Línea Movistar Voz VoIP||MonoLn|0||
SEGMENTO_002|2005559505|CLIENT_00406|121728021|266989637|31|2023-02-08 00:00:00|Active|||MOV INTERNET CAB RA 22|2023-02-08 13:24:24||||||Internet Movistar RA D22|Active|MonoInt|0||
SEGMENTO_004|2052571507|CLIENT_00076|55121185|341211306|31|2019-09-18 00:00:00|Active|||MOVISTAR SOLO INTERNET|2019-09-18 00:00:00||||||Internet Movistar|Active|MonoInt|0||
SEGMENTO_004|2050836779|CLIENT_00070|702465221|263158937|31|2023-06-16 00:00:00|Active|||MOV INTERNET CAD DUO RA M23|2023-06-16 15:20:38|TV ESTANDAR HD DUO M23|2023-06-16 15:20:40|HFC|CATV|Active|Dúo Internet Estándar HD RA M23|Active|Duos TV BA|0||2
SEGMENTO_004|2013942122|CLIENT_00890|68757095|857480406|31|2018-08-25 00:00:00|Active|MOVISTAR VOZ TRIO|Active|TRIO MOVISTAR INTERNET|2021-07-20 00:00:00|TV ESTANDAR|2021-07-20 00:00:00|HFC|CATV|Active|Trío Plano Local Internet Estándar|Active|Trios CATV|0||2
SEGMENTO_004|2014633151|CLIENT_00387|95100575|655848047|5|2023-08-08 00:00:00|Active|||MOV INTERNET CAD DUO RA M23|2023-08-08 13:31:13|TV ESTANDAR HD DUO M23|2023-08-08 13:31:15|HFC|CATV|Active|Dúo Internet Estándar HD RA M23|Active|Duos TV BA|0|Fideliza Porc Internet 50% x 6 Meses, Fideliza Porc TV 50% x 6 Meses|2
SEGMENTO_004|2033800985|CLIENT_00691|47304716|398447606|17|2016-06-09 00:00:00|Active|MOVISTAR VOZ DUO|Active|MOVISTAR INTERNET DUO ADSL|2022-02-16 00:00:00||||||Dúo Voz Plano Local Internet ADSL|Active|Duos BA|0||
SEGMENTO_004|2038909371|CLIENT_00713|98360385|977703306|17|2010-10-08 00:00:00|Active|MOVISTAR VOZ DMU|Active|MOV INTERNET DUO RA|2017-04-12 00:00:00||||||Dúo Movistar Voz Internet RA|Active|Duos BA|0|Fideliza Porc Internet 50% x 6 Meses, Fideliza Porc Voz 50% x 6 Meses|
SEGMENTO_004|2045107949|CLIENT_00795|47443006|541430506|31|2017-09-28 00:00:00|Active||||2017-09-28 00:00:00||||||SIP TRUNK|Active|MonoInt|0||
SEGMENTO_004|2080123968|CLIENT_00281|76162285|612622306|31|1998-12-31 00:00:00|Active|MOVISTAR VOZ DUO|Active|MOVISTAR INTERNET DÚO|2019-05-30 00:00:00||||||Dúo Plano Local Internet|Active|Duos BA|0||
SEGMENTO_004|2037925283|CLIENT_00384|71478395|394693406|31|2019-03-23 00:00:00|Active|MOVISTAR VOZ TMU M23|Active|MOV INTERNET CAF RA M23|2020-10-27 00:00:00|TV ESTANDAR HD A M23|2019-03-23 00:00:00|FTTH|CATV|Active|Trío Mov. Voz Int. Estandar HD RA M23|Active|Trios CATV|0||2
SEGMENTO_004|2082202511|CLIENT_00338|52662716|887886606|31|2006-12-12 00:00:00|Active|MOVISTAR VOZ DUO NACIONAL B|Active|MOVISTAR INTERNET DUO ADSL B|2009-10-14 00:00:00||||||Dúo Voz Plano Local Internet ADSL A|Active|Duos BA|0||
SEGMENTO_004|2017763650|CLIENT_00236|01691195|572155447|31|2024-02-03 00:00:00|Active|||MOV INTERNET CAB RA S23|2024-02-03 12:53:27||||||Internet Movistar RA S23|Active|MonoInt|0|Descto Plan Internet 50% x 2 ms|
SEGMENTO_002|2042422772|CLIENT_00369|77627706|621187506|31|2006-09-01 00:00:00|Active|Q51 LINEA PREMIUM A|Active||||||||LN. CLASICA LIBRE||MonoLn|0||
SEGMENTO_002|2056940528|CLIENT_00704|92353306|783623506|31|2022-02-24 00:00:00|Active|||MOVISTAR SOLO INTERNET|2022-02-24 00:00:00||||||Internet Movistar|Active|MonoInt|0||
SEGMENTO_004|2082735250|CLIENT_00885|814728801|697831837|23|2023-03-29 00:00:00|Active|||MOV INTERNET CAB RA 22|2023-03-29 11:24:16||||||Internet Movistar RA D22|Active|MonoInt|0||
SEGMENTO_004|2064993907|CLIENT_00925|520152811|002776937|31|2023-06-09 00:00:00|Active|||MOV INTERNET CAD DUO RA M23|2023-06-09 14:45:52|TV ESTANDAR HD DUO M23|2023-06-09 14:45:51|HFC|CATV|Active|Dúo Internet Estándar HD RA M23|Active|Duos TV BA|0||2
SEGMENTO_004|2088855451|CLIENT_00667|870732221|781360837|31|2023-03-27 00:00:00|Active|||MOV INTERNET CAD DUO RA 22|2023-03-27 11:25:41|TV ESTANDAR HD DUO|2023-03-27 11:25:40|HFC|CATV|Active|Dúo Internet Estándar HD RA D22|Active|Duos TV BA|0|Descuento IPJUL23 EXO TV S/10.00 x 12m|2
SEGMENTO_002|2002459973|CLIENT_00887|435846421|343721347|27|2023-11-24 00:00:00|Active|||MOV INTERNET CAB RA S23|2023-11-24 17:20:51||||||Internet Movistar RA S23|Active|MonoInt|0||
SEGMENTO_004|2079684847|CLIENT_00889|069212021|405694337|31|2022-08-29 00:00:00|Suspended|MOVISTAR VOZ DMU|Collection Suspension ( Subscr|MOV INTERNET DUO RA|2022-08-29 16:26:08||||||Dúo Movistar Voz Internet RA|Collection Suspension ( Subscr|Duos BA|0||
SEGMENTO_004|2051367485|CLIENT_00262|32183406|969234506|31|2019-03-19 00:00:00|Suspended|MOVISTAR VOZ DUO|Collection Suspension ( Subscr|MOVISTAR INTERNET DÚO|2021-12-07 00:00:00||||||Dúo Plano Local Internet|Collection Suspension ( Subscr|Duos BA|0|DTO FIDE S/10.9 ILIM|
SEGMENTO_004|2045282054|CLIENT_00996|14575706|613827506|31|2012-10-31 00:00:00|Active|TPE|Active||||||||TPE||MonoLn|0||
SEGMENTO_004|2004899141|CLIENT_00494|01762006|204030506|17|2016-05-07 00:00:00|Suspended|MOVISTAR VOZ DUO|Collection Suspension ( Subscr|MOVISTAR INTERNET DUO ADSL|2021-12-18 00:00:00||||||Dúo Voz Plano Local Internet ADSL|Collection Suspension ( Subscr|Duos BA|0|DTO FIDE S/ 25 ILIM|
SEGMENTO_004|2015336861|CLIENT_00247|95615795|074757406|31|2017-12-30 00:00:00|Active|||MOVISTAR SOLO INTERNET|2019-06-11 00:00:00||||||Internet Movistar|Active|MonoInt|0||
SEGMENTO_004|2063960356|CLIENT_00283|53376585|935675306|31|2012-08-14 00:00:00|Active|MOVISTAR VOZ TRÍO B|Active|TRIO MOVISTAR INTERNET C|2021-08-20 00:00:00|TV ESTANDAR G|2021-07-01 00:00:00|HFC|CATV|Active|Trío Voz Internet Estándar|Active|Trios CATV|0||2
SEGMENTO_001|2026242865|CLIENT_00930|65903506|405726506|31|2008-03-08 00:00:00|Active||||2008-03-08 00:00:00||||||RDSI|Active|MonoInt|0||
SEGMENTO_004|2093660214|CLIENT_00375|11905906|711949506|31|1995-12-13 00:00:00|Active|MOVISTAR VOZ TRIO|Active|MOVISTAR INTERNET TRÍO|2020-09-01 00:00:00|TV ESTANDAR|2020-09-01 00:00:00|HFC|CATV|Active|Trío Plano Local Internet Estándar HD|Active|Trios CATV|0||3
SEGMENTO_004|2052784539|CLIENT_00712|60995506|455365506|17|2021-05-10 00:00:00|Active|||MOVISTAR DUO INTERNET A|2021-05-10 00:00:00|TV ESTANDAR HD|2021-05-10 00:00:00|HFC|CATV|Active|Dúo Internet TV Estándar HD|Active|Duos TV BA|0||2
SEGMENTO_004|2063051543|CLIENT_00629|02334806|036158506|31|2020-12-22 00:00:00|Active|||MOVISTAR SOLO INTERNET|2021-11-24 00:00:00||||||Internet Movistar|Active|MonoInt|0||
SEGMENTO_004|2022589688|CLIENT_00286|56460706|122307506|99|2013-09-12 00:00:00|Active|TPI PREPAGO|Active||||||||TPI PREPAGO||MonoLn|0||
SEGMENTO_003|2074885080|CLIENT_00308|84520006|083699406|31|2016-09-13 00:00:00|Suspended|MOVISTAR VOZ DUO|Collection Suspension ( Subscr|MOVISTAR INTERNET DUO ADSL|2022-02-16 00:00:00||||||Dúo Voz Plano Local Internet ADSL|Collection Suspension ( Subscr|Duos BA|0||
SEGMENTO_004|2098217998|CLIENT_00516|43944106|598141506|17|2020-11-06 00:00:00|Active|MOVISTAR VOZ DUO|Active|MOVISTAR INTERNET DÚO|2020-11-06 00:00:00||||||Dúo Plano Local Internet|Active|Duos BA|0||
SEGMENTO_004|2005240343|CLIENT_00419|86356116|741551606|31|2019-01-25 00:00:00|Active|MOVISTAR VOZ DUO|Active|MOVISTAR INTERNET DÚO|2019-01-25 00:00:00||||||Dúo Plano Local Internet|Active|Duos BA|0||
SEGMENTO_002|2050799857|CLIENT_00697|332353021|028097337|31|2022-09-13 00:00:00|Active|||MOV INTERNET CAD DUO RA S23|2022-09-13 11:35:37|TV ESTANDAR HD DUO S23|2023-11-14 14:24:38|FTTH|CATV|Active|Duo Internet Estandar HD RA S23|Active|Duos TV BA|0||2
SEGMENTO_002|2023381522|CLIENT_00756|03530816|398698606|31|2017-10-04 00:00:00|Active||||2017-10-04 00:00:00||||||Troncal|Active|MonoInt|0||
SEGMENTO_004|2053125283|CLIENT_00112|31384206|955913447|31|2024-02-07 00:00:00|Active|MOVISTAR VOZ TMU S23|Active|MOV INTERNET CAF RA S23|2024-02-07 02:37:30|TV ESTANDAR HD A S23|2024-02-07 02:37:29|HFC|CATV|Active|Trio Mov. Voz Int. Estandar HD RA S23|Active|Trios CATV|0|Descto Plan Internet 50% x 2 ms, Descto Plan TV 50% x 2 ms, Descto Plan Voz 50% x 2 ms|2
SEGMENTO_004|2039981438|CLIENT_00052|610439211|438309437|17|2022-11-09 00:00:00|Suspended|||MOV INTERNET CAB RA|2022-11-09 17:43:36||||||Internet Movistar RA|Suspended|MonoInt|0||
SEGMENTO_002|2028712026|CLIENT_00204|68012516|272026606|31|2000-03-23 00:00:00|Active|Q51 LINEA PREMIUM B|Active||||||||LN. SEMIPLANA LIBRE||MonoLn|0||
SEGMENTO_004|2067006652|CLIENT_00878|58971206|607022506|31|2021-01-25 00:00:00|Active|||MOVISTAR SOLO INTERNET|2021-01-25 00:00:00||||||Internet Movistar|Active|MonoInt|0||
SEGMENTO_004|2025216315|CLIENT_00075|10668016|141580606|31|1998-11-09 00:00:00|Suspended|Línea Control|Collection Suspension ( Subscr||||||||Línea Control||MonoLn|0||
