SEGMENTO_PAIS|NUMERO_IDENTIFICACION_FISCAL|RAZON_SOCIAL|COD_CLIENTE|COD_CUENTA|FLAG_STAFF|PRODUCTO|FECHA_ALTA|ESTADO_LINEA|ESTADO_TELEFONO_RAZON|TIPO_LINEA|PRODUCT_DESC|PLAN_PRINCIPAL|CANT_PROMOCIONES|PROM_DSCTO|PLAN_ROAMING_DATOS|Fecha_Inicio_Permanencia|Fecha_Fin_Permanencia|Meses_Permanencia
SEGMENTO_002|2043300039|CLIENT_00704|009206321|745528847|N|Movil Abierto|23/08/2024|Activo|Pedido de Cliente|M4|Abierto Elige Todo Emp RD|B2B Movistar Empresas S/30 IV|||Activación MB Internacionales|02/11/2025||
SEGMENTO_002|2043300039|CLIENT_00704|009206321|954881547|N|Movil Abierto|06/03/2024|Activo|Pedido de Cliente|M4|Abierto Elige Todo Emp RD|B2B Movistar Empresas S/62.9|||Activación MB Internacionales|19/03/2026||
SEGMENTO_004|2058246578|CLIENT_00853|28725575|310231601|N|Movil Control|26/08/2019|Activo|Pedido de Cliente|M4|Control Caribu Movistar Libre|Plan Ahorro Mi Movistar S/39.9 VI|1|Descuento de 50% al plan x 12 meses|Activación MB Internacionales|27/01/2026||
SEGMENTO_004|2058246578|CLIENT_00853|28725575|710231601|N|Movil Abierto|26/08/2019|Activo|Negociación Equipo y/o SimCard|M4|Abierto Elige Todo Emp RD|Plan Elige Todo+ S/ 56.90|1|Descuento de 50% al plan x 12 meses||27/01/2026||
SEGMENTO_004|1031024653|CLIENT_00975|73812575|294918863|N|Movil Control|27/09/2014|Activo|Pedido de Cliente|Equipo|Control Elige Todo Emp con Roaming|Plan Elige Todo + C S/ 94.90|||Activación MB Internacionales|18/07/2018|26/04/2025|18
SEGMENTO_004|2052142070|CLIENT_00503|887064611|003403727|N|Movil Abierto|03/11/2021|Activo|Pedido de Cliente|M4|Abierto Elige Todo Emp RD|Movistar Empresas S/ 62.9 I|1|Descuento de 30% al plan x 12 meses|Activación MB Internacionales|02/02/2026||
SEGMENTO_004|2077608678|CLIENT_00105|15302575|622658713|N|Movil Abierto|22/12/2007|Activo|Pedido de Cliente|Equipo|Abierto Elige Todo Emp RD|Mi Movistar Empresas S/ 90.9|||Activación MB Internacionales|29/07/2020|28/01/2022|18
SEGMENTO_004|2077608678|CLIENT_00105|15302575|622658713|N|Movil Abierto|22/12/2007|Activo|Pedido de Cliente|Equipo|Abierto Elige Todo Emp RD|Mi Movistar Empresas S/ 82.9|||Activación MB Internacionales|26/03/2022|25/09/2023|18
SEGMENTO_004|2033397761|CLIENT_00841|05833575|767093043|N|Movil Abierto|29/08/2011|Activo|Cobranza Manual con Cargo|Equipo|Abierto Elige Todo Emp RD|Mi Movistar Empresas S/ 41.9 II|||Activación MB Internacionales|15/01/2026||
SEGMENTO_004|2091901431|CLIENT_00297|537599131|363980557|N|Movil Abierto|26/05/2025|Activo|Pedido de Cliente|M4|Abierto Elige Todo Emp RD|B2B Movistar Empresas S/30 IV|||Activación MB Internacionales|15/06/2025||
SEGMENTO_004|2053911269|CLIENT_00373|775403901|528868527|N|Movil Control|17/08/2021|Suspendido|Cobranza Manual con Cargo|Equipo|Control Movistar Libre|RV Plan Mi Movistar S/48.9 III IP25|||Activación MB Internacionales|18/05/2023|18/11/2024|18
SEGMENTO_004|2053911269|CLIENT_00373|775403901|520911167|N|Movil Abierto|21/04/2026|Activo|Pedido de Cliente|M4|Abierto líneas adicionales B2B|B2B Líneas adicionales S/39.9|1|Bono ilim líneas adicionales V.R.S/ 39.9|Activación MB Internacionales|21/04/2026||
SEGMENTO_004|2053911269|CLIENT_00373|775403901|369539547|N|Movil Abierto|09/04/2024|Activo|Cobranza Manual con Cargo|Equipo|Abierto Elige Todo Emp RD|B2B Movistar Empresas S/32|||Activación MB Internacionales|09/04/2024|08/04/2025|12
SEGMENTO_004|2053911269|CLIENT_00373|775403901|137827047|N|Movil Abierto|29/12/2012|Activo|Cobranza Manual con Cargo|Equipo|Abierto Elige Todo Emp RD|B2B Movistar Empresas S/99.9||||09/04/2024|08/04/2025|12
SEGMENTO_004|2053911269|CLIENT_00373|775403901|157827047|N|Movil Abierto|29/12/2012|Activo|Cobranza Manual con Cargo|Equipo|Abierto Elige Todo Emp RD|Movistar Empresas S/ 104.9 I|||Activación MB Internacionales|21/04/2026|20/10/2027|18
SEGMENTO_002|2060200980|CLIENT_00350|62740575|270307413|N|Movil Abierto|12/07/2007|Activo|Pedido de Cliente|Equipo|Abierto Elige Todo Emp RD|B2B Movistar Empresas S/52.9|||Activación MB Internacionales|13/03/2024|12/09/2025|18
SEGMENTO_002|2060200980|CLIENT_00350|62740575|132039543|N|Movil Abierto|03/05/2012|Activo|Pedido de Cliente|Equipo|Ab Elige Todo Sin Roaming|Plan Elige Todo + S/ 31.9||||20/10/2024||
SEGMENTO_002|2060200980|CLIENT_00350|62740575|850307413|N|Movil Abierto|12/07/2007|Activo|Pedido de Cliente|Equipo|Abierto Elige Todo Emp RD|B2B Movistar Empresas S/99.9|||Activación MB Internacionales|13/03/2024|12/09/2025|18
SEGMENTO_004|2023281496|CLIENT_00538|80317575|542639501|N|Movil Control|15/03/2019|Activo|Pedido de Cliente|Equipo|Control Elige + CORP|Plan Elige mas S/ 82.90||||14/03/2019|14/09/2020|18
SEGMENTO_004|2042683095|CLIENT_00668|007978821|636514057|N|Movil Abierto|12/11/2024|Activo|Pedido de Cliente|M4|Abierto Elige Todo Emp RD|B2B Movistar Empresas S/32|1|Ajuste IP de S/2 x18m RO N°224-2023 B2B ||17/02/2025||
SEGMENTO_004|2035226116|CLIENT_00450|20276516|745365606|N|Movil Abierto|13/12/2022|Activo|Pedido de Cliente|Equipo|Abierto Elige Todo Emp RD|Movistar Empresas S/ 77.9 I|||Activación MB Internacionales|01/08/2025|31/07/2026|12
SEGMENTO_004|2054871546|CLIENT_00685|27574575|591972101|N|Movil Abierto|05/02/2018|Activo|Pedido de Cliente|Equipo|Abierto Elige Todo Emp RD|B2B Movistar Empresas S/ 77.9|1|Descuento de 20% al plan x 12 meses|Activación MB Internacionales|26/05/2026||
SEGMENTO_004|2088485339|CLIENT_00716|323244011|578646717|N|Movil Abierto|27/12/2000|Activo|Cambio de Titularidad APC|Equipo|Abierto Elige Todo Emp RD|Mi Movistar Empresas S/ 66.9|||Activación MB Internacionales|14/01/2024|13/07/2025|18
SEGMENTO_004|2025216315|CLIENT_00075|18781575|491844333|N|Movil Abierto|10/08/2010|Activo|Pedido de Cliente|M4|Ab Elige Todo Sin Roaming|Plan Elige Todo + S/ 48.9||||01/08/2023||
SEGMENTO_004|2016722807|CLIENT_00364|838714921|210821957|N|Movil Abierto|20/12/2025|Activo|Pedido de Cliente|M4|Abierto líneas adicionales B2B|B2B Líneas adicionales S/29.9|1|Bono ilim líneas adicionales V.R.S/ 29.9|Activación MB Internacionales|16/12/2025||
SEGMENTO_004|2053911269|CLIENT_00373|775403901|447039547|N|Movil Abierto|09/04/2024|Activo|Cobranza Manual con Cargo|M4|Abierto Elige Todo Emp RD|B2B Movistar Empresas S/32|||Activación MB Internacionales|19/06/2026||
SEGMENTO_004|2053911269|CLIENT_00373|775403901|002929547|N|Movil Abierto|09/04/2024|Activo|Cobranza Manual con Cargo|Equipo|Abierto Elige Todo Emp RD|B2B Movistar Empresas S/ 69.9 IV|||Activación MB Internacionales|16/02/2025|15/02/2026|12
SEGMENTO_004|2074423060|CLIENT_00504|557185231|456821657|N|Movil Abierto|30/08/2005|Activo|Cambio de Titularidad APC|Equipo|Abierto Elige Todo Emp RD|Plan Elige Todo+ S/ 77.90|2|Descuento de 20% al plan x 12 meses||27/05/2026||
SEGMENTO_004|2038993702|CLIENT_00732|908895821|457589947|N|Movil Abierto|21/10/2024|Activo|Pedido de Cliente|Equipo|Abierto Elige Todo Emp RD|B2B Movistar Empresas S/32|1|Ajuste IP de S/2 x18m RO N°224-2023 B2B |Activación MB Internacionales|21/10/2024|20/10/2025|12
SEGMENTO_004|2088342501|CLIENT_00581|171923611|616390727|N|Movil Abierto|22/10/2021|Activo|Pedido de Cliente|M4|Abierto Elige Todo Emp RD|Ilimitado Mi Movistar E S/77.9|1|Descuento de 20% al plan x 12 meses|Activación MB Internacionales|26/05/2026||
SEGMENTO_004|2070148979|CLIENT_00202|499743311|678194227|N|Movil Abierto|02/03/2021|Activo|Pedido de Cliente|Equipo|Abierto Elige Todo Emp RD|B2B Movistar Empresas S/52.9|||Activación MB Internacionales|10/11/2025|09/11/2026|12
SEGMENTO_004|2066260318|CLIENT_00101|638249611|470724827|N|Movil Abierto|27/12/2021|Activo|Pedido de Cliente|Equipo|Abierto Elige Todo Emp RD|Mi Movistar Empresas S/ 37.9_IV|||Activación MB Internacionales|14/07/2023|13/01/2024|6
SEGMENTO_004|2066260318|CLIENT_00101|761871711|750514047|N|Movil Abierto|14/07/2023|Activo|Pedido de Cliente|M4|Abierto Elige Todo Emp RD|B2B Movistar Empresas S/32|1|Descuento de 20% al plan x 12 meses|Activación MB Internacionales|26/05/2026||
SEGMENTO_004|2001605530|CLIENT_00869|19017575|875082503|N|Movil Abierto|24/08/2004|Activo|Pedido de Cliente|Equipo|Abierto Elige Todo Emp RD|Plan Elige Todo+ S/ 45.90|1|Descuento de 20% al plan x 12 meses||27/05/2026||
SEGMENTO_004|2001605530|CLIENT_00869|19017575|526082503|N|Movil Abierto|24/08/2004|Activo|Pedido de Cliente|Equipo|Abierto Elige Todo Emp RD|Plan Elige Todo+ S/ 45.90|1|Descuento de 20% al plan x 12 meses||27/05/2026||
SEGMENTO_004|2032205889|CLIENT_00480|554573421|247116247|N|Movil Abierto|29/04/2023|Suspendido|Robo - Equipo y simcard|M4|Abierto Elige Todo Emp RD|Movistar Empresas S/ 45.9 I|2|Descuento de 50% al plan x 12 meses|Activación MB Internacionales|02/02/2026||
SEGMENTO_004|2017592496|CLIENT_00970|65013575|806844293|N|Movil Control|29/12/2016|Activo|Negociación Equipo y/o SimCard|Equipo|Control Planta CORP|Plan Elige más S/ 72.90||||28/08/2018|28/02/2020|18
SEGMENTO_004|2008371952|CLIENT_00582|002854921|627162157|N|Movil Abierto|23/12/2024|Activo|Pedido de Cliente|M4|Abierto Elige Todo Emp RD|B2B Movistar Empresas S/30 IV|1|Descuento de 50% al plan x 12 meses||26/01/2026||
SEGMENTO_004|2008371952|CLIENT_00582|363035021|840181437|N|Movil Control|26/09/2022|Activo|Pedido de Cliente|Equipo|Control Movistar Libre|RV Plan Mi Movistar S/36.9 IP26|1|Descuento de 20% al plan x 12 meses||23/12/2024|22/12/2025|12
SEGMENTO_004|2027087229|CLIENT_00844|511453121|895159537|N|Movil Abierto|15/12/2022|Activo|Pedido de Cliente|Equipo|Abierto Elige Todo Emp RD|Movistar Empresas S/ 34.9 I||||14/12/2022|13/06/2024|18
SEGMENTO_004|2031091013|CLIENT_00196|71934575|783330853|N|Movil Abierto|15/08/2013|Activo|Pedido de Cliente|Equipo|Abierto Elige Todo Emp RD|Mi Movistar E S/ 37.9_I||||15/08/2013||
SEGMENTO_004|2046155934|CLIENT_00493|75753575|666913643|N|Movil Abierto|17/05/2012|Activo|Pedido de Cliente|M4|Abierto Elige Todo Emp RD|Plan Elige Todo+ S/ 77.90 II||||17/05/2012||
SEGMENTO_004|2066331018|CLIENT_00601|73991575|475838023|N|Movil Abierto|26/05/2008|Activo|Pedido de Cliente|Equipo|Abierto Elige + CORP|Plan Elige más S/ 119.90 I||||10/03/2020||
SEGMENTO_004|2048306935|CLIENT_00452|726703631|730638167|N|Movil Abierto|09/06/2026|Activo|Pedido de Cliente|M4|Abierto Elige Todo Emp RD|B2B Movistar Empresas S/30 IV|||Activación MB Internacionales|08/06/2026||
SEGMENTO_004|2014332657|CLIENT_00751|723647311|693599227|N|Movil Abierto|19/10/1999|Activo|Cambio de Titularidad APC|Equipo|Abierto Elige Todo Emp RD|Ilimitado Mi Movistar E S/149.9|1|Descuento de 20% al plan x 12 meses|Activación MB Internacionales|27/11/2022|26/05/2024|18
SEGMENTO_004|2049019784|CLIENT_00811|92003575|471659563|N|Movil Abierto|11/06/2014|Activo|Pedido de Cliente|M4|Abierto Elige Todo Emp RD|Plan Elige Todo+ S/ 45.90||||04/07/2025||
SEGMENTO_004|2022413606|CLIENT_00407|449549531|006503167|N|Movil Abierto|04/05/2026|Activo|Pedido de Cliente|M4|Abierto Elige Todo Emp RD|B2B Movistar Empresas S/39.9 IV|||Activación MB Internacionales|03/05/2026||
SEGMENTO_004|2088325879|CLIENT_00287|953144321|959676167|N|Movil Abierto|29/05/2026|Activo|Pedido de Cliente|M4|Abierto Elige Todo Emp RD|B2B Movistar Empresas S/ 69.9 IV|1|Descuento de 50% al plan x 12 meses|Activación MB Internacionales|28/05/2026||
SEGMENTO_004|2007950781|CLIENT_00069|46400575|264937833|N|Movil Abierto|11/06/2011|Activo|Pedido de Cliente|Equipo|Abierto Elige Todo Emp RD|Mi Movistar Empresas S/ 82.9|1|Descuento de 50% al plan x 12 meses|Activación MB Internacionales|22/11/2022|21/05/2024|18
SEGMENTO_004|2007950781|CLIENT_00069|46400575|648536703|N|Movil Abierto|08/11/2005|Activo|Negociación Equipo y/o SimCard|Equipo|Abierto Elige Todo Emp RD|Movistar Empresas S/ 62.9 I|1|Descuento de 50% al plan x 12 meses|Activación MB Internacionales|10/01/2023|09/07/2024|18
SEGMENTO_004|2007950781|CLIENT_00069|46400575|209429993|N|Movil Abierto|12/12/2017|Activo|Pedido de Cliente|Equipo|Abierto Elige Todo Emp RD|Movistar Empresas S/ 62.9 I|1|Descuento de 50% al plan x 12 meses|Activación MB Internacionales|04/01/2024|03/07/2025|18
SEGMENTO_004|2095370945|CLIENT_00679|74084575|745279363|N|Movil Control|27/03/2014|Activo|Pedido de Cliente|Equipo|Control Elige Todo Emp con Roaming|Plan Elige Todo + C S/ 31.9|1|Descuento de 30% al plan x 12 meses|Activación MB Internacionales|18/05/2026||
SEGMENTO_004|2064277467|CLIENT_00871|614056431|830533957|N|Movil Control|23/08/2023|Activo|Cambio de Titularidad APC|M4|Control Movistar Libre|RV Plan Mi Movistar S/20.9 VII|||Activación MB Internacionales|09/02/2026||
SEGMENTO_004|2011902949|CLIENT_00423|219872611|979421037|N|Movil Abierto|25/03/2022|Activo|Pedido de Cliente|M4|Abierto Elige Todo Emp RD|Mi Movistar Empresas S/ 45.9 V|||Activación MB Internacionales|18/06/2026||
SEGMENTO_004|2011902949|CLIENT_00423|219872611|715026857|N|Movil Abierto|14/11/2025|Activo|Pedido de Cliente|M4|Abierto Elige Todo Emp RD|B2B Movistar Empresas S/49.9 IV|||Activación MB Internacionales|12/11/2025||
SEGMENTO_004|2016722807|CLIENT_00364|64273106|709742957|N|Movil Abierto|25/12/2025|Activo|Pedido de Cliente|M4|Abierto Elige Todo Emp RD|B2B_movistar Empresas S/.39.9|1|Descuento de 50% al plan x 12 meses|Activación MB Internacionales|25/03/2026||
SEGMENTO_004|2016722807|CLIENT_00364|64273106|509742957|N|Movil Abierto|25/12/2025|Activo|Pedido de Cliente|M4|Abierto Elige Todo Emp RD|B2B_movistar Empresas S/.39.9|1|Descuento de 50% al plan x 12 meses|Activación MB Internacionales|25/03/2026||
SEGMENTO_004|2016722807|CLIENT_00364|838714921|965311957|N|Movil Abierto|20/12/2025|Activo|Pedido de Cliente|M4|Abierto líneas adicionales B2B|B2B Líneas adicionales S/29.9|1|Bono ilim líneas adicionales V.R.S/ 29.9|Activación MB Internacionales|16/12/2025||
SEGMENTO_004|2016722807|CLIENT_00364|838714921|300241957|N|Movil Abierto|20/12/2025|Activo|Pedido de Cliente|M4|Abierto Elige Todo Emp RD|B2B Movistar Empresas S/ 69.9 IV|1|Descuento de 50% al plan x 12 meses|Activación MB Internacionales|25/03/2026||
SEGMENTO_004|2071656712|CLIENT_00163|22415575|022430803|N|Movil Abierto|03/01/2006|Activo|Pedido de Cliente|Equipo|Abierto Elige Todo Emp|Plan Elige Todo + S/ 149.90|1|Descuento de 30% al plan x 12 meses||18/12/2019|17/06/2021|18
SEGMENTO_004|2056897122|CLIENT_00573|217414901|586553157|N|Movil Abierto|28/12/2024|Activo|Cobranza Manual con Cargo|Equipo|Abierto Elige Todo Emp RD|B2B Movistar Empresas S/30 IV||||28/12/2024|27/12/2025|12
SEGMENTO_004|2019530122|CLIENT_00047|166794121|681582637|N|Movil Abierto|30/12/2022|Activo|Pedido de Cliente|Equipo|Abierto Elige Todo Emp RD|B2B Movistar Empresas S/ 69.9 IV|1|Descuento de 30% al plan x 12 meses|Activación MB Internacionales|05/03/2026||
SEGMENTO_004|2057768570|CLIENT_00068|32621575|492061703|N|Movil Control|28/07/2005|Activo|Negociación Equipo y/o SimCard|Equipo|Control Elige Todo Emp con Roaming|Plan Elige Todo + C S/ 77.90|1|Ajuste IP de S/3 x18m RO N°224-2023 B2B |Activación MB Internacionales|30/05/2026|29/05/2027|12
SEGMENTO_004|2042647818|CLIENT_00266|132847821|845381057|N|Movil Abierto|04/11/2024|Activo|Pedido de Cliente|M4|Abierto Elige Todo Emp RD|B2B Movistar Empresas S/ 72.9|2|Descuento de 50% al plan x 12 meses|Activación MB Internacionales|18/11/2025||
SEGMENTO_004|2042647818|CLIENT_00266|28064185|601803837|N|Movil Abierto|08/02/2023|Activo|Pedido de Cliente|M4|Abierto Elige Todo Emp RD|Movistar Empresas S/ 77.9 I|1|Descuento de 50% al plan x 12 meses|Activación MB Internacionales|30/03/2026||
SEGMENTO_004|2042647818|CLIENT_00266|28064185|719519737|N|Movil Abierto|18/03/2023|Activo|Pedido de Cliente|Equipo|Abierto Elige Todo Emp RD|B2B Movistar Empresas S/62.9|1|Descuento de 50% al plan x 12 meses|Activación MB Internacionales|30/03/2026||
SEGMENTO_004|2042647818|CLIENT_00266|28064185|904743157|N|Movil Abierto|27/12/2024|Activo|Pedido de Cliente|M4|Abierto Elige Todo Emp RD|B2B Movistar Empresas S/30 IV|1|Descuento de 50% al plan x 12 meses|Activación MB Internacionales|30/03/2026||
SEGMENTO_004|2042647818|CLIENT_00266|28064185|683340737|N|Movil Abierto|07/02/2023|Activo|Pedido de Cliente|M4|Abierto Elige Todo Emp RD|Movistar Empresas S/ 62.9 I|1|Descuento de 50% al plan x 12 meses|Activación MB Internacionales|30/03/2026||
SEGMENTO_004|2082422571|CLIENT_00010|792078121|510144857|N|Movil Abierto|03/11/2025|Activo|Pedido de Cliente|Equipo|Abierto Elige Todo Emp RD|B2B Movistar Empresas S/35.9 IV|||Activación MB Internacionales|03/11/2025|02/05/2027|18
SEGMENTO_004|2082422571|CLIENT_00010|792078121|510144857|N|Movil Abierto|03/11/2025|Activo|Pedido de Cliente|Equipo|Abierto Elige Todo Emp RD|Movistar Empresas S/ 66.9|||Activación MB Internacionales|03/11/2025|02/05/2027|18
SEGMENTO_004|2082422571|CLIENT_00010|792078121|510144857|N|Movil Abierto|03/11/2025|Activo|Pedido de Cliente|Equipo|Abierto Elige Todo Emp RD|Movistar Empresas S/ 34.9_I|||Activación MB Internacionales|03/11/2025|02/05/2027|18
SEGMENTO_004|2047100108|CLIENT_00873|881290331|741838657|N|Movil Abierto|15/08/2025|Activo|Pedido de Cliente|M4|Abierto Elige Todo Emp RD|B2B_movistar Empresas S/.79.9||||13/08/2025||
SEGMENTO_004|2047100108|CLIENT_00873|881290331|741838657|N|Movil Abierto|15/08/2025|Activo|Pedido de Cliente|M4|Abierto Elige Todo Emp RD|B2B_movistar Empresas S/.79.9||||13/08/2025||
SEGMENTO_004|2047100108|CLIENT_00873|881290331|741838657|N|Movil Abierto|15/08/2025|Activo|Pedido de Cliente|M4|Abierto Elige Todo Emp RD|B2B_movistar Empresas S/.99.9||||13/08/2025||
SEGMENTO_004|2047100108|CLIENT_00873|881290331|741838657|N|Movil Abierto|15/08/2025|Activo|Pedido de Cliente|M4|Abierto Elige Todo Emp RD|B2B_movistar Empresas S/.69.9||||13/08/2025||
SEGMENTO_004|2047100108|CLIENT_00873|881290331|741838657|N|Movil Abierto|15/08/2025|Activo|Pedido de Cliente|M4|Abierto Elige Todo Emp RD|B2B_movistar Empresas S/.79.9||||13/08/2025||
SEGMENTO_004|2011487576|CLIENT_00046|43763575|399950973|N|Movil Abierto|02/10/2015|Activo|Pedido de Cliente|Equipo|Abierto Elige Todo Emp RD|B2B Movistar Empresas S/58.9|1|Descuento de 50% al plan x 12 meses|Activación MB Internacionales|22/04/2026||
SEGMENTO_004|2011487576|CLIENT_00046|43763575|145111473|N|Movil Abierto|16/04/2015|Activo|Pedido de Cliente|Equipo|Abierto Elige Todo Emp RD|B2B Movistar Empresas S/58.9|1|Descuento de 50% al plan x 12 meses|Activación MB Internacionales|26/01/2026||
SEGMENTO_004|2002866357|CLIENT_00707|95245575|517319873|N|Movil Control|23/09/2015|Activo|Pedido de Cliente|M4|Control Elige Todo Planta C sin Roaming|Plan Control S/ 10.00||||16/09/2022||
SEGMENTO_004|2009784756|CLIENT_00094|623989711|104536927|N|Movil Control|18/07/2020|Activo|Cambio de Titularidad APC|M4|Control Caribu Movistar Libre|RV Plan Ahorro Mi Movistar S/24.9 IV|||Activación MB Internacionales|21/11/2022||
SEGMENTO_002|2096447129|CLIENT_00321|13461575|777122357|N|Movil Control|17/03/2025|Activo|Pedido de Cliente|M4|Caribú Adicionales Libre|RV Plan Ahorro Adicional S/39.9 II|||Activación MB Internacionales|17/03/2025||
SEGMENTO_002|2096447129|CLIENT_00321|93461575|390109501|N|Movil Abierto|26/02/2019|Activo|Pedido de Cliente|Equipo|Abierto Elige Todo Emp RD|Mi Movistar Empresas S/ 83.9 II|||Activación MB Internacionales|24/11/2021|23/05/2023|18
SEGMENTO_002|2096447129|CLIENT_00321|93461575|390109501|N|Movil Control|26/02/2019|Activo|Pedido de Cliente|Equipo|Control Elige Todo Emp con Roaming|Plan Elige Todo + C S/ 66.9|1|Ajuste IP de S/3 x18m RO N°224-2023 B2B |Activación MB Internacionales|07/05/2024|06/11/2025|18
SEGMENTO_002|2096447129|CLIENT_00321|93461575|390109501|N|Movil Abierto|26/02/2019|Activo|Pedido de Cliente|M4|Abierto Elige Todo Emp RD|Plan Elige Todo+ S/ 56.90|||Activación MB Internacionales|25/12/2023||
SEGMENTO_002|2096447129|CLIENT_00321|93461575|798433963|N|Movil Abierto|17/10/2014|Activo|Pedido de Cliente|Equipo|Abierto Elige Todo Emp RD|Plan Elige Todo+ S/ 56.90|||Activación MB Internacionales|19/08/2025||
SEGMENTO_002|2096447129|CLIENT_00321|93461575|297837137|N|Movil Abierto|07/06/2022|Activo|Negociación Equipo y/o SimCard|Equipo|Abierto Elige Todo Emp RD|Movistar Empresas S/ 77.9 I|1|Ajuste IP de S/3 x18m RO N°224-2023 B2B |Activación MB Internacionales|13/01/2026||
SEGMENTO_004|2047100108|CLIENT_00873|881290331|741838657|N|Movil Abierto|15/08/2025|Activo|Pedido de Cliente|M4|Abierto Elige Todo Emp RD|B2B_movistar Empresas S/.69.9||||13/08/2025||
SEGMENTO_004|2047100108|CLIENT_00873|881290331|741838657|N|Movil Abierto|15/08/2025|Activo|Pedido de Cliente|M4|Abierto Elige Todo Emp RD|B2B_movistar Empresas S/.99.9||||13/08/2025||
SEGMENTO_004|2047100108|CLIENT_00873|881290331|741838657|N|Movil Abierto|15/08/2025|Activo|Pedido de Cliente|M4|Abierto Elige Todo Emp RD|B2B_movistar Empresas S/.99.9||||13/08/2025||
SEGMENTO_004|2047100108|CLIENT_00873|881290331|741838657|N|Movil Abierto|15/08/2025|Activo|Pedido de Cliente|M4|Abierto Elige Todo Emp RD|B2B_movistar Empresas S/.69.9||||13/08/2025||
SEGMENTO_004|2047100108|CLIENT_00873|881290331|741838657|N|Movil Abierto|15/08/2025|Activo|Pedido de Cliente|M4|Abierto Elige Todo Emp RD|B2B_movistar Empresas S/.99.9||||13/08/2025||
SEGMENTO_004|2047100108|CLIENT_00873|881290331|741838657|N|Movil Abierto|15/08/2025|Activo|Pedido de Cliente|M4|Abierto Elige Todo Emp RD|B2B_movistar Empresas S/.79.9||||13/08/2025||
SEGMENTO_004|1038544262|CLIENT_00966|03801575|777024503|N|Movil Abierto|06/10/2004|Activo|Pedido de Cliente|Equipo|Abierto Elige Todo Emp RD|Mi Movistar Empresas S/ 129.9|1|Descuento de 50% al plan x 12 meses||06/09/2021|05/03/2023|18
SEGMENTO_004|1038544262|CLIENT_00966|03801575|293330473|N|Movil Abierto|15/04/2015|Activo|Pedido de Cliente|Equipo|Abierto Elige Todo Emp RD|B2B Movistar Empresas S/49.9 IV|1|Descuento de 50% al plan x 12 meses|Activación MB Internacionales|26/01/2026||
SEGMENTO_004|2009784756|CLIENT_00094|623989711|172639657|N|Movil Control|23/07/2025|Activo|Cambio de Titularidad APC|M4|Control Movistar Libre|RV Plan Mi Movistar S/29.9 VII|1|Descuento de 20% al plan x 12 meses|Activación MB Internacionales|27/05/2026||
SEGMENTO_002|2096447129|CLIENT_00321|93461575|390109501|N|Movil Abierto|06/09/2024|Activo|Pedido de Cliente|M4|Abierto Elige Todo Emp RD|B2B Movistar Empresas S/42.9|1|Ajuste IP de S/3 x18m RO N°224-2023 B2B |Activación MB Internacionales|18/02/2025||
SEGMENTO_004|2084279674|CLIENT_00091|904772311|236647067|N|Movil Abierto|27/03/2026|Activo|Pedido de Cliente|M4|Abierto Elige Todo Emp RD|B2B Movistar Empresas S/ 79.9 IV|1|Descuento de 50% al plan x 12 meses||26/03/2026||
SEGMENTO_004|2084279674|CLIENT_00091|904772311|252552227|N|Movil Abierto|19/02/2021|Activo|Portabilidad solo SIM|M4|Abierto Elige Todo Emp RD|Mi Movistar Empresas S/ 82.9||||26/10/2024||
SEGMENTO_004|2084279674|CLIENT_00091|904772311|252552227|N|Movil Abierto|19/02/2021|Activo|Portabilidad solo SIM|Equipo|Abierto Elige Todo Emp RD|Mi Movistar Empresas S/ 82.9|||Activación MB Internacionales|27/05/2024|26/05/2025|12
SEGMENTO_004|2084279674|CLIENT_00091|904772311|252552227|N|Movil Abierto|19/02/2021|Activo|Portabilidad solo SIM|Equipo|Abierto Elige Todo Emp RD|Mi Movistar Empresas S/ 82.9|||Activación MB Internacionales|17/02/2021|16/08/2022|18
SEGMENTO_004|2047587904|CLIENT_00534|79590575|314006827|N|Movil Abierto|11/01/2022|Activo|Pedido de Cliente|Equipo|Abierto Elige Todo Emp RD|Mi Movistar Empresas S/ 52.9_IV|1|Descuento de 50% al plan x 12 meses|Activación MB Internacionales|03/05/2023|02/11/2024|18
SEGMENTO_004|2068445567|CLIENT_00718|789395911|782351167|N|Movil Abierto|23/04/2026|Activo|Pedido de Cliente|Equipo|Abierto líneas adicionales B2B|B2B Líneas adicionales S/39.9|1|Bono ilim líneas adicionales V.R.S/ 39.9|Activación MB Internacionales|23/04/2026|22/04/2027|12
SEGMENTO_002|2024687919|CLIENT_00136|40231575|951023063|N|Movil Abierto|13/11/2013|Activo|Pedido de Cliente|Equipo|Abierto Elige Todo Emp RD|B2B Movistar Empresas S/52.9|1|Descuento de 50% al plan x 12 meses|Activación MB Internacionales|26/09/2022|25/03/2024|18
SEGMENTO_002|2024687919|CLIENT_00136|40231575|651023063|N|Movil Abierto|13/11/2013|Activo|Pedido de Cliente|Equipo|Abierto Elige Todo Emp RD|B2B Movistar Empresas S/52.9|2|Descuento de 50% al plan x 12 meses|Activación MB Internacionales|08/07/2025||
SEGMENTO_002|2024687919|CLIENT_00136|40231575|891085101|N|Movil Abierto|30/01/2018|Activo|Pedido de Cliente|Equipo|Abierto Elige Todo Emp RD|B2B Movistar Empresas S/52.9|1|Descuento de 50% al plan x 12 meses|Activación MB Internacionales|26/09/2022|25/03/2024|18
SEGMENTO_002|2024687919|CLIENT_00136|40231575|167293063|N|Movil Abierto|15/11/2013|Activo|Pedido de Cliente|Equipo|Abierto Elige Todo Emp RD|B2B Movistar Empresas S/52.9|2|Descuento de 50% al plan x 12 meses|Activación MB Internacionales|20/04/2024|19/10/2025|18
SEGMENTO_002|2024687919|CLIENT_00136|40231575|471023063|N|Movil Abierto|13/11/2013|Activo|Pedido de Cliente|Equipo|Abierto Elige Todo Emp RD|B2B Movistar Empresas S/52.9|2|Descuento de 50% al plan x 12 meses|Activación MB Internacionales|20/04/2024|19/10/2025|18
SEGMENTO_002|2024687919|CLIENT_00136|40231575|891085101|N|Movil Abierto|15/03/2006|Activo|Pedido de Cliente|Equipo|Abierto Elige Todo Emp RD|B2B Movistar Empresas S/52.9|1|Descuento de 50% al plan x 12 meses|Activación MB Internacionales|26/09/2022|25/03/2024|18
SEGMENTO_002|2024687919|CLIENT_00136|40231575|757293063|N|Movil Abierto|15/11/2013|Activo|Pedido de Cliente|Equipo|Abierto Elige Todo Emp RD|B2B Movistar Empresas S/119.9|1|Descuento de 50% al plan x 12 meses|Activación MB Internacionales|20/04/2024|19/10/2025|18
SEGMENTO_002|2024687919|CLIENT_00136|40231575|402393063|N|Movil Abierto|15/11/2013|Activo|Pedido de Cliente|Equipo|Abierto Elige Todo Emp RD|B2B Movistar Empresas S/52.9|1|Descuento de 50% al plan x 12 meses|Activación MB Internacionales|01/06/2026||
SEGMENTO_002|2024687919|CLIENT_00136|40231575|891085101|N|Movil Abierto|13/11/2013|Activo|Pedido de Cliente|Equipo|Abierto Elige Todo Emp RD|B2B Movistar Empresas S/52.9|1|Descuento de 50% al plan x 12 meses|Activación MB Internacionales|26/09/2022|25/03/2024|18
SEGMENTO_002|2024687919|CLIENT_00136|40231575|351023063|N|Movil Abierto|13/11/2013|Activo|Pedido de Cliente|Equipo|Abierto Elige Todo Emp RD|B2B Movistar Empresas S/52.9|1|Descuento de 50% al plan x 12 meses|Activación MB Internacionales|26/09/2022|25/03/2024|18
SEGMENTO_002|2024687919|CLIENT_00136|40231575|012393063|N|Movil Abierto|15/11/2013|Activo|Pedido de Cliente|Equipo|Abierto Elige Todo Emp RD|B2B Movistar Empresas S/52.9|1|Descuento de 50% al plan x 12 meses|Activación MB Internacionales|04/02/2026||
SEGMENTO_002|2024687919|CLIENT_00136|40231575|901193063|N|Movil Abierto|15/11/2013|Activo|Negociación Equipo y/o SimCard|Equipo|Abierto Elige Todo Emp RD|B2B Movistar Empresas S/52.9|2|Descuento de 50% al plan x 12 meses|Activación MB Internacionales|20/04/2024|19/10/2025|18
SEGMENTO_002|2024687919|CLIENT_00136|40231575|067293063|N|Movil Abierto|15/11/2013|Activo|Pedido de Cliente|Equipo|Abierto Elige Todo Emp RD|B2B Movistar Empresas S/52.9|1|Descuento de 50% al plan x 12 meses|Activación MB Internacionales|08/07/2025||
SEGMENTO_002|2024687919|CLIENT_00136|40231575|891085101|N|Movil Abierto|30/01/2018|Activo|Pedido de Cliente|Equipo|Abierto Elige Todo Emp RD|B2B Movistar Empresas S/52.9|1|Descuento de 50% al plan x 12 meses|Activación MB Internacionales|26/09/2022|25/03/2024|18
SEGMENTO_002|2024687919|CLIENT_00136|40231575|891085101|N|Movil Abierto|26/08/2020|Activo|Alta Nueva Solo Linea|Equipo|Abierto Elige Todo Emp RD|B2B Movistar Empresas S/52.9|1|Descuento de 50% al plan x 12 meses|Activación MB Internacionales|26/09/2022|25/03/2024|18
SEGMENTO_002|2024687919|CLIENT_00136|40231575|891085101|N|Movil Abierto|26/08/2020|Activo|Alta Nueva Solo Linea|Equipo|Abierto Elige Todo Emp RD|B2B Movistar Empresas S/52.9|2|Descuento de 50% al plan x 12 meses|Activación MB Internacionales|20/04/2024|19/10/2025|18
SEGMENTO_002|2024687919|CLIENT_00136|657982821|607498947|N|Movil Abierto|18/10/2024|Activo|Pedido de Cliente|M4|Abierto Elige Todo Emp RD|B2B Movistar Empresas S/49.9 IV|1|Descuento de 50% al plan x 12 meses|Activación MB Internacionales|01/09/2025||
SEGMENTO_002|2024687919|CLIENT_00136|657982821|839284947|N|Movil Abierto|26/09/2024|Activo|Pedido de Cliente|M4|Abierto Elige Todo Emp RD|B2B Movistar Empresas S/49.9 IV|1|Descuento de 50% al plan x 12 meses|Activación MB Internacionales|01/09/2025||
SEGMENTO_002|2024687919|CLIENT_00136|40231575|515372803|N|Movil Abierto|03/03/2023|Activo|Pedido de Cliente|M4|Abierto Elige Todo Emp RD|B2B Movistar Empresas S/52.9|1|Descuento de 50% al plan x 12 meses|Activación MB Internacionales|08/07/2025||
SEGMENTO_002|2024687919|CLIENT_00136|40231575|515372803|N|Movil Abierto|03/03/2023|Activo|Pedido de Cliente|M4|Abierto Elige Todo Emp RD|B2B Movistar Empresas S/52.9|1|Descuento de 50% al plan x 12 meses|Activación MB Internacionales|08/07/2025||
SEGMENTO_002|2024687919|CLIENT_00136|40231575|815393063|N|Movil Abierto|15/11/2013|Activo|Pedido de Cliente|Equipo|Abierto Elige Todo Emp RD|B2B Movistar Empresas S/52.9|1|Descuento de 50% al plan x 12 meses|Activación MB Internacionales|04/12/2025||
SEGMENTO_004|2042009956|CLIENT_00165|008544621|252275647|N|Movil Control|08/05/2024|Activo|Pedido de Cliente|M4|Control Movistar Libre|RV Plan Mi Movistar S/59.9 V|1|Descuento de 20% al plan x 12 meses|Activación MB Internacionales|27/05/2026||
SEGMENTO_001|2026242865|CLIENT_00930|09330575|311022327|N|Movil Abierto|09/04/2021|Activo|Pedido de Cliente|Equipo|Abierto Elige Todo Emp RD|Mi Movistar Empresas S/ 41.9_III|||Activación MB Internacionales|05/06/2022||
SEGMENTO_001|2026242865|CLIENT_00930|09330575|311022327|N|Movil Abierto|09/04/2021|Activo|Pedido de Cliente|Equipo|Abierto Elige Todo Emp RD|Mi Movistar Empresas S/ 41.9_III|||Activación MB Internacionales|05/06/2022||
SEGMENTO_001|2026242865|CLIENT_00930|09330575|311022327|N|Movil Abierto|09/04/2021|Activo|Pedido de Cliente|Equipo|Abierto Elige Todo Emp RD|Mi Movistar Empresas S/ 41.9_III|||Activación MB Internacionales|05/06/2022||
SEGMENTO_001|2026242865|CLIENT_00930|09330575|601590817|N|Movil Abierto|03/07/2020|Corte|Cobranza - Suspensión Total|M4|Abierto Elige Todo Emp RD|Mi Movistar Empresas S/ 199.9||||02/07/2020||
SEGMENTO_001|2026242865|CLIENT_00930|09330575|464865627|N|BAM|28/09/2021|Corte|Cobranza - Suspensión Total|Equipo|BAM Empresas|Internet movil_60GB||||24/09/2021|23/09/2022|12
SEGMENTO_004|2025086317|CLIENT_00367|56850575|436850303|N|Movil Control|29/12/2001|Activo|Negociación Equipo y/o SimCard|Equipo|Control Movistar Libre|Plan Mi Movistar S/68.9 IP II|||Activación MB Internacionales|25/10/2021|24/10/2022|12
SEGMENTO_004|2025086317|CLIENT_00367|56850575|953190003|N|Movil Prepago|18/08/2006|Activo|Pedido de Cliente|Equipo|Prepago Tarifa Unica CORP|||||04/05/2026||
SEGMENTO_004|2025086317|CLIENT_00367|56850575|056850303|N|Movil Abierto|29/12/2001|Activo|Pedido de Cliente|Equipo|Abierto Elige Todo Emp RD|B2B Movistar Empresas S/59.9 IV|||Activación MB Internacionales|05/02/2025||
SEGMENTO_004|2025086317|CLIENT_00367|56850575|512282403|N|Movil Control|18/09/2003|Activo|Pedido de Cliente|Equipo|Control Elige Todo Emp con Roaming|Plan Elige Todo + C S/ 77.90||||03/11/2022||
SEGMENTO_004|2006563540|CLIENT_00639|34993575|933790943|N|Movil Abierto|12/09/2012|Activo|Pedido de Cliente|M4|Abierto Elige Todo Emp RD|B2B Movistar Empresas S/48.9|||Activación MB Internacionales|15/05/2023||
SEGMENTO_004|2093894628|CLIENT_00356|289769331|640903857|N|Movil Control|26/10/2025|Activo|Pedido de Cliente|M4|Control Elige Todo Planta C sin Roaming|Plan Elige Todo + C S/ 37.9||||25/10/2025||
SEGMENTO_004|2086851615|CLIENT_00905|455932421|976083247|N|Movil Abierto|20/10/2023|Activo|Pedido de Cliente|Equipo|Abierto Elige Todo Emp RD|B2B Movistar Empresas S/62.9|||Activación MB Internacionales|23/01/2024|22/07/2025|18
SEGMENTO_004|2086851615|CLIENT_00905|70647575|494912237|N|Movil Abierto|25/01/2022|Activo|Pedido de Cliente|M4|Abierto Movistar Libre|RV Plan Ilimitado Mi Movistar S/68.9III|1|Descuento de 50% al plan x 12 meses|Activación MB Internacionales|27/01/2026||
SEGMENTO_004|2086851615|CLIENT_00905|455932421|176083247|N|Movil Abierto|20/10/2023|Activo|Pedido de Cliente|Equipo|Abierto Elige Todo Emp RD|B2B Movistar Empresas S/62.9|||Activación MB Internacionales|23/01/2024|22/07/2025|18
SEGMENTO_004|2006969490|CLIENT_00418|79003575|931637733|N|Movil Abierto|18/04/2011|Activo|Pedido de Cliente|Equipo|Abierto Elige Todo Emp RD|Mi Movistar Empresas S/ 52.9_I|||Activación MB Internacionales|15/07/2024|14/07/2025|12
SEGMENTO_004|2006969490|CLIENT_00418|79003575|223963533|N|Movil Control|06/12/2010|Activo|Pedido de Cliente|Equipo|Control Movistar Libre|Plan Mi Movistar S/55.9 IP|||Activación MB Internacionales|05/11/2024||
SEGMENTO_004|2006969490|CLIENT_00418|79003575|527733873|N|Movil Control|27/08/2015|Activo|Pedido de Cliente|Equipo|Control Movistar Libre|Plan Mi Movistar S/55.9 IP|||Activación MB Internacionales|05/08/2024|04/08/2025|12
SEGMENTO_004|2000414951|CLIENT_00221|305626821|438010057|N|Movil Abierto|22/10/2024|Activo|Pedido de Cliente|M4|Abierto Elige Todo Emp RD|B2B Movistar Empresas S/32|1|Ajuste IP de S/2 x18m RO N°224-2023 B2B |Activación MB Internacionales|06/04/2025||
SEGMENTO_004|2063701019|CLIENT_00709|505324911|249915147|N|Movil Abierto|09/09/2023|Activo|Pedido de Cliente|M4|Abierto Movistar Libre|RV Plan Ilimitado Mi Movistar S/ 69.9 V|1|Descuento de 20% al plan x 12 meses|Activación MB Internacionales|27/05/2026||
SEGMENTO_004|2040008808|CLIENT_00209|30333575|044780043|N|Movil Abierto|13/08/2011|Activo|Pedido de Cliente|Equipo|Abierto Elige Todo Emp RD|Plan Elige Todo+ S/ 66.9||||18/02/2022||
SEGMENTO_004|2018400793|CLIENT_00541|97040575|456624393|N|Movil Abierto|17/02/2017|Activo|Pedido de Cliente|Equipo|Abierto Plan Transitorio TD|Plan Transitorio TD||||17/02/2017||
SEGMENTO_004|2026884680|CLIENT_00626|264187131|478717457|N|Movil Abierto|14/05/2025|Activo|Portabilidad|Equipo|Abierto Elige Todo Emp RD|B2B Movistar Empresas S/ 79.9 IV|||Activación MB Internacionales|12/05/2025|11/11/2026|18
SEGMENTO_004|2047695932|CLIENT_00358|82870575|039153501|N|Movil Abierto|19/09/2022|Suspendido|Robo - Equipo y simcard|M4|Abierto Elige Todo Emp RD|Movistar Empresas S/ 62.9 I|1|Descuento de 50% al plan x 12 meses|Activación MB Internacionales|18/09/2022||
SEGMENTO_004|2047695932|CLIENT_00358|82870575|039153501|N|Movil Abierto|19/09/2022|Suspendido|Robo - Equipo y simcard|M4|Abierto Elige Todo Emp RD|Movistar Empresas S/ 62.9 I|1|Descuento de 50% al plan x 12 meses|Activación MB Internacionales|18/09/2022||
SEGMENTO_004|2080474018|CLIENT_00995|07517575|991544037|N|Movil Abierto|08/04/2022|Activo|Pedido de Cliente|M4|Abierto Elige Todo Emp RD|Mi Movistar Empresas S/ 37.9_IV|||Activación MB Internacionales|07/11/2022||
SEGMENTO_004|2080474018|CLIENT_00995|07517575|492328501|N|Movil Abierto|17/01/2019|Activo|Pedido de Cliente|Equipo|Abierto Elige Todo Emp RD|B2B Movistar Empresas S/42.9|||Activación MB Internacionales|23/11/2024||
SEGMENTO_004|2065059290|CLIENT_00015|671814511|178426527|N|Movil Abierto|05/08/2021|Activo|Pedido de Cliente|Equipo|Abierto Elige Todo Emp RD|Mi Movistar Empresas S/ 52.9 II|||Activación MB Internacionales|10/07/2024|09/07/2025|12
SEGMENTO_004|2065059290|CLIENT_00015|671814511|760703837|N|Movil Control|04/04/2023|Activo|Pedido de Cliente|M4|Control Movistar Libre|Plan Mi Movistar S/36.9 IP26||||04/04/2023||
SEGMENTO_004|2065059290|CLIENT_00015|671814511|178426527|N|Movil Abierto|07/02/2022|Activo|Pedido de Cliente|Equipo|Abierto Elige Todo Emp RD|B2B Movistar Empresas S/32|||Activación MB Internacionales|07/01/2024||
SEGMENTO_004|2028110957|CLIENT_00960|98614575|683070253|N|Movil Abierto|07/01/2013|Activo|Pedido de Cliente|Equipo|Abierto Elige Todo Emp RD|Movistar Empresas S/ 52.9 I|||Activación MB Internacionales|06/08/2024||
SEGMENTO_004|2070960858|CLIENT_00456|244253411|019927957|N|Movil Abierto|24/01/2026|Activo|Pedido de Cliente|Equipo|Abierto Elige Todo Emp RD|B2B Movistar Empresas S/ 85.9|||Activación MB Internacionales|10/02/2026|09/02/2027|12
SEGMENTO_004|2070960858|CLIENT_00456|401913421|259110067|N|Movil Abierto|10/02/2026|Activo|Pedido de Cliente|M4|Abierto Elige Todo Emp RD|B2B Movistar Empresas S/39.9 IV|||Activación MB Internacionales|09/02/2026||
SEGMENTO_004|2070960858|CLIENT_00456|401913421|326927957|N|Movil Abierto|24/01/2026|Activo|Pedido de Cliente|M4|Abierto Elige Todo Emp RD|B2B Movistar Empresas S/59.9 IV|||Activación MB Internacionales|22/01/2026||
SEGMENTO_004|2070960858|CLIENT_00456|401913421|319927957|N|Movil Abierto|24/01/2026|Activo|Pedido de Cliente|M4|Abierto Elige Todo Emp RD|B2B Movistar Empresas S/59.9 IV|||Activación MB Internacionales|22/01/2026||
SEGMENTO_004|2070960858|CLIENT_00456|401913421|389927957|N|Movil Abierto|24/01/2026|Activo|Pedido de Cliente|M4|Abierto Elige Todo Emp RD|B2B Movistar Empresas S/59.9 IV||||22/01/2026||
SEGMENTO_004|2070960858|CLIENT_00456|401913421|940037957|N|Movil Abierto|24/01/2026|Activo|Pedido de Cliente|Equipo|Abierto Elige Todo Emp RD|B2B Movistar Empresas S/ 85.9|||Activación MB Internacionales|10/02/2026|09/02/2027|12
SEGMENTO_004|2070960858|CLIENT_00456|401913421|861037957|N|Movil Abierto|24/01/2026|Activo|Pedido de Cliente|M4|Abierto Elige Todo Emp RD|B2B Movistar Empresas S/59.9 IV|||Activación MB Internacionales|22/01/2026||
SEGMENTO_004|2070960858|CLIENT_00456|244253411|003946067|N|Movil Abierto|20/03/2026|Activo|Pedido de Cliente|M4|Abierto Elige Todo Emp RD|B2B Movistar Empresas S/39.9 IV|||Activación MB Internacionales|19/03/2026||
SEGMENTO_004|2070960858|CLIENT_00456|244253411|726927957|N|Movil Abierto|24/01/2026|Activo|Pedido de Cliente|Equipo|Abierto Elige Todo Emp RD|B2B Movistar Empresas S/ 85.9|||Activación MB Internacionales|10/02/2026|09/02/2027|12
SEGMENTO_004|2070960858|CLIENT_00456|244253411|586927957|N|Movil Abierto|24/01/2026|Activo|Pedido de Cliente|M4|Abierto Elige Todo Emp RD|B2B Movistar Empresas S/59.9 IV|||Activación MB Internacionales|22/01/2026||
SEGMENTO_004|2070960858|CLIENT_00456|244253411|199927957|N|Movil Abierto|24/01/2026|Activo|Pedido de Cliente|M4|Abierto Elige Todo Emp RD|B2B Movistar Empresas S/59.9 IV||||22/01/2026||
SEGMENTO_004|2028110957|CLIENT_00960|98614575|483070253|N|Movil Control|07/01/2013|Activo|Pedido de Cliente|Equipo|Control Movistar Libre|Plan Ilimitado Mi Movistar S/82.9 IP|||Activación MB Internacionales|05/10/2021||
SEGMENTO_004|2046269782|CLIENT_00179|408851011|816731717|N|Movil Abierto|24/02/2020|Activo|Alta Nueva Solo Linea|M4|Abierto Elige Todo Emp RD|Mi Movistar Empresas S/ 41.9 II|||Activación MB Internacionales|15/03/2025||
SEGMENTO_002|2067647278|CLIENT_00078|21761575|829531213|N|Movil Abierto|11/01/2007|Activo|Pedido de Cliente|Equipo|Abierto Elige Todo Emp RD|B2B Movistar Empresas S/ 72.9|||Activación MB Internacionales|15/08/2024||
SEGMENTO_002|2067647278|CLIENT_00078|21761575|381680457|N|Movil Abierto|22/04/2025|Activo|Pedido de Cliente|M4|Abierto Elige Todo Emp RD|B2B Movistar Empresas S/30 IV||||21/04/2025||
SEGMENTO_002|2067647278|CLIENT_00078|21761575|057746343|N|Movil Abierto|21/01/2012|Activo|Negociación Equipo y/o SimCard|Equipo|Abierto Elige Todo Emp RD|B2B Movistar Empresas S/42.9|||Activación MB Internacionales|12/02/2025||
SEGMENTO_002|2067647278|CLIENT_00078|21761575|488531213|N|Movil Abierto|11/01/2007|Activo|Pedido de Cliente|Equipo|Abierto Elige Todo Emp RD|B2B Movistar Empresas S/ 72.9|||Activación MB Internacionales|14/09/2022|13/03/2024|18
SEGMENTO_002|2067647278|CLIENT_00078|21761575|061187963|N|Movil Abierto|05/11/2014|Activo|Pedido de Cliente|Equipo|Abierto Elige Todo Emp RD|Movistar Empresas S/ 45.9 I|||Activación MB Internacionales|15/09/2022|14/03/2024|18
SEGMENTO_002|2067647278|CLIENT_00078|21761575|402521183|N|Movil Abierto|03/12/2015|Activo|Negociación Equipo y/o SimCard|Equipo|Abierto Elige Todo Emp RD|B2B Movistar Empresas S/ 72.9|||Activación MB Internacionales|18/08/2024||
SEGMENTO_002|2067647278|CLIENT_00078|21761575|050521183|N|Movil Abierto|03/12/2015|Activo|Pedido de Cliente|Equipo|Abierto Elige Todo Emp RD|Movistar Empresas S/ 45.9 I||||15/09/2022|14/03/2024|18
SEGMENTO_004|2045309501|CLIENT_00511|03074575|854215713|N|Movil Abierto|12/12/2007|Activo|Negociación Equipo y/o SimCard|Equipo|Abierto Elige Todo Emp RD|Mi Movistar Empresas S/ 82.9|||Activación MB Internacionales|23/07/2020|22/01/2022|18
SEGMENTO_004|2005357307|CLIENT_00223|619846321|878242147|N|Movil Abierto|09/09/2005|Activo|Cambio de Titularidad APC|Equipo|Abierto Elige Todo Emp RD|Plan Elige Todo+ S/ 100.90|||Activación MB Internacionales|25/11/2023||
SEGMENTO_004|2005357307|CLIENT_00223|619846321|040684547|N|Movil Abierto|18/03/2024|Activo|Pedido de Cliente|M4|Abierto Elige Todo Emp RD|B2B Movistar Empresas S/ 72.9|||Activación MB Internacionales|04/04/2024||
SEGMENTO_004|2048797474|CLIENT_00043|13548316|575366067|N|Movil Abierto|23/03/2026|Activo|Pedido de Cliente|M4|Abierto Elige Todo Emp RD|B2B Movistar Empresas S/30 IV||||22/03/2026||
SEGMENTO_004|2085420441|CLIENT_00762|34542575|044822823|N|Movil Abierto|26/09/2009|Activo|Pedido de Cliente|Equipo|Abierto Elige Todo Emp RD|Plan Elige Todo+ S/ 45.90|1|Descuento de 30% al plan||01/08/2024||
SEGMENTO_004|2085420441|CLIENT_00762|34542575|447425313|N|Movil Abierto|30/04/2007|Activo|Negociación Equipo y/o SimCard|Equipo|Abierto Elige Todo Emp RD|B2B Movistar Empresas S/37.9|||Activación MB Internacionales|15/03/2025||
SEGMENTO_002|2039216584|CLIENT_00936|83340575|161144943|N|Movil Prepago|24/09/2012|Activo|Pedido de Cliente|Equipo|Prepago Tarifa Unica CORP|||||05/03/2024||
SEGMENTO_002|2039216584|CLIENT_00936|83340575|161144943|N|Movil Prepago|24/09/2012|Activo|Pedido de Cliente|Equipo|Prepago Tarifa Unica CORP|||||05/03/2024||
SEGMENTO_002|2039216584|CLIENT_00936|83340575|161144943|N|Movil Prepago|24/09/2012|Activo|Pedido de Cliente|Equipo|Prepago Tarifa Unica CORP|||||05/03/2024||
SEGMENTO_002|2039216584|CLIENT_00936|83340575|161144943|N|Movil Prepago|24/09/2012|Activo|Pedido de Cliente|Equipo|Prepago Tarifa Unica CORP|||||05/03/2024||
SEGMENTO_002|2039216584|CLIENT_00936|83340575|161144943|N|Movil Prepago|24/09/2012|Activo|Pedido de Cliente|Equipo|Prepago Tarifa Unica CORP|||||05/03/2024||
SEGMENTO_002|2039216584|CLIENT_00936|83340575|161144943|N|Movil Prepago|24/09/2012|Activo|Pedido de Cliente|Equipo|Prepago Tarifa Unica CORP|||||05/03/2024||
SEGMENTO_002|1042311948|CLIENT_00722|68154575|480054063|N|Movil Abierto|18/11/2013|Activo|Pedido de Cliente|Equipo|Abierto Elige Todo Emp RD|Mi Movistar Empresas S/ 52.9_I|||Activación MB Internacionales|25/07/2024|24/01/2026|18
SEGMENTO_004|2039576863|CLIENT_00191|316013031|656135257|N|Movil Abierto|22/10/2024|Activo|Negociación Equipo y/o SimCard|M4|Abierto Elige Todo Emp RD|B2B Movistar Empresas S/30 IV|||Activación MB Internacionales|19/02/2026||
SEGMENTO_004|2039576863|CLIENT_00191|33969485|830969947|N|Movil Abierto|21/10/2024|Activo|Pedido de Cliente|M4|Abierto Elige Todo Emp RD|B2B Movistar Empresas S/32|2|Descuento de 20% al plan x 12 meses|Activación MB Internacionales|26/05/2026||
SEGMENTO_004|2050766085|CLIENT_00699|994931321|569464047|N|Movil Abierto|20/07/2023|Activo|Pedido de Cliente|M4|Abierto Elige Todo Emp RD|B2B Movistar Empresas S/32||||16/07/2023||
SEGMENTO_002|2045175160|CLIENT_00740|08960575|038324703|N|Movil Abierto|20/12/2019|Activo|Pedido de Cliente|Equipo|Abierto Elige Todo Emp RD|Movistar Empresas S/ 45.9 I|||Activación MB Internacionales|17/12/2024|16/12/2025|12
SEGMENTO_002|2045175160|CLIENT_00740|08960575|038324703|N|Movil Abierto|22/11/1995|Activo|Pedido de Cliente|Equipo|Abierto Elige Todo Emp RD|Movistar Empresas S/ 45.9 I|||Activación MB Internacionales|17/02/2023|16/08/2024|18
SEGMENTO_002|2045175160|CLIENT_00740|08960575|038324703|N|Movil Abierto|20/04/2005|Activo|Pedido de Cliente|Equipo|Abierto Elige Todo Emp RD|Movistar Empresas S/ 45.9 I|||Activación MB Internacionales|17/12/2024|16/12/2025|12
SEGMENTO_002|2045175160|CLIENT_00740|08960575|038324703|N|Movil Abierto|20/12/2019|Activo|Pedido de Cliente|Equipo|Abierto Elige Todo Emp RD|Movistar Empresas S/ 45.9 I|||Activación MB Internacionales|17/12/2024|16/12/2025|12
SEGMENTO_004|2078183391|CLIENT_00870|132543231|621246557|N|Movil Abierto|18/06/2025|Activo|Pedido de Cliente|M4|Abierto Elige Todo Emp RD|B2B Movistar Empresas S/ 69.9 IV|||Activación MB Internacionales|16/06/2025||
SEGMENTO_002|2096447129|CLIENT_00321|93461575|390109501|N|Movil Abierto|26/02/2019|Activo|Negociación Equipo y/o SimCard|Equipo|Abierto Elige Todo Emp RD|Plan Elige Todo+ S/ 66.9|||Activación MB Internacionales|07/11/2023|06/05/2025|18
SEGMENTO_002|2096447129|CLIENT_00321|93461575|390109501|N|Movil Abierto|26/02/2019|Activo|Pedido de Cliente|M4|Abierto Elige Todo Emp RD|Plan Elige Todo+ S/ 66.9|||Activación MB Internacionales|25/12/2023||
SEGMENTO_002|2096447129|CLIENT_00321|13461575|371977173|N|Movil Abierto|28/01/2015|Activo|Pedido de Cliente|Equipo|Abierto Elige Todo Emp RD|Plan Elige Todo+ S/ 56.90||||26/12/2023||
SEGMENTO_002|2096447129|CLIENT_00321|13461575|528114673|N|Movil Abierto|18/06/2015|Activo|Pedido de Cliente|Equipo|Abierto Elige Todo Emp RD|Plan Elige Todo+ S/ 56.90||||26/12/2023||
SEGMENTO_004|2057929173|CLIENT_00899|232251311|919916247|N|Movil Abierto|30/10/2023|Activo|Pedido de Cliente|M4|Abierto Elige Todo Emp RD|Mi Movistar Empresas S/ 72.9 III|1|Descuento de 20% al plan x 12 meses|Activación MB Internacionales|26/05/2026||
SEGMENTO_004|2057929173|CLIENT_00899|232251311|641460227|N|Movil Abierto|24/09/2020|Activo|Negociación Equipo y/o SimCard|Equipo|Abierto Elige Todo Emp RD|Mi Movistar Empresas S/ 77.9 I|||Activación MB Internacionales|04/02/2026|03/08/2027|18
SEGMENTO_004|2088634271|CLIENT_00692|494446131|828572067|N|Movil Abierto|25/02/2026|Activo|Pedido de Cliente|M4|Abierto Elige Todo Emp RD|B2B Movistar Empresas S/30 IV|||Activación MB Internacionales|24/02/2026||
SEGMENTO_004|2090103192|CLIENT_00254|13083575|742969543|N|Movil Control|05/05/2012|Activo|Negociación Equipo y/o SimCard|Equipo|Control Caribu Movistar Libre|Plan Ahorro Mi Movistar S/31.9 VI|||Activación MB Internacionales|28/02/2025||
SEGMENTO_004|2044062182|CLIENT_00560|55692195|027899537|N|Movil Control|22/12/2022|Activo|Cobranza Manual con Cargo|M4|Control Caribu Movistar Libre|Plan Ahorro Mi Movistar S/33.9 V|||Activación MB Internacionales|17/10/2023||
SEGMENTO_004|2080713308|CLIENT_00225|26052575|075594063|N|Movil Abierto|20/11/2013|Activo|Pedido de Cliente|M4|Abierto Elige Todo Emp RD|Movistar Empresas S/ 41.9 I|||Activación MB Internacionales|29/05/2023||
SEGMENTO_004|2083750866|CLIENT_00903|556834021|971289337|N|Movil Abierto|18/09/2022|Activo|Pedido de Cliente|M4|Abierto Elige Todo Emp RD|Mi Movistar Empresas S/ 48.9_IV|||Activación MB Internacionales|16/03/2025||
SEGMENTO_004|2036822926|CLIENT_00194|88087575|786761601|N|Movil Control|07/10/2019|Activo|Pedido de Cliente|M4|Control Movistar Libre|Plan Mi Movistar S/ 42.9 IP|||Activación MB Internacionales|15/08/2021||
SEGMENTO_004|2083487599|CLIENT_00850|87302575|836762623|N|Movil Abierto|30/05/2009|Activo|Pedido de Cliente|Equipo|Abierto Elige Todo Emp RD|Plan Elige Todo+ S/ 66.9||||24/06/2022||
SEGMENTO_004|2083487599|CLIENT_00850|87302575|681475163|N|Movil Abierto|27/12/2013|Activo|Pedido de Cliente|Equipo|Abierto Elige Todo Emp RD|Mi Movistar Empresas S/ 52.9 II|||Activación MB Internacionales|28/09/2022|27/03/2024|18
SEGMENTO_004|2071082447|CLIENT_00987|34612575|745692323|N|Movil Abierto|20/09/2008|Activo|Pedido de Cliente|Equipo|Abierto Elige Todo Emp RD|Movistar Empresas S/ 29.9 I|||Activación MB Internacionales|10/03/2025||
SEGMENTO_004|2071082447|CLIENT_00987|34612575|405692323|N|Movil Abierto|20/09/2008|Suspendido|Robo - Equipo y simcard|M4|Abierto Elige Todo Emp RD|Plan Elige Todo+ S/ 45.90||||25/01/2020||
SEGMENTO_004|2045425222|CLIENT_00363|847321321|306770047|N|Movil Control|27/06/2023|Activo|Negociación Equipo y/o SimCard|M4|Control Movistar Libre|RV Plan Mi Movistar S/33.9 V|||Activación MB Internacionales|28/07/2024||
SEGMENTO_004|2036119586|CLIENT_00605|07063575|845904101|N|Movil Control|08/02/2018|Activo|Pedido de Cliente|M4|Control Elige + CORP|Plan Elige más S/51.9||||08/02/2018||
SEGMENTO_004|2077292308|CLIENT_00945|380329421|311026347|N|Movil Control|19/12/2023|Activo|Pedido de Cliente|Equipo|Control Movistar Libre|RV Plan Mi Movistar S/31.9 VI|||Activación MB Internacionales|19/09/2025|18/09/2026|12
SEGMENTO_004|2094037394|CLIENT_00744|91516575|143072613|N|Movil Abierto|09/10/2007|Activo|Pedido de Cliente|Equipo|Abierto Elige Todo Emp RD|Ilimitado Mi Movistar E S/83.9|||Activación MB Internacionales|16/04/2021|15/10/2022|18
SEGMENTO_004|2017913151|CLIENT_00482|626911331|596078657|N|Movil Abierto|16/08/2025|Activo|Pedido de Cliente|M4|Abierto líneas adicionales B2B|B2B Líneas adicionales S/39.9|1|Bono ilim líneas adicionales V.R.S/ 39.9||15/08/2025||
SEGMENTO_004|2017913151|CLIENT_00482|626911331|242968657|N|Movil Abierto|16/08/2025|Activo|Pedido de Cliente|Equipo|Abierto líneas adicionales B2B|B2B Líneas adicionales S/39.9|1|Bono ilim líneas adicionales V.R.S/ 39.9|Activación MB Internacionales|25/08/2025|24/08/2026|12
SEGMENTO_004|2013870601|CLIENT_00098|37026575|484984303|N|Movil Abierto|07/08/2002|Activo|Negociación Equipo y/o SimCard|Equipo|Abierto Elige + CORP|Plan Elige más S/ 119.90 I|1|Descuento de 20% al plan x 12 meses|Activación MB Internacionales|30/03/2019|30/09/2020|18
SEGMENTO_004|2078183391|CLIENT_00870|132543231|421246557|N|Movil Abierto|18/06/2025|Activo|Pedido de Cliente|M4|Abierto Elige Todo Emp RD|B2B Movistar Empresas S/ 69.9 IV|||Activación MB Internacionales|16/06/2025||
SEGMENTO_004|2051947639|CLIENT_00103|62947575|211702203|N|Movil Abierto|28/02/2000|Activo|Pedido de Cliente|Equipo|Abierto Elige Todo Emp RD|Plan Elige Todo+ S/ 139.90||||30/03/2021||
SEGMENTO_002|2045175160|CLIENT_00740|08960575|038324703|N|Movil Abierto|20/12/2019|Activo|Pedido de Cliente|Equipo|Abierto Elige Todo Emp RD|Movistar Empresas S/ 62.9 I|||Activación MB Internacionales|17/12/2024|16/12/2025|12
SEGMENTO_002|2024654901|CLIENT_00714|86944575|807012493|N|Movil Abierto|13/11/2025|Activo|Pedido de Cliente|Equipo|Abierto Elige Todo Emp RD|B2B_movistar Empresas S/.30|||Activación MB Internacionales|12/11/2025|11/05/2027|18
SEGMENTO_002|2024654901|CLIENT_00714|86944575|807012493|N|Movil Abierto|24/03/2017|Activo|Pedido de Cliente|Equipo|Abierto Elige Todo Emp RD|B2B Movistar Empresas S/34.9|||Activación MB Internacionales|05/06/2025|04/12/2026|18
SEGMENTO_002|2024654901|CLIENT_00714|86944575|807012493|N|Movil Abierto|20/11/2025|Activo|Pedido de Cliente|Equipo|Abierto Elige Todo Emp RD|B2B_movistar Empresas S/.149.9|||Activación MB Internacionales|20/11/2025|19/05/2027|18
SEGMENTO_002|2024654901|CLIENT_00714|86944575|807012493|N|Movil Abierto|24/03/2017|Activo|Pedido de Cliente|Equipo|Abierto Elige Todo Emp RD|B2B Movistar Empresas S/119.9|||Activación MB Internacionales|25/08/2025|24/08/2026|12
SEGMENTO_002|2024654901|CLIENT_00714|89444995|469140847|N|Movil Abierto|20/07/2024|Activo|Negociación Equipo y/o SimCard|Equipo|Abierto Elige Todo Emp RD|B2B Movistar Empresas S/ 72.9|||Activación MB Internacionales|16/07/2024|23/08/2025|12
SEGMENTO_004|2033295502|CLIENT_00513|159921021|977833337|N|Movil Control|09/05/2021|Activo|Pedido de Cliente|M4|Control Movistar Libre|RV Plan Mi Movistar S/40.9 III IP|1|Descuento de 50% al plan x 12 meses|Activación MB Internacionales|12/03/2026||
SEGMENTO_004|2033295502|CLIENT_00513|159921021|240297637|N|Movil Abierto|30/01/2023|Activo|Pedido de Cliente|M4|Abierto Elige Todo Emp RD|Movistar Empresas S/ 34.9 I|1|Descuento de 50% al plan x 12 meses|Activación MB Internacionales|26/01/2026||
SEGMENTO_002|2072690831|CLIENT_00802|185733721|127529747|N|Movil Abierto|16/07/2024|Suspendido|Robo - Equipo y simcard|Equipo|Abierto Elige Todo Emp RD|B2B Movistar Empresas S/42.9|1|Descuento de 50% al plan x 18m|Activación MB Internacionales|23/08/2024|22/02/2026|18
SEGMENTO_004|2020585312|CLIENT_00189|415645531|921296067|N|Movil Abierto|23/03/2026|Activo|Pedido de Cliente|M4|Abierto Elige Todo Emp RD|B2B Movistar Empresas S/30 IV|||Activación MB Internacionales|22/03/2026||
SEGMENTO_004|2020585312|CLIENT_00189|415645531|416686067|N|Movil Abierto|23/03/2026|Activo|Pedido de Cliente|M4|Abierto Elige Todo Emp RD|B2B Movistar Empresas S/30 IV|||Activación MB Internacionales|22/03/2026||
SEGMENTO_004|2064617159|CLIENT_00426|88341575|044950993|N|Movil Abierto|05/04/2017|Corte|Pedido de Cliente|M4|Abierto Vuela Empresas BP|Plan Vuela BP S/ 45.9||||05/04/2017||
SEGMENTO_004|2064617159|CLIENT_00426|88341575|044950993|N|Movil Control|07/07/2016|Corte|Pedido de Cliente|M4|Control Vuela Ahorro CORP|Plan Vuela Ahorro S/ 59.9 C IP|1|Bono 3GB (VR S/25.34)||07/07/2016||
SEGMENTO_004|2022190206|CLIENT_00446|32721575|796471423|N|Movil Abierto|21/01/2009|Activo|Pedido de Cliente|Equipo|Abierto Elige Todo Emp RD|Plan Elige Todo+ S/ 56.90|1|Descuento de 10% al plan||26/03/2021||
SEGMENTO_004|2059054819|CLIENT_00448|80625606|910326947|N|Movil Abierto|04/10/2024|Activo|Pedido de Cliente|M4|Abierto Elige Todo Emp RD|B2B Movistar Empresas S/32|1|Ajuste IP de S/2 x18m RO N°224-2023 B2B |Activación MB Internacionales|17/02/2025||
SEGMENTO_004|2011067330|CLIENT_00113|336038121|033224167|N|Movil Abierto|13/05/2026|Activo|Pedido de Cliente|M4|Abierto Elige Todo Emp RD|B2B Movistar Empresas S/ 69.9 IV|1|Descuento de 50% al plan x 12 meses|Activación MB Internacionales|11/05/2026||
SEGMENTO_004|2011067330|CLIENT_00113|336038121|536044067|N|Movil Abierto|07/03/2026|Activo|Pedido de Cliente|M4|Abierto Elige Todo Emp RD|Movistar Empresas S/ 34.9_I||||06/03/2026||
SEGMENTO_002|2091198935|CLIENT_00319|25242575|430017301|N|Movil Abierto|30/09/2009|Activo|Pedido de Cliente|Equipo|Abierto Elige Todo Emp RD|B2B Movistar Empresas S/ 72.9|2|Descuento de 50% al plan x 3 meses|Activación MB Internacionales|04/05/2026||
SEGMENTO_002|2091198935|CLIENT_00319|25242575|430017301|N|Movil Abierto|30/09/2009|Activo|Negociación Equipo y/o SimCard|Equipo|Abierto Elige Todo Emp RD|B2B Movistar Empresas S/ 72.9|2|Descuento de 50% al plan x 3 meses|Activación MB Internacionales|13/11/2019|12/05/2021|18
SEGMENTO_002|2091198935|CLIENT_00319|25242575|430017301|N|Movil Abierto|27/09/2013|Activo|Pedido de Cliente|Equipo|Abierto Elige Todo Emp RD|B2B Movistar Empresas S/ 72.9|2|Descuento de 50% al plan x 3 meses|Activación MB Internacionales|13/11/2019|12/05/2021|18
SEGMENTO_002|2091198935|CLIENT_00319|25242575|430017301|N|Movil Abierto|30/09/2009|Activo|Negociación Equipo y/o SimCard|Equipo|Abierto Elige Todo Emp RD|B2B Movistar Empresas S/ 72.9|2|Descuento de 50% al plan x 3 meses|Activación MB Internacionales|04/05/2026||
SEGMENTO_002|2091198935|CLIENT_00319|25242575|430017301|N|Movil Abierto|30/09/2009|Activo|Negociación Equipo y/o SimCard|Equipo|Abierto Elige Todo Emp RD|B2B Movistar Empresas S/ 72.9|2|Descuento de 50% al plan x 3 meses|Activación MB Internacionales|04/05/2026||
SEGMENTO_002|2091198935|CLIENT_00319|25242575|430017301|N|Movil Abierto|30/09/2009|Activo|Pedido de Cliente|Equipo|Abierto Elige Todo Emp RD|Mi Movistar Empresas S/ 90.9 I|||Activación MB Internacionales|13/11/2019|12/05/2021|18
SEGMENTO_002|2091198935|CLIENT_00319|25242575|430017301|N|Movil Abierto|23/11/2017|Activo|Pedido de Cliente|M4|Abierto Elige Todo Emp RD|B2B Movistar Empresas S/ 72.9|2|Descuento de 50% al plan x 3 meses|Activación MB Internacionales|04/05/2026||
SEGMENTO_002|2091198935|CLIENT_00319|25242575|430017301|N|Movil Abierto|23/11/2017|Activo|Pedido de Cliente|M4|Abierto Elige Todo Emp RD|B2B Movistar Empresas S/ 72.9|2|Descuento de 50% al plan x 3 meses|Activación MB Internacionales|03/06/2026||
SEGMENTO_002|2091198935|CLIENT_00319|25242575|430017301|N|Movil Abierto|16/08/2013|Activo|Pedido de Cliente|Equipo|Abierto Elige Todo Emp RD|B2B Movistar Empresas S/ 72.9|1|Ajuste IP de S/3 x18m RO N°224-2023 B2B |Activación MB Internacionales|13/11/2019|12/05/2021|18
SEGMENTO_002|2091198935|CLIENT_00319|25242575|430017301|N|Movil Abierto|23/11/2020|Activo|Pedido de Cliente|M4|Abierto Elige Todo Emp RD|B2B Movistar Empresas S/ 72.9|2|Descuento de 50% al plan x 3 meses|Activación MB Internacionales|04/05/2026||
SEGMENTO_002|2091198935|CLIENT_00319|25242575|430017301|N|Movil Abierto|16/02/2023|Activo|Pedido de Cliente|Equipo|Abierto Elige Todo Emp RD|B2B Movistar Empresas S/ 72.9|2|Descuento de 50% al plan x 3 meses|Activación MB Internacionales|15/02/2023|14/08/2024|18
SEGMENTO_002|2091198935|CLIENT_00319|25242575|430017301|N|Movil Abierto|29/04/2022|Activo|Pedido de Cliente|Equipo|Abierto Elige Todo Emp RD|Mi Movistar Empresas S/ 90.9 I|1|Descuento de 50% al plan x 3 meses|Activación MB Internacionales|28/04/2022|27/10/2023|18
SEGMENTO_002|2091198935|CLIENT_00319|25242575|430017301|N|Movil Abierto|30/04/2018|Activo|Pedido de Cliente|Equipo|Abierto Elige Todo Emp RD|B2B Movistar Empresas S/ 72.9|2|Descuento de 50% al plan x 3 meses|Activación MB Internacionales|04/05/2026||
SEGMENTO_002|2091198935|CLIENT_00319|25242575|430017301|N|Movil Abierto|05/07/2011|Activo|Pedido de Cliente|Equipo|Abierto Elige Todo Emp RD|B2B Movistar Empresas S/ 72.9|2|Descuento de 50% al plan x 3 meses|Activación MB Internacionales|13/11/2019|12/05/2021|18
SEGMENTO_002|2091198935|CLIENT_00319|25242575|430017301|N|Movil Abierto|13/11/2019|Activo|Alta Nueva solo SIM|Equipo|Abierto Elige Todo Emp RD|B2B Movistar Empresas S/ 72.9|2|Descuento de 50% al plan x 3 meses|Activación MB Internacionales|12/11/2019|11/05/2021|18
SEGMENTO_002|2091198935|CLIENT_00319|25242575|430017301|N|Movil Abierto|30/09/2009|Activo|Pedido de Cliente|Equipo|Abierto Elige Todo Emp RD|Mi Movistar Empresas S/ 90.9 I|||Activación MB Internacionales|28/03/2023|27/09/2024|18
SEGMENTO_002|2091198935|CLIENT_00319|25242575|430017301|N|Movil Abierto|30/09/2009|Activo|Pedido de Cliente|Equipo|Abierto Elige Todo Emp RD|B2B Movistar Empresas S/ 72.9|2|Descuento de 50% al plan x 3 meses|Activación MB Internacionales|04/05/2026||
SEGMENTO_002|2091198935|CLIENT_00319|25242575|929982823|N|Movil Abierto|30/09/2009|Activo|Negociación Equipo y/o SimCard|Equipo|Abierto Elige Todo Emp RD|B2B Movistar Empresas S/ 72.9|2|Descuento de 50% al plan x 3 meses|Activación MB Internacionales|28/03/2023|27/09/2024|18
SEGMENTO_002|2091198935|CLIENT_00319|25242575|430017301|N|Movil Abierto|30/04/2018|Activo|Pedido de Cliente|M4|Abierto Elige Todo Emp RD|B2B Movistar Empresas S/ 72.9|2|Descuento de 50% al plan x 3 meses|Activación MB Internacionales|03/06/2026||
SEGMENTO_002|2091198935|CLIENT_00319|25242575|430017301|N|Movil Abierto|30/04/2018|Activo|Pedido de Cliente|Equipo|Abierto Elige Todo Emp RD|B2B Movistar Empresas S/ 72.9|2|Descuento de 50% al plan x 3 meses|Activación MB Internacionales|13/11/2019|12/05/2021|18
SEGMENTO_004|2098378939|CLIENT_00598|21702575|045722493|N|Movil Abierto|23/09/1996|Activo|Pedido de Cliente|Equipo|Abierto Elige Todo Emp RD|Mi Movistar Empresas S/ 90.9|1|Descuento de 20% al plan x 12 meses|Activación MB Internacionales|26/05/2026||
SEGMENTO_002|2053149169|CLIENT_00413|660219921|299069157|N|Movil Abierto|27/01/2025|Activo|Pedido de Cliente|M4|Abierto Elige Todo Emp RD|B2B Movistar Empresas S/199.9 IV|||Activación MB Internacionales|09/02/2025||
SEGMENTO_004|2071395567|CLIENT_00118|491813321|801947067|N|Movil Abierto|27/03/2026|Activo|Pedido de Cliente|M4|Abierto Elige Todo Emp RD|B2B Movistar Empresas S/ 69.9 IV|1|Descuento de 50% al plan x 12 meses|Activación MB Internacionales|26/03/2026||
SEGMENTO_004|2071395567|CLIENT_00118|491813321|475225047|N|Movil Abierto|25/07/2023|Activo|Portabilidad|M4|Abierto Elige Todo Emp RD|B2B Movistar Empresas S/58.9|||Activación MB Internacionales|08/11/2024||
SEGMENTO_004|2071395567|CLIENT_00118|491813321|475225047|N|Movil Abierto|25/07/2023|Activo|Portabilidad|Equipo|Abierto Elige Todo Emp RD|B2B Movistar Empresas S/58.9|||Activación MB Internacionales|20/07/2023|19/01/2025|18
SEGMENTO_004|2092314059|CLIENT_00618|55685575|060321093|N|Movil Abierto|26/10/2016|Activo|Pedido de Cliente|Equipo|Abierto Elige Todo Emp RD|Plan Elige Todo+ S/ 66.9|1|Descuento de 30% al plan||15/10/2022|14/10/2023|12
SEGMENTO_003|2036631349|CLIENT_00307|52860575|701325033|N|Movil Control|15/02/2010|Activo|Cobranza - Reactivación Manual sin Cargo|Equipo|Control Caribu Elige + CORP|Plan Ahorro Elige mas S/ 42.90||||20/05/2022||
SEGMENTO_004|2030767470|CLIENT_00784|79916575|769740973|N|Movil Abierto|30/09/2015|Activo|Pedido de Cliente|Equipo|Abierto Elige Todo Emp|Plan Elige Todo + S/ 31.9|1|Descuento de 30% al plan x 12 meses||03/02/2026||
SEGMENTO_003|2079138145|CLIENT_00735|518611911|652236137|N|Movil Abierto|07/06/2022|Corte|Cobranza - Suspensión Total|Equipo|Abierto Elige Todo Emp RD|Mi Movistar Empresas S/ 90.9|1|Descuento de 10% al plan x 18m||01/06/2022|30/11/2023|18
SEGMENTO_004|2046969172|CLIENT_00607|22121575|281342233|N|Movil Abierto|28/05/2010|Activo|Pedido de Cliente|Equipo|Abierto Elige Todo Emp RD|B2B Movistar Empresas S/32|||Activación MB Internacionales|05/10/2024||
SEGMENTO_004|2040677842|CLIENT_00666|966296531|342129067|N|Movil Abierto|08/04/2026|Activo|Pedido de Cliente|M4|Abierto Elige Todo Emp RD|B2B Movistar Empresas S/30 IV|||Activación MB Internacionales|07/04/2026||
SEGMENTO_002|2006121666|CLIENT_00662|645070911|869999637|N|BAM|10/04/2023|Activo|Alta Nueva Equipo + SIM|Equipo|BAM Empresas|Plan Internet de Teletrabajo S/155||||10/04/2023|09/10/2024|18
SEGMENTO_002|2006121666|CLIENT_00662|645070911|869999637|N|BAM|10/02/2023|Activo|Pedido de Cliente|Equipo|BAM Empresas|Plan Internet de Teletrabajo S/155||||09/02/2023|08/08/2024|18
SEGMENTO_002|2006121666|CLIENT_00662|567037021|867895437|N|BAM|27/02/2023|Activo|Pedido de Cliente|M4|BAM Empresas|Plan Internet de Teletrabajo S/155||||27/02/2023||
SEGMENTO_002|2006121666|CLIENT_00662|567037021|867895437|N|BAM|27/02/2023|Activo|Pedido de Cliente|M4|BAM Empresas|Plan Internet de Teletrabajo S/155||||27/02/2023||
SEGMENTO_002|2006121666|CLIENT_00662|567037021|867895437|N|BAM|18/10/2022|Activo|Alta Nueva Equipo + SIM|Equipo|BAM Empresas|Plan Internet de Teletrabajo S/100||||15/10/2022|14/04/2024|18
SEGMENTO_002|2006121666|CLIENT_00662|567037021|867895437|N|BAM|18/10/2022|Activo|Alta Nueva Equipo + SIM|Equipo|BAM Empresas|Plan Internet de Teletrabajo S/100||||15/10/2022|14/04/2024|18
SEGMENTO_002|2006121666|CLIENT_00662|567037021|867895437|N|Movil Abierto|16/05/2023|Activo|Pedido de Cliente|M4|Abierto Elige Todo Emp RD|B2B Movistar Empresas S/ 72.9|||Activación MB Internacionales|02/04/2024||
SEGMENTO_004|2003740540|CLIENT_00568|36984575|533151601|N|Movil Abierto|19/09/2019|Activo|Reconexión Corte APC|Equipo|Abierto Elige Todo Emp RD|Plan Elige Todo+ S/ 94.90||||19/09/2019|01/03/2023|18
SEGMENTO_004|2074987251|CLIENT_00276|493801631||N|Movil Abierto|18/05/2026|Activo|Pedido de Cliente|Equipo|Abierto Elige Todo Emp RD|B2B Movistar Empresas S/ 79.9 IV|||Activación MB Internacionales|18/05/2026|17/05/2027|12
SEGMENTO_004|2026613493|CLIENT_00916|13004575|815730513|N|Movil Control|30/07/2007|Activo|Pedido de Cliente|Equipo|Control Elige +|Plan Elige más S/ 104.90 II|1|Descuento de 30% al plan x 12 meses|Activación MB Internacionales|14/01/2021|13/07/2022|18
SEGMENTO_002|2091198935|CLIENT_00319|25242575|430017301|N|Movil Abierto|30/04/2018|Activo|Pedido de Cliente|Equipo|Abierto Elige Todo Emp RD|B2B Movistar Empresas S/ 72.9|2|Descuento de 50% al plan x 3 meses|Activación MB Internacionales|04/05/2026||
SEGMENTO_002|2091198935|CLIENT_00319|25242575|430017301|N|Movil Abierto|30/04/2018|Activo|Pedido de Cliente|Equipo|Abierto Elige Todo Emp RD|B2B Movistar Empresas S/ 72.9|2|Descuento de 50% al plan x 3 meses|Activación MB Internacionales|13/11/2019|12/05/2021|18
SEGMENTO_002|2091198935|CLIENT_00319|25242575|430017301|N|Movil Abierto|04/12/2015|Activo|Pedido de Cliente|Equipo|Abierto Elige Todo Emp RD|B2B Movistar Empresas S/ 72.9|2|Descuento de 50% al plan x 3 meses|Activación MB Internacionales|04/05/2026||
SEGMENTO_002|2091198935|CLIENT_00319|25242575|430017301|N|Movil Abierto|02/10/2014|Activo|Pedido de Cliente|Equipo|Abierto Elige Todo Emp RD|B2B Movistar Empresas S/ 72.9|2|Descuento de 50% al plan x 3 meses|Activación MB Internacionales|04/05/2026||
SEGMENTO_002|2091198935|CLIENT_00319|25242575|430017301|N|Movil Abierto|30/09/2009|Activo|Pedido de Cliente|Equipo|Abierto Elige Todo Emp RD|B2B Movistar Empresas S/ 72.9|2|Descuento de 50% al plan x 3 meses|Activación MB Internacionales|13/11/2019|12/05/2021|18
SEGMENTO_004|2000279692|CLIENT_00168|00612575|012765237|N|Movil Abierto|13/08/2009|Activo|Cobranza Manual con Cargo|Equipo|Abierto Elige Todo Emp RD|Mi Movistar Empresas S/ 90.9 I|||Activación MB Internacionales|31/05/2022|08/02/2024|18
SEGMENTO_004|2000279692|CLIENT_00168|00612575|739030747|N|Movil Abierto|31/05/2024|Activo|Pedido de Cliente|Equipo|Abierto Elige Todo Emp RD|B2B Movistar Empresas S/ 72.9|||Activación MB Internacionales|30/05/2024|29/05/2025|12
SEGMENTO_004|2082639572|CLIENT_00284|697374231|986028557|N|Movil Abierto|25/06/2025|Activo|Pedido de Cliente|M4|Abierto Elige Todo Emp RD|B2B Movistar Empresas S/30 IV|||Activación MB Internacionales|24/06/2025||
SEGMENTO_004|2082639572|CLIENT_00284|697374231|179918557|N|Movil Abierto|25/06/2025|Activo|Pedido de Cliente|M4|Abierto líneas adicionales B2B|B2B Líneas adicionales S/39.9|1|Bono ilim líneas adicionales V.R.S/ 39.9|Activación MB Internacionales|25/06/2025||
SEGMENTO_004|2082639572|CLIENT_00284|697374231|629028557|N|Movil Abierto|25/06/2025|Activo|Pedido de Cliente|M4|Abierto líneas adicionales B2B|B2B Líneas adicionales S/39.9|1|Bono ilim líneas adicionales V.R.S/ 39.9||25/06/2025||
SEGMENTO_004|2077915409|CLIENT_00992|708407031|813111357|N|Movil Control|13/03/2025|Activo|Pedido de Cliente|M4|Control Movistar Libre|RV Plan Mi Movistar S/29.9 VII|||Activación MB Internacionales|13/03/2025||
SEGMENTO_004|2066708502|CLIENT_00083|06594575|903148513|N|Movil Abierto|16/09/2007|Activo|Pedido de Cliente|Equipo|Abierto Elige Todo Emp RD|Mi Movistar Empresas S/ 62.90 III|||Activación MB Internacionales|12/10/2022|11/04/2024|18
SEGMENTO_004|2015336861|CLIENT_00247|53941575|362083123|N|Movil Control|22/06/2008|Activo|Cobranza Manual con Cargo|M4|Control Elige Todo Planta C sin Roaming|Plan Elige Todo + C S/ 45.9||||10/03/2020||
SEGMENTO_004|2016855055|CLIENT_00971|67050575|184510003|N|Movil Control|24/05/1993|Activo|Pedido de Cliente|Equipo|Control Elige Todo Planta C sin Roaming|Plan Elige Todo + C S/ 37.9|1|Descuento de 30% al plan x 12 meses||26/01/2026||
SEGMENTO_004|2011082543|CLIENT_00782|590073821|956616947|N|Movil Abierto|02/10/2024|Activo|Pedido de Cliente|M4|Abierto Elige Todo Emp RD|B2B Movistar Empresas S/32|1|Ajuste IP de S/2 x18m RO N°224-2023 B2B ||31/03/2025||
SEGMENTO_004|2054807394|CLIENT_00152|54754575|268922001|N|Movil Control|18/12/2017|Activo|Pedido de Cliente|M4|Control Elige Todo Emp con Roaming|Plan Elige Todo + C S/ 66.9|||Activación MB Internacionales|24/03/2025||
SEGMENTO_004|2044862591|CLIENT_00895|88942575|732812923|N|Movil Abierto|04/12/2009|Activo|Pedido de Cliente|Equipo|Abierto Elige Todo Emp RD|Plan Elige Todo+ S/ 94.90|1|Descuento de 50% al plan x 12 meses||18/09/2025||
SEGMENTO_004|2044862591|CLIENT_00895|68520506|772001167|N|Movil Abierto|10/04/2026|Activo|Pedido de Cliente|Equipo|Abierto Elige Todo Emp RD|B2B Movistar Empresas S/30 IV|||Activación MB Internacionales|10/04/2026|09/10/2027|18
SEGMENTO_004|2044862591|CLIENT_00895|69942575|344731601|N|Movil Abierto|29/08/2019|Activo|Negociación Equipo y/o SimCard|Equipo|Abierto Elige Todo Emp RD|Plan Elige Todo+ S/ 56.90|1|Descuento de 50% al plan x 12 meses||29/08/2019|28/02/2021|18
SEGMENTO_004|2044862591|CLIENT_00895|69942575|044731601|N|Movil Abierto|29/08/2019|Activo|Pedido de Cliente|Equipo|Abierto Elige Todo Emp RD|Plan Elige Todo+ S/ 56.90|1|Descuento de 50% al plan x 12 meses||29/08/2019|28/02/2021|18
SEGMENTO_004|2044862591|CLIENT_00895|69942575|934731601|N|Movil Abierto|29/08/2019|Activo|Pedido de Cliente|Equipo|Abierto Elige Todo Emp RD|Plan Elige Todo+ S/ 56.90|1|Descuento de 50% al plan x 12 meses||29/08/2019|28/02/2021|18
SEGMENTO_004|2044862591|CLIENT_00895|69942575|244731601|N|Movil Abierto|29/08/2019|Activo|Pedido de Cliente|Equipo|Abierto Elige Todo Emp RD|Plan Elige Todo+ S/ 77.90|1|Descuento de 50% al plan x 12 meses||29/08/2019|28/02/2021|18
SEGMENTO_004|2044862591|CLIENT_00895|69942575|834731601|N|Movil Abierto|29/08/2019|Activo|Negociación Equipo y/o SimCard|Equipo|Abierto Elige Todo Emp RD|Plan Elige Todo+ S/ 56.90|1|Descuento de 50% al plan x 12 meses||17/07/2021|16/01/2023|18
SEGMENTO_004|2044862591|CLIENT_00895|69942575|144731601|N|Movil Abierto|29/08/2019|Activo|Pedido de Cliente|Equipo|Abierto Elige Todo Emp RD|Plan Elige Todo+ S/ 56.90|1|Descuento de 50% al plan x 12 meses||17/07/2021|16/01/2023|18
SEGMENTO_002|2029902035|CLIENT_00756|44954575|532128993|N|Movil Abierto|31/10/2023|Activo|Pedido de Cliente|Equipo|Abierto Elige Todo Emp RD|B2B Movistar Empresas S/ 69.9 IV|1|Descuento de 70% al plan x 12 meses|Activación MB Internacionales|05/01/2026||
SEGMENTO_002|2029902035|CLIENT_00756|44954575|532128993|N|Movil Abierto|31/10/2023|Activo|Pedido de Cliente|Equipo|Abierto Elige Todo Emp RD|B2B Movistar Empresas S/ 69.9 IV|1|Descuento de 70% al plan x 12 meses|Activación MB Internacionales|05/01/2026||
SEGMENTO_002|2029902035|CLIENT_00756|44954575|532128993|N|Movil Abierto|31/10/2023|Activo|Pedido de Cliente|Equipo|Abierto Elige Todo Emp RD|B2B Movistar Empresas S/ 69.9 IV|1|Descuento de 70% al plan x 12 meses|Activación MB Internacionales|05/01/2026||
SEGMENTO_002|2029902035|CLIENT_00756|44954575|532128993|N|Movil Abierto|31/10/2023|Activo|Pedido de Cliente|Equipo|Abierto Elige Todo Emp RD|B2B Movistar Empresas S/ 69.9 IV|1|Descuento de 70% al plan x 12 meses|Activación MB Internacionales|05/01/2026||
SEGMENTO_002|2029902035|CLIENT_00756|44954575|532128993|N|Movil Abierto|27/09/2024|Activo|Pedido de Cliente|Equipo|Abierto Elige Todo Emp RD|B2B Movistar Empresas S/99.9|1|Descuento de 70% al plan x 12 meses|Activación MB Internacionales|26/09/2024|25/03/2026|18
SEGMENTO_002|2029902035|CLIENT_00756|44954575|532128993|N|Movil Abierto|27/09/2024|Activo|Pedido de Cliente|Equipo|Abierto Elige Todo Emp RD|B2B Movistar Empresas S/99.9|1|Descuento de 70% al plan x 12 meses|Activación MB Internacionales|26/09/2024|25/03/2026|18
SEGMENTO_002|2029902035|CLIENT_00756|44954575|532128993|N|Movil Abierto|27/09/2024|Activo|Pedido de Cliente|Equipo|Abierto Elige Todo Emp RD|B2B Movistar Empresas S/99.9|1|Descuento de 70% al plan x 12 meses|Activación MB Internacionales|26/09/2024|25/03/2026|18
SEGMENTO_002|2029902035|CLIENT_00756|44954575|532128993|N|Movil Abierto|27/09/2024|Activo|Pedido de Cliente|Equipo|Abierto Elige Todo Emp RD|B2B Movistar Empresas S/99.9|1|Descuento de 70% al plan x 12 meses|Activación MB Internacionales|26/09/2024|25/03/2026|18
SEGMENTO_002|2029902035|CLIENT_00756|44954575|532128993|N|Movil Abierto|27/09/2024|Activo|Pedido de Cliente|Equipo|Abierto Elige Todo Emp RD|B2B Movistar Empresas S/99.9|1|Descuento de 70% al plan x 12 meses|Activación MB Internacionales|26/09/2024|25/03/2026|18
SEGMENTO_002|2029902035|CLIENT_00756|44954575|532128993|N|Movil Abierto|27/04/2021|Activo|Pedido de Cliente|Equipo|Abierto Elige Todo Emp RD|B2B_movistar Empresas S/.69.9|1|Descuento de 70% al plan x 12 meses|Activación MB Internacionales|26/04/2021|25/10/2022|18
SEGMENTO_002|2029902035|CLIENT_00756|44954575|532128993|N|Movil Abierto|27/04/2021|Activo|Pedido de Cliente|Equipo|Abierto Elige Todo Emp RD|B2B Movistar Empresas S/ 69.9 IV|1|Descuento de 70% al plan x 12 meses|Activación MB Internacionales|05/01/2026||
SEGMENTO_002|2029902035|CLIENT_00756|44954575|532128993|N|Movil Abierto|08/03/2021|Activo|Pedido de Cliente|Equipo|Abierto Elige Todo Emp RD|B2B Movistar Empresas S/ 69.9 IV|1|Descuento de 70% al plan x 12 meses|Activación MB Internacionales|05/01/2026||
SEGMENTO_002|2029902035|CLIENT_00756|44954575|532128993|N|BAM|11/01/2024|Activo|Pedido de Cliente|Equipo|BAM Empresas|Plan Internet de Teletrabajo S/155|1|Descuento de 70% al plan x 12 meses||10/01/2024|09/07/2025|18
SEGMENTO_002|2029902035|CLIENT_00756|44954575|532128993|N|Movil Abierto|13/04/2023|Activo|Pedido de Cliente|Equipo|Abierto Elige Todo Emp RD|B2B Movistar Empresas S/ 69.9 IV|1|Descuento de 70% al plan x 12 meses|Activación MB Internacionales|11/04/2023|10/10/2024|18
SEGMENTO_002|2029902035|CLIENT_00756|44954575|532128993|N|Movil Abierto|13/04/2023|Activo|Pedido de Cliente|Equipo|Abierto Elige Todo Emp RD|B2B Movistar Empresas S/39.9 IV|||Activación MB Internacionales|29/10/2025|28/04/2027|18
SEGMENTO_002|2029902035|CLIENT_00756|44954575|532128993|N|BAM|11/01/2024|Activo|Pedido de Cliente|Equipo|BAM Empresas|Plan Internet de Teletrabajo S/155|1|Descuento de 70% al plan x 12 meses||10/01/2024|09/07/2025|18
SEGMENTO_002|2029902035|CLIENT_00756|44954575|532128993|N|Movil Abierto|30/03/2021|Activo|Pedido de Cliente|Equipo|Abierto Elige Todo Emp RD|B2B Movistar Empresas S/ 69.9 IV|1|Descuento de 70% al plan x 12 meses|Activación MB Internacionales|05/01/2026||
SEGMENTO_002|2029902035|CLIENT_00756|44954575|532128993|N|Movil Abierto|30/03/2021|Activo|Negociación Equipo y/o SimCard|Equipo|Abierto Elige Todo Emp RD|B2B Movistar Empresas S/ 69.9 IV|1|Descuento de 70% al plan x 12 meses|Activación MB Internacionales|29/03/2021|28/09/2022|18
SEGMENTO_002|2029902035|CLIENT_00756|44954575|532128993|N|Movil Abierto|30/03/2021|Activo|Pedido de Cliente|Equipo|Abierto Elige Todo Emp RD|B2B_movistar Empresas S/.69.9|1|Descuento de 70% al plan x 12 meses|Activación MB Internacionales|29/03/2021|28/09/2022|18
SEGMENTO_002|2029902035|CLIENT_00756|44954575|532128993|N|Movil Abierto|30/03/2021|Activo|Pedido de Cliente|Equipo|Abierto Elige Todo Emp RD|B2B_movistar Empresas S/.69.9|1|Descuento de 70% al plan x 12 meses|Activación MB Internacionales|04/12/2025||
SEGMENTO_002|2029902035|CLIENT_00756|44954575|532128993|N|Movil Abierto|30/03/2021|Activo|Pedido de Cliente|Equipo|Abierto Elige Todo Emp RD|B2B Movistar Empresas S/ 69.9 IV|1|Descuento de 70% al plan x 12 meses|Activación MB Internacionales|29/03/2021|28/09/2022|18
SEGMENTO_002|2029902035|CLIENT_00756|44954575|532128993|N|Movil Abierto|27/03/2019|Activo|Pedido de Cliente|Equipo|Abierto Elige Todo Emp RD|B2B Movistar Empresas S/99.9|1|Descuento de 70% al plan x 18m|Activación MB Internacionales|03/04/2025|02/10/2026|18
SEGMENTO_002|2029902035|CLIENT_00756|44954575|532128993|N|Movil Abierto|23/01/2019|Activo|Negociación Equipo y/o SimCard|Equipo|Abierto Elige Todo Emp RD|B2B Movistar Empresas S/99.9 IV|2|Descuento de 50% al plan x 18m|Activación MB Internacionales|14/02/2025|18/08/2026|18
SEGMENTO_002|2029902035|CLIENT_00756|44954575|532128993|N|Movil Abierto|05/02/2019|Activo|Pedido de Cliente|Equipo|Abierto Elige Todo Emp RD|B2B Movistar Empresas S/99.9 IV|1|Descuento de 50% al plan x 18m|Activación MB Internacionales|14/02/2025|13/08/2026|18
SEGMENTO_002|2029902035|CLIENT_00756|44954575|532128993|N|Movil Abierto|27/09/2021|Activo|Pedido de Cliente|Equipo|Abierto Elige Todo Emp RD|B2B Movistar Empresas S/ 69.9 IV|1|Descuento de 70% al plan x 12 meses|Activación MB Internacionales|05/01/2026||
SEGMENTO_002|2029902035|CLIENT_00756|44954575|532128993|N|Movil Abierto|27/03/2019|Activo|Pedido de Cliente|Equipo|Abierto Elige Todo Emp RD|B2B Movistar Empresas S/39.9 IV|||Activación MB Internacionales|25/06/2025|24/12/2026|18
SEGMENTO_002|2029902035|CLIENT_00756|44954575|532128993|N|Movil Abierto|10/09/2018|Activo|Pedido de Cliente|Equipo|Abierto Elige Todo Emp RD|B2B_movistar Empresas S/.69.9|1|Descuento de 70% al plan x 12 meses|Activación MB Internacionales|04/12/2025||
SEGMENTO_002|2029902035|CLIENT_00756|44954575|532128993|N|Movil Abierto|12/10/2018|Activo|Pedido de Cliente|Equipo|Abierto Elige Todo Emp RD|B2B Movistar Empresas S/ 69.9 IV|1|Descuento de 70% al plan x 12 meses|Activación MB Internacionales|08/03/2021|07/09/2022|18
SEGMENTO_002|2029902035|CLIENT_00756|44954575|532128993|N|Movil Abierto|15/11/2018|Activo|Pedido de Cliente|Equipo|Abierto Elige Todo Emp RD|B2B Movistar Empresas S/99.9 IV|1|Descuento de 50% al plan x 18m|Activación MB Internacionales|13/02/2025|12/08/2026|18
SEGMENTO_002|2029902035|CLIENT_00756|44954575|532128993|N|Movil Abierto|27/11/2018|Activo|Pedido de Cliente|Equipo|Abierto Elige Todo Emp RD|B2B Movistar Empresas S/39.9 IV|||Activación MB Internacionales|25/06/2025|24/12/2026|18
SEGMENTO_002|2029902035|CLIENT_00756|44954575|532128993|N|Movil Abierto|15/11/2018|Activo|Pedido de Cliente|Equipo|Abierto Elige Todo Emp RD|B2B Movistar Empresas S/ 69.9 IV|1|Descuento de 70% al plan x 12 meses|Activación MB Internacionales|08/03/2021|07/09/2022|18
SEGMENTO_002|2029902035|CLIENT_00756|44954575|532128993|N|Movil Abierto|24/10/2018|Activo|Pedido de Cliente|Equipo|Abierto Elige Todo Emp RD|B2B Movistar Empresas S/ 69.9 IV|1|Descuento de 70% al plan x 12 meses|Activación MB Internacionales|08/03/2021|07/09/2022|18
SEGMENTO_002|2029902035|CLIENT_00756|44954575|532128993|N|Movil Abierto|14/12/2018|Activo|Pedido de Cliente|Equipo|Abierto Elige Todo Emp RD|B2B_movistar Empresas S/.69.9|1|Descuento de 70% al plan x 12 meses|Activación MB Internacionales|23/02/2021|22/08/2022|18
SEGMENTO_002|2029902035|CLIENT_00756|44954575|532128993|N|Movil Abierto|14/09/2018|Activo|Pedido de Cliente|Equipo|Abierto Elige Todo Emp RD|B2B Movistar Empresas S/ 69.9 IV|1|Descuento de 70% al plan x 12 meses|Activación MB Internacionales|04/03/2021|03/09/2022|18
SEGMENTO_002|2029902035|CLIENT_00756|44954575|532128993|N|Movil Abierto|18/09/2018|Activo|Pedido de Cliente|Equipo|Abierto Elige Todo Emp RD|B2B Movistar Empresas S/99.9|1|Descuento de 70% al plan x 18m|Activación MB Internacionales|03/04/2025|02/10/2026|18
SEGMENTO_002|2029902035|CLIENT_00756|44954575|532128993|N|Movil Abierto|25/11/2014|Activo|Pedido de Cliente|Equipo|Abierto Elige Todo Emp RD|B2B Movistar Empresas S/99.9|||Activación MB Internacionales|20/09/2024|19/03/2026|18
SEGMENTO_002|2029902035|CLIENT_00756|44954575|532128993|N|Movil Abierto|23/10/2014|Activo|Pedido de Cliente|Equipo|Abierto Elige Todo Emp RD|B2B Movistar Empresas S/ 69.9 IV|1|Descuento de 70% al plan x 12 meses|Activación MB Internacionales|23/02/2021|29/12/2021|18
SEGMENTO_002|2029902035|CLIENT_00756|44954575|532128993|N|Movil Abierto|15/12/2015|Activo|Negociación Equipo y/o SimCard|Equipo|Abierto Elige Todo Emp RD|B2B Movistar Empresas S/ 69.9 IV|1|Descuento de 70% al plan x 12 meses|Activación MB Internacionales|08/03/2021|07/09/2022|18
SEGMENTO_002|2029902035|CLIENT_00756|44954575|532128993|N|Movil Abierto|07/03/2019|Activo|Negociación Equipo y/o SimCard|Equipo|Abierto Elige Todo Emp RD|B2B Movistar Empresas S/ 69.9 IV|1|Descuento de 70% al plan x 12 meses|Activación MB Internacionales|05/01/2026||
SEGMENTO_002|2029902035|CLIENT_00756|44954575|532128993|N|Movil Abierto|21/07/2014|Activo|Pedido de Cliente|Equipo|Abierto Elige Todo Emp RD|B2B Movistar Empresas S/ 69.9 IV|1|Descuento de 70% al plan x 12 meses|Activación MB Internacionales|05/01/2026||
SEGMENTO_002|2029902035|CLIENT_00756|44954575|532128993|N|Movil Abierto|12/08/2015|Activo|Pedido de Cliente|Equipo|Abierto Elige Todo Emp RD|B2B Movistar Empresas S/39.9 IV|||Activación MB Internacionales|16/10/2025|15/04/2027|18
SEGMENTO_002|2029902035|CLIENT_00756|44954575|532128993|N|Movil Abierto|19/06/2015|Activo|Pedido de Cliente|Equipo|Abierto Elige Todo Emp RD|B2B Movistar Empresas S/ 69.9 IV|1|Descuento de 70% al plan x 12 meses|Activación MB Internacionales|08/03/2021|07/09/2022|18
SEGMENTO_002|2029902035|CLIENT_00756|44954575|532128993|N|Movil Abierto|13/11/2014|Activo|Pedido de Cliente|Equipo|Abierto Elige Todo Emp RD|B2B Movistar Empresas S/ 69.9 IV|1|Descuento de 70% al plan x 12 meses|Activación MB Internacionales|23/02/2021|22/08/2022|18
SEGMENTO_002|2029902035|CLIENT_00756|44954575|532128993|N|Movil Abierto|27/06/2014|Activo|Pedido de Cliente|Equipo|Abierto Elige Todo Emp RD|B2B Movistar Empresas S/ 69.9 IV|1|Descuento de 70% al plan x 12 meses|Activación MB Internacionales|05/01/2026||
SEGMENTO_002|2029902035|CLIENT_00756|44954575|532128993|N|Movil Abierto|27/06/2014|Activo|Pedido de Cliente|Equipo|Abierto Elige Todo Emp RD|B2B Movistar Empresas S/ 69.9 IV|1|Descuento de 70% al plan x 12 meses|Activación MB Internacionales|23/02/2021|22/08/2022|18
SEGMENTO_002|2029902035|CLIENT_00756|44954575|532128993|N|Movil Abierto|15/07/2019|Activo|Negociación Equipo y/o SimCard|Equipo|Abierto Elige Todo Emp RD|B2B Movistar Empresas S/ 69.9 IV|1|Descuento de 70% al plan x 12 meses|Activación MB Internacionales|08/03/2021|11/09/2022|18
SEGMENTO_002|2029902035|CLIENT_00756|44954575|532128993|N|Movil Abierto|05/02/2015|Activo|Pedido de Cliente|Equipo|Abierto Elige Todo Emp RD|B2B Movistar Empresas S/99.9|1|Descuento de 70% al plan x 12 meses|Activación MB Internacionales|04/12/2024|03/06/2026|18
SEGMENTO_002|2029902035|CLIENT_00756|44954575|532128993|N|Movil Abierto|13/08/2024|Activo|Pedido de Cliente|Equipo|Abierto Elige Todo Emp RD|B2B Movistar Empresas S/99.9|1|Descuento de 70% al plan x 12 meses|Activación MB Internacionales|12/08/2024|11/02/2026|18
SEGMENTO_002|2029902035|CLIENT_00756|44954575|532128993|N|Movil Abierto|13/08/2024|Activo|Pedido de Cliente|Equipo|Abierto Elige Todo Emp RD|B2B Movistar Empresas S/99.9|1|Descuento de 70% al plan x 12 meses|Activación MB Internacionales|12/08/2024|11/02/2026|18
SEGMENTO_002|2029902035|CLIENT_00756|44954575|532128993|N|Movil Abierto|22/07/2024|Activo|Pedido de Cliente|Equipo|Abierto Elige Todo Emp RD|B2B Movistar Empresas S/149.9|1|Descuento de 70% al plan x 12 meses|Activación MB Internacionales|22/07/2024|21/01/2026|18
SEGMENTO_002|2029902035|CLIENT_00756|44954575|532128993|N|Movil Abierto|22/07/2024|Activo|Pedido de Cliente|Equipo|Abierto Elige Todo Emp RD|B2B Movistar Empresas S/149.9|1|Descuento de 70% al plan x 12 meses|Activación MB Internacionales|22/07/2024|21/01/2026|18
SEGMENTO_002|2029902035|CLIENT_00756|44954575|532128993|N|Movil Abierto|22/07/2024|Activo|Pedido de Cliente|Equipo|Abierto Elige Todo Emp RD|B2B Movistar Empresas S/149.9|1|Descuento de 70% al plan x 12 meses|Activación MB Internacionales|22/07/2024|21/01/2026|18
SEGMENTO_002|2029902035|CLIENT_00756|44954575|532128993|N|Movil Abierto|22/04/2015|Activo|Pedido de Cliente|Equipo|Abierto Elige Todo Emp RD|B2B Movistar Empresas S/ 69.9 IV|1|Descuento de 70% al plan x 12 meses|Activación MB Internacionales|22/12/2023|21/06/2025|18
SEGMENTO_002|2029902035|CLIENT_00756|44954575|532128993|N|Movil Abierto|02/12/2013|Activo|Pedido de Cliente|Equipo|Abierto Elige Todo Emp RD|B2B Movistar Empresas S/ 69.9 IV|1|Descuento de 70% al plan x 12 meses|Activación MB Internacionales|05/01/2026||
SEGMENTO_002|2029902035|CLIENT_00756|44954575|532128993|N|Movil Abierto|22/11/2013|Activo|Pedido de Cliente|Equipo|Abierto Elige Todo Emp RD|B2B Movistar Empresas S/39.9 IV|||Activación MB Internacionales|22/08/2025|21/02/2027|18
SEGMENTO_002|2029902035|CLIENT_00756|44954575|532128993|N|Movil Abierto|17/10/2013|Activo|Pedido de Cliente|Equipo|Abierto Elige Todo Emp RD|B2B Movistar Empresas S/ 69.9 IV|1|Descuento de 70% al plan x 12 meses|Activación MB Internacionales|09/03/2021|08/09/2022|18
SEGMENTO_002|2029902035|CLIENT_00756|44954575|532128993|N|Movil Abierto|02/04/2014|Activo|Pedido de Cliente|Equipo|Abierto Elige Todo Emp RD|B2B Movistar Empresas S/99.9|1|Descuento de 70% al plan x 12 meses|Activación MB Internacionales|28/05/2024|27/11/2025|18
SEGMENTO_002|2029902035|CLIENT_00756|44954575|532128993|N|Movil Abierto|02/04/2014|Activo|Pedido de Cliente|Equipo|Abierto Elige Todo Emp RD|B2B Movistar Empresas S/ 69.9 IV|1|Descuento de 70% al plan x 12 meses|Activación MB Internacionales|07/03/2024|06/09/2025|18
SEGMENTO_002|2029902035|CLIENT_00756|44954575|532128993|N|Movil Abierto|05/06/2015|Activo|Pedido de Cliente|Equipo|Abierto Elige Todo Emp RD|B2B Movistar Empresas S/99.9|1|Descuento de 70% al plan x 18m|Activación MB Internacionales|03/04/2025|02/10/2026|18
SEGMENTO_002|2029902035|CLIENT_00756|44954575|532128993|N|Movil Abierto|05/06/2015|Activo|Pedido de Cliente|Equipo|Abierto Elige Todo Emp RD|B2B Movistar Empresas S/ 69.9 IV|1|Descuento de 70% al plan x 12 meses|Activación MB Internacionales|09/03/2021|08/09/2022|18
SEGMENTO_002|2029902035|CLIENT_00756|44954575|532128993|N|Movil Abierto|03/06/2015|Activo|Negociación Equipo y/o SimCard|Equipo|Abierto Elige Todo Emp RD|B2B_movistar Empresas S/.69.9|1|Descuento de 70% al plan x 12 meses|Activación MB Internacionales|25/01/2026||
SEGMENTO_002|2029902035|CLIENT_00756|44954575|532128993|N|Movil Abierto|12/02/2014|Activo|Negociación Equipo y/o SimCard|Equipo|Abierto Elige Todo Emp RD|B2B Movistar Empresas S/149.9|1|Descuento de 70% al plan x 12 meses|Activación MB Internacionales|17/12/2024|17/06/2026|18
SEGMENTO_002|2029902035|CLIENT_00756|44954575|532128993|N|Movil Abierto|04/02/2014|Activo|Pedido de Cliente|Equipo|Abierto Elige Todo Emp RD|B2B Movistar Empresas S/ 69.9 IV|1|Descuento de 70% al plan x 12 meses|Activación MB Internacionales|09/03/2021|08/09/2022|18
SEGMENTO_002|2029902035|CLIENT_00756|44954575|532128993|N|Movil Abierto|23/01/2014|Activo|Pedido de Cliente|Equipo|Abierto Elige Todo Emp RD|B2B Movistar Empresas S/ 69.9 IV|1|Descuento de 70% al plan x 12 meses|Activación MB Internacionales|08/03/2021|07/09/2022|18
SEGMENTO_002|2029902035|CLIENT_00756|44954575|532128993|N|Movil Abierto|23/01/2014|Activo|Pedido de Cliente|Equipo|Abierto Elige Todo Emp RD|B2B_movistar Empresas S/.69.9|1|Descuento de 70% al plan x 12 meses|Activación MB Internacionales|08/02/2021|07/08/2022|18
SEGMENTO_002|2029902035|CLIENT_00756|44954575|532128993|N|Movil Abierto|17/01/2014|Activo|Pedido de Cliente|Equipo|Abierto Elige Todo Emp RD|B2B Movistar Empresas S/99.9|1|Descuento de 70% al plan x 12 meses|Activación MB Internacionales|07/08/2024|06/02/2026|18
SEGMENTO_002|2029902035|CLIENT_00756|44954575|532128993|N|Movil Abierto|17/01/2014|Activo|Equipo y Simcard - Robado, Perdido, Hurtado|Equipo|Abierto Elige Todo Emp RD|B2B Movistar Empresas S/99.9|||Activación MB Internacionales|26/09/2025|25/03/2027|18
SEGMENTO_002|2029902035|CLIENT_00756|44954575|532128993|N|Movil Abierto|19/12/2013|Activo|Pedido de Cliente|Equipo|Abierto Elige Todo Emp RD|B2B_movistar Empresas S/.69.9|1|Descuento de 70% al plan x 12 meses|Activación MB Internacionales|11/06/2026||
SEGMENTO_002|2029902035|CLIENT_00756|44954575|532128993|N|Movil Abierto|17/12/2013|Activo|Pedido de Cliente|Equipo|Abierto Elige Todo Emp RD|B2B Movistar Empresas S/ 69.9 IV|1|Descuento de 70% al plan x 12 meses|Activación MB Internacionales|24/02/2021|23/08/2022|18
SEGMENTO_002|2029902035|CLIENT_00756|44954575|532128993|N|Movil Abierto|02/12/2013|Activo|Negociación Equipo y/o SimCard|Equipo|Abierto Elige Todo Emp RD|B2B Movistar Empresas S/99.9|1|Descuento de 70% al plan x 12 meses|Activación MB Internacionales|23/10/2024|22/04/2026|18
SEGMENTO_002|2029902035|CLIENT_00756|44954575|532128993|N|Movil Abierto|18/09/2018|Activo|Negociación Equipo y/o SimCard|Equipo|Abierto Elige Todo Emp RD|B2B Movistar Empresas S/ 69.9 IV|1|Descuento de 70% al plan x 12 meses|Activación MB Internacionales|09/03/2021|08/09/2022|18
SEGMENTO_002|2029902035|CLIENT_00756|44954575|532128993|N|Movil Abierto|18/09/2018|Activo|Negociación Equipo y/o SimCard|Equipo|Abierto Elige Todo Emp RD|B2B Movistar Empresas S/39.9 IV|||Activación MB Internacionales|05/11/2025|04/05/2027|18
SEGMENTO_002|2029902035|CLIENT_00756|44954575|532128993|N|Movil Abierto|22/11/2013|Activo|Pedido de Cliente|Equipo|Abierto Elige Todo Emp RD|B2B Movistar Empresas S/99.9|1|Descuento de 70% al plan x 12 meses|Activación MB Internacionales|21/09/2024|20/03/2026|18
SEGMENTO_002|2029902035|CLIENT_00756|44954575|532128993|N|Movil Abierto|15/11/2018|Activo|Pedido de Cliente|Equipo|Abierto Elige Todo Emp RD|B2B Movistar Empresas S/99.9|1|Descuento de 70% al plan x 12 meses|Activación MB Internacionales|04/12/2024|03/06/2026|18
SEGMENTO_002|2029902035|CLIENT_00756|44954575|532128993|N|Movil Abierto|17/10/2013|Activo|Negociación Equipo y/o SimCard|Equipo|Abierto Elige Todo Emp RD|B2B Movistar Empresas S/ 69.9 IV|1|Descuento de 70% al plan x 12 meses|Activación MB Internacionales|09/03/2021|09/09/2022|18
SEGMENTO_002|2029902035|CLIENT_00756|44954575|532128993|N|Movil Abierto|19/11/2013|Activo|Pedido de Cliente|Equipo|Abierto Elige Todo Emp RD|B2B_movistar Empresas S/.69.9|1|Descuento de 70% al plan x 12 meses|Activación MB Internacionales|04/12/2025||
SEGMENTO_002|2029902035|CLIENT_00756|44954575|532128993|N|Movil Abierto|15/11/2018|Activo|Pedido de Cliente|Equipo|Abierto Elige Todo Emp RD|B2B Movistar Empresas S/ 69.9 IV|1|Descuento de 70% al plan x 12 meses|Activación MB Internacionales|08/03/2021|07/09/2022|18
SEGMENTO_002|2029902035|CLIENT_00756|44954575|532128993|N|Movil Abierto|09/04/2019|Activo|Pedido de Cliente|Equipo|Abierto Elige Todo Emp RD|B2B Movistar Empresas S/ 69.9 IV|1|Descuento de 70% al plan x 12 meses|Activación MB Internacionales|08/03/2021|07/09/2022|18
SEGMENTO_002|2029902035|CLIENT_00756|44954575|532128993|N|Movil Abierto|31/10/2017|Activo|Pedido de Cliente|Equipo|Abierto Elige Todo Emp RD|B2B Movistar Empresas S/39.9 IV|||Activación MB Internacionales|13/10/2025|12/04/2027|18
SEGMENTO_002|2029902035|CLIENT_00756|44954575|532128993|N|Movil Abierto|03/12/2015|Activo|Pedido de Cliente|Equipo|Abierto Elige Todo Emp RD|B2B_movistar Empresas S/.69.9|1|Descuento de 70% al plan x 12 meses|Activación MB Internacionales|04/12/2025||
SEGMENTO_002|2029902035|CLIENT_00756|44954575|532128993|N|Movil Abierto|18/11/2015|Activo|Pedido de Cliente|Equipo|Abierto Elige Todo Emp RD|B2B Movistar Empresas S/ 69.9 IV|1|Descuento de 70% al plan x 12 meses|Activación MB Internacionales|05/01/2026||
SEGMENTO_002|2029902035|CLIENT_00756|44954575|532128993|N|Movil Abierto|13/02/2019|Activo|Pedido de Cliente|Equipo|Abierto Elige Todo Emp RD|B2B Movistar Empresas S/99.9 IV|1|Descuento de 50% al plan x 18m|Activación MB Internacionales|13/02/2025|12/08/2026|18
SEGMENTO_002|2029902035|CLIENT_00756|44954575|532128993|N|Movil Abierto|05/10/2017|Activo|Pedido de Cliente|Equipo|Abierto Elige Todo Emp RD|B2B_movistar Empresas S/.69.9|1|Descuento de 70% al plan x 12 meses|Activación MB Internacionales|03/05/2021|02/11/2022|18
SEGMENTO_002|2029902035|CLIENT_00756|44954575|532128993|N|Movil Abierto|17/01/2014|Activo|Pedido de Cliente|Equipo|Abierto Elige Todo Emp RD|B2B Movistar Empresas S/ 69.9 IV|1|Descuento de 70% al plan x 12 meses|Activación MB Internacionales|08/03/2021|07/09/2022|18
SEGMENTO_002|2029902035|CLIENT_00756|44954575|532128993|N|Movil Abierto|17/01/2014|Activo|Pedido de Cliente|Equipo|Abierto Elige Todo Emp RD|B2B Movistar Empresas S/ 69.9 IV|1|Descuento de 70% al plan x 12 meses|Activación MB Internacionales|03/05/2021|02/11/2022|18
SEGMENTO_002|2029902035|CLIENT_00756|44954575|532128993|N|Movil Abierto|13/11/2014|Activo|Negociación Equipo y/o SimCard|Equipo|Abierto Elige Todo Emp RD|B2B Movistar Empresas S/99.9|1|Descuento de 70% al plan x 12 meses|Activación MB Internacionales|28/05/2024|27/11/2025|18
SEGMENTO_002|2029902035|CLIENT_00756|44954575|532128993|N|Movil Abierto|13/11/2014|Activo|Pedido de Cliente|Equipo|Abierto Elige Todo Emp RD|B2B Movistar Empresas S/ 69.9 IV|1|Descuento de 70% al plan x 12 meses|Activación MB Internacionales|05/01/2026||
SEGMENTO_002|2029902035|CLIENT_00756|44954575|532128993|N|Movil Abierto|02/01/2017|Activo|Pedido de Cliente|Equipo|Abierto Elige Todo Emp RD|B2B Movistar Empresas S/99.9|1|Descuento de 70% al plan x 18m|Activación MB Internacionales|03/04/2025|02/10/2026|18
SEGMENTO_002|2029902035|CLIENT_00756|44954575|532128993|N|Movil Abierto|02/01/2017|Activo|Pedido de Cliente|Equipo|Abierto Elige Todo Emp RD|B2B Movistar Empresas S/99.9|1|Descuento de 70% al plan x 12 meses|Activación MB Internacionales|23/10/2024|22/04/2026|18
SEGMENTO_002|2029902035|CLIENT_00756|44954575|532128993|N|Movil Abierto|02/01/2017|Activo|Pedido de Cliente|Equipo|Abierto Elige Todo Emp RD|B2B Movistar Empresas S/ 69.9 IV|1|Descuento de 70% al plan x 12 meses|Activación MB Internacionales|08/03/2021|07/09/2022|18
SEGMENTO_002|2029902035|CLIENT_00756|44954575|532128993|N|Movil Abierto|02/01/2017|Activo|Equipo y Simcard - Robado, Perdido, Hurtado|Equipo|Abierto Elige Todo Emp RD|B2B Movistar Empresas S/ 69.9 IV|1|Descuento de 70% al plan x 12 meses|Activación MB Internacionales|23/02/2021|22/08/2022|18
SEGMENTO_002|2029902035|CLIENT_00756|44954575|532128993|N|Movil Abierto|24/10/2018|Activo|Pedido de Cliente|Equipo|Abierto Elige Todo Emp RD|B2B Movistar Empresas S/99.9|1|Descuento de 70% al plan x 18m|Activación MB Internacionales|03/04/2025|02/10/2026|18
SEGMENTO_002|2029902035|CLIENT_00756|44954575|532128993|N|Movil Abierto|12/10/2018|Activo|Pedido de Cliente|Equipo|Abierto Elige Todo Emp RD|B2B Movistar Empresas S/99.9|1|Descuento de 70% al plan x 18m|Activación MB Internacionales|03/04/2025|02/10/2026|18
SEGMENTO_002|2029902035|CLIENT_00756|44954575|532128993|N|Movil Abierto|23/05/2019|Activo|Pedido de Cliente|Equipo|Abierto Elige Todo Emp RD|B2B Movistar Empresas S/99.9|1|Descuento de 70% al plan x 18m|Activación MB Internacionales|03/04/2025|02/10/2026|18
SEGMENTO_002|2029902035|CLIENT_00756|44954575|532128993|N|Movil Abierto|26/02/2014|Activo|Pedido de Cliente|Equipo|Abierto Elige Todo Emp RD|B2B Movistar Empresas S/ 69.9 IV|1|Descuento de 70% al plan x 12 meses|Activación MB Internacionales|09/03/2021|08/09/2022|18
SEGMENTO_002|2029902035|CLIENT_00756|44954575|532128993|N|Movil Abierto|04/02/2014|Activo|Negociación Equipo y/o SimCard|Equipo|Abierto Elige Todo Emp RD|B2B Movistar Empresas S/ 69.9 IV|1|Descuento de 70% al plan x 12 meses|Activación MB Internacionales|24/02/2021|23/08/2022|18
SEGMENTO_002|2029902035|CLIENT_00756|44954575|532128993|N|Movil Abierto|13/05/2014|Activo|Pedido de Cliente|Equipo|Abierto Elige Todo Emp RD|B2B Movistar Empresas S/ 69.9 IV|1|Descuento de 70% al plan x 12 meses|Activación MB Internacionales|09/03/2021|08/09/2022|18
SEGMENTO_002|2029902035|CLIENT_00756|44954575|532128993|N|Movil Abierto|12/02/2014|Activo|Negociación Equipo y/o SimCard|Equipo|Abierto Elige Todo Emp RD|B2B Movistar Empresas S/99.9|1|Descuento de 70% al plan x 18m|Activación MB Internacionales|03/04/2025|02/10/2026|18
SEGMENTO_002|2029902035|CLIENT_00756|44954575|532128993|N|Movil Abierto|17/01/2014|Activo|Pedido de Cliente|Equipo|Abierto Elige Todo Emp RD|B2B Movistar Empresas S/99.9|1|Descuento de 70% al plan x 12 meses|Activación MB Internacionales|20/12/2024|19/06/2026|18
SEGMENTO_002|2029902035|CLIENT_00756|44954575|532128993|N|Movil Abierto|26/11/2014|Activo|Pedido de Cliente|Equipo|Abierto Elige Todo Emp RD|B2B Movistar Empresas S/99.9|1|Descuento de 70% al plan x 12 meses|Activación MB Internacionales|28/05/2024|27/11/2025|18
SEGMENTO_002|2029902035|CLIENT_00756|44954575|532128993|N|Movil Abierto|09/01/2018|Activo|Pedido de Cliente|Equipo|Abierto Elige Todo Emp RD|B2B Movistar Empresas S/ 69.9 IV|1|Descuento de 70% al plan x 12 meses|Activación MB Internacionales|09/03/2021|08/09/2022|18
SEGMENTO_002|2029902035|CLIENT_00756|44954575|532128993|N|Movil Abierto|31/10/2017|Activo|Pedido de Cliente|Equipo|Abierto Elige Todo Emp RD|B2B Movistar Empresas S/39.9 IV|||Activación MB Internacionales|25/06/2025|24/12/2026|18
SEGMENTO_002|2029902035|CLIENT_00756|44954575|532128993|N|Movil Abierto|20/10/2017|Activo|Pedido de Cliente|Equipo|Abierto Elige Todo Emp RD|B2B Movistar Empresas S/99.9|||Activación MB Internacionales|17/09/2025|16/03/2027|18
SEGMENTO_002|2029902035|CLIENT_00756|44954575|532128993|N|Movil Abierto|05/10/2017|Activo|Pedido de Cliente|Equipo|Abierto Elige Todo Emp RD|B2B Movistar Empresas S/ 69.9 IV|1|Descuento de 70% al plan x 12 meses|Activación MB Internacionales|08/03/2021|07/09/2022|18
SEGMENTO_002|2029902035|CLIENT_00756|44954575|532128993|N|Movil Abierto|09/04/2019|Activo|Pedido de Cliente|Equipo|Abierto Elige Todo Emp RD|B2B Movistar Empresas S/99.9|1|Descuento de 70% al plan x 12 meses|Activación MB Internacionales|17/12/2024|16/06/2026|18
SEGMENTO_002|2029902035|CLIENT_00756|44954575|532128993|N|Movil Abierto|19/09/2017|Activo|Pedido de Cliente|Equipo|Abierto Elige Todo Emp RD|B2B Movistar Empresas S/ 69.9 IV|1|Descuento de 70% al plan x 12 meses|Activación MB Internacionales|04/03/2021|03/09/2022|18
SEGMENTO_002|2029902035|CLIENT_00756|44954575|532128993|N|Movil Abierto|19/09/2017|Activo|Pedido de Cliente|Equipo|Abierto Elige Todo Emp RD|B2B Movistar Empresas S/99.9|||Activación MB Internacionales|12/03/2025|11/09/2026|18
SEGMENTO_002|2029902035|CLIENT_00756|44954575|532128993|N|Movil Abierto|11/04/2014|Activo|Pedido de Cliente|Equipo|Abierto Elige Todo Emp RD|B2B_movistar Empresas S/.69.9|1|Descuento de 70% al plan x 12 meses|Activación MB Internacionales|23/02/2021|22/08/2022|18
SEGMENTO_002|2029902035|CLIENT_00756|44954575|532128993|N|Movil Abierto|05/02/2014|Activo|Pedido de Cliente|Equipo|Abierto Elige Todo Emp RD|B2B Movistar Empresas S/ 69.9 IV|1|Descuento de 70% al plan x 12 meses|Activación MB Internacionales|03/05/2021|02/11/2022|18
SEGMENTO_002|2029902035|CLIENT_00756|44954575|532128993|N|Movil Abierto|17/01/2014|Activo|Pedido de Cliente|Equipo|Abierto Elige Todo Emp RD|B2B Movistar Empresas S/ 69.9 IV|1|Descuento de 70% al plan x 12 meses|Activación MB Internacionales|23/02/2021|22/08/2022|18
SEGMENTO_002|2029902035|CLIENT_00756|44954575|532128993|N|Movil Abierto|17/01/2014|Activo|Negociación Equipo y/o SimCard|Equipo|Abierto Elige Todo Emp RD|B2B_movistar Empresas S/.69.9|1|Descuento de 70% al plan x 12 meses|Activación MB Internacionales|07/03/2024|06/09/2025|18
SEGMENTO_002|2029902035|CLIENT_00756|44954575|532128993|N|Movil Abierto|07/01/2014|Activo|Pedido de Cliente|Equipo|Abierto Elige Todo Emp RD|B2B Movistar Empresas S/99.9|1|Descuento de 70% al plan x 12 meses|Activación MB Internacionales|27/06/2024|26/12/2025|18
SEGMENTO_002|2029902035|CLIENT_00756|44954575|532128993|N|Movil Abierto|09/05/2019|Activo|Pedido de Cliente|Equipo|Abierto Elige Todo Emp RD|B2B Movistar Empresas S/ 69.9 IV|1|Descuento de 70% al plan x 12 meses|Activación MB Internacionales|08/03/2021|07/09/2022|18
SEGMENTO_002|2029902035|CLIENT_00756|44954575|532128993|N|Movil Abierto|05/02/2015|Activo|Pedido de Cliente|Equipo|Abierto Elige Todo Emp RD|B2B Movistar Empresas S/99.9|1|Descuento de 70% al plan x 12 meses|Activación MB Internacionales|27/06/2024|26/12/2025|18
SEGMENTO_002|2029902035|CLIENT_00756|44954575|532128993|N|Movil Abierto|04/08/2017|Activo|Pedido de Cliente|Equipo|Abierto Elige Todo Emp RD|B2B Movistar Empresas S/ 69.9 IV|1|Descuento de 70% al plan x 12 meses|Activación MB Internacionales|23/02/2021|22/08/2022|18
SEGMENTO_002|2029902035|CLIENT_00756|44954575|532128993|N|Movil Abierto|10/11/2017|Activo|Pedido de Cliente|Equipo|Abierto Elige Todo Emp RD|B2B Movistar Empresas S/ 69.9 IV|1|Descuento de 70% al plan x 12 meses|Activación MB Internacionales|23/02/2021|22/08/2022|18
SEGMENTO_002|2029902035|CLIENT_00756|44954575|532128993|N|Movil Abierto|07/09/2017|Activo|Pedido de Cliente|Equipo|Abierto Elige Todo Emp RD|B2B Movistar Empresas S/99.9|1|Descuento de 70% al plan x 12 meses|Activación MB Internacionales|23/10/2024|22/04/2026|18
SEGMENTO_002|2029902035|CLIENT_00756|44954575|532128993|N|Movil Abierto|11/04/2018|Activo|Pedido de Cliente|Equipo|Abierto Elige Todo Emp RD|B2B Movistar Empresas S/99.9|1|Descuento de 70% al plan x 12 meses|Activación MB Internacionales|27/06/2024|26/12/2025|18
SEGMENTO_002|2029902035|CLIENT_00756|44954575|532128993|N|Movil Abierto|20/10/2017|Activo|Equipo y Simcard - Robado, Perdido, Hurtado|Equipo|Abierto Elige Todo Emp RD|B2B Movistar Empresas S/99.9 IV|1|Descuento de 50% al plan x 18m|Activación MB Internacionales|14/02/2025|13/08/2026|18
SEGMENTO_002|2029902035|CLIENT_00756|44954575|532128993|N|Movil Abierto|05/10/2017|Activo|Pedido de Cliente|Equipo|Abierto Elige Todo Emp RD|B2B_movistar Empresas S/.69.9|1|Descuento de 70% al plan x 12 meses|Activación MB Internacionales|09/03/2021|08/09/2022|18
SEGMENTO_002|2029902035|CLIENT_00756|44954575|532128993|N|Movil Abierto|11/02/2019|Activo|Pedido de Cliente|Equipo|Abierto Elige Todo Emp RD|B2B_movistar Empresas S/.69.9|1|Descuento de 70% al plan x 12 meses|Activación MB Internacionales|04/12/2025||
SEGMENTO_002|2029902035|CLIENT_00756|44954575|532128993|N|Movil Abierto|10/11/2017|Activo|Pedido de Cliente|Equipo|Abierto Elige Todo Emp RD|B2B Movistar Empresas S/99.9|1|Descuento de 70% al plan x 12 meses|Activación MB Internacionales|17/12/2024|16/06/2026|18
SEGMENTO_002|2029902035|CLIENT_00756|44954575|532128993|N|Movil Abierto|19/08/2014|Activo|Pedido de Cliente|Equipo|Abierto Elige Todo Emp RD|B2B Movistar Empresas S/ 69.9 IV|1|Descuento de 70% al plan x 12 meses|Activación MB Internacionales|24/02/2021|23/08/2022|18
SEGMENTO_002|2029902035|CLIENT_00756|44954575|532128993|N|Movil Abierto|23/07/2014|Activo|Pedido de Cliente|Equipo|Abierto Elige Todo Emp RD|B2B Movistar Empresas S/ 69.9 IV|1|Descuento de 70% al plan x 12 meses|Activación MB Internacionales|09/03/2021|08/09/2022|18
SEGMENTO_002|2029902035|CLIENT_00756|44954575|532128993|N|Movil Abierto|03/06/2015|Activo|Pedido de Cliente|Equipo|Abierto Elige Todo Emp RD|B2B Movistar Empresas S/ 69.9 IV|1|Descuento de 70% al plan x 12 meses|Activación MB Internacionales|08/03/2021|07/09/2022|18
SEGMENTO_002|2029902035|CLIENT_00756|44954575|532128993|N|Movil Abierto|04/07/2014|Activo|Pedido de Cliente|Equipo|Abierto Elige Todo Emp RD|B2B Movistar Empresas S/ 69.9 IV|1|Descuento de 70% al plan x 12 meses|Activación MB Internacionales|08/03/2021|07/09/2022|18
SEGMENTO_002|2029902035|CLIENT_00756|44954575|532128993|N|Movil Abierto|28/04/2014|Activo|Pedido de Cliente|Equipo|Abierto Elige Todo Emp RD|B2B Movistar Empresas S/99.9|1|Descuento de 70% al plan x 12 meses|Activación MB Internacionales|20/12/2024|19/06/2026|18
SEGMENTO_002|2029902035|CLIENT_00756|44954575|532128993|N|Movil Abierto|28/04/2014|Activo|Pedido de Cliente|Equipo|Abierto Elige Todo Emp RD|B2B Movistar Empresas S/ 69.9 IV|1|Descuento de 70% al plan x 12 meses|Activación MB Internacionales|05/01/2026||
SEGMENTO_002|2029902035|CLIENT_00756|44954575|532128993|N|Movil Abierto|22/04/2015|Activo|Pedido de Cliente|Equipo|Abierto Elige Todo Emp RD|B2B Movistar Empresas S/ 69.9 IV|1|Descuento de 70% al plan x 12 meses|Activación MB Internacionales|08/03/2021|07/09/2022|18
SEGMENTO_002|2029902035|CLIENT_00756|44954575|532128993|N|Movil Abierto|04/02/2014|Activo|Pedido de Cliente|Equipo|Abierto Elige Todo Emp RD|B2B_movistar Empresas S/.69.9|1|Descuento de 70% al plan x 12 meses|Activación MB Internacionales|03/05/2021|02/11/2022|18
SEGMENTO_002|2029902035|CLIENT_00756|44954575|532128993|N|Movil Abierto|18/06/2014|Activo|Pedido de Cliente|Equipo|Abierto Elige Todo Emp RD|B2B Movistar Empresas S/99.9|1|Descuento de 70% al plan x 18m|Activación MB Internacionales|03/04/2025|02/10/2026|18
SEGMENTO_002|2029902035|CLIENT_00756|44954575|532128993|N|Movil Abierto|08/03/2016|Activo|Pedido de Cliente|Equipo|Abierto Elige Todo Emp RD|B2B Movistar Empresas S/39.9 IV|||Activación MB Internacionales|19/02/2025|18/08/2026|18
SEGMENTO_002|2029902035|CLIENT_00756|44954575|532128993|N|Movil Abierto|24/09/2015|Activo|Negociación Equipo y/o SimCard|Equipo|Abierto Elige Todo Emp RD|B2B Movistar Empresas S/99.9|1|Descuento de 70% al plan x 12 meses|Activación MB Internacionales|23/10/2024|22/04/2026|18
SEGMENTO_002|2029902035|CLIENT_00756|44954575|532128993|N|Movil Abierto|03/09/2015|Activo|Pedido de Cliente|Equipo|Abierto Elige Todo Emp RD|B2B_movistar Empresas S/.69.9|1|Descuento de 70% al plan x 12 meses|Activación MB Internacionales|23/02/2021|22/08/2022|18
SEGMENTO_002|2029902035|CLIENT_00756|44954575|532128993|N|Movil Abierto|05/05/2014|Activo|Pedido de Cliente|Equipo|Abierto Elige Todo Emp RD|B2B Movistar Empresas S/99.9|1|Descuento de 70% al plan x 12 meses|Activación MB Internacionales|07/08/2024|06/02/2026|18
SEGMENTO_002|2029902035|CLIENT_00756|44954575|532128993|N|Movil Abierto|26/12/2017|Activo|Pedido de Cliente|Equipo|Abierto Elige Todo Emp RD|B2B Movistar Empresas S/ 69.9 IV|1|Descuento de 70% al plan x 12 meses|Activación MB Internacionales|04/03/2021|03/09/2022|18
SEGMENTO_002|2029902035|CLIENT_00756|44954575|532128993|N|Movil Abierto|17/11/2017|Activo|Pedido de Cliente|Equipo|Abierto Elige Todo Emp RD|B2B_movistar Empresas S/.69.9|1|Descuento de 70% al plan x 12 meses|Activación MB Internacionales|08/03/2021|07/09/2022|18
SEGMENTO_002|2029902035|CLIENT_00756|44954575|532128993|N|Movil Abierto|10/11/2017|Activo|Pedido de Cliente|Equipo|Abierto Elige Todo Emp RD|B2B_movistar Empresas S/.69.9|1|Descuento de 70% al plan x 12 meses|Activación MB Internacionales|04/12/2025||
SEGMENTO_002|2029902035|CLIENT_00756|44954575|532128993|N|BAM|30/10/2017|Activo|Pedido de Cliente|Equipo|BAM Empresas|Internet movil_6GB|1|Descuento de 70% al plan||30/10/2017||
SEGMENTO_002|2029902035|CLIENT_00756|44954575|532128993|N|Movil Abierto|20/10/2017|Activo|Pedido de Cliente|Equipo|Abierto Elige Todo Emp RD|B2B Movistar Empresas S/ 69.9 IV|1|Descuento de 70% al plan x 12 meses|Activación MB Internacionales|08/03/2021|19/09/2024|18
SEGMENTO_002|2029902035|CLIENT_00756|44954575|532128993|N|Movil Abierto|20/10/2017|Activo|Pedido de Cliente|Equipo|Abierto Elige Todo Emp RD|B2B Movistar Empresas S/99.9 IV|1|Descuento de 50% al plan x 18m|Activación MB Internacionales|14/02/2025|13/08/2026|18
SEGMENTO_002|2029902035|CLIENT_00756|44954575|532128993|N|Movil Abierto|24/11/2017|Activo|Pedido de Cliente|Equipo|Abierto Elige Todo Emp RD|B2B Movistar Empresas S/ 69.9 IV|1|Descuento de 70% al plan x 12 meses|Activación MB Internacionales|08/03/2021|07/09/2022|18
SEGMENTO_002|2029902035|CLIENT_00756|44954575|532128993|N|Movil Abierto|17/12/2013|Activo|Pedido de Cliente|Equipo|Abierto Elige Todo Emp RD|B2B Movistar Empresas S/99.9|||Activación MB Internacionales|21/09/2024|20/03/2026|18
SEGMENTO_002|2029902035|CLIENT_00756|44954575|532128993|N|Movil Abierto|02/12/2013|Activo|Pedido de Cliente|Equipo|Abierto Elige Todo Emp RD|B2B_movistar Empresas S/.69.9|1|Descuento de 70% al plan x 12 meses|Activación MB Internacionales|09/03/2021|08/09/2022|18
SEGMENTO_002|2029902035|CLIENT_00756|44954575|532128993|N|Movil Abierto|19/11/2013|Activo|Pedido de Cliente|Equipo|Abierto Elige Todo Emp RD|B2B_movistar Empresas S/.69.9|1|Descuento de 70% al plan x 12 meses|Activación MB Internacionales|04/12/2025||
SEGMENTO_002|2029902035|CLIENT_00756|44954575|532128993|N|Movil Abierto|17/10/2013|Activo|Pedido de Cliente|Equipo|Abierto Elige Todo Emp RD|B2B_movistar Empresas S/.69.9|1|Descuento de 70% al plan x 12 meses|Activación MB Internacionales|21/01/2026|20/07/2027|18
SEGMENTO_002|2029902035|CLIENT_00756|44954575|532128993|N|Movil Abierto|14/02/2017|Activo|Pedido de Cliente|Equipo|Abierto Elige Todo Emp RD|B2B Movistar Empresas S/39.9 IV|||Activación MB Internacionales|25/06/2025|24/12/2026|18
SEGMENTO_002|2029902035|CLIENT_00756|44954575|532128993|N|Movil Abierto|25/01/2017|Activo|Negociación Equipo y/o SimCard|Equipo|Abierto Elige Todo Emp RD|B2B Movistar Empresas S/ 69.9 IV|1|Descuento de 70% al plan x 12 meses|Activación MB Internacionales|24/02/2021|23/08/2022|18
SEGMENTO_002|2029902035|CLIENT_00756|44954575|532128993|N|Movil Abierto|19/01/2017|Activo|Pedido de Cliente|Equipo|Abierto Elige Todo Emp RD|B2B Movistar Empresas S/99.9|1|Descuento de 70% al plan x 18m|Activación MB Internacionales|03/04/2025|02/10/2026|18
SEGMENTO_002|2029902035|CLIENT_00756|44954575|532128993|N|Movil Abierto|06/04/2018|Activo|Pedido de Cliente|Equipo|Abierto Elige Todo Emp RD|B2B_movistar Empresas S/.69.9|1|Descuento de 70% al plan x 12 meses|Activación MB Internacionales|22/12/2023|21/06/2025|18
SEGMENTO_002|2029902035|CLIENT_00756|44954575|532128993|N|Movil Abierto|18/09/2018|Activo|Pedido de Cliente|Equipo|Abierto Elige Todo Emp RD|B2B Movistar Empresas S/99.9|1|Descuento de 70% al plan x 12 meses|Activación MB Internacionales|17/12/2024|16/06/2026|18
SEGMENTO_002|2029902035|CLIENT_00756|44954575|532128993|N|Movil Abierto|09/04/2019|Activo|Pedido de Cliente|Equipo|Abierto Elige Todo Emp RD|B2B Movistar Empresas S/99.9 IV|1|Descuento de 50% al plan x 18m|Activación MB Internacionales|14/02/2025|13/08/2026|18
SEGMENTO_002|2029902035|CLIENT_00756|44954575|532128993|N|Movil Abierto|27/03/2019|Activo|Pedido de Cliente|Equipo|Abierto Elige Todo Emp RD|B2B Movistar Empresas S/99.9|1|Descuento de 70% al plan x 12 meses|Activación MB Internacionales|17/12/2024|16/06/2026|18
SEGMENTO_002|2029902035|CLIENT_00756|44954575|532128993|N|Movil Abierto|27/08/2019|Activo|Pedido de Cliente|Equipo|Abierto Elige Todo Emp RD|B2B Movistar Empresas S/99.9 IV|1|Descuento de 50% al plan x 18m|Activación MB Internacionales|13/02/2025|12/08/2026|18
SEGMENTO_002|2029902035|CLIENT_00756|44954575|532128993|N|BAM|11/05/2018|Activo|Pedido de Cliente|Equipo|BAM Empresas|Internet movil_6GB|1|Descuento de 70% al plan x 12 meses||11/05/2018||
SEGMENTO_002|2029902035|CLIENT_00756|44954575|532128993|N|Movil Abierto|27/11/2018|Activo|Pedido de Cliente|Equipo|Abierto Elige Todo Emp RD|B2B Movistar Empresas S/99.9|1|Descuento de 70% al plan x 18m|Activación MB Internacionales|03/04/2025|02/10/2026|18
SEGMENTO_002|2029902035|CLIENT_00756|44954575|532128993|N|Movil Abierto|27/11/2018|Activo|Negociación Equipo y/o SimCard|Equipo|Abierto Elige Todo Emp RD|B2B Movistar Empresas S/39.9 IV|||Activación MB Internacionales|13/10/2025|12/04/2027|18
SEGMENTO_002|2029902035|CLIENT_00756|44954575|532128993|N|Movil Abierto|13/05/2016|Activo|Pedido de Cliente|Equipo|Abierto Elige Todo Emp RD|B2B Movistar Empresas S/99.9|1|Descuento de 70% al plan x 12 meses|Activación MB Internacionales|04/12/2024|03/06/2026|18
SEGMENTO_002|2029902035|CLIENT_00756|44954575|532128993|N|Movil Abierto|23/01/2014|Activo|Pedido de Cliente|Equipo|Abierto Elige Todo Emp RD|B2B_movistar Empresas S/.69.9|1|Descuento de 70% al plan x 12 meses|Activación MB Internacionales|24/02/2021|23/08/2022|18
SEGMENTO_002|2029902035|CLIENT_00756|44954575|532128993|N|Movil Abierto|07/01/2014|Activo|Pedido de Cliente|Equipo|Abierto Elige Todo Emp RD|B2B_movistar Empresas S/.69.9|1|Descuento de 70% al plan x 12 meses|Activación MB Internacionales|04/12/2025||
SEGMENTO_002|2029902035|CLIENT_00756|44954575|532128993|N|Movil Abierto|16/12/2013|Activo|Pedido de Cliente|Equipo|Abierto Elige Todo Emp RD|B2B Movistar Empresas S/99.9|1|Descuento de 70% al plan x 18m|Activación MB Internacionales|03/04/2025|02/10/2026|18
SEGMENTO_002|2029902035|CLIENT_00756|44954575|532128993|N|Movil Abierto|19/11/2013|Activo|Negociación Equipo y/o SimCard|Equipo|Abierto Elige Todo Emp RD|B2B Movistar Empresas S/ 69.9 IV|1|Descuento de 70% al plan x 12 meses|Activación MB Internacionales|03/05/2021|03/11/2022|18
SEGMENTO_002|2029902035|CLIENT_00756|44954575|532128993|N|Movil Abierto|19/12/2013|Activo|Pedido de Cliente|Equipo|Abierto Elige Todo Emp RD|B2B Movistar Empresas S/99.9|1|Descuento de 70% al plan x 12 meses|Activación MB Internacionales|07/08/2024|06/02/2026|18
SEGMENTO_002|2029902035|CLIENT_00756|44954575|532128993|N|Movil Abierto|13/05/2016|Activo|Pedido de Cliente|Equipo|Abierto Elige Todo Emp RD|B2B Movistar Empresas S/39.9 IV|||Activación MB Internacionales|25/06/2025|24/12/2026|18
SEGMENTO_002|2029902035|CLIENT_00756|44954575|532128993|N|Movil Abierto|16/10/2015|Activo|Pedido de Cliente|Equipo|Abierto Elige Todo Emp RD|B2B_movistar Empresas S/.69.9|1|Descuento de 70% al plan x 12 meses|Activación MB Internacionales|09/03/2021|08/09/2022|18
SEGMENTO_002|2029902035|CLIENT_00756|44954575|532128993|N|Movil Abierto|17/01/2014|Activo|Pedido de Cliente|Equipo|Abierto Elige Todo Emp RD|B2B Movistar Empresas S/99.9|1|Descuento de 70% al plan x 12 meses|Activación MB Internacionales|07/08/2024|06/02/2026|18
SEGMENTO_002|2029902035|CLIENT_00756|44954575|532128993|N|Movil Abierto|02/01/2017|Activo|Negociación Equipo y/o SimCard|M4|Abierto Elige Todo Emp RD|B2B Movistar Empresas S/ 69.9 IV|1|Descuento de 70% al plan x 12 meses|Activación MB Internacionales|23/02/2021|04/09/2022|18
SEGMENTO_002|2029902035|CLIENT_00756|44954575|532128993|N|Movil Abierto|19/11/2013|Activo|Pedido de Cliente|Equipo|Abierto Elige Todo Emp RD|B2B Movistar Empresas S/ 69.9 IV|1|Descuento de 70% al plan x 12 meses|Activación MB Internacionales|08/03/2021|07/09/2022|18
SEGMENTO_002|2029902035|CLIENT_00756|44954575|532128993|N|Movil Abierto|19/11/2013|Activo|Pedido de Cliente|Equipo|Abierto Elige Todo Emp RD|B2B Movistar Empresas S/99.9|1|Descuento de 70% al plan x 12 meses|Activación MB Internacionales|17/12/2024|16/06/2026|18
SEGMENTO_002|2029902035|CLIENT_00756|44954575|532128993|N|Movil Abierto|19/11/2013|Activo|Pedido de Cliente|Equipo|Abierto Elige Todo Emp RD|B2B_movistar Empresas S/.69.9|1|Descuento de 70% al plan x 12 meses|Activación MB Internacionales|23/02/2021|22/08/2022|18
SEGMENTO_002|2029902035|CLIENT_00756|44954575|532128993|N|Movil Abierto|17/10/2013|Activo|Pedido de Cliente|Equipo|Abierto Elige Todo Emp RD|B2B Movistar Empresas S/99.9 IV|1|Descuento de 50% al plan x 18m|Activación MB Internacionales|13/02/2025|12/08/2026|18
SEGMENTO_002|2029902035|CLIENT_00756|44954575|532128993|N|Movil Abierto|12/08/2015|Activo|Pedido de Cliente|Equipo|Abierto Elige Todo Emp RD|B2B Movistar Empresas S/ 69.9 IV|1|Descuento de 70% al plan x 12 meses|Activación MB Internacionales|04/03/2021|03/09/2022|18
SEGMENTO_002|2029902035|CLIENT_00756|44954575|532128993|N|Movil Abierto|18/11/2015|Activo|Pedido de Cliente|Equipo|Abierto Elige Todo Emp RD|B2B_movistar Empresas S/.69.9|1|Descuento de 70% al plan x 12 meses|Activación MB Internacionales|23/02/2021|22/08/2022|18
SEGMENTO_002|2029902035|CLIENT_00756|44954575|532128993|N|Movil Abierto|05/10/2015|Activo|Pedido de Cliente|Equipo|Abierto Elige Todo Emp RD|B2B Movistar Empresas S/ 69.9 IV|1|Descuento de 70% al plan x 12 meses|Activación MB Internacionales|05/01/2026||
SEGMENTO_002|2029902035|CLIENT_00756|44954575|532128993|N|Movil Abierto|05/05/2014|Activo|Pedido de Cliente|Equipo|Abierto Elige Todo Emp RD|B2B_movistar Empresas S/.69.9|1|Descuento de 70% al plan x 12 meses|Activación MB Internacionales|04/12/2025||
SEGMENTO_002|2029902035|CLIENT_00756|44954575|532128993|N|Movil Abierto|13/11/2014|Activo|Negociación Equipo y/o SimCard|Equipo|Abierto Elige Todo Emp RD|B2B_movistar Empresas S/.69.9|1|Descuento de 70% al plan x 12 meses|Activación MB Internacionales|09/03/2021|08/09/2022|18
SEGMENTO_002|2029902035|CLIENT_00756|44954575|532128993|N|Movil Abierto|27/08/2014|Activo|Pedido de Cliente|Equipo|Abierto Elige Todo Emp RD|B2B_movistar Empresas S/.69.9|1|Descuento de 70% al plan x 12 meses|Activación MB Internacionales|09/03/2021|08/09/2022|18
SEGMENTO_002|2029902035|CLIENT_00756|44954575|532128993|N|Movil Abierto|23/01/2019|Activo|Negociación Equipo y/o SimCard|Equipo|Abierto Elige Todo Emp RD|B2B Movistar Empresas S/ 69.9 IV|2|Descuento de 70% al plan x 12 meses|Activación MB Internacionales|08/03/2021|07/09/2022|18
SEGMENTO_002|2098363854|CLIENT_00063|80290575|421513101|N|Movil Abierto|05/02/2018|Activo|Pedido de Cliente|Equipo|Abierto Elige Todo Emp RD|B2B Movistar Empresas S/ 72.9|||Activación MB Internacionales|26/11/2024|25/05/2026|18
SEGMENTO_002|2098363854|CLIENT_00063|80290575|421513101|N|Movil Abierto|05/02/2018|Activo|Negociación Equipo y/o SimCard|Equipo|Abierto Elige Todo Emp RD|B2B Movistar Empresas S/ 72.9|||Activación MB Internacionales|25/11/2024|24/05/2026|18
SEGMENTO_002|2098363854|CLIENT_00063|80290575|421513101|N|Movil Abierto|05/02/2018|Activo|Pedido de Cliente|Equipo|Abierto Elige Todo Emp RD|B2B Movistar Empresas S/ 72.9|||Activación MB Internacionales|25/11/2024|24/05/2026|18
SEGMENTO_002|2098363854|CLIENT_00063|80290575|421513101|N|Movil Abierto|19/01/2023|Activo|Pedido de Cliente|Equipo|Abierto Elige Todo Emp RD|B2B Movistar Empresas S/ 72.9|||Activación MB Internacionales|26/11/2024|25/05/2026|18
SEGMENTO_002|2098363854|CLIENT_00063|80290575|421513101|N|Movil Abierto|19/01/2023|Activo|Pedido de Cliente|Equipo|Abierto Elige Todo Emp RD|B2B Movistar Empresas S/ 72.9|||Activación MB Internacionales|26/11/2024|25/05/2026|18
SEGMENTO_002|2098363854|CLIENT_00063|80290575|421513101|N|Movil Abierto|19/01/2023|Activo|Pedido de Cliente|Equipo|Abierto Elige Todo Emp RD|B2B Movistar Empresas S/ 72.9|||Activación MB Internacionales|26/11/2024|25/05/2026|18
SEGMENTO_002|2098363854|CLIENT_00063|80290575|478621057|N|Movil Abierto|31/10/2024|Activo|Pedido de Cliente|Equipo|Abierto Elige Todo Emp RD|B2B Movistar Empresas S/ 72.9|||Activación MB Internacionales|29/10/2024|28/04/2026|18
SEGMENTO_002|2098363854|CLIENT_00063|80290575|478621057|N|Movil Abierto|31/10/2024|Activo|Pedido de Cliente|Equipo|Abierto Elige Todo Emp RD|B2B Movistar Empresas S/ 72.9|||Activación MB Internacionales|29/10/2024|28/04/2026|18
SEGMENTO_002|2098363854|CLIENT_00063|80290575|478621057|N|Movil Abierto|31/10/2024|Activo|Pedido de Cliente|Equipo|Abierto Elige Todo Emp RD|B2B Movistar Empresas S/ 72.9|||Activación MB Internacionales|29/10/2024|28/04/2026|18
SEGMENTO_002|2098363854|CLIENT_00063|80290575|478621057|N|Movil Abierto|31/10/2024|Activo|Pedido de Cliente|Equipo|Abierto Elige Todo Emp RD|B2B Movistar Empresas S/ 72.9|||Activación MB Internacionales|29/10/2024|28/04/2026|18
SEGMENTO_002|2098363854|CLIENT_00063|80290575|478621057|N|Movil Abierto|31/10/2024|Activo|Pedido de Cliente|Equipo|Abierto Elige Todo Emp RD|B2B Movistar Empresas S/ 72.9|||Activación MB Internacionales|29/10/2024|28/04/2026|18
SEGMENTO_002|2098363854|CLIENT_00063|80290575|478621057|N|Movil Abierto|31/10/2024|Activo|Pedido de Cliente|Equipo|Abierto Elige Todo Emp RD|B2B Movistar Empresas S/ 72.9|||Activación MB Internacionales|29/10/2024|28/04/2026|18
SEGMENTO_004|2006459799|CLIENT_00837|74471575|650399393|N|Movil Abierto|14/03/2017|Activo|Negociación Equipo y/o SimCard|Equipo|Abierto Elige Todo Emp RD|B2B Movistar Empresas S/32|||Activación MB Internacionales|06/12/2022|05/06/2024|18
SEGMENTO_004|2006459799|CLIENT_00837|74471575|020967501|N|Movil Abierto|24/12/2018|Activo|Negociación Equipo y/o SimCard|Equipo|Abierto Elige Todo Emp RD|B2B Movistar Empresas S/32||||02/04/2026||
SEGMENTO_004|2006459799|CLIENT_00837|74471575|956140983|N|Movil Abierto|05/09/2016|Activo|Pedido de Cliente|Equipo|Abierto Elige Todo Emp RD|B2B Movistar Empresas S/32|||Activación MB Internacionales|06/12/2022|05/06/2024|18
SEGMENTO_004|2006459799|CLIENT_00837|74471575|786140983|N|Movil Abierto|05/09/2016|Activo|Pedido de Cliente|Equipo|Abierto Elige Todo Emp RD|B2B Movistar Empresas S/ 72.9|||Activación MB Internacionales|06/12/2024|05/12/2025|12
SEGMENTO_004|2006459799|CLIENT_00837|74471575|522164293|N|Movil Abierto|30/12/2016|Activo|Pedido de Cliente|Equipo|Abierto Elige Todo Emp RD|B2B Movistar Empresas S/32|||Activación MB Internacionales|15/06/2023||
SEGMENTO_004|2006459799|CLIENT_00837|74471575|752164293|N|Movil Abierto|30/12/2016|Activo|Pedido de Cliente|Equipo|Abierto Elige Todo Emp RD|B2B Movistar Empresas S/32||||23/09/2020|22/03/2022|18
SEGMENTO_004|2006459799|CLIENT_00837|74471575|068080793|N|Movil Abierto|08/08/2017|Activo|Pedido de Cliente|Equipo|Abierto Elige Todo Emp RD|B2B Movistar Empresas S/32|||Activación MB Internacionales|13/03/2025|12/03/2026|12
SEGMENTO_004|2006459799|CLIENT_00837|74471575|871233003|N|Movil Abierto|14/09/2006|Activo|Pedido de Cliente|Equipo|Abierto Elige Todo Emp RD|B2B Movistar Empresas S/32|||Activación MB Internacionales|20/09/2024|19/09/2025|12
SEGMENTO_004|2058314802|CLIENT_00763|236245531|636986067|N|Movil Abierto|23/03/2026|Activo|Pedido de Cliente|M4|Abierto Elige Todo Emp RD|B2B Movistar Empresas S/30 IV|||Activación MB Internacionales|22/03/2026||
SEGMENTO_004|2058314802|CLIENT_00763|236245531|860296067|N|Movil Abierto|23/03/2026|Activo|Pedido de Cliente|M4|Abierto Elige Todo Emp RD|B2B Movistar Empresas S/30 IV|||Activación MB Internacionales|22/03/2026||
SEGMENTO_004|2058314802|CLIENT_00763|236245531|585196067|N|Movil Abierto|23/03/2026|Activo|Pedido de Cliente|M4|Abierto Elige Todo Emp RD|B2B Movistar Empresas S/30 IV|||Activación MB Internacionales|22/03/2026||
SEGMENTO_002|2098363854|CLIENT_00063|80290575|478621057|N|Movil Abierto|31/10/2024|Activo|Pedido de Cliente|Equipo|Abierto Elige Todo Emp RD|B2B Movistar Empresas S/ 72.9|||Activación MB Internacionales|29/10/2024|28/04/2026|18
SEGMENTO_002|2098363854|CLIENT_00063|80290575|478621057|N|Movil Abierto|31/10/2024|Activo|Pedido de Cliente|Equipo|Abierto Elige Todo Emp RD|B2B Movistar Empresas S/ 72.9|||Activación MB Internacionales|29/10/2024|28/04/2026|18
SEGMENTO_002|2098363854|CLIENT_00063|80290575|478621057|N|Movil Abierto|31/10/2024|Activo|Pedido de Cliente|Equipo|Abierto Elige Todo Emp RD|B2B Movistar Empresas S/ 72.9|||Activación MB Internacionales|29/10/2024|28/04/2026|18
SEGMENTO_002|2098363854|CLIENT_00063|80290575|478621057|N|Movil Abierto|31/10/2024|Activo|Pedido de Cliente|Equipo|Abierto Elige Todo Emp RD|B2B Movistar Empresas S/ 72.9|||Activación MB Internacionales|29/10/2024|28/04/2026|18
SEGMENTO_002|2098363854|CLIENT_00063|80290575|478621057|N|Movil Abierto|31/10/2024|Activo|Pedido de Cliente|Equipo|Abierto Elige Todo Emp RD|B2B Movistar Empresas S/ 72.9|||Activación MB Internacionales|29/10/2024|28/04/2026|18
SEGMENTO_002|2098363854|CLIENT_00063|80290575|421513101|N|Movil Abierto|18/03/2021|Activo|Pedido de Cliente|M4|Abierto Elige Todo Emp RD|Movistar Empresas S/ 62.9 I|||Activación MB Internacionales|05/11/2022||
SEGMENTO_002|2098363854|CLIENT_00063|80290575|421513101|N|Movil Abierto|18/03/2021|Activo|Pedido de Cliente|M4|Abierto Elige Todo Emp RD|Movistar Empresas S/ 62.9 I|||Activación MB Internacionales|05/11/2022||
SEGMENTO_002|2098363854|CLIENT_00063|80290575|421513101|N|Movil Abierto|18/03/2021|Activo|Pedido de Cliente|M4|Abierto Elige Todo Emp RD|Movistar Empresas S/ 62.9 I|||Activación MB Internacionales|05/11/2022||
SEGMENTO_002|2098363854|CLIENT_00063|80290575|421513101|N|Movil Abierto|18/03/2021|Activo|Pedido de Cliente|M4|Abierto Elige Todo Emp RD|Movistar Empresas S/ 62.9 I|||Activación MB Internacionales|05/11/2022||
SEGMENTO_002|2098363854|CLIENT_00063|80290575|421513101|N|Movil Abierto|18/03/2021|Activo|Pedido de Cliente|M4|Abierto Elige Todo Emp RD|Movistar Empresas S/ 62.9 I|||Activación MB Internacionales|05/11/2022||
SEGMENTO_002|2098363854|CLIENT_00063|80290575|421513101|N|Movil Abierto|18/03/2021|Activo|Pedido de Cliente|M4|Abierto Elige Todo Emp RD|Movistar Empresas S/ 62.9 I|||Activación MB Internacionales|05/11/2022||
SEGMENTO_002|2098363854|CLIENT_00063|80290575|421513101|N|Movil Abierto|18/03/2021|Activo|Pedido de Cliente|M4|Abierto Elige Todo Emp RD|Movistar Empresas S/ 62.9 I|||Activación MB Internacionales|05/11/2022||
SEGMENTO_002|2098363854|CLIENT_00063|80290575|421513101|N|Movil Abierto|18/03/2021|Activo|Pedido de Cliente|M4|Abierto Elige Todo Emp RD|Movistar Empresas S/ 62.9 I|||Activación MB Internacionales|05/11/2022||
SEGMENTO_002|2098363854|CLIENT_00063|80290575|421513101|N|Movil Abierto|18/03/2021|Activo|Pedido de Cliente|M4|Abierto Elige Todo Emp RD|Movistar Empresas S/ 62.9 I|||Activación MB Internacionales|05/11/2022||
SEGMENTO_002|2098363854|CLIENT_00063|80290575|421513101|N|Movil Abierto|18/03/2021|Activo|Pedido de Cliente|M4|Abierto Elige Todo Emp RD|Movistar Empresas S/ 62.9 I|||Activación MB Internacionales|05/11/2022||
SEGMENTO_002|2098363854|CLIENT_00063|80290575|421513101|N|Movil Abierto|18/03/2021|Activo|Pedido de Cliente|M4|Abierto Elige Todo Emp RD|Movistar Empresas S/ 62.9 I|||Activación MB Internacionales|05/11/2022||
SEGMENTO_002|2098363854|CLIENT_00063|80290575|421513101|N|Movil Abierto|18/03/2021|Activo|Pedido de Cliente|M4|Abierto Elige Todo Emp RD|Movistar Empresas S/ 62.9 I|||Activación MB Internacionales|05/11/2022||
SEGMENTO_002|2098363854|CLIENT_00063|80290575|421513101|N|Movil Abierto|18/03/2021|Activo|Pedido de Cliente|M4|Abierto Elige Todo Emp RD|Movistar Empresas S/ 62.9 I|||Activación MB Internacionales|05/11/2022||
SEGMENTO_002|2098363854|CLIENT_00063|80290575|421513101|N|Movil Abierto|18/03/2021|Activo|Pedido de Cliente|M4|Abierto Elige Todo Emp RD|Movistar Empresas S/ 62.9 I|||Activación MB Internacionales|05/11/2022||
SEGMENTO_002|2098363854|CLIENT_00063|80290575|421513101|N|Movil Abierto|18/03/2021|Activo|Pedido de Cliente|M4|Abierto Elige Todo Emp RD|Movistar Empresas S/ 62.9 I|||Activación MB Internacionales|05/11/2022||
SEGMENTO_002|2098363854|CLIENT_00063|80290575|421513101|N|Movil Abierto|18/03/2021|Activo|Pedido de Cliente|M4|Abierto Elige Todo Emp RD|Movistar Empresas S/ 62.9 I|||Activación MB Internacionales|05/11/2022||
SEGMENTO_002|2098363854|CLIENT_00063|80290575|421513101|N|Movil Abierto|18/03/2021|Activo|Pedido de Cliente|M4|Abierto Elige Todo Emp RD|Movistar Empresas S/ 62.9 I|||Activación MB Internacionales|05/11/2022||
SEGMENTO_002|2098363854|CLIENT_00063|80290575|421513101|N|Movil Abierto|18/03/2021|Activo|Pedido de Cliente|M4|Abierto Elige Todo Emp RD|Movistar Empresas S/ 62.9 I|||Activación MB Internacionales|05/11/2022||
SEGMENTO_002|2098363854|CLIENT_00063|80290575|421513101|N|Movil Abierto|18/03/2021|Activo|Pedido de Cliente|M4|Abierto Elige Todo Emp RD|Movistar Empresas S/ 62.9 I|||Activación MB Internacionales|05/11/2022||
SEGMENTO_002|2098363854|CLIENT_00063|80290575|421513101|N|Movil Abierto|18/03/2021|Activo|Pedido de Cliente|M4|Abierto Elige Todo Emp RD|Movistar Empresas S/ 62.9 I|||Activación MB Internacionales|05/11/2022||
SEGMENTO_002|2098363854|CLIENT_00063|80290575|421513101|N|Movil Abierto|18/03/2021|Activo|Pedido de Cliente|M4|Abierto Elige Todo Emp RD|Movistar Empresas S/ 62.9 I|||Activación MB Internacionales|05/11/2022||
SEGMENTO_002|2098363854|CLIENT_00063|80290575|421513101|N|Movil Abierto|18/03/2021|Activo|Pedido de Cliente|M4|Abierto Elige Todo Emp RD|Movistar Empresas S/ 62.9 I|||Activación MB Internacionales|05/11/2022||
SEGMENTO_002|2098363854|CLIENT_00063|80290575|421513101|N|Movil Abierto|18/03/2021|Activo|Pedido de Cliente|M4|Abierto Elige Todo Emp RD|Movistar Empresas S/ 62.9 I|||Activación MB Internacionales|05/11/2022||
SEGMENTO_002|2098363854|CLIENT_00063|80290575|421513101|N|Movil Abierto|18/03/2021|Activo|Pedido de Cliente|M4|Abierto Elige Todo Emp RD|Movistar Empresas S/ 62.9 I|||Activación MB Internacionales|05/11/2022||
SEGMENTO_002|2098363854|CLIENT_00063|80290575|421513101|N|Movil Abierto|18/03/2021|Activo|Pedido de Cliente|M4|Abierto Elige Todo Emp RD|Movistar Empresas S/ 62.9 I|||Activación MB Internacionales|05/11/2022||
SEGMENTO_004|2053555214|CLIENT_00159|963595521|864148447|N|Movil Abierto|17/02/2024|Activo|Pedido de Cliente|M4|Abierto Elige Todo Emp RD|B2B Movistar Empresas S/ 72.9||||18/10/2025||
SEGMENTO_004|2096202915|CLIENT_00459|637638531|603421167|N|Movil Control|02/06/2023|Activo|Cambio de Titularidad APC|Equipo|Control Movistar Libre|RV Plan Mi Movistar S/31.9 VI|1|Bono Movistar 15GB 6m (VR S/ 153.85)|Activación MB Internacionales|21/04/2026||
SEGMENTO_004|1002033932|CLIENT_00092|05551575|781721923|N|Movil Abierto|27/11/2009|Activo|Negociación Equipo y/o SimCard|Equipo|Abierto Elige Todo Emp RD|Plan Elige Todo+ S/ 66.9|||Activación MB Internacionales|19/03/2025|18/03/2026|12
SEGMENTO_002|2010441811|CLIENT_00839|122471211|461935027|N|Movil Abierto|19/11/2020|Activo|Pedido de Cliente|Equipo|Abierto Elige Todo Emp RD|Mi Movistar Empresas S/ 90.9|||Activación MB Internacionales|17/11/2020|16/05/2022|18
SEGMENTO_004|2071316506|CLIENT_00040|34954575|646690601|N|Movil Abierto|15/07/2019|Suspendido|Robo - Equipo y simcard|Equipo|Abierto Elige Todo Emp RD|Plan Elige Todo+ S/ 56.90||||15/07/2019|15/01/2021|18
SEGMENTO_004|2071316506|CLIENT_00040|34954575|546690601|N|Movil Abierto|15/07/2019|Activo|Pedido de Cliente|Equipo|Abierto Elige Todo Emp RD|Plan Elige Todo+ S/ 56.90||||15/07/2019|15/01/2021|18
SEGMENTO_004|2071316506|CLIENT_00040|34954575|446690601|N|Movil Abierto|15/07/2019|Corte|Cobranza - Suspensión Total|Equipo|Abierto Elige Todo Emp RD|Plan Elige Todo+ S/ 56.90|1|Descuento de 10% al plan x 6 meses||15/07/2019|15/01/2021|18
SEGMENTO_004|2093305474|CLIENT_00330|21510575|212656643|N|Movil Control|31/05/2012|Corte|Cobranza - Suspensión Total|Equipo|Control Vuela 4G CORP|Plan Vuela N S/ 59.9||||13/02/2018|13/08/2019|18
SEGMENTO_004|2058797594|CLIENT_00421|53591575|786920023|N|Movil Abierto|16/04/2008|Activo|Pedido de Cliente|Equipo|Abierto Elige Todo Emp RD|B2B Movistar Empresas S/32|1|Descuento de 50% al plan x 12 meses|Activación MB Internacionales|04/07/2024|03/07/2025|12
SEGMENTO_004|2058797594|CLIENT_00421|53591575|766920023|N|Movil Abierto|16/04/2008|Activo|Pedido de Cliente|Equipo|Abierto Elige Todo Emp RD|Mi Movistar Empresas S/ 66.90|1|Descuento de 50% al plan x 12 meses|Activación MB Internacionales|21/06/2026||
SEGMENTO_004|2069275365|CLIENT_00125|29031575|043130263|N|Movil Abierto|13/01/2014|Activo|Pedido de Cliente|Equipo|Abierto Elige Todo Emp|Plan Elige Todo + S/ 149.90|||Activación MB Internacionales|22/01/2019|22/07/2020|18
SEGMENTO_004|2001625741|CLIENT_00222|80203575|686639433|N|Movil Abierto|10/11/2010|Activo|Pedido de Cliente|Equipo|Abierto Elige Todo Emp|Plan Elige Todo + S/ 129.90||||10/11/2010||
SEGMENTO_004|2001625741|CLIENT_00222|80203575|866218843|N|Movil Abierto|31/08/2012|Activo|Fraude - Suspensión Cliente Riesgoso|Equipo|Abierto Vuela Ahorro CORP|Plan Vuela Ahorro S/ 119.9||||31/08/2012||
SEGMENTO_004|2035711012|CLIENT_00432|63816575|653770601|N|Movil Abierto|27/06/2019|Activo|Pedido de Cliente|M4|Abierto Elige Todo Emp RD|Plan Elige Todo+ S/ 56.90|1|Descuento de 10% al plan||05/06/2020||
SEGMENTO_004|2037889248|CLIENT_00761|12041575|202389647|N|Movil Abierto|13/05/2017|Activo|Pedido de Cliente|Equipo|Abierto Elige Todo Emp RD|B2B Movistar Empresas S/49.9 IV|||Activación MB Internacionales|15/06/2026||
SEGMENTO_004|2037889248|CLIENT_00761|12041575|202389647|N|Movil Abierto|29/05/2024|Activo|Alta Nueva solo SIM|M4|Abierto Elige Todo Emp RD|B2B Movistar Empresas S/42.9|||Activación MB Internacionales|12/01/2026||
SEGMENTO_004|2037889248|CLIENT_00761|12041575|516592593|N|Movil Abierto|13/05/2017|Activo|Pedido de Cliente|Equipo|Abierto Elige Todo Emp RD|B2B Movistar Empresas S/49.9 IV|||Activación MB Internacionales|15/06/2026||
SEGMENTO_004|2091733360|CLIENT_00277|06703575|437263783|N|Movil Control|05/07/2016|Activo|Negociación Equipo y/o SimCard|Equipo|Control Elige Todo Emp con Roaming|Plan Elige Todo + C S/ 56.9_I||||16/04/2025|15/10/2026|18
SEGMENTO_004|2079015167|CLIENT_00836|38117575|720665817|N|Movil Control|31/07/2020|Activo|Pedido de Cliente|Equipo|Control Movistar Libre|Plan Mi Movistar S/55.9 IP|||Activación MB Internacionales|19/09/2024|18/09/2025|12
SEGMENTO_004|2095839381|CLIENT_00231|433723521|437853447|N|Movil Abierto|24/01/2024|Activo|Pedido de Cliente|Equipo|Abierto Elige Todo Emp RD|B2B Movistar Empresas S/99.9|||Activación MB Internacionales|24/01/2024|23/07/2025|18
SEGMENTO_004|2039793515|CLIENT_00045|609635031|366178257|N|Movil Abierto|03/03/2025|Activo|Pedido de Cliente|M4|Abierto Elige Todo Emp RD|Movistar Empresas S/ 29.9 I|||Activación MB Internacionales|02/03/2025||
SEGMENTO_004|2066104589|CLIENT_00649|764058921|644919157|N|Movil Abierto|30/01/2025|Activo|Alta Nueva solo SIM|M4|Abierto Elige Todo Emp RD|B2B Movistar Empresas S/49.9 IV||||28/01/2025||
SEGMENTO_004|2057406010|CLIENT_00884|618659521|438653757|N|Movil Abierto|07/09/2025|Activo|Pedido de Cliente|M4|Abierto Elige Todo Emp RD|B2B Movistar Empresas S/42.9|||Activación MB Internacionales|05/09/2025||
SEGMENTO_004|2052913932|CLIENT_00961|34087016|775850606|N|Movil Abierto|22/08/2025|Activo|Fraude - Suspensión Cliente Riesgoso|M4|Abierto Elige Todo Emp RD|B2B_movistar Empresas S/.69.9|1|Descuento de 50% al plan x 12 meses|Activación MB Internacionales|21/08/2025||
SEGMENTO_004|2022642503|CLIENT_00537|334038211|859645127|N|Movil Control|09/01/2021|Activo|Pedido de Cliente|M4|Control Movistar Libre|RV Plan Mi Movistar S/48.9 IP25|||Activación MB Internacionales|06/01/2021||
SEGMENTO_004|2042893140|CLIENT_00665|739641521|713310447|N|Movil Control|08/01/2024|Activo|Pedido de Cliente|Equipo|Control Elige Todo Planta C sin Roaming|Plan Control S/ 10.00||||08/01/2024|07/07/2025|18
SEGMENTO_002|2081042486|CLIENT_00385|10560575|747353583|N|Movil Abierto|29/01/2025|Activo|Pedido de Cliente|Equipo|Abierto Elige Todo Emp RD|B2B Movistar Empresas S/119.9 IV|||Activación MB Internacionales|29/01/2025|28/07/2026|18
SEGMENTO_002|2081042486|CLIENT_00385|10560575|334412823|N|Movil Abierto|24/09/2003|Activo|Pedido de Cliente|Equipo|Abierto Elige Todo Emp RD|Mi Movistar Empresas S/ 77.9 I|||Activación MB Internacionales|25/08/2018|25/02/2020|18
SEGMENTO_002|2081042486|CLIENT_00385|10560575|334412823|N|Movil Abierto|24/09/2003|Activo|Pedido de Cliente|Equipo|Abierto Elige Todo Emp RD|Mi Movistar Empresas S/ 149.9|||Activación MB Internacionales|26/12/2022|25/06/2024|18
SEGMENTO_002|2081042486|CLIENT_00385|10560575|334412823|N|Movil Abierto|25/06/1999|Activo|Pedido de Cliente|Equipo|Abierto Elige Todo Emp RD|Mi Movistar Empresas S/ 149.9|||Activación MB Internacionales|17/04/2022|16/10/2023|18
SEGMENTO_004|2058314802|CLIENT_00763|236245531|924196067|N|Movil Abierto|23/03/2026|Activo|Pedido de Cliente|M4|Abierto Elige Todo Emp RD|B2B Movistar Empresas S/30 IV|||Activación MB Internacionales|22/03/2026||
SEGMENTO_004|2058314802|CLIENT_00763|236245531|788986067|N|Movil Abierto|23/03/2026|Activo|Pedido de Cliente|M4|Abierto Elige Todo Emp RD|B2B Movistar Empresas S/30 IV|||Activación MB Internacionales|22/03/2026||
SEGMENTO_004|2058314802|CLIENT_00763|236245531|804686067|N|Movil Abierto|23/03/2026|Activo|Pedido de Cliente|M4|Abierto Elige Todo Emp RD|B2B Movistar Empresas S/30 IV|||Activación MB Internacionales|22/03/2026||
SEGMENTO_004|2043951639|CLIENT_00898|53205575|967384283|N|Movil Abierto|08/01/2016|Activo|Negociación Equipo y/o SimCard|Equipo|Abierto Elige Todo Emp RD|Plan Elige Todo+ S/ 199.90|||Activación MB Internacionales|08/03/2026||
SEGMENTO_004|2086602695|CLIENT_00868|34761575|119794447|N|Movil Control|31/01/2024|Activo|Pedido de Cliente|M4|Control Movistar Libre|RV Plan Mi Movistar S/31.9 VI|||Activación MB Internacionales|06/04/2026||
SEGMENTO_004|2086602695|CLIENT_00868|34761575|588967523|N|Movil Abierto|02/05/2009|Activo|Pedido de Cliente|Equipo|Abierto Elige Todo Emp RD|Plan Elige Todo+ S/ 139.90||||27/01/2026||
SEGMENTO_004|2086602695|CLIENT_00868|34761575|612551803|N|Movil Control|26/01/2006|Activo|Pedido de Cliente|Equipo|Control Elige Todo Emp con Roaming|Plan Elige Todo + C S/ 77.90||||06/04/2026||
SEGMENTO_004|2086602695|CLIENT_00868|34761575|690551803|N|Movil Abierto|26/01/2006|Activo|Pedido de Cliente|Equipo|Abierto Elige Todo Emp RD|Plan Elige Todo+ S/ 100.90|||Activación MB Internacionales|27/01/2026||
SEGMENTO_004|2086602695|CLIENT_00868|34761575|411551803|N|Movil Abierto|26/01/2006|Activo|Pedido de Cliente|Equipo|Abierto Elige Todo Emp|Plan Elige Todo + S/ 119.90||||06/11/2025|05/05/2027|18
SEGMENTO_004|2086602695|CLIENT_00868|34761575|085092723|N|Movil Abierto|30/07/2009|Activo|Pedido de Cliente|Equipo|Abierto Elige Todo Emp RD|Plan Elige Todo+ S/ 110.9||||20/04/2019|20/10/2020|18
SEGMENTO_002|2081042486|CLIENT_00385|10560575|334412823|N|Movil Abierto|20/01/1998|Activo|Pedido de Cliente|Equipo|Abierto Elige Todo Emp RD|Mi Movistar Empresas S/ 77.9 I|||Activación MB Internacionales|25/08/2018|25/02/2020|18
SEGMENTO_002|2081042486|CLIENT_00385|10560575|334412823|N|Movil Abierto|24/09/2003|Activo|Pedido de Cliente|Equipo|Abierto Elige Todo Emp RD|Mi Movistar Empresas S/ 45.9|||Activación MB Internacionales|26/12/2022|25/06/2024|18
SEGMENTO_002|2029902035|CLIENT_00756|44954575|532128993|N|Movil Abierto|28/05/2021|Activo|Pedido de Cliente|Equipo|Abierto Elige Todo Emp RD|B2B_movistar Empresas S/.69.9|1|Descuento de 70% al plan x 12 meses|Activación MB Internacionales|27/05/2021|26/11/2022|18
SEGMENTO_002|2029902035|CLIENT_00756|44954575|532128993|N|Movil Abierto|18/08/2023|Activo|Pedido de Cliente|Equipo|Abierto Elige Todo Emp RD|B2B Movistar Empresas S/39.9 IV|||Activación MB Internacionales|13/10/2025|12/04/2027|18
SEGMENTO_002|2029902035|CLIENT_00756|44954575|532128993|N|BAM|18/08/2023|Activo|Pedido de Cliente|Equipo|BAM Empresas|Plan Internet de Teletrabajo S/155|1|Descuento de 70% al plan x 12 meses||17/08/2023|16/02/2025|18
SEGMENTO_002|2029902035|CLIENT_00756|44954575|532128993|N|Movil Abierto|29/11/2023|Activo|Pedido de Cliente|Equipo|Abierto Elige Todo Emp RD|B2B Movistar Empresas S/ 69.9 IV|1|Descuento de 70% al plan x 12 meses|Activación MB Internacionales|05/01/2026||
SEGMENTO_002|2029902035|CLIENT_00756|44954575|532128993|N|Movil Abierto|29/11/2023|Activo|Pedido de Cliente|Equipo|Abierto Elige Todo Emp RD|B2B Movistar Empresas S/ 69.9 IV|1|Descuento de 70% al plan x 12 meses|Activación MB Internacionales|05/01/2026||
SEGMENTO_002|2029902035|CLIENT_00756|44954575|532128993|N|Movil Abierto|29/11/2023|Activo|Pedido de Cliente|Equipo|Abierto Elige Todo Emp RD|B2B Movistar Empresas S/ 69.9 IV|1|Descuento de 70% al plan x 12 meses|Activación MB Internacionales|05/01/2026||
SEGMENTO_002|2029902035|CLIENT_00756|44954575|532128993|N|Movil Abierto|29/11/2023|Activo|Pedido de Cliente|Equipo|Abierto Elige Todo Emp RD|B2B Movistar Empresas S/ 69.9 IV|1|Descuento de 70% al plan x 12 meses|Activación MB Internacionales|05/01/2026||
SEGMENTO_002|2029902035|CLIENT_00756|44954575|532128993|N|Movil Abierto|29/11/2023|Activo|Pedido de Cliente|Equipo|Abierto Elige Todo Emp RD|B2B Movistar Empresas S/ 69.9 IV|1|Descuento de 70% al plan x 12 meses|Activación MB Internacionales|05/01/2026||
SEGMENTO_002|2029902035|CLIENT_00756|44954575|532128993|N|Movil Abierto|29/11/2023|Activo|Pedido de Cliente|Equipo|Abierto Elige Todo Emp RD|B2B Movistar Empresas S/ 69.9 IV|1|Descuento de 70% al plan x 12 meses|Activación MB Internacionales|05/01/2026||
SEGMENTO_002|2029902035|CLIENT_00756|44954575|532128993|N|Movil Abierto|29/11/2023|Activo|Pedido de Cliente|Equipo|Abierto Elige Todo Emp RD|B2B Movistar Empresas S/ 69.9 IV|1|Descuento de 70% al plan x 12 meses|Activación MB Internacionales|05/01/2026||
SEGMENTO_002|2029902035|CLIENT_00756|44954575|532128993|N|Movil Abierto|29/11/2023|Activo|Pedido de Cliente|Equipo|Abierto Elige Todo Emp RD|B2B Movistar Empresas S/ 69.9 IV|1|Descuento de 70% al plan x 12 meses|Activación MB Internacionales|05/01/2026||
SEGMENTO_002|2029902035|CLIENT_00756|44954575|532128993|N|Movil Abierto|29/11/2023|Activo|Pedido de Cliente|Equipo|Abierto Elige Todo Emp RD|B2B Movistar Empresas S/ 69.9 IV|1|Descuento de 70% al plan x 12 meses|Activación MB Internacionales|05/01/2026||
SEGMENTO_002|2029902035|CLIENT_00756|44954575|532128993|N|Movil Abierto|29/11/2023|Activo|Negociación Equipo y/o SimCard|Equipo|Abierto Elige Todo Emp RD|B2B Movistar Empresas S/ 69.9 IV|1|Descuento de 70% al plan x 12 meses|Activación MB Internacionales|05/01/2026||
SEGMENTO_002|2029902035|CLIENT_00756|44954575|532128993|N|Movil Abierto|02/04/2024|Activo|Pedido de Cliente|Equipo|Abierto Elige Todo Emp RD|B2B Movistar Empresas S/ 69.9 IV|1|Descuento de 70% al plan x 12 meses|Activación MB Internacionales|05/01/2026||
SEGMENTO_002|2029902035|CLIENT_00756|44954575|532128993|N|Movil Abierto|02/04/2024|Activo|Pedido de Cliente|Equipo|Abierto Elige Todo Emp RD|B2B Movistar Empresas S/ 69.9 IV|1|Descuento de 70% al plan x 12 meses|Activación MB Internacionales|05/01/2026||
SEGMENTO_002|2029902035|CLIENT_00756|44954575|532128993|N|Movil Abierto|29/05/2024|Activo|Pedido de Cliente|Equipo|Abierto Elige Todo Emp RD|B2B Movistar Empresas S/99.9|1|Descuento de 70% al plan x 12 meses|Activación MB Internacionales|28/05/2024|27/11/2025|18
SEGMENTO_002|2029902035|CLIENT_00756|44954575|532128993|N|Movil Abierto|29/05/2024|Activo|Pedido de Cliente|Equipo|Abierto Elige Todo Emp RD|B2B Movistar Empresas S/99.9|1|Descuento de 70% al plan x 12 meses|Activación MB Internacionales|28/05/2024|27/11/2025|18
SEGMENTO_002|2029902035|CLIENT_00756|44954575|532128993|N|Movil Abierto|29/05/2024|Activo|Pedido de Cliente|Equipo|Abierto Elige Todo Emp RD|B2B Movistar Empresas S/99.9|1|Descuento de 70% al plan x 12 meses|Activación MB Internacionales|28/05/2024|27/11/2025|18
SEGMENTO_002|2029902035|CLIENT_00756|44954575|532128993|N|Movil Abierto|29/05/2024|Activo|Pedido de Cliente|Equipo|Abierto Elige Todo Emp RD|B2B Movistar Empresas S/99.9|1|Descuento de 70% al plan x 12 meses|Activación MB Internacionales|28/05/2024|27/11/2025|18
SEGMENTO_002|2029902035|CLIENT_00756|44954575|532128993|N|Movil Abierto|29/05/2024|Activo|Pedido de Cliente|Equipo|Abierto Elige Todo Emp RD|B2B Movistar Empresas S/99.9|1|Descuento de 70% al plan x 12 meses|Activación MB Internacionales|28/05/2024|27/11/2025|18
SEGMENTO_002|2029902035|CLIENT_00756|44954575|532128993|N|Movil Abierto|29/05/2024|Activo|Pedido de Cliente|Equipo|Abierto Elige Todo Emp RD|B2B Movistar Empresas S/99.9|1|Descuento de 70% al plan x 12 meses|Activación MB Internacionales|28/05/2024|27/11/2025|18
SEGMENTO_002|2029902035|CLIENT_00756|44954575|532128993|N|Movil Abierto|29/05/2024|Activo|Pedido de Cliente|Equipo|Abierto Elige Todo Emp RD|B2B Movistar Empresas S/99.9|1|Descuento de 70% al plan x 12 meses|Activación MB Internacionales|28/05/2024|27/11/2025|18
SEGMENTO_002|2029902035|CLIENT_00756|44954575|532128993|N|Movil Abierto|29/05/2024|Activo|Pedido de Cliente|Equipo|Abierto Elige Todo Emp RD|B2B Movistar Empresas S/99.9|1|Descuento de 70% al plan x 12 meses|Activación MB Internacionales|28/05/2024|27/11/2025|18
SEGMENTO_002|2029902035|CLIENT_00756|44954575|532128993|N|Movil Abierto|29/05/2024|Activo|Pedido de Cliente|Equipo|Abierto Elige Todo Emp RD|B2B Movistar Empresas S/99.9|1|Descuento de 70% al plan x 12 meses|Activación MB Internacionales|28/05/2024|27/11/2025|18
SEGMENTO_002|2029902035|CLIENT_00756|44954575|532128993|N|Movil Abierto|29/05/2024|Activo|Pedido de Cliente|Equipo|Abierto Elige Todo Emp RD|B2B Movistar Empresas S/99.9|1|Descuento de 70% al plan x 12 meses|Activación MB Internacionales|28/05/2024|27/11/2025|18
SEGMENTO_002|2029902035|CLIENT_00756|44954575|532128993|N|BAM|18/08/2023|Activo|Pedido de Cliente|Equipo|BAM Empresas|Plan Internet de Teletrabajo S/155|1|Descuento de 70% al plan x 12 meses||17/08/2023|16/02/2025|18
SEGMENTO_002|2029902035|CLIENT_00756|44954575|532128993|N|Movil Abierto|18/08/2023|Activo|Pedido de Cliente|Equipo|Abierto Elige Todo Emp RD|B2B Movistar Empresas S/ 69.9 IV|1|Descuento de 70% al plan x 12 meses|Activación MB Internacionales|05/01/2026||
SEGMENTO_002|2029902035|CLIENT_00756|44954575|532128993|N|Movil Abierto|02/04/2024|Activo|Pedido de Cliente|Equipo|Abierto Elige Todo Emp RD|B2B Movistar Empresas S/ 69.9 IV|1|Descuento de 70% al plan x 12 meses|Activación MB Internacionales|05/01/2026||
SEGMENTO_002|2029902035|CLIENT_00756|44954575|532128993|N|Movil Abierto|02/04/2024|Activo|Negociación Equipo y/o SimCard|Equipo|Abierto Elige Todo Emp RD|B2B Movistar Empresas S/ 69.9 IV|1|Descuento de 70% al plan x 12 meses|Activación MB Internacionales|05/01/2026||
SEGMENTO_002|2029902035|CLIENT_00756|44954575|532128993|N|Movil Abierto|02/04/2024|Activo|Pedido de Cliente|Equipo|Abierto Elige Todo Emp RD|B2B Movistar Empresas S/ 69.9 IV|1|Descuento de 70% al plan x 12 meses|Activación MB Internacionales|05/01/2026||
SEGMENTO_002|2029902035|CLIENT_00756|44954575|532128993|N|Movil Abierto|02/04/2024|Activo|Pedido de Cliente|Equipo|Abierto Elige Todo Emp RD|B2B Movistar Empresas S/ 69.9 IV|1|Descuento de 70% al plan x 12 meses|Activación MB Internacionales|05/01/2026||
SEGMENTO_002|2029902035|CLIENT_00756|44954575|532128993|N|Movil Abierto|02/04/2024|Activo|Pedido de Cliente|Equipo|Abierto Elige Todo Emp RD|B2B Movistar Empresas S/ 69.9 IV|1|Descuento de 70% al plan x 12 meses|Activación MB Internacionales|05/01/2026||
SEGMENTO_002|2029902035|CLIENT_00756|44954575|532128993|N|Movil Abierto|02/04/2024|Activo|Pedido de Cliente|Equipo|Abierto Elige Todo Emp RD|B2B Movistar Empresas S/ 69.9 IV|1|Descuento de 70% al plan x 12 meses|Activación MB Internacionales|05/01/2026||
SEGMENTO_002|2029902035|CLIENT_00756|44954575|532128993|N|Movil Abierto|19/03/2021|Activo|Pedido de Cliente|Equipo|Abierto Elige Todo Emp RD|B2B Movistar Empresas S/39.9 IV|||Activación MB Internacionales|13/10/2025|12/04/2027|18
SEGMENTO_002|2029902035|CLIENT_00756|44954575|532128993|N|Movil Abierto|22/02/2021|Activo|Pedido de Cliente|Equipo|Abierto Elige Todo Emp RD|B2B Movistar Empresas S/ 69.9 IV|1|Descuento de 70% al plan x 12 meses|Activación MB Internacionales|05/01/2026||
SEGMENTO_002|2029902035|CLIENT_00756|44954575|532128993|N|Movil Abierto|24/01/2024|Activo|Pedido de Cliente|Equipo|Abierto Elige Todo Emp RD|B2B Movistar Empresas S/ 69.9 IV|1|Descuento de 70% al plan x 12 meses|Activación MB Internacionales|05/01/2026||
SEGMENTO_002|2029902035|CLIENT_00756|44954575|532128993|N|BAM|24/01/2024|Activo|Pedido de Cliente|Equipo|BAM Empresas|Plan Internet de Teletrabajo S/155|1|Descuento de 70% al plan x 12 meses||23/01/2024|22/07/2025|18
SEGMENTO_002|2029902035|CLIENT_00756|44954575|532128993|N|Movil Abierto|24/01/2024|Activo|Negociación Equipo y/o SimCard|Equipo|Abierto Elige Todo Emp RD|B2B Movistar Empresas S/ 69.9 IV|1|Descuento de 70% al plan x 12 meses|Activación MB Internacionales|05/01/2026||
SEGMENTO_002|2029902035|CLIENT_00756|44954575|532128993|N|Movil Abierto|02/01/2017|Activo|Negociación Equipo y/o SimCard|Equipo|Abierto Elige Todo Emp RD|B2B_movistar Empresas S/.69.9|1|Descuento de 70% al plan x 12 meses|Activación MB Internacionales|23/02/2021|22/08/2022|18
SEGMENTO_002|2029902035|CLIENT_00756|44954575|532128993|N|Movil Abierto|02/01/2017|Activo|Pedido de Cliente|Equipo|Abierto Elige Todo Emp RD|B2B Movistar Empresas S/39.9 IV|||Activación MB Internacionales|16/10/2025|15/04/2027|18
SEGMENTO_002|2029902035|CLIENT_00756|44954575|532128993|N|Movil Abierto|24/12/2014|Activo|Pedido de Cliente|Equipo|Abierto Elige Todo Emp RD|B2B_movistar Empresas S/.69.9|1|Descuento de 70% al plan x 12 meses|Activación MB Internacionales|24/02/2021|24/03/2026|18
SEGMENTO_002|2029902035|CLIENT_00756|44954575|532128993|N|Movil Abierto|25/01/2017|Suspendido|Robo - Equipo y simcard|Equipo|Abierto Elige Todo Emp RD|B2B Movistar Empresas S/99.9|1|Descuento de 70% al plan x 18m|Activación MB Internacionales|03/04/2025|02/10/2026|18
SEGMENTO_002|2029902035|CLIENT_00756|44954575|532128993|N|Movil Abierto|05/02/2015|Activo|Pedido de Cliente|Equipo|Abierto Elige Todo Emp RD|B2B Movistar Empresas S/99.9|||Activación MB Internacionales|21/09/2024|20/03/2026|18
SEGMENTO_002|2029902035|CLIENT_00756|44954575|532128993|N|Movil Abierto|25/03/2015|Activo|Pedido de Cliente|Equipo|Abierto Elige Todo Emp RD|B2B Movistar Empresas S/ 69.9 IV|1|Descuento de 70% al plan x 12 meses|Activación MB Internacionales|09/03/2021|08/09/2022|18
SEGMENTO_002|2029902035|CLIENT_00756|44954575|532128993|N|Movil Abierto|05/02/2015|Activo|Pedido de Cliente|Equipo|Abierto Elige Todo Emp RD|B2B_movistar Empresas S/.69.9|1|Descuento de 70% al plan x 12 meses|Activación MB Internacionales|23/02/2021|22/08/2022|18
SEGMENTO_002|2029902035|CLIENT_00756|44954575|532128993|N|Movil Abierto|03/09/2014|Activo|Pedido de Cliente|Equipo|Abierto Elige Todo Emp RD|B2B_movistar Empresas S/.69.9|1|Descuento de 70% al plan x 12 meses|Activación MB Internacionales|23/02/2021|22/08/2022|18
SEGMENTO_002|2029902035|CLIENT_00756|44954575|532128993|N|Movil Abierto|07/03/2019|Activo|Pedido de Cliente|Equipo|Abierto Elige Todo Emp RD|B2B_movistar Empresas S/.69.9|1|Descuento de 70% al plan x 12 meses|Activación MB Internacionales|04/12/2025||
SEGMENTO_002|2029902035|CLIENT_00756|44954575|532128993|N|Movil Abierto|07/03/2019|Activo|Pedido de Cliente|Equipo|Abierto Elige Todo Emp RD|B2B_movistar Empresas S/.69.9|1|Descuento de 70% al plan x 12 meses|Activación MB Internacionales|23/02/2021|22/08/2022|18
SEGMENTO_002|2029902035|CLIENT_00756|44954575|532128993|N|Movil Abierto|28/02/2019|Activo|Negociación Equipo y/o SimCard|Equipo|Abierto Elige Todo Emp RD|B2B Movistar Empresas S/ 69.9 IV|1|Descuento de 70% al plan x 12 meses|Activación MB Internacionales|04/03/2021|18/09/2022|18
SEGMENTO_002|2029902035|CLIENT_00756|44954575|532128993|N|Movil Abierto|14/05/2019|Activo|Pedido de Cliente|Equipo|Abierto Elige Todo Emp RD|B2B Movistar Empresas S/99.9|1|Descuento de 70% al plan x 12 meses|Activación MB Internacionales|23/10/2024|22/04/2026|18
SEGMENTO_002|2029902035|CLIENT_00756|44954575|532128993|N|Movil Abierto|23/01/2019|Activo|Pedido de Cliente|Equipo|Abierto Elige Todo Emp RD|B2B Movistar Empresas S/ 69.9 IV|2|Descuento de 70% al plan x 12 meses|Activación MB Internacionales|08/03/2021|07/09/2022|18
SEGMENTO_002|2029902035|CLIENT_00756|44954575|532128993|N|Movil Abierto|05/02/2015|Activo|Pedido de Cliente|Equipo|Abierto Elige Todo Emp RD|B2B_movistar Empresas S/.69.9|1|Descuento de 70% al plan x 12 meses|Activación MB Internacionales|23/02/2021|22/08/2022|18
SEGMENTO_002|2029902035|CLIENT_00756|44954575|532128993|N|Movil Abierto|05/02/2015|Activo|Pedido de Cliente|Equipo|Abierto Elige Todo Emp RD|B2B Movistar Empresas S/ 69.9 IV|1|Descuento de 70% al plan x 12 meses|Activación MB Internacionales|23/02/2021|22/08/2022|18
SEGMENTO_002|2029902035|CLIENT_00756|44954575|532128993|N|Movil Abierto|07/03/2019|Activo|Pedido de Cliente|Equipo|Abierto Elige Todo Emp RD|B2B_movistar Empresas S/.69.9|1|Descuento de 70% al plan x 12 meses|Activación MB Internacionales|23/02/2021|22/08/2022|18
SEGMENTO_002|2029902035|CLIENT_00756|44954575|532128993|N|Movil Abierto|17/12/2013|Activo|Pedido de Cliente|Equipo|Abierto Elige Todo Emp RD|B2B Movistar Empresas S/99.9|1|Descuento de 70% al plan x 12 meses|Activación MB Internacionales|07/08/2024|06/02/2026|18
SEGMENTO_002|2029902035|CLIENT_00756|44954575|532128993|N|Movil Abierto|02/12/2013|Activo|Pedido de Cliente|Equipo|Abierto Elige Todo Emp RD|B2B Movistar Empresas S/99.9|1|Descuento de 70% al plan x 12 meses|Activación MB Internacionales|07/08/2024|06/02/2026|18
SEGMENTO_002|2029902035|CLIENT_00756|44954575|532128993|N|Movil Abierto|19/11/2013|Activo|Pedido de Cliente|Equipo|Abierto Elige Todo Emp RD|B2B Movistar Empresas S/99.9 IV|1|Descuento de 50% al plan x 18m|Activación MB Internacionales|14/02/2025|13/08/2026|18
SEGMENTO_002|2029902035|CLIENT_00756|44954575|532128993|N|Movil Abierto|23/05/2019|Activo|Pedido de Cliente|Equipo|Abierto Elige Todo Emp RD|B2B Movistar Empresas S/ 69.9 IV|1|Descuento de 70% al plan x 12 meses|Activación MB Internacionales|04/03/2021|03/09/2022|18
SEGMENTO_002|2029902035|CLIENT_00756|44954575|532128993|N|Movil Abierto|09/05/2019|Activo|Pedido de Cliente|Equipo|Abierto Elige Todo Emp RD|B2B Movistar Empresas S/99.9|||Activación MB Internacionales|20/09/2024|19/03/2026|18
SEGMENTO_002|2029902035|CLIENT_00756|44954575|532128993|N|Movil Abierto|25/01/2017|Activo|Pedido de Cliente|Equipo|Abierto Elige Todo Emp RD|B2B Movistar Empresas S/99.9|1|Descuento de 70% al plan x 12 meses|Activación MB Internacionales|04/12/2024|03/06/2026|18
SEGMENTO_002|2029902035|CLIENT_00756|44954575|532128993|N|Movil Abierto|19/01/2017|Activo|Pedido de Cliente|Equipo|Abierto Elige Todo Emp RD|B2B Movistar Empresas S/99.9|1|Descuento de 70% al plan x 12 meses|Activación MB Internacionales|17/12/2024|16/06/2026|18
SEGMENTO_002|2029902035|CLIENT_00756|44954575|532128993|N|Movil Abierto|19/01/2017|Activo|Pedido de Cliente|Equipo|Abierto Elige Todo Emp RD|B2B Movistar Empresas S/99.9|1|Descuento de 70% al plan x 12 meses|Activación MB Internacionales|07/08/2024|06/02/2026|18
SEGMENTO_002|2029902035|CLIENT_00756|44954575|532128993|N|Movil Abierto|14/04/2015|Activo|Pedido de Cliente|Equipo|Abierto Elige Todo Emp RD|B2B_movistar Empresas S/.69.9|1|Descuento de 70% al plan x 12 meses|Activación MB Internacionales|08/03/2021|07/09/2022|18
SEGMENTO_002|2029902035|CLIENT_00756|44954575|532128993|N|Movil Abierto|14/05/2019|Activo|Pedido de Cliente|Equipo|Abierto Elige Todo Emp RD|B2B Movistar Empresas S/ 69.9 IV|1|Descuento de 70% al plan x 12 meses|Activación MB Internacionales|05/01/2026||
SEGMENTO_002|2029902035|CLIENT_00756|44954575|532128993|N|Movil Abierto|09/05/2019|Activo|Pedido de Cliente|Equipo|Abierto Elige Todo Emp RD|B2B_movistar Empresas S/.69.9|1|Descuento de 70% al plan x 12 meses|Activación MB Internacionales|04/12/2025||
SEGMENTO_002|2029902035|CLIENT_00756|44954575|532128993|N|Movil Abierto|19/12/2013|Activo|Negociación Equipo y/o SimCard|Equipo|Abierto Elige Todo Emp RD|B2B Movistar Empresas S/ 69.9 IV|1|Descuento de 70% al plan x 12 meses|Activación MB Internacionales|04/03/2021|03/09/2022|18
SEGMENTO_002|2029902035|CLIENT_00756|66947575|532128993|N|Movil Abierto|08/03/2024|Activo|Pedido de Cliente|Equipo|Abierto Elige Todo Emp RD|B2B Movistar Empresas S/ 69.9 IV|1|Descuento de 70% al plan x 12 meses|Activación MB Internacionales|08/03/2024|07/09/2025|18
SEGMENTO_002|2029902035|CLIENT_00756|66947575|532128993|N|Movil Abierto|26/04/2023|Activo|Pedido de Cliente|Equipo|Abierto Elige Todo Emp RD|B2B Movistar Empresas S/ 69.9 IV|1|Descuento de 70% al plan x 12 meses|Activación MB Internacionales|26/04/2023|25/10/2024|18
SEGMENTO_002|2029902035|CLIENT_00756|66947575|532128993|N|Movil Abierto|26/04/2023|Activo|Pedido de Cliente|Equipo|Abierto Elige Todo Emp RD|B2B Movistar Empresas S/ 69.9 IV|1|Descuento de 70% al plan x 12 meses|Activación MB Internacionales|26/04/2023|25/10/2024|18
SEGMENTO_002|2029902035|CLIENT_00756|66947575|532128993|N|Movil Abierto|26/04/2023|Activo|Pedido de Cliente|Equipo|Abierto Elige Todo Emp RD|B2B Movistar Empresas S/ 69.9 IV|1|Descuento de 70% al plan x 12 meses|Activación MB Internacionales|26/04/2023|25/10/2024|18
SEGMENTO_002|2029902035|CLIENT_00756|66947575|532128993|N|Movil Abierto|26/04/2023|Activo|Pedido de Cliente|Equipo|Abierto Elige Todo Emp RD|B2B Movistar Empresas S/ 69.9 IV|1|Descuento de 70% al plan x 12 meses|Activación MB Internacionales|26/04/2023|25/10/2024|18
SEGMENTO_002|2029902035|CLIENT_00756|66947575|532128993|N|Movil Abierto|11/09/2019|Activo|Pedido de Cliente|Equipo|Abierto Elige Todo Emp RD|B2B Movistar Empresas S/ 69.9 IV|1|Descuento de 70% al plan x 12 meses|Activación MB Internacionales|29/12/2025||
SEGMENTO_004|2045052005|CLIENT_00109|763571211|174787947|N|Movil Abierto|16/10/2024|Activo|Pedido de Cliente|M4|Abierto Elige Todo Emp RD|B2B Movistar Empresas S/ 72.9|2|Descuento de 50% al plan x 12 meses|Activación MB Internacionales|23/03/2026||
SEGMENTO_004|2058153118|CLIENT_00729|853875821|741139947|N|Movil Abierto|18/10/2024|Activo|Pedido de Cliente|M4|Abierto Movistar Libre|RV Plan Ilimitado Mi Movistar S/ 69.9 V|||Activación MB Internacionales|18/10/2024||
SEGMENTO_004|2002042551|CLIENT_00727|920370711|389442827|N|Movil Abierto|01/05/2024|Activo|Pedido de Cliente|M4|Abierto Elige Todo Emp RD|B2B Movistar Empresas S/52.9|||Activación MB Internacionales|20/11/2025||
SEGMENTO_002|2029902035|CLIENT_00756|44954575|532128993|N|Movil Abierto|10/09/2018|Activo|Pedido de Cliente|Equipo|Abierto Elige Todo Emp RD|B2B Movistar Empresas S/ 69.9 IV|1|Descuento de 70% al plan x 12 meses|Activación MB Internacionales|23/02/2021|22/08/2022|18
SEGMENTO_002|2029902035|CLIENT_00756|44954575|532128993|N|Movil Abierto|29/11/2023|Activo|Pedido de Cliente|Equipo|Abierto Elige Todo Emp RD|B2B Movistar Empresas S/ 69.9 IV|1|Descuento de 70% al plan x 12 meses|Activación MB Internacionales|05/01/2026||
SEGMENTO_002|2029902035|CLIENT_00756|44954575|532128993|N|Movil Abierto|29/11/2023|Activo|Pedido de Cliente|Equipo|Abierto Elige Todo Emp RD|B2B Movistar Empresas S/ 69.9 IV|1|Descuento de 70% al plan x 12 meses|Activación MB Internacionales|05/01/2026||
SEGMENTO_002|2029902035|CLIENT_00756|44954575|532128993|N|Movil Abierto|27/04/2021|Activo|Pedido de Cliente|Equipo|Abierto Elige Todo Emp RD|B2B_movistar Empresas S/.69.9|1|Descuento de 70% al plan x 12 meses|Activación MB Internacionales|26/04/2021|25/10/2022|18
SEGMENTO_002|2029902035|CLIENT_00756|44954575|532128993|N|Movil Abierto|27/04/2021|Activo|Pedido de Cliente|Equipo|Abierto Elige Todo Emp RD|B2B_movistar Empresas S/.69.9|1|Descuento de 70% al plan x 12 meses|Activación MB Internacionales|04/12/2025||
SEGMENTO_002|2029902035|CLIENT_00756|44954575|532128993|N|Movil Abierto|27/04/2021|Activo|Pedido de Cliente|Equipo|Abierto Elige Todo Emp RD|B2B_movistar Empresas S/.69.9|1|Descuento de 70% al plan x 12 meses|Activación MB Internacionales|26/04/2021|25/10/2022|18
SEGMENTO_002|2029902035|CLIENT_00756|44954575|532128993|N|Movil Abierto|27/04/2021|Activo|Pedido de Cliente|Equipo|Abierto Elige Todo Emp RD|B2B Movistar Empresas S/99.9|1|Descuento de 70% al plan x 12 meses|Activación MB Internacionales|07/08/2024|06/02/2026|18
SEGMENTO_002|2029902035|CLIENT_00756|66947575|532128993|N|BAM|11/03/2024|Activo|Pedido de Cliente|Equipo|BAM Empresas|Plan Internet de Teletrabajo S/155|1|Descuento de 70% al plan x 12 meses||11/03/2024|10/09/2025|18
SEGMENTO_002|2029902035|CLIENT_00756|66947575|956960057|N|Movil Abierto|28/10/2024|Activo|Pedido de Cliente|Equipo|Abierto Elige Todo Emp RD|B2B Movistar Empresas S/42.9|2|Descuento de 70% al plan x 12 meses|Activación MB Internacionales|25/10/2024|24/04/2026|18
SEGMENTO_002|2029902035|CLIENT_00756|66947575|532128993|N|BAM|11/03/2024|Activo|Pedido de Cliente|Equipo|BAM Empresas|Plan Internet de Teletrabajo S/155|1|Descuento de 70% al plan x 12 meses||11/03/2024|10/09/2025|18
SEGMENTO_002|2029902035|CLIENT_00756|66947575|532128993|N|BAM|27/10/2022|Activo|Pedido de Cliente|Equipo|BAM Empresas|Plan Internet de Teletrabajo S/155|1|Descuento de 70% al plan x 12 meses||26/10/2022|25/10/2023|12
SEGMENTO_002|2029902035|CLIENT_00756|66947575|532128993|N|BAM|07/07/2023|Activo|Pedido de Cliente|M4|BAM Empresas|Plan Internet de Teletrabajo S/155|1|Descuento de 70% al plan x 12 meses||07/07/2023||
SEGMENTO_002|2029902035|CLIENT_00756|66947575|532128993|N|Movil Abierto|24/10/2022|Activo|Pedido de Cliente|Equipo|Abierto Elige Todo Emp RD|B2B Movistar Empresas S/ 69.9 IV|1|Descuento de 70% al plan x 12 meses|Activación MB Internacionales|19/10/2022|18/04/2024|18
SEGMENTO_002|2029902035|CLIENT_00756|66947575|532128993|N|BAM|17/11/2022|Activo|Pedido de Cliente|Equipo|BAM Empresas|Plan Internet de Teletrabajo S/155|1|Descuento de 70% al plan x 12 meses||16/11/2022|15/11/2023|12
SEGMENTO_002|2081042486|CLIENT_00385|10560575|334412823|N|Movil Abierto|24/09/2003|Activo|Pedido de Cliente|Equipo|Abierto Elige Todo Emp RD|B2B Movistar Empresas S/ 79.9 IV|||Activación MB Internacionales|28/04/2026|27/10/2027|18
SEGMENTO_002|2081042486|CLIENT_00385|10560575|747353583|N|Movil Abierto|19/04/2016|Suspendido|Robo - Equipo y simcard|Equipo|Abierto Elige Todo Emp RD|Plan Elige Todo+ S/ 100.90||||19/04/2016||
SEGMENTO_002|2081042486|CLIENT_00385|10560575|334412823|N|Movil Abierto|03/04/2006|Activo|Pedido de Cliente|Equipo|Abierto Elige Todo Emp RD|Mi Movistar Empresas S/ 77.9 I|||Activación MB Internacionales|30/01/2020|29/07/2021|18
SEGMENTO_004|2040265328|CLIENT_00922|23224575|630266753|N|Movil Abierto|01/08/2013|Activo|Pedido de Cliente|M4|Abierto Elige Todo Emp|Plan Elige Todo + S/ 31.9||||07/11/2024||
SEGMENTO_004|2040265328|CLIENT_00922|23224575|205311463|N|Movil Abierto|02/04/2014|Activo|Pedido de Cliente|Equipo|Abierto Elige Todo Emp|Plan Elige Todo + S/ 31.9||||07/11/2024||
SEGMENTO_004|2040265328|CLIENT_00922|23224575|021311463|N|Movil Abierto|02/04/2014|Activo|Pedido de Cliente|Equipo|Abierto Elige Todo Emp RD|Mi Movistar E S/ 37.9_I||||07/11/2024||
SEGMENTO_004|2029816520|CLIENT_00874|244414621|676462647|N|Movil Abierto|25/04/2024|Activo|Pedido de Cliente|M4|Abierto Elige Todo Emp RD|B2B Movistar Empresas S/52.9|||Activación MB Internacionales|23/04/2024||
SEGMENTO_004|2004984092|CLIENT_00883|37931575|312890803|N|Movil Abierto|16/01/2006|Activo|Pedido de Cliente|Equipo|Abierto Elige Todo Emp RD|B2B Movistar Empresas S/32|||Activación MB Internacionales|23/09/2025||
SEGMENTO_004|2058797594|CLIENT_00421|53591575|146920023|N|Movil Control|16/04/2008|Activo|Pedido de Cliente|Equipo|Control Planta CORP|Plan Elige más S/ 62.90|1|Descuento de 50% al plan x 12 meses||02/01/2021|01/07/2022|18
SEGMENTO_004|2025967685|CLIENT_00216|35646575|197032201|N|Movil Abierto|12/03/2018|Activo|Cobranza Manual con Cargo|Equipo|Abierto Elige Todo Emp RD|Movistar Empresas S/ 41.9 I|1|Descuento de 15% al plan|Activación MB Internacionales|07/11/2018|07/05/2020|18
SEGMENTO_004|2029816520|CLIENT_00874|27263575|448292693|N|Movil Control|08/04/2015|Corte|Pedido de Cliente|M4|Control Vuela CORP|Plan Vuela S/ 49.9 C||||08/04/2015||
SEGMENTO_004|2073105592|CLIENT_00280|359903621|915571457|N|Movil Control|24/04/2025|Activo|Cobranza Manual con Cargo|M4|Control Movistar Libre|RV Plan Mi Movistar S/29.9 VII|||Activación MB Internacionales|24/04/2025||
SEGMENTO_002|2028234821|CLIENT_00026|012620321|010758937|N|Movil Abierto|16/06/2023|Activo|Pedido de Cliente|Equipo|Abierto Elige Todo Emp RD|B2B Movistar Empresas S/58.9|||Activación MB Internacionales|16/06/2023|15/12/2024|18
SEGMENTO_002|2028234821|CLIENT_00026|012620321|010758937|N|Movil Abierto|16/06/2023|Activo|Pedido de Cliente|Equipo|Abierto Elige Todo Emp RD|B2B Movistar Empresas S/58.9|||Activación MB Internacionales|16/06/2023|15/12/2024|18
SEGMENTO_002|2028234821|CLIENT_00026|245225901|553500617|N|Movil Abierto|29/12/2019|Activo|Negociación Equipo y/o SimCard|Equipo|Abierto Elige Todo Emp RD|Mi Movistar Empresas S/ 82.9|||Activación MB Internacionales|22/02/2023|21/08/2024|18
SEGMENTO_002|2028234821|CLIENT_00026|245225901|553500617|N|Movil Abierto|29/12/2019|Activo|Alta Nueva solo SIM|Equipo|Abierto Elige Todo Emp RD|B2B Movistar Empresas S/52.9|||Activación MB Internacionales|30/05/2025|29/05/2026|12
SEGMENTO_002|2028234821|CLIENT_00026|245225901|553500617|N|Movil Abierto|19/12/2019|Activo|Alta Nueva solo SIM|Equipo|Abierto Elige Todo Emp RD|Mi Movistar Empresas S/ 52.9 II|||Activación MB Internacionales|10/12/2024|09/12/2025|12
SEGMENTO_002|2028234821|CLIENT_00026|245225901|553500617|N|Movil Abierto|19/12/2019|Activo|Alta Nueva solo SIM|Equipo|Abierto Elige Todo Emp RD|B2B Movistar Empresas S/52.9|||Activación MB Internacionales|10/04/2024|09/10/2025|18
SEGMENTO_004|2095018481|CLIENT_00160|113719411|897018447|N|Movil Abierto|07/03/2023|Activo|Cambio de Titularidad APC|M4|Abierto Elige Todo Emp RD|B2B Movistar Empresas S/32|1|Descuento de 20% al plan x 12 meses|Activación MB Internacionales|26/05/2026||
SEGMENTO_004|2095018481|CLIENT_00160|113719411|897018447|N|Movil Abierto|07/03/2023|Activo|Cambio de Titularidad APC|M4|Abierto Elige Todo Emp RD|B2B Movistar Empresas S/32|1|Descuento de 20% al plan x 12 meses|Activación MB Internacionales|26/05/2026||
SEGMENTO_004|2069501836|CLIENT_00263|270249021|473250537|N|Movil Abierto|05/11/2022|Activo|Pedido de Cliente|Equipo|Abierto Elige Todo Emp RD|Mi Movistar Empresas S/ 77.9_III|||Activación MB Internacionales|02/01/2024|01/07/2025|18
SEGMENTO_004|2081251090|CLIENT_00501|256149711|404955927|N|Movil Abierto|22/02/2022|Activo|Alta Nueva solo SIM|M4|Abierto Elige Todo Emp RD|B2B Movistar Empresas S/32|||Activación MB Internacionales|15/06/2023||
SEGMENTO_004|2056365469|CLIENT_00804|730587531|356540167|N|Movil Abierto|17/04/2026|Activo|Pedido de Cliente|M4|Abierto líneas adicionales B2B|B2B Líneas adicionales S/34.9|1|Bono ilim líneas adicionales V.R.S/ 34.9|Activación MB Internacionales|16/04/2026||
SEGMENTO_004|2056365469|CLIENT_00804|730587531|356540167|N|Movil Abierto|17/04/2026|Activo|Pedido de Cliente|M4|Abierto líneas adicionales B2B|B2B Líneas adicionales S/34.9|1|Bono ilim líneas adicionales V.R.S/ 34.9|Activación MB Internacionales|16/04/2026||
SEGMENTO_004|2056365469|CLIENT_00804|730587531|356540167|N|Movil Abierto|17/04/2026|Activo|Pedido de Cliente|M4|Abierto líneas adicionales B2B|B2B Líneas adicionales S/34.9|1|Bono ilim líneas adicionales V.R.S/ 34.9|Activación MB Internacionales|16/04/2026||
SEGMENTO_004|2056365469|CLIENT_00804|730587531|356540167|N|Movil Abierto|17/04/2026|Activo|Pedido de Cliente|M4|Abierto líneas adicionales B2B|B2B Líneas adicionales S/34.9|1|Bono ilim líneas adicionales V.R.S/ 34.9|Activación MB Internacionales|16/04/2026||
SEGMENTO_004|2056365469|CLIENT_00804|730587531|356540167|N|Movil Abierto|17/04/2026|Activo|Pedido de Cliente|M4|Abierto líneas adicionales B2B|B2B Líneas adicionales S/34.9|1|Bono ilim líneas adicionales V.R.S/ 34.9|Activación MB Internacionales|16/04/2026||
SEGMENTO_004|2056365469|CLIENT_00804|730587531|356540167|N|Movil Abierto|17/04/2026|Activo|Pedido de Cliente|M4|Abierto líneas adicionales B2B|B2B Líneas adicionales S/34.9|1|Bono ilim líneas adicionales V.R.S/ 34.9|Activación MB Internacionales|16/04/2026||
SEGMENTO_004|2056365469|CLIENT_00804|730587531|356540167|N|Movil Abierto|17/04/2026|Activo|Pedido de Cliente|M4|Abierto líneas adicionales B2B|B2B Líneas adicionales S/34.9|1|Bono ilim líneas adicionales V.R.S/ 34.9|Activación MB Internacionales|16/04/2026||
SEGMENTO_002|2098363854|CLIENT_00063|80290575|421513101|N|Movil Abierto|18/03/2021|Activo|Pedido de Cliente|M4|Abierto Elige Todo Emp RD|Movistar Empresas S/ 62.9 I|||Activación MB Internacionales|05/11/2022||
SEGMENTO_002|2098363854|CLIENT_00063|80290575|421513101|N|Movil Abierto|18/03/2021|Activo|Pedido de Cliente|M4|Abierto Elige Todo Emp RD|Movistar Empresas S/ 62.9 I|||Activación MB Internacionales|05/11/2022||
SEGMENTO_004|2026807327|CLIENT_00677|64288416|286845057|N|Movil Abierto|22/11/2024|Activo|Alta Nueva Solo Linea|M4|Abierto líneas adicionales B2B|B2B Líneas adicionales S/39.9|1|Bono ilim líneas adicionales V.R.S/ 39.9|Activación MB Internacionales|19/11/2024||
SEGMENTO_004|2021245754|CLIENT_00454|038319511|319034627|N|Movil Abierto|21/09/2021|Activo|Negociación Equipo y/o SimCard|M4|Abierto Elige Todo Emp RD|Mi Movistar Empresas S/ 52.9 II|||Activación MB Internacionales|17/03/2023||
SEGMENTO_004|2091514048|CLIENT_00099|01841575|067892113|N|Movil Abierto|27/11/2008|Activo|Pedido de Cliente|Equipo|Abierto Elige Todo Emp|Plan Elige Todo + S/ 31.9||||05/06/2025|04/12/2026|18
SEGMENTO_004|2048390773|CLIENT_00150|455224321|452647047|N|Movil Abierto|02/08/2023|Activo|Pedido de Cliente|Equipo|Abierto Elige Todo Emp RD|B2B Movistar Empresas S/62.9|||Activación MB Internacionales|02/08/2023|01/02/2025|18
SEGMENTO_004|2054531131|CLIENT_00467|994684231|107638557|N|Movil Abierto|25/06/2025|Activo|Pedido de Cliente|Equipo|Abierto Elige Todo Emp RD|B2B Movistar Empresas S/30 IV|||Activación MB Internacionales|25/06/2025|24/12/2026|18
SEGMENTO_004|2012453412|CLIENT_00293|85194575|733092663|N|Movil Control|25/06/2014|Activo|Pedido de Cliente|Equipo|Control Elige Todo Emp con Roaming|Plan Elige Todo + C S/ 66.9|1|Descuento de 30% al plan x 12 meses||03/02/2026||
SEGMENTO_004|2051800045|CLIENT_00346|282744421|197187057|N|Movil Abierto|30/11/2024|Activo|Pedido de Cliente|M4|Abierto Elige Todo Emp RD|B2B Movistar Empresas S/32|2|Descuento de 20% al plan x 12 meses|Activación MB Internacionales|26/05/2026||
SEGMENTO_004|2051800045|CLIENT_00346|282744421|826967057|N|Movil Abierto|30/11/2024|Activo|Pedido de Cliente|M4|Abierto Elige Todo Emp RD|B2B Movistar Empresas S/32|2|Descuento de 20% al plan x 12 meses|Activación MB Internacionales|26/05/2026||
SEGMENTO_002|2028234821|CLIENT_00026|245225901|553500617|N|Movil Abierto|18/12/2019|Activo|Alta Nueva solo SIM|Equipo|Abierto Elige Todo Emp RD|Mi Movistar Empresas S/ 56.9|||Activación MB Internacionales|23/02/2026|22/08/2027|18
SEGMENTO_002|2028234821|CLIENT_00026|245225901|553500617|N|Movil Abierto|18/12/2019|Activo|Alta Nueva solo SIM|Equipo|Abierto Elige Todo Emp RD|Mi Movistar Empresas S/ 82.9|||Activación MB Internacionales|20/01/2026|19/07/2027|18
SEGMENTO_002|2028234821|CLIENT_00026|245225901|553500617|N|Movil Abierto|18/12/2019|Activo|Alta Nueva solo SIM|Equipo|Abierto Elige Todo Emp RD|B2B Movistar Empresas S/62.9|||Activación MB Internacionales|20/06/2025|19/06/2026|12
SEGMENTO_002|2028234821|CLIENT_00026|245225901|553500617|N|Movil Abierto|18/12/2019|Activo|Alta Nueva solo SIM|Equipo|Abierto Elige Todo Emp RD|Plan Elige Todo+ S/ 45.90||||07/08/2023|06/02/2025|18
SEGMENTO_002|2028234821|CLIENT_00026|245225901|553500617|N|Movil Abierto|18/12/2019|Activo|Alta Nueva solo SIM|Equipo|Abierto Elige Todo Emp RD|Mi Movistar Empresas S/ 82.9|||Activación MB Internacionales|28/10/2024|27/10/2025|12
SEGMENTO_002|2028234821|CLIENT_00026|245225901|553500617|N|Movil Abierto|18/12/2019|Activo|Alta Nueva solo SIM|Equipo|Abierto Elige Todo Emp RD|Mi Movistar Empresas S/ 82.9|||Activación MB Internacionales|29/06/2024|28/06/2025|12
SEGMENTO_002|2028234821|CLIENT_00026|245225901|553500617|N|Movil Abierto|18/12/2019|Activo|Alta Nueva solo SIM|Equipo|Abierto Elige Todo Emp RD|Movistar Empresas S/ 82.9|||Activación MB Internacionales|20/09/2022|19/03/2024|18
SEGMENTO_004|2058334645|CLIENT_00540|465713621|203801647|N|Movil Abierto|18/04/2024|Activo|Pedido de Cliente|Equipo|Abierto Elige Todo Emp RD|B2B Movistar Empresas S/ 72.9|1|Descuento de 20% al plan x 12 meses|Activación MB Internacionales|16/04/2024|15/04/2025|12
SEGMENTO_004|2035102698|CLIENT_00950|319965321|886860147|N|Movil Abierto|30/08/2022|Activo|Pedido de Cliente|Equipo|Abierto Elige Todo Emp RD|B2B Movistar Empresas S/ 77.9|1|Descuento de 50% al plan x 12 meses|Activación MB Internacionales|14/09/2023|13/03/2025|18
SEGMENTO_004|2095839381|CLIENT_00231|201758411|797234747|N|Movil Abierto|21/06/2024|Activo|Pedido de Cliente|M4|Abierto Elige Todo Emp RD|B2B Movistar Empresas S/119.9|||Activación MB Internacionales|18/06/2024||
SEGMENTO_004|2037181733|CLIENT_00226|040742521|511774557|N|Movil Abierto|11/06/2025|Activo|Pedido de Cliente|M4|Abierto líneas adicionales B2B|B2B Líneas adicionales S/39.9|1|Bono ilim líneas adicionales V.R.S/ 39.9|Activación MB Internacionales|10/06/2025||
SEGMENTO_004|2037181733|CLIENT_00226|040742521|560084557|N|Movil Abierto|11/06/2025|Activo|Pedido de Cliente|M4|Abierto Elige Todo Emp RD|B2B Movistar Empresas S/ 79.9 IV|||Activación MB Internacionales|09/06/2025||
SEGMENTO_004|2037181733|CLIENT_00226|040742521|970084557|N|Movil Abierto|11/06/2025|Activo|Pedido de Cliente|M4|Abierto líneas adicionales B2B|B2B Líneas adicionales S/39.9|1|Bono ilim líneas adicionales V.R.S/ 39.9|Activación MB Internacionales|10/06/2025||
SEGMENTO_004|2045845197|CLIENT_00771|843878221|842535937|N|Movil Abierto|30/05/2023|Activo|Pedido de Cliente|M4|Abierto Elige Todo Emp RD|B2B Movistar Empresas S/32|1|Descuento de 20% al plan x 12 meses|Activación MB Internacionales|26/05/2026||
SEGMENTO_004|2040664753|CLIENT_00565|67507116|875296947|N|Movil Control|06/10/2024|Activo|Pedido de Cliente|M4|Control Elige Todo Planta C sin Roaming|Plan Elige Todo + C S/ 31.9||||22/04/2025||
SEGMENTO_004|2040664753|CLIENT_00565|67507116|333625947|N|Movil Control|28/09/2024|Activo|Pedido de Cliente|M4|Control Elige Todo Planta C sin Roaming|Plan Control S/ 10.00|||Activación MB Internacionales|16/09/2025||
SEGMENTO_004|2096711703|CLIENT_00428|581765021|189262437|N|Movil Abierto|05/01/2026|Activo|Pedido de Cliente|M4|Abierto Elige Todo Emp RD|Movistar Empresas S/ 34.9_I|1|Descuento de 20% al plan x 12 meses|Activación MB Internacionales|26/05/2026||
SEGMENTO_004|2096711703|CLIENT_00428|581765021|956134437|N|Movil Control|07/10/2022|Activo|Pedido de Cliente|Equipo|Control Movistar Libre|RV Plan Mi Movistar S/36.9 IP26|1|Descuento de 20% al plan x 12 meses|Activación MB Internacionales|04/07/2023|03/01/2024|6
SEGMENTO_004|2065971015|CLIENT_00157|862543011|165703427|N|Movil Control|28/05/2021|Activo|Pedido de Cliente|Equipo|Control Movistar Libre|RV Plan Ilimitado Mi Movistar S/82.9 IP|||Activación MB Internacionales|27/05/2021|26/11/2022|18
SEGMENTO_004|2083295497|CLIENT_00376|304933921|324580157|N|Movil Abierto|14/12/2024|Activo|Pedido de Cliente|Equipo|Abierto Elige Todo Emp RD|B2B Movistar Empresas S/ 72.9||||14/12/2024|13/06/2025|6
SEGMENTO_004|2051224691|CLIENT_00014|58660575|620373103|N|Movil Abierto|13/10/1997|Activo|Pedido de Cliente|Equipo|Abierto Elige Todo Emp RD|B2B Movistar Empresas S/ 69.9 IV|1|Descuento de 30% al plan x 12 meses|Activación MB Internacionales|02/02/2026||
SEGMENTO_004|2025424256|CLIENT_00721|297043021|341943067|N|Movil Abierto|03/03/2026|Activo|Pedido de Cliente|M4|Abierto líneas adicionales B2B|B2B Líneas adicionales S/39.9|1|Bono ilim líneas adicionales V.R.S/ 39.9|Activación MB Internacionales|02/03/2026||
SEGMENTO_004|2025424256|CLIENT_00721|297043021|536553067|N|Movil Abierto|02/03/2026|Activo|Pedido de Cliente|M4|Abierto líneas adicionales B2B|B2B Líneas adicionales S/39.9|1|Bono ilim líneas adicionales V.R.S/ 39.9|Activación MB Internacionales|02/03/2026||
SEGMENTO_004|2026820794|CLIENT_00028|504642321|942433047|N|Movil Abierto|27/02/2003|Activo|Cambio de Titularidad APC|Equipo|Abierto Movistar Libre|RV Plan Ilimitado Mi Movistar S/77.9 II|||Activación MB Internacionales|14/12/2022|13/12/2023|12
SEGMENTO_004|2001156117|CLIENT_00442|72425575|073241401|N|Movil Abierto|16/09/2021|Activo|Alta Nueva solo SIM|Equipo|Abierto Elige Todo Emp RD|Mi Movistar Empresas S/ 52.9 II|||Activación MB Internacionales|20/12/2025|19/06/2027|18
SEGMENTO_004|2001156117|CLIENT_00442|91425575|793447523|N|Movil Abierto|30/04/2009|Activo|Negociación Equipo y/o SimCard|Equipo|Abierto Elige Todo Emp RD|Mi Movistar Empresas S/ 129.9|||Activación MB Internacionales|30/01/2025|29/07/2026|18
SEGMENTO_004|2001156117|CLIENT_00442|91425575|562588501|N|Movil Abierto|14/02/2019|Activo|Cobranza Manual con Cargo|Equipo|Abierto Elige Todo Emp RD|B2B Movistar Empresas S/48.9|||Activación MB Internacionales|05/06/2025|04/06/2026|12
SEGMENTO_004|2001156117|CLIENT_00442|622439031|682444357|N|Movil Abierto|26/03/2025|Activo|Pedido de Cliente|M4|Abierto Elige Todo Emp RD|B2B Movistar Empresas S/ 69.9 IV|||Activación MB Internacionales|25/03/2025||
SEGMENTO_004|2001156117|CLIENT_00442|72425575|624630313|N|Movil Abierto|26/08/2023|Activo|Pedido de Cliente|Equipo|Abierto Elige Todo Emp RD|B2B Movistar Empresas S/49.9 IV|||Activación MB Internacionales|12/05/2025|11/11/2026|18
SEGMENTO_004|2001156117|CLIENT_00442|72425575|624630313|N|Movil Abierto|27/03/2007|Activo|Pedido de Cliente|Equipo|Abierto Elige Todo Emp RD|B2B Movistar Empresas S/119.9 IV|||Activación MB Internacionales|12/05/2025|11/11/2026|18
SEGMENTO_004|2033958304|CLIENT_00921|165043021|799167337|N|Movil Abierto|24/06/2021|Activo|Cambio de Titularidad APC|M4|Abierto Elige Todo Emp RD|Movistar Empresas S/ 37.9_I|1|Descuento de 90% al plan x 12m|Activación MB Internacionales|20/11/2025||
SEGMENTO_004|2075533541|CLIENT_00465|900914431|762299857|N|Movil Abierto|03/08/2000|Activo|Cambio de Titularidad APC|Equipo|Abierto Elige Todo Emp RD|B2B Movistar Empresas S/59.9 IV|||Activación MB Internacionales|04/12/2025||
SEGMENTO_004|2075533541|CLIENT_00465|333088111|164708037|N|Movil Abierto|05/11/2010|Activo|Cambio de Titularidad APC|Equipo|Abierto Elige Todo Emp RD|B2B Movistar Empresas S/149.9|||Activación MB Internacionales|03/02/2020|02/08/2021|18
SEGMENTO_004|2075533541|CLIENT_00465|333088111|164708037|N|Movil Control|23/12/2020|Activo|Cambio de Titularidad APC|M4|Control Elige Todo Emp con Roaming|Mi Movistar E_C S/ 89.9|||Activación MB Internacionales|05/05/2024||
SEGMENTO_004|2013697319|CLIENT_00507|12872575|854768543|N|Movil Control|30/04/2012|Activo|Pedido de Cliente|M4|Control Planta CORP|Plan Elige más S/ 62.90||||17/06/2022||
SEGMENTO_004|2013697319|CLIENT_00507|12872575|654768543|N|Movil Control|30/04/2012|Activo|Pedido de Cliente|Equipo|Control Planta CORP|Plan Elige más S/ 62.90||||30/04/2012||
SEGMENTO_004|2013697319|CLIENT_00507|12872575|654768543|N|Movil Control|30/04/2012|Activo|Pedido de Cliente|Equipo|Control Planta CORP|Plan Elige más S/ 62.90||||30/04/2012||
SEGMENTO_004|2013697319|CLIENT_00507|12872575|854768543|N|Movil Control|30/04/2012|Activo|Pedido de Cliente|M4|Control Planta CORP|Plan Elige más S/ 62.90||||17/06/2022||
SEGMENTO_004|2074355904|CLIENT_00935|203984621|006104647|N|Movil Abierto|01/05/2024|Activo|Pedido de Cliente|M4|Abierto Elige Todo Emp RD|B2B Movistar Empresas S/ 72.9|||Activación MB Internacionales|04/06/2024||
SEGMENTO_004|2074355904|CLIENT_00935|203984621|629993647|N|Movil Abierto|01/05/2024|Activo|Pedido de Cliente|M4|Abierto Elige Todo Emp RD|B2B Movistar Empresas S/ 72.9|||Activación MB Internacionales|26/06/2024||
SEGMENTO_004|2056365469|CLIENT_00804|730587531|356540167|N|Movil Abierto|17/04/2026|Activo|Pedido de Cliente|M4|Abierto líneas adicionales B2B|B2B Líneas adicionales S/34.9|1|Bono ilim líneas adicionales V.R.S/ 34.9|Activación MB Internacionales|16/04/2026||
SEGMENTO_004|2056365469|CLIENT_00804|730587531|356540167|N|Movil Abierto|17/04/2026|Activo|Pedido de Cliente|M4|Abierto líneas adicionales B2B|B2B Líneas adicionales S/34.9|1|Bono ilim líneas adicionales V.R.S/ 34.9|Activación MB Internacionales|16/04/2026||
SEGMENTO_004|2056365469|CLIENT_00804|730587531|356540167|N|Movil Abierto|17/04/2026|Activo|Pedido de Cliente|M4|Abierto líneas adicionales B2B|B2B Líneas adicionales S/34.9|1|Bono ilim líneas adicionales V.R.S/ 34.9|Activación MB Internacionales|16/04/2026||
SEGMENTO_004|2056365469|CLIENT_00804|730587531|356540167|N|Movil Abierto|17/04/2026|Activo|Pedido de Cliente|M4|Abierto líneas adicionales B2B|B2B Líneas adicionales S/34.9|1|Bono ilim líneas adicionales V.R.S/ 34.9|Activación MB Internacionales|16/04/2026||
SEGMENTO_004|2056365469|CLIENT_00804|730587531|356540167|N|Movil Abierto|17/04/2026|Activo|Pedido de Cliente|M4|Abierto líneas adicionales B2B|B2B Líneas adicionales S/34.9|1|Bono ilim líneas adicionales V.R.S/ 34.9|Activación MB Internacionales|16/04/2026||
SEGMENTO_004|2056365469|CLIENT_00804|730587531|356540167|N|Movil Abierto|17/04/2026|Activo|Pedido de Cliente|M4|Abierto líneas adicionales B2B|B2B Líneas adicionales S/34.9|1|Bono ilim líneas adicionales V.R.S/ 34.9|Activación MB Internacionales|16/04/2026||
SEGMENTO_004|2056365469|CLIENT_00804|730587531|356540167|N|Movil Abierto|17/04/2026|Activo|Pedido de Cliente|M4|Abierto líneas adicionales B2B|B2B Líneas adicionales S/34.9|1|Bono ilim líneas adicionales V.R.S/ 34.9|Activación MB Internacionales|16/04/2026||
SEGMENTO_004|2056365469|CLIENT_00804|730587531|356540167|N|Movil Abierto|17/04/2026|Activo|Pedido de Cliente|M4|Abierto líneas adicionales B2B|B2B Líneas adicionales S/34.9|1|Bono ilim líneas adicionales V.R.S/ 34.9|Activación MB Internacionales|16/04/2026||
SEGMENTO_004|2069451715|CLIENT_00549|217765221|450638837|N|Movil Control|26/04/2023|Activo|Pedido de Cliente|M4|Control Caribu Movistar Libre|RV Plan Ahorro Mi Movistar S/58.9 V|1|Descuento de 20% al plan x 12 meses|Activación MB Internacionales|27/05/2026||
SEGMENTO_004|2045653206|CLIENT_00799|37534575|185213753|N|Movil Abierto|18/07/2013|Activo|Pedido de Cliente|Equipo|Abierto Elige Todo Emp RD|Plan Elige Todo+ S/ 139.90|1|Descuento de 15% al plan||16/08/2018|16/02/2020|18
SEGMENTO_004|2049726118|CLIENT_00693|27750575|492499483|N|Movil Abierto|01/04/2014|Activo|Pedido de Cliente|Equipo|Abierto Elige Todo Emp RD|B2B Movistar Empresas S/32|1|Descuento de 50% al plan x 12 meses|Activación MB Internacionales|26/01/2026||
SEGMENTO_004|2049726118|CLIENT_00693|27750575|492499483|N|Movil Abierto|21/03/2005|Activo|Pedido de Cliente|Equipo|Abierto Elige Todo Emp RD|B2B Movistar Empresas S/32|1|Descuento de 50% al plan x 12 meses|Activación MB Internacionales|26/01/2026||
SEGMENTO_004|2049726118|CLIENT_00693|27750575|492499483|N|Movil Abierto|21/03/2005|Activo|Pedido de Cliente|Equipo|Abierto Elige Todo Emp RD|B2B Movistar Empresas S/32|1|Descuento de 50% al plan x 12 meses|Activación MB Internacionales|26/01/2026||
SEGMENTO_004|2049726118|CLIENT_00693|27750575|492499483|N|Movil Abierto|01/04/2014|Activo|Pedido de Cliente|Equipo|Abierto Elige Todo Emp RD|B2B Movistar Empresas S/32|1|Descuento de 50% al plan x 12 meses|Activación MB Internacionales|26/01/2026||
SEGMENTO_004|2025424256|CLIENT_00721|297043021|435943067|N|Movil Abierto|03/03/2026|Activo|Pedido de Cliente|M4|Abierto líneas adicionales B2B|B2B Líneas adicionales S/39.9|1|Bono ilim líneas adicionales V.R.S/ 39.9|Activación MB Internacionales|02/03/2026||
SEGMENTO_004|2043153301|CLIENT_00849|962311511|318031527|N|Movil Abierto|17/02/2022|Activo|Alta Nueva Solo Linea|Equipo|Abierto Elige Todo Emp RD|Mi Movistar Empresas S/ 45.9 V|||Activación MB Internacionales|15/02/2022|14/08/2023|18
SEGMENTO_004|2043153301|CLIENT_00849|962311511|318031527|N|Movil Abierto|14/07/2021|Activo|Alta Nueva Equipo + SIM|Equipo|Abierto Elige Todo Emp RD|Mi Movistar Empresas S/ 52.9 II|||Activación MB Internacionales|12/07/2021|11/01/2023|18
SEGMENTO_004|2043153301|CLIENT_00849|962311511|318031527|N|Movil Abierto|12/01/2022|Activo|Alta Nueva Equipo + SIM|Equipo|Abierto Elige Todo Emp RD|Mi Movistar Empresas S/ 90.9|||Activación MB Internacionales|10/01/2022|09/07/2023|18
SEGMENTO_004|2035102698|CLIENT_00950|65458595|707795406|N|Movil Abierto|27/08/2022|Activo|Portabilidad|M4|Abierto Elige Todo Emp RD|Movistar Empresas S/ 82.9|1|Descuento de 50% al plan x 12 meses|Activación MB Internacionales|26/05/2026||
SEGMENTO_004|2035102698|CLIENT_00950|82037575|767789501|N|Movil Abierto|30/03/2019|Activo|Pedido de Cliente|M4|Abierto Elige Todo Emp RD|Movistar Empresas S/ 62.9 I|1|Descuento de 50% al plan x 12 meses|Activación MB Internacionales|26/05/2026||
SEGMENTO_004|2095007193|CLIENT_00907|01754575|127596503|N|Movil Abierto|30/12/2004|Activo|Pedido de Cliente|Equipo|Abierto Elige Todo Emp RD|Plan Elige Todo+ S/ 139.90||||23/01/2020|22/07/2021|18
SEGMENTO_004|2095007193|CLIENT_00907|01754575|535241403|N|Movil Abierto|09/07/2003|Activo|Pedido de Cliente|Equipo|Abierto Elige Todo Emp RD|Plan Elige Todo+ S/ 115.90||||07/04/2026|06/04/2027|12
SEGMENTO_004|2095007193|CLIENT_00907|01754575|035241403|N|Movil Abierto|09/07/2003|Activo|Pedido de Cliente|Equipo|Abierto Elige Todo Emp RD|Plan Elige Todo+ S/ 77.90||||05/01/2023|04/01/2024|12
SEGMENTO_004|2082043891|CLIENT_00584|38282575|410910233|N|Movil Abierto|15/05/2010|Activo|Pedido de Cliente|Equipo|Abierto Elige Todo Emp RD|Mi Movistar Empresas S/ 90.9|||Activación MB Internacionales|06/01/2021|05/07/2022|18
SEGMENTO_004|2082043891|CLIENT_00584|38282575|885925783|N|Movil Abierto|13/07/2016|Activo|Pedido de Cliente|Equipo|Abierto Elige Todo Emp RD|Mi Movistar Empresas S/ 82.9|||Activación MB Internacionales|07/01/2026|06/01/2027|12
SEGMENTO_004|2082043891|CLIENT_00584|38282575|323625283|N|Movil Abierto|11/01/2016|Activo|Pedido de Cliente|Equipo|Abierto Elige Todo Emp RD|Mi Movistar Empresas S/ 114.9|||Activación MB Internacionales|02/01/2021|01/07/2022|18
SEGMENTO_004|2037220961|CLIENT_00351|176473121|523999537|N|Movil Abierto|13/08/2020|Activo|Cobranza Manual con Cargo|Equipo|Abierto Elige Todo Emp RD|B2B Movistar Empresas S/82.9|1|Descuento de 20% al plan x 12 meses||26/05/2026||
SEGMENTO_002|2065026469|CLIENT_00218|33435575|927408427|N|Movil Abierto|25/02/2023|Activo|Negociación Equipo y/o SimCard|M4|Abierto Elige Todo Emp RD|B2B Movistar Empresas S/42.9|1|Ajuste IP de S/3 x18m RO N°224-2023 B2B |Activación MB Internacionales|18/02/2025||
SEGMENTO_002|2065026469|CLIENT_00218|33435575|927408427|N|Movil Abierto|12/06/2024|Activo|Pedido de Cliente|Equipo|Abierto Elige Todo Emp RD|B2B Movistar Empresas S/42.9|1|Ajuste IP de S/3 x18m RO N°224-2023 B2B |Activación MB Internacionales|14/02/2025|13/08/2026|18
SEGMENTO_002|2065026469|CLIENT_00218|33435575|927408427|N|Movil Abierto|25/02/2023|Activo|Pedido de Cliente|Equipo|Abierto Elige Todo Emp RD|Movistar Empresas S/ 119.9|||Activación MB Internacionales|13/02/2025||
SEGMENTO_002|2065026469|CLIENT_00218|33435575|927408427|N|Movil Abierto|25/02/2023|Activo|Pedido de Cliente|M4|Abierto Elige Todo Emp RD|B2B Movistar Empresas S/42.9|||Activación MB Internacionales|01/12/2024||
SEGMENTO_002|2065026469|CLIENT_00218|33435575|927408427|N|Movil Abierto|25/02/2023|Activo|Pedido de Cliente|M4|Abierto Elige Todo Emp RD|B2B Movistar Empresas S/42.9|1|Ajuste IP de S/3 x18m RO N°224-2023 B2B |Activación MB Internacionales|18/02/2025||
SEGMENTO_004|2096523728|CLIENT_00797|830413321|863394047|N|Movil Abierto|22/07/2023|Activo|Portabilidad|M4|Abierto Elige Todo Emp RD|B2B Movistar Empresas S/99.9|1|Descuento de 20% al plan x 12 meses|Activación MB Internacionales|26/05/2026||
SEGMENTO_002|2029902035|CLIENT_00756|66947575|532128993|N|BAM|17/11/2022|Activo|Pedido de Cliente|Equipo|BAM Empresas|Plan Internet de Teletrabajo S/155|1|Descuento de 70% al plan x 12 meses||16/11/2022|15/11/2023|12
SEGMENTO_002|2029902035|CLIENT_00756|66947575|532128993|N|BAM|17/05/2023|Activo|Pedido de Cliente|Equipo|BAM Empresas|Plan Internet de Teletrabajo S/155|1|Descuento de 70% al plan x 12 meses||16/05/2023|15/11/2024|18
SEGMENTO_002|2029902035|CLIENT_00756|66947575|532128993|N|Movil Abierto|14/06/2021|Activo|Pedido de Cliente|Equipo|Abierto Elige Todo Emp RD|B2B Movistar Empresas S/ 69.9 IV|1|Descuento de 70% al plan x 12 meses|Activación MB Internacionales|11/06/2021|10/12/2022|18
SEGMENTO_002|2029902035|CLIENT_00756|44954575|532128993|N|Movil Abierto|11/12/2015|Activo|Pedido de Cliente|Equipo|Abierto Elige Todo Emp RD|B2B Movistar Empresas S/ 69.9 IV|1|Descuento de 70% al plan x 12 meses|Activación MB Internacionales|08/03/2021|07/09/2022|18
SEGMENTO_002|2029902035|CLIENT_00756|44954575|532128993|N|Movil Abierto|18/02/2014|Activo|Pedido de Cliente|Equipo|Abierto Elige Todo Emp RD|B2B Movistar Empresas S/99.9|1|Descuento de 70% al plan x 18m|Activación MB Internacionales|03/04/2025|02/10/2026|18
SEGMENTO_002|2029902035|CLIENT_00756|44954575|532128993|N|Movil Abierto|17/01/2014|Activo|Pedido de Cliente|Equipo|Abierto Elige Todo Emp RD|B2B_movistar Empresas S/.69.9|1|Descuento de 70% al plan x 12 meses|Activación MB Internacionales|05/01/2026||
SEGMENTO_002|2029902035|CLIENT_00756|44954575|532128993|N|Movil Abierto|05/02/2019|Activo|Pedido de Cliente|Equipo|Abierto Elige Todo Emp RD|B2B Movistar Empresas S/99.9 IV|1|Descuento de 50% al plan x 18m|Activación MB Internacionales|14/02/2025|13/08/2026|18
SEGMENTO_002|2029902035|CLIENT_00756|44954575|532128993|N|Movil Abierto|27/11/2014|Activo|Pedido de Cliente|Equipo|Abierto Elige Todo Emp RD|B2B Movistar Empresas S/99.9|||Activación MB Internacionales|20/09/2024|19/03/2026|18
SEGMENTO_002|2029902035|CLIENT_00756|44954575|532128993|N|Movil Abierto|05/02/2019|Activo|Pedido de Cliente|Equipo|Abierto Elige Todo Emp RD|B2B Movistar Empresas S/99.9|1|Descuento de 70% al plan x 12 meses|Activación MB Internacionales|07/08/2024|06/02/2026|18
SEGMENTO_002|2029902035|CLIENT_00756|44954575|532128993|N|Movil Abierto|05/02/2019|Activo|Pedido de Cliente|Equipo|Abierto Elige Todo Emp RD|B2B Movistar Empresas S/99.9|1|Descuento de 70% al plan x 18m|Activación MB Internacionales|03/04/2025|02/10/2026|18
SEGMENTO_002|2029902035|CLIENT_00756|44954575|532128993|N|Movil Abierto|18/11/2015|Activo|Pedido de Cliente|Equipo|Abierto Elige Todo Emp RD|B2B Movistar Empresas S/ 69.9 IV|1|Descuento de 70% al plan x 12 meses|Activación MB Internacionales|24/02/2021|23/08/2022|18
SEGMENTO_002|2029902035|CLIENT_00756|44954575|532128993|N|Movil Abierto|26/11/2014|Activo|Pedido de Cliente|Equipo|Abierto Elige Todo Emp RD|B2B Movistar Empresas S/ 69.9 IV|1|Descuento de 70% al plan x 12 meses|Activación MB Internacionales|08/03/2021|07/09/2022|18
SEGMENTO_002|2029902035|CLIENT_00756|44954575|532128993|N|Movil Abierto|27/04/2021|Activo|Pedido de Cliente|Equipo|Abierto Elige Todo Emp RD|B2B_movistar Empresas S/.69.9|1|Descuento de 70% al plan x 12 meses|Activación MB Internacionales|04/12/2025||
SEGMENTO_002|2029902035|CLIENT_00756|44954575|532128993|N|Movil Abierto|27/04/2021|Activo|Pedido de Cliente|Equipo|Abierto Elige Todo Emp RD|B2B_movistar Empresas S/.69.9|1|Descuento de 70% al plan x 12 meses|Activación MB Internacionales|26/04/2021|25/10/2022|18
SEGMENTO_002|2029902035|CLIENT_00756|44954575|532128993|N|Movil Abierto|27/04/2021|Activo|Pedido de Cliente|Equipo|Abierto Elige Todo Emp RD|B2B_movistar Empresas S/.69.9|1|Descuento de 70% al plan x 12 meses|Activación MB Internacionales|04/12/2025||
SEGMENTO_002|2029902035|CLIENT_00756|44954575|532128993|N|Movil Abierto|12/01/2017|Activo|Pedido de Cliente|Equipo|Abierto Elige Todo Emp RD|B2B Movistar Empresas S/49.9 IV|||Activación MB Internacionales|10/11/2025|09/05/2027|18
SEGMENTO_002|2029902035|CLIENT_00756|44954575|532128993|N|Movil Abierto|10/09/2018|Activo|Pedido de Cliente|Equipo|Abierto Elige Todo Emp RD|B2B Movistar Empresas S/99.9|||Activación MB Internacionales|20/09/2024|19/03/2026|18
SEGMENTO_002|2029902035|CLIENT_00756|44954575|532128993|N|Movil Abierto|29/11/2023|Activo|Pedido de Cliente|Equipo|Abierto Elige Todo Emp RD|B2B Movistar Empresas S/ 69.9 IV|1|Descuento de 70% al plan x 12 meses|Activación MB Internacionales|05/01/2026||
SEGMENTO_002|2029902035|CLIENT_00756|44954575|532128993|N|Movil Abierto|29/11/2023|Activo|Pedido de Cliente|Equipo|Abierto Elige Todo Emp RD|B2B Movistar Empresas S/ 69.9 IV|1|Descuento de 70% al plan x 12 meses|Activación MB Internacionales|05/01/2026||
SEGMENTO_002|2029902035|CLIENT_00756|44954575|532128993|N|Movil Abierto|29/11/2023|Activo|Pedido de Cliente|Equipo|Abierto Elige Todo Emp RD|B2B Movistar Empresas S/ 69.9 IV|1|Descuento de 70% al plan x 12 meses|Activación MB Internacionales|05/01/2026||
SEGMENTO_002|2029902035|CLIENT_00756|44954575|532128993|N|Movil Abierto|29/11/2023|Activo|Pedido de Cliente|Equipo|Abierto Elige Todo Emp RD|B2B Movistar Empresas S/ 69.9 IV|1|Descuento de 70% al plan x 12 meses|Activación MB Internacionales|05/01/2026||
SEGMENTO_002|2029902035|CLIENT_00756|44954575|532128993|N|Movil Abierto|29/11/2023|Activo|Pedido de Cliente|Equipo|Abierto Elige Todo Emp RD|B2B Movistar Empresas S/ 69.9 IV|1|Descuento de 70% al plan x 12 meses|Activación MB Internacionales|05/01/2026||
SEGMENTO_002|2029902035|CLIENT_00756|44954575|532128993|N|Movil Abierto|29/11/2023|Activo|Pedido de Cliente|Equipo|Abierto Elige Todo Emp RD|B2B Movistar Empresas S/ 69.9 IV|1|Descuento de 70% al plan x 12 meses|Activación MB Internacionales|05/01/2026||
SEGMENTO_002|2029902035|CLIENT_00756|44954575|532128993|N|Movil Abierto|29/11/2023|Suspendido|Robo - Equipo y simcard|Equipo|Abierto Elige Todo Emp RD|B2B Movistar Empresas S/99.9|1|Descuento de 70% al plan x 18m|Activación MB Internacionales|28/11/2023|27/05/2025|18
SEGMENTO_002|2029902035|CLIENT_00756|44954575|532128993|N|BAM|17/03/2022|Activo|Cambio de Titularidad - Misma Cuenta|M4|BAM Empresas|Plan Internet de Teletrabajo S/155|1|Descuento de 70% al plan x 12 meses||17/03/2022||
SEGMENTO_002|2029902035|CLIENT_00756|44954575|532128993|N|Movil Abierto|18/10/2023|Activo|Pedido de Cliente|Equipo|Abierto Elige Todo Emp RD|B2B Movistar Empresas S/ 69.9 IV|1|Descuento de 70% al plan x 12 meses|Activación MB Internacionales|28/11/2025|27/05/2027|18
SEGMENTO_002|2029902035|CLIENT_00756|44954575|532128993|N|Movil Abierto|20/10/2017|Activo|Pedido de Cliente|Equipo|Abierto Elige Todo Emp RD|B2B Movistar Empresas S/ 69.9 IV|1|Descuento de 70% al plan x 12 meses|Activación MB Internacionales|08/03/2021|07/09/2022|18
SEGMENTO_002|2029902035|CLIENT_00756|44954575|532128993|N|Movil Abierto|12/10/2018|Activo|Pedido de Cliente|Equipo|Abierto Elige Todo Emp RD|B2B_movistar Empresas S/.69.9|1|Descuento de 70% al plan x 12 meses|Activación MB Internacionales|23/02/2021|22/08/2022|18
SEGMENTO_002|2029902035|CLIENT_00756|44954575|532128993|N|Movil Abierto|20/10/2017|Activo|Pedido de Cliente|Equipo|Abierto Elige Todo Emp RD|B2B Movistar Empresas S/ 69.9 IV|1|Descuento de 70% al plan x 12 meses|Activación MB Internacionales|08/03/2021|07/09/2022|18
SEGMENTO_002|2029902035|CLIENT_00756|44954575|532128993|N|Movil Abierto|30/06/2023|Activo|Pedido de Cliente|Equipo|Abierto Elige Todo Emp RD|B2B Movistar Empresas S/ 69.9 IV|1|Descuento de 70% al plan x 12 meses|Activación MB Internacionales|30/06/2023|29/12/2024|18
SEGMENTO_002|2029902035|CLIENT_00756|44954575|532128993|N|BAM|19/12/2023|Activo|Pedido de Cliente|Equipo|BAM Empresas|Plan Internet de Teletrabajo S/155|1|Descuento de 70% al plan x 12 meses||18/12/2023|17/06/2025|18
SEGMENTO_004|2044479748|CLIENT_00957|79692575|647072453|N|Movil Abierto|27/03/2013|Activo|Negociación Equipo y/o SimCard|Equipo|Abierto Elige Todo Emp RD|B2B Movistar Empresas S/30 IV|||Activación MB Internacionales|05/06/2025||
SEGMENTO_004|2085992497|CLIENT_00065|85425595|056731747|N|Movil Abierto|05/06/2024|Activo|Pedido de Cliente|M4|Abierto Elige Todo Emp RD|B2B Movistar Empresas S/ 72.9||||04/06/2024||
SEGMENTO_004|2085992497|CLIENT_00065|85425595|356731747|N|Movil Abierto|05/06/2024|Activo|Pedido de Cliente|M4|Abierto Elige Todo Emp RD|B2B Movistar Empresas S/ 72.9|1|Descuento de 50% al plan x 12 meses|Activación MB Internacionales|26/05/2026||
SEGMENTO_002|2029902035|CLIENT_00756|44954575|532128993|N|BAM|29/12/2023|Activo|Pedido de Cliente|M4|BAM Empresas|Plan Internet de Teletrabajo S/155|1|Descuento de 70% al plan x 12 meses||29/12/2023||
SEGMENTO_004|2082639572|CLIENT_00284|697374231|484028557|N|Movil Abierto|25/06/2025|Activo|Pedido de Cliente|M4|Abierto Elige Todo Emp RD|B2B Movistar Empresas S/30 IV|||Activación MB Internacionales|24/06/2025||
SEGMENTO_004|2082639572|CLIENT_00284|697374231|479918557|N|Movil Abierto|25/06/2025|Activo|Pedido de Cliente|M4|Abierto Elige Todo Emp RD|B2B Movistar Empresas S/30 IV|||Activación MB Internacionales|24/06/2025||
SEGMENTO_004|2082639572|CLIENT_00284|697374231|098028557|N|Movil Abierto|25/06/2025|Activo|Pedido de Cliente|M4|Abierto Elige Todo Emp RD|B2B Movistar Empresas S/30 IV|||Activación MB Internacionales|24/06/2025||
SEGMENTO_004|2082639572|CLIENT_00284|697374231|234028557|N|Movil Abierto|25/06/2025|Activo|Pedido de Cliente|M4|Abierto Elige Todo Emp RD|B2B Movistar Empresas S/30 IV|||Activación MB Internacionales|24/06/2025||
SEGMENTO_004|2082639572|CLIENT_00284|697374231|834028557|N|Movil Abierto|25/06/2025|Activo|Pedido de Cliente|M4|Abierto Elige Todo Emp RD|B2B_movistar Empresas S/.39.9|||Activación MB Internacionales|24/06/2025||
SEGMENTO_002|2084347031|CLIENT_00887|65625575|596121473|N|Movil Abierto|28/11/2023|Activo|Portabilidad solo SIM|M4|Abierto Elige Todo Emp RD|B2B Movistar Empresas S/99.9|||Activación MB Internacionales|02/04/2024||
SEGMENTO_002|2084347031|CLIENT_00887|65625575|596121473|N|Movil Abierto|28/11/2023|Activo|Portabilidad solo SIM|M4|Abierto Elige Todo Emp RD|B2B Movistar Empresas S/99.9|||Activación MB Internacionales|02/04/2024||
SEGMENTO_002|2015652897|CLIENT_00439|34590575|461022483|N|Movil Abierto|19/08/2010|Activo|Pedido de Cliente|Equipo|Abierto Elige Todo Emp RD|Plan Elige Todo+ S/ 45.90||||04/04/2023||
SEGMENTO_002|2015652897|CLIENT_00439|34590575|461022483|N|Movil Abierto|19/07/2019|Activo|Pedido de Cliente|Equipo|Abierto Elige Todo Emp RD|Mi Movistar Empresas S/ 48.9_IV|||Activación MB Internacionales|26/10/2021|25/04/2023|18
SEGMENTO_002|2015652897|CLIENT_00439|34590575|461022483|N|Movil Abierto|19/07/2019|Activo|Pedido de Cliente|Equipo|Abierto Elige Todo Emp RD|Plan Elige Todo+ S/ 77.90|||Activación MB Internacionales|13/10/2023|12/04/2025|18
SEGMENTO_002|2015652897|CLIENT_00439|34590575|461022483|N|Movil Abierto|19/07/2019|Activo|Pedido de Cliente|Equipo|Abierto Elige Todo Emp RD|Mi Movistar Empresas S/ 52.9_I|||Activación MB Internacionales|09/02/2021|08/08/2022|18
SEGMENTO_002|2015652897|CLIENT_00439|34590575|461022483|N|Movil Abierto|24/11/1997|Activo|Pedido de Cliente|Equipo|Abierto Elige Todo Emp RD|Plan Elige Todo+ S/ 45.90||||18/11/2022||
SEGMENTO_002|2015652897|CLIENT_00439|34590575|461022483|N|Movil Abierto|26/01/2001|Activo|Pedido de Cliente|Equipo|Abierto Elige Todo Emp|Plan Elige Todo + S/ 77.90||||18/11/2022||
SEGMENTO_002|2015652897|CLIENT_00439|34590575|461022483|N|Movil Abierto|19/07/2019|Activo|Negociación Equipo y/o SimCard|M4|Abierto Elige Todo Emp RD|Plan Elige Todo+ S/ 45.90||||18/11/2022||
SEGMENTO_002|2015652897|CLIENT_00439|34590575|461022483|N|Movil Abierto|19/07/2019|Activo|Negociación Equipo y/o SimCard|M4|Abierto Elige Todo Emp RD|Plan Elige Todo+ S/ 45.90||||28/03/2023||
SEGMENTO_002|2015652897|CLIENT_00439|34590575|461022483|N|Movil Abierto|19/07/2019|Activo|Negociación Equipo y/o SimCard|Equipo|Abierto Elige Todo Emp RD|B2B Movistar Empresas S/ 72.9|||Activación MB Internacionales|09/03/2023|09/09/2024|18
SEGMENTO_002|2015652897|CLIENT_00439|34590575|461022483|N|Movil Control|19/07/2019|Activo|Pedido de Cliente|Equipo|Control Elige Todo Emp con Roaming|Plan Elige Todo + C S/ 77.90|1|Ajuste IP de S/3 x18m RO N°224-2023 B2B |Activación MB Internacionales|29/01/2020|28/07/2021|18
SEGMENTO_004|2013054362|CLIENT_00790|719773321|036536047|N|Movil Abierto|21/06/2019|Activo|Cambio de Titularidad APC|Equipo|Abierto Elige Todo Emp RD|B2B Movistar Empresas S/ 72.9|||Activación MB Internacionales|06/09/2025|05/03/2027|18
SEGMENTO_004|2019351028|CLIENT_00937|49543006|179417257|N|Movil Control|03/01/2025|Activo|Cambio de Titularidad APC|M4|Control Adicionales Libre|RV Plan Adicional S/39.9 II|1|Bono Ilim Linea Adic 39.9 (VR 60.30)|Activación MB Internacionales|28/02/2025||
SEGMENTO_004|2019351028|CLIENT_00937|96637575|020460601|N|Movil Control|03/01/2025|Activo|Cambio de Titularidad APC|M4|Control Adicionales Libre|RV Plan Adicional S/39.9 II|1|Bono Ilim Linea Adic 39.9 (VR 60.30)|Activación MB Internacionales|12/07/2025||
SEGMENTO_004|2019351028|CLIENT_00937|96637575|811632357|N|Movil Abierto|18/03/2025|Activo|Pedido de Cliente|M4|Abierto Elige Todo Emp RD|B2B Movistar Empresas S/30 IV|1|Descuento de 50% al plan x 12 meses|Activación MB Internacionales|26/01/2026||
SEGMENTO_004|2019351028|CLIENT_00937|49543006|779417257|N|Movil Abierto|03/01/2025|Activo|Cambio de Titularidad APC|M4|Abierto Movistar Libre|RV Plan Ilimitado Mi Movistar S/69.9 VII||||25/02/2025||
SEGMENTO_004|2025650857|CLIENT_00466|241592011|880771817|N|Movil Control|06/07/2020|Activo|Negociación Equipo y/o SimCard|M4|Control Movistar Libre|RV Plan Mi Movistar S/55.9 IP|1|Descuento de 20% al plan x 12 meses|Activación MB Internacionales|27/05/2026||
SEGMENTO_002|2015652897|CLIENT_00439|34590575|461022483|N|Movil Abierto|19/07/2019|Activo|Pedido de Cliente|Equipo|Abierto Elige Todo Emp RD|Mi Movistar Empresas S/ 52.9 II|||Activación MB Internacionales|03/06/2021|02/12/2022|18
SEGMENTO_004|2020587286|CLIENT_00074|74077985|070788447|N|Movil Abierto|19/02/2024|Activo|Pedido de Cliente|M4|Abierto Elige Todo Emp RD|B2B Movistar Empresas S/30 IV|||Activación MB Internacionales|01/09/2025||
SEGMENTO_004|2020587286|CLIENT_00074|74077985|530567157|N|Movil Abierto|16/01/2025|Activo|Pedido de Cliente|M4|Abierto Elige Todo Emp RD|B2B Movistar Empresas S/30 IV||||15/01/2025||
SEGMENTO_004|2020587286|CLIENT_00074|529826621|038746647|N|Movil Control|13/05/2024|Activo|Pedido de Cliente|Equipo|Control Elige Todo Planta C sin Roaming|Plan Elige Todo + C S/ 31.9||||16/01/2025|15/01/2026|12
SEGMENTO_004|2096907655|CLIENT_00657|349138801|723414657|N|Movil Abierto|22/07/2025|Activo|Pedido de Cliente|M4|Abierto líneas adicionales B2B|B2B Líneas adicionales S/39.9|1|Bono ilim líneas adicionales V.R.S/ 39.9|Activación MB Internacionales|21/07/2025||
SEGMENTO_004|2046868113|CLIENT_00397|37404575|978065653|N|Movil Control|20/06/2013|Activo|Fraude - Suspensión Cliente Riesgoso|M4|Control Elige Todo Planta C sin Roaming|Plan Elige Todo S/ 52.9||||20/06/2013||
SEGMENTO_004|2046868113|CLIENT_00397|37404575|331309943|N|Movil Control|17/10/2012|Activo|Pedido de Cliente|M4|Control Elige Todo Emp con Roaming|Plan Elige Todo + C S/ 56.9_I||||17/10/2012||
SEGMENTO_004|2046868113|CLIENT_00397|37404575|231309943|N|Movil Control|17/10/2012|Activo|Pedido de Cliente|Equipo|Control Elige Todo Emp con Roaming|Plan Elige Todo + C S/ 56.9_I||||17/10/2012||
SEGMENTO_004|2096770204|CLIENT_00203|928474621|629183647|N|Movil Abierto|01/05/2024|Suspendido|Robo - Equipo y simcard|M4|Abierto Elige Todo Emp RD|B2B Movistar Empresas S/ 72.9|1|Descuento de 50% al plan x 12 meses||29/04/2024||
SEGMENTO_004|2013843524|CLIENT_00361|81125575|977872623|N|Movil Control|30/05/2009|Activo|Negociación Equipo y/o SimCard|Equipo|Control Elige Todo Planta C sin Roaming|Plan Elige Todo + C S/ 45.9||||12/08/2024||
SEGMENTO_004|2082156443|CLIENT_00237|478999431|480988957|N|Movil Abierto|04/02/2026|Activo|Pedido de Cliente|M4|Abierto Elige Todo Emp RD|B2B Movistar Empresas S/ 69.9 IV|1|Descuento de 50% al plan x 12 meses|Activación MB Internacionales|09/03/2026||
SEGMENTO_004|2082156443|CLIENT_00237|09763575|528665443|N|Movil Control|05/03/2012|Activo|Pedido de Cliente|M4|Control Planta CORP|Plan Elige más S/ 42.90|1|Descuento de 20% al plan||02/05/2026||
SEGMENTO_004|2082156443|CLIENT_00237|09763575|025118643|N|Movil Control|08/06/2012|Suspendido|Robo - Equipo y simcard|Equipo|Control Planta CORP|Plan Elige más S/ 42.90||||08/06/2012||
SEGMENTO_004|2082156443|CLIENT_00237|09763575|098665443|N|Movil Abierto|05/03/2012|Suspendido|Robo - Equipo y simcard|M4|Ab Elige Todo Sin Roaming|Plan Elige Todo_A S/ 45.9||||05/03/2012||
SEGMENTO_004|2082156443|CLIENT_00237|28763575|092103733|N|Movil Control|24/03/2011|Activo|Pedido de Cliente|Equipo|Control Planta CORP|Plan Elige más S/ 42.90|1|Descuento de 20% al plan x 12 meses||02/05/2026||
SEGMENTO_004|2058367129|CLIENT_00948|219821911|952536137|N|Movil Abierto|16/03/2022|Activo|Cambio de Titularidad APC|M4|Abierto Movistar Libre|RV Plan Ilimitado Movistar ilim S/82.9|||Activación MB Internacionales|12/04/2024||
SEGMENTO_002|2015652897|CLIENT_00439|34590575|461022483|N|Movil Abierto|19/07/2019|Activo|Pedido de Cliente|Equipo|Abierto Elige Todo Emp RD|Plan Elige Todo+ S/ 77.90|||Activación MB Internacionales|18/07/2019|18/01/2021|18
SEGMENTO_002|2015652897|CLIENT_00439|34590575|461022483|N|Movil Abierto|19/07/2019|Activo|Pedido de Cliente|Equipo|Abierto Elige Todo Emp RD|Mi Movistar Empresas S/ 52.9_I|||Activación MB Internacionales|09/02/2021|08/08/2022|18
SEGMENTO_004|2086021462|CLIENT_00730|91494575|917654173|N|Movil Control|13/01/2015|Activo|Cobranza - Reactivación Manual sin Cargo|Equipo|Control Caribu Movistar Libre|Plan Ahorro Mi Movistar S/52.9 II|||Activación MB Internacionales|16/05/2021||
SEGMENTO_004|2008212698|CLIENT_00588|13862575|299513263|N|Movil Control|23/01/2014|Activo|Pedido de Cliente|Equipo|Control Elige Todo Emp con Roaming|Plan Elige Todo + C S/ 56.9_I|1|Descuento de 15% al plan||22/06/2020||
SEGMENTO_004|2023773061|CLIENT_00328|078823111|368150657|N|Movil Abierto|04/07/2025|Activo|Cobranza Manual con Cargo|M4|Abierto Elige Todo Emp RD|B2B Movistar Empresas S/49.9 IV|||Activación MB Internacionales|03/07/2025||
SEGMENTO_004|2023773061|CLIENT_00328|911133111|358052637|N|Movil Abierto|13/04/2021|Activo|Cambio de Titularidad APC|M4|RV Mi Movistar Empresas|RV Mi Movistar Empresas S/ 45.9_I|||Activación MB Internacionales|31/03/2026||
SEGMENTO_004|2023773061|CLIENT_00328|911133111|278052637|N|Movil Abierto|13/04/2021|Activo|Cambio de Titularidad APC|M4|RV Mi Movistar Empresas|RV Mi Movistar Empresas S/ 45.9_I|||Activación MB Internacionales|27/12/2022||
SEGMENTO_004|2023773061|CLIENT_00328|911133111|511291917|N|Movil Abierto|03/09/2020|Activo|Negociación Equipo y/o SimCard|Equipo|Abierto Elige Todo Emp RD|Mi Movistar Empresas S/ 82.9|1|Descuento de 20% al plan|Activación MB Internacionales|19/11/2025|18/11/2026|12
SEGMENTO_004|2039485996|CLIENT_00766|789926621|661336167|N|Movil Control|13/08/2025|Activo|Cambio de Titularidad APC|M4|Control Adicionales Libre|RV Plan Adicional S/39.9 II|1|Bono Ilim Linea Adic 39.9 (VR 60.30)|Activación MB Internacionales|26/05/2026||
SEGMENTO_004|2057227210|CLIENT_00864|65023575|737533733|N|Movil Abierto|25/03/2011|Activo|Negociación Equipo y/o SimCard|Equipo|Abierto Elige Todo Emp RD|B2B Movistar Empresas S/30 IV|||Activación MB Internacionales|05/02/2026||
SEGMENTO_004|2000875718|CLIENT_00769|73693575|911633943|N|Movil Prepago|28/09/2012|Activo|Pedido de Cliente|Equipo|Prepago Tarifa Unica CORP|||||28/09/2012||
SEGMENTO_004|2058367129|CLIENT_00948|219821911|952536137|N|Movil Abierto|18/01/2022|Activo|Cambio de Titularidad APC|M4|Abierto Movistar Libre|RV Plan Ilimitado Movistar ilim S/82.9|||Activación MB Internacionales|12/04/2024||
SEGMENTO_004|2058367129|CLIENT_00948|219821911|952536137|N|Movil Abierto|18/01/2022|Activo|Cambio de Titularidad APC|M4|Abierto Movistar Libre|RV Plan Ilimitado Movistar ilim S/82.9|||Activación MB Internacionales|12/04/2024||
SEGMENTO_004|2073578104|CLIENT_00612|93327575|937709501|N|Movil Abierto|22/02/2019|Activo|Negociación Equipo y/o SimCard|Equipo|Abierto Elige Todo Emp RD|B2B Movistar Empresas S/32|||Activación MB Internacionales|24/06/2025|23/06/2026|12
SEGMENTO_004|2073578104|CLIENT_00612|93327575|247709501|N|Movil Abierto|22/02/2019|Activo|Pedido de Cliente|Equipo|Abierto Elige Todo Emp RD|B2B Movistar Empresas S/32|||Activación MB Internacionales|20/05/2025|19/05/2026|12
SEGMENTO_004|2028216422|CLIENT_00862|31060575|878161103|N|Movil Abierto|10/01/1997|Activo|Pedido de Cliente|Equipo|Abierto Elige Todo Emp RD|Plan Elige Todo+ S/ 100.90||||09/05/2025|08/05/2026|12
SEGMENTO_004|2029459942|CLIENT_00434|434845121|917583637|N|Movil Abierto|05/01/2023|Activo|Pedido de Cliente|M4|Abierto Elige Todo Emp RD|B2B Movistar Empresas S/62.9||||20/11/2023||
SEGMENTO_004|2029459942|CLIENT_00434|434845121|917583637|N|Movil Prepago|07/01/2023|Activo|Pedido de Cliente|M4|Prepago Tarifa Unica CORP|||||31/10/2023||
SEGMENTO_004|2029459942|CLIENT_00434|434845121|917583637|N|Movil Prepago|07/01/2023|Activo|Pedido de Cliente|M4|Prepago Tarifa Unica CORP|||||31/10/2023||
SEGMENTO_004|2029459942|CLIENT_00434|434845121|917583637|N|Movil Prepago|07/01/2023|Activo|Pedido de Cliente|M4|Prepago Tarifa Unica CORP|||||31/10/2023||
SEGMENTO_004|2029459942|CLIENT_00434|434845121|917583637|N|Movil Prepago|07/01/2023|Activo|Pedido de Cliente|M4|Prepago Tarifa Unica CORP|||||30/09/2023||
SEGMENTO_004|2029459942|CLIENT_00434|434845121|917583637|N|Movil Abierto|07/01/2023|Activo|Pedido de Cliente|M4|Abierto Elige Todo Emp RD|Movistar Empresas S/ 62.9 I||||05/01/2023||
SEGMENTO_004|2060375617|CLIENT_00383|216638511|772868257|N|Movil Abierto|04/03/2025|Activo|Pedido de Cliente|M4|Abierto Elige Todo Emp RD|B2B_movistar Empresas S/.30|||Activación MB Internacionales|05/11/2025||
SEGMENTO_004|2060375617|CLIENT_00383|216638511|302025827|N|Movil Control|23/05/2019|Activo|Cambio de Titularidad APC|Equipo|Control Movistar Libre|RV Plan Mi Movistar S/51.9 IP||||29/01/2024|28/07/2025|18
SEGMENTO_004|2046751787|CLIENT_00193|929969021|420311537|N|Movil Control|07/11/2022|Activo|Pedido de Cliente|M4|Control Movistar Libre|RV Plan Mi Movistar S/36.9 IP26|1|Descuento de 30% al plan x 12 meses|Activación MB Internacionales|03/02/2026||
SEGMENTO_004|2000097055|CLIENT_00892|272818321|459006847|N|Movil Abierto|13/08/2024|Activo|Pedido de Cliente|M4|Abierto Elige Todo Emp RD|B2B Movistar Empresas S/32|||Activación MB Internacionales|12/08/2024||
SEGMENTO_004|2000097055|CLIENT_00892|272818321|966665147|N|Movil Abierto|11/09/2023|Activo|Pedido de Cliente|M4|Abierto Elige Todo Emp RD|B2B Movistar Empresas S/32|||Activación MB Internacionales|10/09/2023||
SEGMENTO_004|2050440165|CLIENT_00596|03677575|488331601|N|Movil Abierto|28/08/2019|Activo|Pedido de Cliente|M4|Abierto Elige Todo Emp RD|Plan Elige Todo+ S/ 66.9|1|Descuento de 50% al plan x 12 meses||27/01/2026||
SEGMENTO_004|2050440165|CLIENT_00596|03677575|188331601|N|Movil Abierto|28/08/2019|Activo|Pedido de Cliente|M4|Abierto Elige Todo Emp RD|Mi Movistar Empresas S/ 66.90|2|Descuento sobre precio de Simcard|Activación MB Internacionales|04/05/2026||
SEGMENTO_004|2050440165|CLIENT_00596|03677575|088331601|N|Movil Abierto|28/08/2019|Activo|Pedido de Cliente|M4|Abierto Elige Todo Emp RD|Plan Elige Todo+ S/ 45.90|1|Descuento de 50% al plan x 12 meses||27/01/2026||
SEGMENTO_004|2050440165|CLIENT_00596|03677575|388331601|N|Movil Abierto|28/08/2019|Activo|Pedido de Cliente|M4|Abierto Elige Todo Emp RD|Plan Elige Todo+ S/ 56.90|1|Descuento de 50% al plan x 12 meses||27/01/2026||
SEGMENTO_004|2023009780|CLIENT_00141|16530575|622547401|N|Movil Control|15/08/2018|Activo|Pedido de Cliente|Equipo|Control Planta CORP|Plan Elige más S/ 62.90||||13/06/2024|12/06/2025|12
SEGMENTO_004|2023009780|CLIENT_00141|16530575|148920103|N|Movil Abierto|15/09/1995|Activo|Pedido de Cliente|Equipo|Abierto Elige Todo Emp RD|Plan Elige Todo+ S/ 139.90||||15/08/2018|15/02/2020|18
SEGMENTO_004|2098283606|CLIENT_00347|972635311|903756227|N|Movil Abierto|28/08/2021|Activo|Cobranza - Reactivación Manual sin Cargo|M4|Abierto Elige Todo Emp RD|Mi Movistar Empresas S/ 66.9_IV||||02/04/2024||
SEGMENTO_004|2098283606|CLIENT_00347|972635311|903756227|N|Movil Abierto|28/08/2021|Activo|Cobranza - Reactivación Manual sin Cargo|M4|Abierto Elige Todo Emp RD|Mi Movistar Empresas S/ 66.9_IV||||02/04/2024||
SEGMENTO_004|2098283606|CLIENT_00347|972635311|903756227|N|Movil Abierto|28/08/2021|Suspendido|Cobranza Manual con Cargo|M4|Abierto Elige Todo Emp RD|Mi Movistar Empresas S/ 66.9_IV|1|Descuento de 30% al plan x 12 meses|Activación MB Internacionales|08/02/2022||
SEGMENTO_002|2003418714|CLIENT_00435|498701821|148491947|N|Movil Abierto|30/12/2016|Activo|Pedido de Cliente|Equipo|Abierto Elige Todo Emp RD|B2B Movistar Empresas S/42.9|||Activación MB Internacionales|24/11/2023|23/05/2025|18
SEGMENTO_002|2003418714|CLIENT_00435|498701821|148491947|N|Movil Abierto|30/12/2016|Activo|Pedido de Cliente|Equipo|Abierto Elige Todo Emp RD|B2B Movistar Empresas S/42.9|||Activación MB Internacionales|23/11/2023|22/05/2025|18
SEGMENTO_002|2003418714|CLIENT_00435|498701821|148491947|N|Movil Abierto|30/12/2016|Activo|Pedido de Cliente|Equipo|Abierto Elige Todo Emp RD|B2B Movistar Empresas S/42.9|||Activación MB Internacionales|23/11/2023|22/05/2025|18
SEGMENTO_002|2003418714|CLIENT_00435|498701821|148491947|N|Movil Abierto|30/12/2016|Activo|Pedido de Cliente|Equipo|Abierto Elige Todo Emp RD|B2B Movistar Empresas S/42.9|||Activación MB Internacionales|23/11/2023|22/05/2025|18
SEGMENTO_002|2003418714|CLIENT_00435|498701821|148491947|N|Movil Abierto|13/12/2021|Activo|Pedido de Cliente|Equipo|Abierto Elige Todo Emp RD|B2B Movistar Empresas S/42.9|||Activación MB Internacionales|23/11/2023|22/05/2025|18
SEGMENTO_002|2003418714|CLIENT_00435|498701821|148491947|N|Movil Abierto|30/12/2016|Activo|Pedido de Cliente|Equipo|Abierto Elige Todo Emp RD|B2B Movistar Empresas S/42.9|||Activación MB Internacionales|23/11/2023|22/05/2025|18
SEGMENTO_002|2003418714|CLIENT_00435|498701821|148491947|N|Movil Abierto|30/12/2016|Activo|Pedido de Cliente|Equipo|Abierto Elige Todo Emp RD|B2B Movistar Empresas S/42.9|||Activación MB Internacionales|22/11/2023|21/05/2025|18
SEGMENTO_002|2003418714|CLIENT_00435|498701821|148491947|N|Movil Abierto|30/12/2016|Activo|Pedido de Cliente|Equipo|Abierto Elige Todo Emp RD|B2B Movistar Empresas S/42.9|||Activación MB Internacionales|23/11/2023|22/05/2025|18
SEGMENTO_002|2003418714|CLIENT_00435|498701821|148491947|N|Movil Abierto|30/12/2016|Activo|Pedido de Cliente|Equipo|Abierto Elige Todo Emp RD|B2B Movistar Empresas S/42.9|||Activación MB Internacionales|23/11/2023|22/05/2025|18
SEGMENTO_002|2003418714|CLIENT_00435|498701821|148491947|N|Movil Abierto|30/12/2016|Activo|Pedido de Cliente|Equipo|Abierto Elige Todo Emp RD|B2B Movistar Empresas S/42.9|||Activación MB Internacionales|24/11/2023|23/05/2025|18
SEGMENTO_002|2003418714|CLIENT_00435|498701821|148491947|N|Movil Abierto|17/08/2020|Activo|Pedido de Cliente|Equipo|Abierto Elige Todo Emp RD|B2B Movistar Empresas S/42.9|||Activación MB Internacionales|23/11/2023|22/05/2025|18
SEGMENTO_002|2003418714|CLIENT_00435|498701821|148491947|N|Movil Abierto|30/12/2016|Activo|Pedido de Cliente|Equipo|Abierto Elige Todo Emp RD|B2B Movistar Empresas S/42.9|||Activación MB Internacionales|23/11/2023|22/05/2025|18
SEGMENTO_002|2003418714|CLIENT_00435|498701821|148491947|N|Movil Abierto|30/12/2016|Activo|Pedido de Cliente|Equipo|Abierto Elige Todo Emp RD|B2B Movistar Empresas S/42.9|||Activación MB Internacionales|23/11/2023|22/05/2025|18
SEGMENTO_002|2003418714|CLIENT_00435|498701821|148491947|N|Movil Abierto|30/12/2016|Activo|Pedido de Cliente|Equipo|Abierto Elige Todo Emp RD|B2B Movistar Empresas S/42.9|||Activación MB Internacionales|24/11/2023|23/05/2025|18
SEGMENTO_002|2003418714|CLIENT_00435|498701821|148491947|N|Movil Abierto|31/03/2017|Activo|Pedido de Cliente|Equipo|Abierto Elige Todo Emp RD|B2B Movistar Empresas S/42.9|||Activación MB Internacionales|21/11/2023|20/05/2025|18
SEGMENTO_002|2003418714|CLIENT_00435|498701821|148491947|N|Movil Abierto|30/12/2016|Activo|Pedido de Cliente|Equipo|Abierto Elige Todo Emp RD|B2B Movistar Empresas S/42.9|||Activación MB Internacionales|24/11/2023|23/05/2025|18
SEGMENTO_002|2003418714|CLIENT_00435|498701821|148491947|N|Movil Abierto|30/12/2016|Activo|Pedido de Cliente|Equipo|Abierto Elige Todo Emp RD|B2B Movistar Empresas S/39.9 IV|||Activación MB Internacionales|23/11/2023|22/05/2025|18
SEGMENTO_002|2003418714|CLIENT_00435|498701821|148491947|N|Movil Abierto|30/12/2016|Activo|Pedido de Cliente|Equipo|Abierto Elige Todo Emp RD|B2B Movistar Empresas S/42.9|||Activación MB Internacionales|24/11/2023|23/05/2025|18
SEGMENTO_002|2003418714|CLIENT_00435|498701821|148491947|N|Movil Abierto|30/12/2016|Activo|Pedido de Cliente|Equipo|Abierto Elige Todo Emp RD|B2B Movistar Empresas S/42.9|||Activación MB Internacionales|23/11/2023|22/05/2025|18
SEGMENTO_002|2003418714|CLIENT_00435|498701821|148491947|N|Movil Abierto|30/12/2016|Activo|Pedido de Cliente|Equipo|Abierto Elige Todo Emp RD|B2B Movistar Empresas S/42.9|||Activación MB Internacionales|23/11/2023|22/05/2025|18
SEGMENTO_002|2003418714|CLIENT_00435|498701821|148491947|N|Movil Abierto|30/12/2016|Activo|Pedido de Cliente|Equipo|Abierto Elige Todo Emp RD|B2B Movistar Empresas S/42.9|||Activación MB Internacionales|22/11/2023|21/05/2025|18
SEGMENTO_002|2003418714|CLIENT_00435|498701821|148491947|N|Movil Abierto|30/12/2016|Activo|Pedido de Cliente|Equipo|Abierto Elige Todo Emp RD|B2B Movistar Empresas S/42.9|||Activación MB Internacionales|22/11/2023|21/05/2025|18
SEGMENTO_002|2003418714|CLIENT_00435|498701821|148491947|N|Movil Abierto|30/12/2016|Activo|Pedido de Cliente|Equipo|Abierto Elige Todo Emp RD|B2B Movistar Empresas S/42.9|||Activación MB Internacionales|22/11/2023|21/05/2025|18
SEGMENTO_002|2003418714|CLIENT_00435|498701821|148491947|N|Movil Abierto|30/12/2016|Activo|Pedido de Cliente|Equipo|Abierto Elige Todo Emp RD|B2B Movistar Empresas S/42.9|||Activación MB Internacionales|23/11/2023|22/05/2025|18
SEGMENTO_002|2003418714|CLIENT_00435|498701821|148491947|N|Movil Abierto|30/12/2016|Activo|Pedido de Cliente|Equipo|Abierto Elige Todo Emp RD|B2B Movistar Empresas S/42.9|||Activación MB Internacionales|23/11/2023|22/05/2025|18
SEGMENTO_002|2003418714|CLIENT_00435|498701821|148491947|N|Movil Abierto|30/12/2016|Activo|Pedido de Cliente|Equipo|Abierto Elige Todo Emp RD|B2B Movistar Empresas S/42.9|||Activación MB Internacionales|23/11/2023|22/05/2025|18
SEGMENTO_002|2003418714|CLIENT_00435|498701821|148491947|N|Movil Abierto|30/12/2016|Activo|Pedido de Cliente|Equipo|Abierto Elige Todo Emp RD|B2B Movistar Empresas S/42.9|||Activación MB Internacionales|23/11/2023|22/05/2025|18
SEGMENTO_002|2003418714|CLIENT_00435|498701821|148491947|N|Movil Abierto|30/12/2016|Activo|Pedido de Cliente|Equipo|Abierto Elige Todo Emp RD|B2B Movistar Empresas S/42.9|||Activación MB Internacionales|21/11/2023|20/05/2025|18
SEGMENTO_002|2003418714|CLIENT_00435|498701821|148491947|N|Movil Abierto|08/07/2019|Activo|Pedido de Cliente|Equipo|Abierto Elige Todo Emp RD|B2B Movistar Empresas S/42.9|||Activación MB Internacionales|24/11/2023|23/05/2025|18
SEGMENTO_002|2003418714|CLIENT_00435|498701821|148491947|N|Movil Abierto|30/12/2016|Activo|Pedido de Cliente|Equipo|Abierto Elige Todo Emp RD|B2B Movistar Empresas S/42.9|||Activación MB Internacionales|23/11/2023|22/05/2025|18
SEGMENTO_002|2003418714|CLIENT_00435|498701821|148491947|N|Movil Abierto|30/12/2016|Activo|Pedido de Cliente|Equipo|Abierto Elige Todo Emp RD|B2B Movistar Empresas S/42.9|||Activación MB Internacionales|23/11/2023|22/05/2025|18
SEGMENTO_002|2003418714|CLIENT_00435|498701821|148491947|N|Movil Abierto|08/07/2019|Activo|Pedido de Cliente|Equipo|Abierto Elige Todo Emp RD|B2B Movistar Empresas S/42.9|||Activación MB Internacionales|24/11/2023|23/05/2025|18
SEGMENTO_002|2003418714|CLIENT_00435|498701821|148491947|N|Movil Abierto|30/12/2016|Activo|Pedido de Cliente|Equipo|Abierto Elige Todo Emp RD|B2B Movistar Empresas S/42.9|||Activación MB Internacionales|23/11/2023|22/05/2025|18
SEGMENTO_002|2003418714|CLIENT_00435|498701821|148491947|N|Movil Abierto|30/12/2016|Activo|Pedido de Cliente|Equipo|Abierto Elige Todo Emp RD|B2B Movistar Empresas S/42.9|||Activación MB Internacionales|23/11/2023|22/05/2025|18
SEGMENTO_002|2003418714|CLIENT_00435|498701821|148491947|N|Movil Abierto|30/12/2016|Activo|Pedido de Cliente|Equipo|Abierto Elige Todo Emp RD|B2B Movistar Empresas S/42.9|||Activación MB Internacionales|24/11/2023|23/05/2025|18
SEGMENTO_002|2003418714|CLIENT_00435|498701821|148491947|N|Movil Abierto|30/12/2016|Activo|Pedido de Cliente|Equipo|Abierto Elige Todo Emp RD|B2B Movistar Empresas S/42.9|||Activación MB Internacionales|23/11/2023|22/05/2025|18
SEGMENTO_002|2003418714|CLIENT_00435|498701821|148491947|N|Movil Abierto|30/12/2016|Activo|Pedido de Cliente|Equipo|Abierto Elige Todo Emp RD|B2B Movistar Empresas S/42.9|||Activación MB Internacionales|24/11/2023|23/05/2025|18
SEGMENTO_002|2003418714|CLIENT_00435|498701821|148491947|N|Movil Abierto|30/12/2016|Activo|Pedido de Cliente|Equipo|Abierto Elige Todo Emp RD|B2B Movistar Empresas S/42.9|||Activación MB Internacionales|24/11/2023|23/05/2025|18
SEGMENTO_002|2003418714|CLIENT_00435|498701821|148491947|N|Movil Abierto|13/12/2021|Activo|Pedido de Cliente|Equipo|Abierto Elige Todo Emp RD|B2B Movistar Empresas S/42.9|||Activación MB Internacionales|23/11/2023|22/05/2025|18
SEGMENTO_002|2003418714|CLIENT_00435|498701821|148491947|N|Movil Abierto|30/12/2016|Activo|Pedido de Cliente|Equipo|Abierto Elige Todo Emp RD|B2B Movistar Empresas S/42.9|||Activación MB Internacionales|23/11/2023|22/05/2025|18
SEGMENTO_002|2003418714|CLIENT_00435|498701821|148491947|N|Movil Abierto|30/12/2016|Activo|Pedido de Cliente|Equipo|Abierto Elige Todo Emp RD|B2B Movistar Empresas S/42.9|||Activación MB Internacionales|23/11/2023|22/05/2025|18
SEGMENTO_002|2003418714|CLIENT_00435|498701821|148491947|N|Movil Abierto|30/12/2016|Activo|Pedido de Cliente|Equipo|Abierto Elige Todo Emp RD|B2B Movistar Empresas S/42.9|||Activación MB Internacionales|23/11/2023|22/05/2025|18
SEGMENTO_002|2003418714|CLIENT_00435|498701821|148491947|N|Movil Abierto|30/12/2016|Activo|Pedido de Cliente|Equipo|Abierto Elige Todo Emp RD|B2B Movistar Empresas S/42.9|||Activación MB Internacionales|23/11/2023|22/05/2025|18
SEGMENTO_002|2003418714|CLIENT_00435|498701821|148491947|N|Movil Abierto|30/12/2016|Activo|Pedido de Cliente|Equipo|Abierto Elige Todo Emp RD|B2B Movistar Empresas S/42.9|||Activación MB Internacionales|23/11/2023|22/05/2025|18
SEGMENTO_002|2003418714|CLIENT_00435|498701821|148491947|N|Movil Abierto|08/07/2019|Activo|Pedido de Cliente|Equipo|Abierto Elige Todo Emp RD|B2B Movistar Empresas S/42.9|||Activación MB Internacionales|24/11/2023|23/05/2025|18
SEGMENTO_002|2003418714|CLIENT_00435|498701821|148491947|N|Movil Abierto|17/08/2020|Activo|Pedido de Cliente|Equipo|Abierto Elige Todo Emp RD|B2B Movistar Empresas S/42.9|||Activación MB Internacionales|24/11/2023|23/05/2025|18
SEGMENTO_002|2003418714|CLIENT_00435|498701821|148491947|N|Movil Abierto|30/12/2016|Activo|Pedido de Cliente|Equipo|Abierto Elige Todo Emp RD|B2B Movistar Empresas S/42.9|||Activación MB Internacionales|24/11/2023|23/05/2025|18
SEGMENTO_002|2003418714|CLIENT_00435|498701821|148491947|N|Movil Abierto|30/12/2016|Activo|Pedido de Cliente|Equipo|Abierto Elige Todo Emp RD|B2B Movistar Empresas S/42.9|||Activación MB Internacionales|23/11/2023|22/05/2025|18
SEGMENTO_002|2003418714|CLIENT_00435|498701821|148491947|N|Movil Abierto|21/06/2024|Activo|Pedido de Cliente|M4|Abierto Elige Todo Emp RD|B2B Movistar Empresas S/42.9|||Activación MB Internacionales|02/10/2024||
SEGMENTO_002|2003418714|CLIENT_00435|498701821|148491947|N|Movil Abierto|30/12/2016|Activo|Pedido de Cliente|Equipo|Abierto Elige Todo Emp RD|B2B Movistar Empresas S/42.9|||Activación MB Internacionales|23/11/2023|29/04/2025|18
SEGMENTO_002|2003418714|CLIENT_00435|498701821|148491947|N|Movil Abierto|08/07/2019|Activo|Pedido de Cliente|Equipo|Abierto Elige Todo Emp RD|B2B Movistar Empresas S/42.9|||Activación MB Internacionales|23/11/2023|22/05/2025|18
SEGMENTO_002|2003418714|CLIENT_00435|498701821|148491947|N|Movil Abierto|30/12/2016|Activo|Pedido de Cliente|Equipo|Abierto Elige Todo Emp RD|B2B Movistar Empresas S/42.9|||Activación MB Internacionales|23/11/2023|22/05/2025|18
SEGMENTO_002|2003418714|CLIENT_00435|498701821|148491947|N|Movil Abierto|30/12/2016|Activo|Pedido de Cliente|Equipo|Abierto Elige Todo Emp RD|B2B Movistar Empresas S/42.9|||Activación MB Internacionales|21/11/2023|20/05/2025|18
SEGMENTO_002|2003418714|CLIENT_00435|498701821|148491947|N|Movil Abierto|08/07/2019|Activo|Pedido de Cliente|Equipo|Abierto Elige Todo Emp RD|B2B Movistar Empresas S/42.9|||Activación MB Internacionales|21/11/2023|20/05/2025|18
SEGMENTO_002|2003418714|CLIENT_00435|498701821|148491947|N|Movil Abierto|30/12/2016|Activo|Pedido de Cliente|Equipo|Abierto Elige Todo Emp RD|B2B Movistar Empresas S/42.9|||Activación MB Internacionales|24/11/2023|23/05/2025|18
SEGMENTO_002|2003418714|CLIENT_00435|498701821|148491947|N|Movil Abierto|17/08/2020|Activo|Pedido de Cliente|Equipo|Abierto Elige Todo Emp RD|B2B Movistar Empresas S/42.9|||Activación MB Internacionales|23/11/2023|22/05/2025|18
SEGMENTO_002|2003418714|CLIENT_00435|498701821|148491947|N|Movil Abierto|08/07/2019|Activo|Pedido de Cliente|Equipo|Abierto Elige Todo Emp RD|B2B Movistar Empresas S/42.9|||Activación MB Internacionales|23/11/2023|22/05/2025|18
SEGMENTO_002|2003418714|CLIENT_00435|498701821|148491947|N|Movil Abierto|30/12/2016|Activo|Pedido de Cliente|Equipo|Abierto Elige Todo Emp RD|B2B Movistar Empresas S/42.9|||Activación MB Internacionales|24/11/2023|23/05/2025|18
SEGMENTO_002|2003418714|CLIENT_00435|498701821|148491947|N|Movil Abierto|30/12/2016|Activo|Pedido de Cliente|Equipo|Abierto Elige Todo Emp RD|B2B Movistar Empresas S/42.9|||Activación MB Internacionales|24/11/2023|23/05/2025|18
SEGMENTO_002|2003418714|CLIENT_00435|498701821|148491947|N|Movil Abierto|08/07/2019|Activo|Pedido de Cliente|Equipo|Abierto Elige Todo Emp RD|B2B Movistar Empresas S/42.9|||Activación MB Internacionales|23/11/2023|22/05/2025|18
SEGMENTO_004|2057227210|CLIENT_00864|14483575|291076643|N|Movil Abierto|01/06/2012|Activo|Negociación Equipo y/o SimCard|Equipo|Abierto Elige Todo Emp RD|Mi Movistar Empresas S/ 149.9|||Activación MB Internacionales|20/05/2021|19/05/2022|12
SEGMENTO_004|2057227210|CLIENT_00864|14483575|445755127|N|Movil Abierto|07/01/2021|Activo|Pedido de Cliente|M4|Abierto Elige Todo Emp RD|B2B Movistar Empresas S/30 IV|||Activación MB Internacionales|05/02/2026||
SEGMENTO_004|2057227210|CLIENT_00864|14483575|809755127|N|Movil Abierto|07/01/2021|Activo|Negociación Equipo y/o SimCard|Equipo|Abierto Elige Todo Emp RD|B2B Movistar Empresas S/30 IV|||Activación MB Internacionales|24/05/2021|23/11/2022|18
SEGMENTO_004|2057227210|CLIENT_00864|14483575|885741393|N|Movil Abierto|02/02/2017|Activo|Pedido de Cliente|M4|Abierto Elige Todo Emp RD|B2B Movistar Empresas S/30 IV|||Activación MB Internacionales|05/02/2026||
SEGMENTO_004|2080289526|CLIENT_00976|89031575|576170633|N|Movil Control|11/01/2011|Activo|Pedido de Cliente|Equipo|Control Elige Todo Planta C sin Roaming|Plan Elige Todo + C S/ 45.9||||17/04/2025||
SEGMENTO_004|2027876144|CLIENT_00343|481304131|475148957|N|Movil Abierto|30/01/2026|Activo|Pedido de Cliente|M4|Abierto Elige Todo Emp RD|B2B Movistar Empresas S/30 IV|||Activación MB Internacionales|29/01/2026||
SEGMENTO_004|2027876144|CLIENT_00343|481304131|873880457|N|Movil Abierto|21/04/2025|Activo|Negociación Equipo y/o SimCard|M4|Abierto Elige Todo Emp RD|B2B Movistar Empresas S/30 IV|||Activación MB Internacionales|13/09/2025||
SEGMENTO_004|2027876144|CLIENT_00343|481304131|460428657|N|Movil Abierto|12/08/2025|Activo|Pedido de Cliente|M4|Abierto Elige Todo Emp RD|B2B Movistar Empresas S/30 IV|||Activación MB Internacionales|29/01/2026||
SEGMENTO_004|2055088087|CLIENT_00301|05541575|654820673|N|Movil Abierto|29/03/2001|Activo|Pedido de Cliente|Equipo|Abierto Elige Todo Emp RD|B2B Movistar Empresas S/119.9 IV|1|Descuento de 20% al plan x 12 meses|Activación MB Internacionales|04/06/2026||
SEGMENTO_004|2042836144|CLIENT_00920|42960185|336501306|N|Movil Abierto|28/08/2023|Activo|Pedido de Cliente|Equipo|Abierto Movistar Libre|RV Plan Ilimitado Mi Movistar S/ 79.9 V|||Activación MB Internacionales|28/08/2023|27/02/2025|18
SEGMENTO_004|2039728300|CLIENT_00575|10215575|273905173|N|Movil Abierto|16/01/2015|Activo|Negociación Equipo y/o SimCard|Equipo|RV Mi Movistar Empresas|RV Mi Movistar Empresas S/ 56.9_I|||Activación MB Internacionales|04/02/2022|04/08/2023|18
SEGMENTO_002|2003418714|CLIENT_00435|498701821|148491947|N|Movil Abierto|26/01/2024|Activo|Pedido de Cliente|M4|Abierto Elige Todo Emp RD|B2B Movistar Empresas S/42.9|||Activación MB Internacionales|04/08/2025||
SEGMENTO_002|2003418714|CLIENT_00435|498701821|148491947|N|Movil Abierto|30/12/2016|Activo|Pedido de Cliente|Equipo|Abierto Elige Todo Emp RD|B2B Movistar Empresas S/42.9|||Activación MB Internacionales|24/11/2023|23/05/2025|18
SEGMENTO_002|2003418714|CLIENT_00435|498701821|148491947|N|Movil Abierto|30/12/2016|Activo|Pedido de Cliente|Equipo|Abierto Elige Todo Emp RD|B2B Movistar Empresas S/42.9|||Activación MB Internacionales|24/11/2023|23/05/2025|18
SEGMENTO_002|2003418714|CLIENT_00435|498701821|148491947|N|Movil Abierto|30/12/2016|Activo|Pedido de Cliente|Equipo|Abierto Elige Todo Emp RD|B2B Movistar Empresas S/42.9|||Activación MB Internacionales|24/11/2023|23/05/2025|18
SEGMENTO_002|2003418714|CLIENT_00435|498701821|148491947|N|Movil Abierto|30/12/2016|Activo|Pedido de Cliente|Equipo|Abierto Elige Todo Emp RD|B2B Movistar Empresas S/42.9|||Activación MB Internacionales|24/11/2023|21/05/2025|18
SEGMENTO_002|2003418714|CLIENT_00435|498701821|148491947|N|Movil Abierto|30/12/2016|Activo|Pedido de Cliente|Equipo|Abierto Elige Todo Emp RD|B2B Movistar Empresas S/42.9|||Activación MB Internacionales|24/11/2023|23/05/2025|18
SEGMENTO_002|2003418714|CLIENT_00435|498701821|148491947|N|Movil Abierto|30/12/2016|Activo|Pedido de Cliente|Equipo|Abierto Elige Todo Emp RD|B2B Movistar Empresas S/42.9|||Activación MB Internacionales|22/11/2023|21/05/2025|18
SEGMENTO_002|2003418714|CLIENT_00435|498701821|148491947|N|Movil Abierto|30/12/2016|Activo|Pedido de Cliente|Equipo|Abierto Elige Todo Emp RD|B2B Movistar Empresas S/42.9|||Activación MB Internacionales|23/11/2023|22/05/2025|18
SEGMENTO_002|2003418714|CLIENT_00435|498701821|148491947|N|Movil Abierto|30/12/2016|Activo|Pedido de Cliente|Equipo|Abierto Elige Todo Emp RD|B2B Movistar Empresas S/42.9|||Activación MB Internacionales|24/11/2023|23/05/2025|18
SEGMENTO_002|2003418714|CLIENT_00435|498701821|148491947|N|Movil Abierto|30/12/2016|Activo|Pedido de Cliente|Equipo|Abierto Elige Todo Emp RD|B2B Movistar Empresas S/42.9|||Activación MB Internacionales|23/11/2023|22/05/2025|18
SEGMENTO_002|2003418714|CLIENT_00435|498701821|148491947|N|Movil Abierto|30/12/2016|Activo|Pedido de Cliente|Equipo|Abierto Elige Todo Emp RD|B2B Movistar Empresas S/42.9|||Activación MB Internacionales|23/11/2023|22/05/2025|18
SEGMENTO_002|2003418714|CLIENT_00435|498701821|148491947|N|Movil Abierto|30/12/2016|Activo|Pedido de Cliente|Equipo|Abierto Elige Todo Emp RD|B2B Movistar Empresas S/42.9|||Activación MB Internacionales|23/11/2023|22/05/2025|18
SEGMENTO_002|2003418714|CLIENT_00435|498701821|148491947|N|Movil Abierto|30/12/2016|Activo|Pedido de Cliente|Equipo|Abierto Elige Todo Emp RD|B2B Movistar Empresas S/42.9|||Activación MB Internacionales|23/11/2023|22/05/2025|18
SEGMENTO_002|2003418714|CLIENT_00435|498701821|148491947|N|Movil Abierto|30/12/2016|Activo|Pedido de Cliente|Equipo|Abierto Elige Todo Emp RD|B2B Movistar Empresas S/42.9|||Activación MB Internacionales|23/11/2023|22/05/2025|18
SEGMENTO_002|2003418714|CLIENT_00435|498701821|148491947|N|Movil Abierto|30/12/2016|Activo|Pedido de Cliente|Equipo|Abierto Elige Todo Emp RD|B2B Movistar Empresas S/42.9|||Activación MB Internacionales|24/11/2023|23/05/2025|18
SEGMENTO_002|2003418714|CLIENT_00435|498701821|148491947|N|Movil Abierto|30/12/2016|Activo|Pedido de Cliente|Equipo|Abierto Elige Todo Emp RD|B2B Movistar Empresas S/42.9|||Activación MB Internacionales|23/11/2023|22/05/2025|18
SEGMENTO_002|2003418714|CLIENT_00435|498701821|148491947|N|Movil Abierto|26/01/2024|Activo|Pedido de Cliente|M4|Abierto Elige Todo Emp RD|B2B Movistar Empresas S/42.9|||Activación MB Internacionales|02/10/2024||
SEGMENTO_002|2003418714|CLIENT_00435|498701821|148491947|N|Movil Abierto|30/12/2016|Activo|Pedido de Cliente|Equipo|Abierto Elige Todo Emp RD|B2B Movistar Empresas S/42.9|||Activación MB Internacionales|22/11/2023|21/05/2025|18
SEGMENTO_002|2003418714|CLIENT_00435|498701821|148491947|N|Movil Abierto|30/12/2016|Activo|Pedido de Cliente|Equipo|Abierto Elige Todo Emp RD|B2B Movistar Empresas S/42.9|||Activación MB Internacionales|22/11/2023|21/05/2025|18
SEGMENTO_002|2003418714|CLIENT_00435|498701821|148491947|N|Movil Abierto|30/12/2016|Activo|Pedido de Cliente|Equipo|Abierto Elige Todo Emp RD|B2B Movistar Empresas S/42.9|||Activación MB Internacionales|23/11/2023|22/05/2025|18
SEGMENTO_002|2003418714|CLIENT_00435|498701821|148491947|N|Movil Abierto|30/12/2016|Activo|Pedido de Cliente|Equipo|Abierto Elige Todo Emp RD|B2B Movistar Empresas S/42.9|||Activación MB Internacionales|22/11/2023|21/05/2025|18
SEGMENTO_002|2003418714|CLIENT_00435|498701821|148491947|N|Movil Abierto|30/12/2016|Activo|Pedido de Cliente|Equipo|Abierto Elige Todo Emp RD|B2B Movistar Empresas S/42.9|||Activación MB Internacionales|23/11/2023|22/05/2025|18
SEGMENTO_002|2003418714|CLIENT_00435|498701821|148491947|N|Movil Abierto|30/12/2016|Activo|Pedido de Cliente|Equipo|Abierto Elige Todo Emp RD|B2B Movistar Empresas S/42.9|||Activación MB Internacionales|23/11/2023|22/05/2025|18
SEGMENTO_002|2003418714|CLIENT_00435|498701821|148491947|N|Movil Abierto|30/12/2016|Activo|Pedido de Cliente|Equipo|Abierto Elige Todo Emp RD|B2B Movistar Empresas S/42.9|||Activación MB Internacionales|23/11/2023|22/05/2025|18
SEGMENTO_002|2003418714|CLIENT_00435|498701821|148491947|N|Movil Abierto|30/12/2016|Activo|Pedido de Cliente|Equipo|Abierto Elige Todo Emp RD|B2B Movistar Empresas S/42.9|||Activación MB Internacionales|23/11/2023|19/05/2025|18
SEGMENTO_002|2003418714|CLIENT_00435|498701821|148491947|N|Movil Abierto|30/12/2016|Activo|Pedido de Cliente|Equipo|Abierto Elige Todo Emp RD|B2B Movistar Empresas S/42.9|||Activación MB Internacionales|23/11/2023|22/05/2025|18
SEGMENTO_002|2003418714|CLIENT_00435|498701821|148491947|N|Movil Abierto|30/12/2016|Activo|Pedido de Cliente|Equipo|Abierto Elige Todo Emp RD|B2B Movistar Empresas S/42.9|||Activación MB Internacionales|23/11/2023|22/05/2025|18
SEGMENTO_002|2003418714|CLIENT_00435|498701821|148491947|N|Movil Abierto|30/12/2016|Activo|Pedido de Cliente|Equipo|Abierto Elige Todo Emp RD|B2B_movistar Empresas S/.69.9|||Activación MB Internacionales|23/11/2023|22/05/2025|18
SEGMENTO_002|2003418714|CLIENT_00435|498701821|148491947|N|Movil Abierto|17/08/2020|Activo|Pedido de Cliente|Equipo|Abierto Elige Todo Emp RD|B2B Movistar Empresas S/42.9|||Activación MB Internacionales|23/11/2023|22/05/2025|18
SEGMENTO_002|2003418714|CLIENT_00435|498701821|148491947|N|Movil Abierto|13/12/2021|Activo|Pedido de Cliente|Equipo|Abierto Elige Todo Emp RD|B2B Movistar Empresas S/42.9|||Activación MB Internacionales|23/11/2023|22/05/2025|18
SEGMENTO_002|2003418714|CLIENT_00435|498701821|148491947|N|Movil Abierto|13/12/2021|Activo|Pedido de Cliente|Equipo|Abierto Elige Todo Emp RD|B2B Movistar Empresas S/42.9|||Activación MB Internacionales|23/11/2023|22/05/2025|18
SEGMENTO_002|2003418714|CLIENT_00435|498701821|148491947|N|Movil Abierto|30/12/2016|Activo|Pedido de Cliente|Equipo|Abierto Elige Todo Emp RD|B2B Movistar Empresas S/42.9|||Activación MB Internacionales|23/11/2023|22/05/2025|18
SEGMENTO_002|2003418714|CLIENT_00435|498701821|148491947|N|Movil Abierto|30/12/2016|Activo|Pedido de Cliente|Equipo|Abierto Elige Todo Emp RD|B2B Movistar Empresas S/42.9|||Activación MB Internacionales|23/11/2023|22/05/2025|18
SEGMENTO_002|2003418714|CLIENT_00435|498701821|148491947|N|Movil Abierto|30/12/2016|Activo|Pedido de Cliente|Equipo|Abierto Elige Todo Emp RD|B2B Movistar Empresas S/42.9|||Activación MB Internacionales|23/11/2023|22/05/2025|18
SEGMENTO_002|2003418714|CLIENT_00435|498701821|148491947|N|Movil Abierto|30/12/2016|Activo|Pedido de Cliente|Equipo|Abierto Elige Todo Emp RD|B2B Movistar Empresas S/42.9|||Activación MB Internacionales|23/11/2023|22/05/2025|18
SEGMENTO_002|2003418714|CLIENT_00435|498701821|148491947|N|Movil Abierto|30/12/2016|Activo|Pedido de Cliente|Equipo|Abierto Elige Todo Emp RD|B2B Movistar Empresas S/42.9|||Activación MB Internacionales|23/11/2023|22/05/2025|18
SEGMENTO_002|2003418714|CLIENT_00435|498701821|148491947|N|Movil Abierto|30/12/2016|Activo|Pedido de Cliente|Equipo|Abierto Elige Todo Emp RD|B2B Movistar Empresas S/42.9|||Activación MB Internacionales|23/11/2023|22/05/2025|18
SEGMENTO_002|2003418714|CLIENT_00435|498701821|148491947|N|Movil Abierto|08/07/2019|Activo|Pedido de Cliente|Equipo|Abierto Elige Todo Emp RD|B2B Movistar Empresas S/42.9|||Activación MB Internacionales|23/11/2023|22/05/2025|18
SEGMENTO_002|2003418714|CLIENT_00435|498701821|148491947|N|Movil Abierto|30/12/2016|Activo|Pedido de Cliente|Equipo|Abierto Elige Todo Emp RD|B2B Movistar Empresas S/42.9|||Activación MB Internacionales|23/11/2023|22/05/2025|18
SEGMENTO_002|2003418714|CLIENT_00435|498701821|148491947|N|Movil Abierto|30/12/2016|Activo|Pedido de Cliente|Equipo|Abierto Elige Todo Emp RD|B2B Movistar Empresas S/42.9|||Activación MB Internacionales|23/11/2023|22/05/2025|18
SEGMENTO_002|2003418714|CLIENT_00435|498701821|148491947|N|Movil Abierto|30/12/2016|Activo|Pedido de Cliente|Equipo|Abierto Elige Todo Emp RD|B2B Movistar Empresas S/42.9|||Activación MB Internacionales|21/11/2023|20/05/2025|18
SEGMENTO_002|2003418714|CLIENT_00435|498701821|148491947|N|Movil Abierto|30/12/2016|Activo|Pedido de Cliente|Equipo|Abierto Elige Todo Emp RD|B2B Movistar Empresas S/42.9|||Activación MB Internacionales|23/11/2023|22/05/2025|18
SEGMENTO_002|2003418714|CLIENT_00435|498701821|148491947|N|Movil Abierto|30/12/2016|Activo|Pedido de Cliente|Equipo|Abierto Elige Todo Emp RD|B2B Movistar Empresas S/42.9|||Activación MB Internacionales|22/11/2023|21/05/2025|18
SEGMENTO_002|2003418714|CLIENT_00435|498701821|148491947|N|Movil Abierto|08/07/2019|Activo|Pedido de Cliente|Equipo|Abierto Elige Todo Emp RD|B2B Movistar Empresas S/42.9|||Activación MB Internacionales|22/11/2023|21/05/2025|18
SEGMENTO_002|2003418714|CLIENT_00435|498701821|148491947|N|Movil Abierto|30/12/2016|Activo|Pedido de Cliente|Equipo|Abierto Elige Todo Emp RD|B2B Movistar Empresas S/42.9|||Activación MB Internacionales|23/11/2023|22/05/2025|18
SEGMENTO_002|2003418714|CLIENT_00435|498701821|148491947|N|Movil Abierto|30/12/2016|Activo|Pedido de Cliente|Equipo|Abierto Elige Todo Emp RD|B2B Movistar Empresas S/42.9|||Activación MB Internacionales|23/11/2023|22/05/2025|18
SEGMENTO_002|2003418714|CLIENT_00435|498701821|148491947|N|Movil Abierto|12/08/2021|Activo|Pedido de Cliente|Equipo|Abierto Elige Todo Emp RD|B2B Movistar Empresas S/42.9|||Activación MB Internacionales|23/11/2023|22/05/2025|18
SEGMENTO_002|2003418714|CLIENT_00435|498701821|148491947|N|Movil Abierto|30/12/2016|Activo|Pedido de Cliente|Equipo|Abierto Elige Todo Emp RD|B2B Movistar Empresas S/42.9|||Activación MB Internacionales|22/11/2023|21/05/2025|18
SEGMENTO_002|2003418714|CLIENT_00435|498701821|148491947|N|Movil Abierto|26/01/2024|Activo|Pedido de Cliente|M4|Abierto Elige Todo Emp RD|B2B Movistar Empresas S/42.9|||Activación MB Internacionales|24/09/2024||
SEGMENTO_002|2003418714|CLIENT_00435|498701821|148491947|N|Movil Abierto|17/08/2020|Activo|Pedido de Cliente|Equipo|Abierto Elige Todo Emp RD|B2B Movistar Empresas S/42.9|||Activación MB Internacionales|23/11/2023|22/05/2025|18
SEGMENTO_002|2003418714|CLIENT_00435|498701821|148491947|N|Movil Abierto|15/10/2021|Activo|Pedido de Cliente|Equipo|Abierto Elige Todo Emp RD|B2B Movistar Empresas S/42.9|||Activación MB Internacionales|23/11/2023|22/05/2025|18
SEGMENTO_002|2003418714|CLIENT_00435|498701821|148491947|N|Movil Abierto|30/12/2016|Activo|Pedido de Cliente|Equipo|Abierto Elige Todo Emp RD|B2B Movistar Empresas S/42.9|||Activación MB Internacionales|23/11/2023|22/05/2025|18
SEGMENTO_002|2003418714|CLIENT_00435|498701821|148491947|N|Movil Abierto|30/12/2016|Activo|Pedido de Cliente|Equipo|Abierto Elige Todo Emp RD|B2B Movistar Empresas S/42.9|||Activación MB Internacionales|23/11/2023|22/05/2025|18
SEGMENTO_002|2003418714|CLIENT_00435|498701821|148491947|N|Movil Abierto|30/12/2016|Activo|Pedido de Cliente|Equipo|Abierto Elige Todo Emp RD|B2B Movistar Empresas S/42.9|||Activación MB Internacionales|21/11/2023|20/05/2025|18
SEGMENTO_002|2003418714|CLIENT_00435|498701821|148491947|N|Movil Abierto|30/12/2016|Activo|Pedido de Cliente|Equipo|Abierto Elige Todo Emp RD|B2B Movistar Empresas S/42.9|||Activación MB Internacionales|23/11/2023|22/05/2025|18
SEGMENTO_002|2003418714|CLIENT_00435|498701821|148491947|N|Movil Abierto|30/12/2016|Activo|Pedido de Cliente|Equipo|Abierto Elige Todo Emp RD|B2B Movistar Empresas S/42.9|||Activación MB Internacionales|23/11/2023|22/05/2025|18
SEGMENTO_002|2003418714|CLIENT_00435|498701821|148491947|N|Movil Abierto|30/12/2016|Activo|Pedido de Cliente|Equipo|Abierto Elige Todo Emp RD|B2B Movistar Empresas S/42.9|||Activación MB Internacionales|23/11/2023|22/05/2025|18
SEGMENTO_002|2003418714|CLIENT_00435|498701821|148491947|N|Movil Abierto|30/12/2016|Activo|Pedido de Cliente|Equipo|Abierto Elige Todo Emp RD|B2B Movistar Empresas S/42.9|||Activación MB Internacionales|21/11/2023|20/05/2025|18
SEGMENTO_002|2003418714|CLIENT_00435|498701821|148491947|N|Movil Abierto|30/12/2016|Activo|Pedido de Cliente|Equipo|Abierto Elige Todo Emp RD|B2B Movistar Empresas S/42.9|||Activación MB Internacionales|23/11/2023|22/05/2025|18
SEGMENTO_002|2003418714|CLIENT_00435|498701821|148491947|N|Movil Abierto|30/12/2016|Activo|Pedido de Cliente|Equipo|Abierto Elige Todo Emp RD|B2B Movistar Empresas S/42.9|||Activación MB Internacionales|21/11/2023|20/05/2025|18
SEGMENTO_002|2003418714|CLIENT_00435|498701821|148491947|N|Movil Abierto|17/08/2020|Activo|Pedido de Cliente|Equipo|Abierto Elige Todo Emp RD|B2B Movistar Empresas S/42.9|||Activación MB Internacionales|21/11/2023|20/05/2025|18
SEGMENTO_002|2003418714|CLIENT_00435|498701821|148491947|N|Movil Abierto|30/12/2016|Activo|Pedido de Cliente|Equipo|Abierto Elige Todo Emp RD|B2B Movistar Empresas S/42.9|||Activación MB Internacionales|21/11/2023|20/05/2025|18
SEGMENTO_002|2003418714|CLIENT_00435|498701821|148491947|N|Movil Abierto|30/12/2016|Activo|Pedido de Cliente|Equipo|Abierto Elige Todo Emp RD|B2B Movistar Empresas S/42.9|||Activación MB Internacionales|21/11/2023|20/05/2025|18
SEGMENTO_002|2003418714|CLIENT_00435|498701821|148491947|N|Movil Abierto|30/12/2016|Activo|Pedido de Cliente|Equipo|Abierto Elige Todo Emp RD|B2B Movistar Empresas S/42.9|||Activación MB Internacionales|23/11/2023|22/05/2025|18
SEGMENTO_002|2003418714|CLIENT_00435|498701821|148491947|N|Movil Abierto|30/12/2016|Activo|Pedido de Cliente|Equipo|Abierto Elige Todo Emp RD|B2B Movistar Empresas S/42.9|||Activación MB Internacionales|21/11/2023|20/05/2025|18
SEGMENTO_002|2003418714|CLIENT_00435|498701821|148491947|N|Movil Abierto|30/12/2016|Activo|Pedido de Cliente|Equipo|Abierto Elige Todo Emp RD|B2B Movistar Empresas S/42.9|||Activación MB Internacionales|21/11/2023|20/05/2025|18
SEGMENTO_002|2003418714|CLIENT_00435|498701821|148491947|N|Movil Abierto|15/10/2021|Activo|Pedido de Cliente|Equipo|Abierto Elige Todo Emp RD|B2B Movistar Empresas S/42.9|||Activación MB Internacionales|21/11/2023|20/05/2025|18
SEGMENTO_002|2003418714|CLIENT_00435|498701821|148491947|N|Movil Abierto|30/12/2016|Activo|Pedido de Cliente|Equipo|Abierto Elige Todo Emp RD|B2B Movistar Empresas S/42.9|||Activación MB Internacionales|21/11/2023|20/05/2025|18
SEGMENTO_002|2003418714|CLIENT_00435|498701821|148491947|N|Movil Abierto|15/10/2021|Activo|Pedido de Cliente|Equipo|Abierto Elige Todo Emp RD|B2B Movistar Empresas S/42.9|||Activación MB Internacionales|23/11/2023|22/05/2025|18
SEGMENTO_002|2003418714|CLIENT_00435|498701821|148491947|N|Movil Abierto|30/12/2016|Activo|Pedido de Cliente|Equipo|Abierto Elige Todo Emp RD|B2B Movistar Empresas S/42.9|||Activación MB Internacionales|23/11/2023|22/05/2025|18
SEGMENTO_002|2003418714|CLIENT_00435|498701821|148491947|N|Movil Abierto|30/12/2016|Activo|Pedido de Cliente|Equipo|Abierto Elige Todo Emp RD|B2B Movistar Empresas S/42.9|||Activación MB Internacionales|23/11/2023|22/05/2025|18
SEGMENTO_002|2003418714|CLIENT_00435|498701821|148491947|N|Movil Abierto|16/06/2017|Activo|Pedido de Cliente|Equipo|Abierto Elige Todo Emp RD|B2B Movistar Empresas S/42.9|||Activación MB Internacionales|23/11/2023|22/05/2025|18
SEGMENTO_002|2003418714|CLIENT_00435|498701821|148491947|N|Movil Abierto|30/12/2016|Activo|Pedido de Cliente|Equipo|Abierto Elige Todo Emp RD|B2B Movistar Empresas S/42.9|||Activación MB Internacionales|23/11/2023|22/05/2025|18
SEGMENTO_002|2003418714|CLIENT_00435|498701821|148491947|N|Movil Abierto|30/12/2016|Activo|Negociación Equipo y/o SimCard|Equipo|Abierto Elige Todo Emp RD|B2B Movistar Empresas S/42.9|||Activación MB Internacionales|21/11/2023|28/05/2025|18
SEGMENTO_002|2003418714|CLIENT_00435|498701821|148491947|N|Movil Abierto|30/12/2016|Activo|Pedido de Cliente|Equipo|Abierto Elige Todo Emp RD|B2B Movistar Empresas S/42.9|||Activación MB Internacionales|21/11/2023|20/05/2025|18
SEGMENTO_002|2003418714|CLIENT_00435|498701821|148491947|N|Movil Abierto|30/12/2016|Activo|Pedido de Cliente|Equipo|Abierto Elige Todo Emp RD|B2B Movistar Empresas S/42.9|||Activación MB Internacionales|21/11/2023|20/05/2025|18
SEGMENTO_002|2003418714|CLIENT_00435|498701821|148491947|N|Movil Abierto|30/12/2016|Activo|Pedido de Cliente|Equipo|Abierto Elige Todo Emp RD|B2B Movistar Empresas S/42.9|||Activación MB Internacionales|21/11/2023|20/05/2025|18
SEGMENTO_002|2003418714|CLIENT_00435|498701821|148491947|N|Movil Abierto|30/12/2016|Activo|Pedido de Cliente|Equipo|Abierto Elige Todo Emp RD|B2B Movistar Empresas S/42.9|||Activación MB Internacionales|23/11/2023|22/05/2025|18
SEGMENTO_002|2003418714|CLIENT_00435|498701821|148491947|N|Movil Abierto|30/12/2016|Activo|Pedido de Cliente|Equipo|Abierto Elige Todo Emp RD|B2B Movistar Empresas S/42.9|||Activación MB Internacionales|23/11/2023|22/05/2025|18
SEGMENTO_002|2003418714|CLIENT_00435|498701821|148491947|N|Movil Abierto|30/12/2016|Activo|Pedido de Cliente|Equipo|Abierto Elige Todo Emp RD|B2B Movistar Empresas S/42.9|||Activación MB Internacionales|23/11/2023|22/05/2025|18
SEGMENTO_002|2003418714|CLIENT_00435|498701821|148491947|N|Movil Abierto|30/12/2016|Activo|Pedido de Cliente|Equipo|Abierto Elige Todo Emp RD|B2B Movistar Empresas S/42.9|||Activación MB Internacionales|23/11/2023|22/05/2025|18
SEGMENTO_002|2003418714|CLIENT_00435|498701821|148491947|N|Movil Abierto|12/08/2021|Activo|Pedido de Cliente|Equipo|Abierto Elige Todo Emp RD|B2B Movistar Empresas S/42.9|||Activación MB Internacionales|22/11/2023|21/05/2025|18
SEGMENTO_002|2003418714|CLIENT_00435|498701821|148491947|N|Movil Abierto|30/12/2016|Activo|Pedido de Cliente|Equipo|Abierto Elige Todo Emp RD|B2B Movistar Empresas S/42.9|||Activación MB Internacionales|22/11/2023|21/05/2025|18
SEGMENTO_002|2003418714|CLIENT_00435|498701821|148491947|N|Movil Abierto|17/08/2020|Activo|Pedido de Cliente|Equipo|Abierto Elige Todo Emp RD|B2B Movistar Empresas S/42.9|||Activación MB Internacionales|22/11/2023|21/05/2025|18
SEGMENTO_002|2003418714|CLIENT_00435|498701821|148491947|N|Movil Abierto|30/12/2016|Activo|Pedido de Cliente|Equipo|Abierto Elige Todo Emp RD|B2B Movistar Empresas S/42.9|||Activación MB Internacionales|22/11/2023|21/05/2025|18
SEGMENTO_002|2003418714|CLIENT_00435|498701821|148491947|N|Movil Abierto|30/12/2016|Activo|Pedido de Cliente|Equipo|Abierto Elige Todo Emp RD|B2B Movistar Empresas S/42.9|||Activación MB Internacionales|23/11/2023|22/05/2025|18
SEGMENTO_002|2003418714|CLIENT_00435|498701821|148491947|N|Movil Abierto|08/07/2019|Activo|Pedido de Cliente|Equipo|Abierto Elige Todo Emp RD|B2B Movistar Empresas S/42.9|||Activación MB Internacionales|22/11/2023|21/05/2025|18
SEGMENTO_002|2003418714|CLIENT_00435|498701821|148491947|N|Movil Abierto|30/12/2016|Activo|Pedido de Cliente|Equipo|Abierto Elige Todo Emp RD|B2B Movistar Empresas S/42.9|||Activación MB Internacionales|22/11/2023|21/05/2025|18
SEGMENTO_002|2003418714|CLIENT_00435|498701821|148491947|N|Movil Abierto|30/12/2016|Activo|Pedido de Cliente|Equipo|Abierto Elige Todo Emp RD|B2B Movistar Empresas S/42.9|||Activación MB Internacionales|21/11/2023|20/05/2025|18
SEGMENTO_002|2003418714|CLIENT_00435|498701821|148491947|N|Movil Abierto|30/12/2016|Activo|Pedido de Cliente|Equipo|Abierto Elige Todo Emp RD|B2B Movistar Empresas S/42.9|||Activación MB Internacionales|21/11/2023|20/05/2025|18
SEGMENTO_002|2003418714|CLIENT_00435|498701821|148491947|N|Movil Abierto|30/12/2016|Activo|Pedido de Cliente|Equipo|Abierto Elige Todo Emp RD|B2B Movistar Empresas S/42.9|||Activación MB Internacionales|23/11/2023|22/05/2025|18
SEGMENTO_002|2003418714|CLIENT_00435|498701821|148491947|N|Movil Abierto|16/06/2017|Activo|Pedido de Cliente|Equipo|Abierto Elige Todo Emp RD|B2B Movistar Empresas S/42.9|||Activación MB Internacionales|22/11/2023|21/05/2025|18
SEGMENTO_002|2003418714|CLIENT_00435|498701821|148491947|N|Movil Abierto|30/12/2016|Activo|Pedido de Cliente|Equipo|Abierto Elige Todo Emp RD|B2B Movistar Empresas S/42.9|||Activación MB Internacionales|21/11/2023|20/05/2025|18
SEGMENTO_002|2003418714|CLIENT_00435|498701821|148491947|N|Movil Abierto|30/12/2016|Activo|Pedido de Cliente|Equipo|Abierto Elige Todo Emp RD|B2B Movistar Empresas S/42.9|||Activación MB Internacionales|22/11/2023|21/05/2025|18
SEGMENTO_002|2003418714|CLIENT_00435|498701821|148491947|N|Movil Abierto|30/12/2016|Activo|Pedido de Cliente|Equipo|Abierto Elige Todo Emp RD|B2B Movistar Empresas S/42.9|||Activación MB Internacionales|21/11/2023|20/05/2025|18
SEGMENTO_002|2003418714|CLIENT_00435|498701821|148491947|N|Movil Abierto|30/12/2016|Activo|Pedido de Cliente|Equipo|Abierto Elige Todo Emp RD|B2B Movistar Empresas S/42.9|||Activación MB Internacionales|22/11/2023|21/05/2025|18
SEGMENTO_002|2003418714|CLIENT_00435|498701821|148491947|N|Movil Abierto|30/12/2016|Activo|Pedido de Cliente|Equipo|Abierto Elige Todo Emp RD|B2B Movistar Empresas S/42.9|||Activación MB Internacionales|22/11/2023|21/05/2025|18
SEGMENTO_002|2003418714|CLIENT_00435|498701821|148491947|N|Movil Abierto|30/12/2016|Activo|Pedido de Cliente|Equipo|Abierto Elige Todo Emp RD|B2B Movistar Empresas S/39.9 IV|||Activación MB Internacionales|23/11/2023|22/05/2025|18
SEGMENTO_002|2003418714|CLIENT_00435|498701821|148491947|N|Movil Abierto|30/12/2016|Activo|Pedido de Cliente|Equipo|Abierto Elige Todo Emp RD|B2B Movistar Empresas S/42.9|||Activación MB Internacionales|23/11/2023|22/05/2025|18
SEGMENTO_002|2003418714|CLIENT_00435|498701821|148491947|N|Movil Abierto|30/12/2016|Activo|Pedido de Cliente|Equipo|Abierto Elige Todo Emp RD|B2B Movistar Empresas S/42.9|||Activación MB Internacionales|23/11/2023|22/05/2025|18
SEGMENTO_002|2003418714|CLIENT_00435|498701821|148491947|N|Movil Abierto|13/12/2021|Activo|Pedido de Cliente|Equipo|Abierto Elige Todo Emp RD|B2B Movistar Empresas S/42.9|||Activación MB Internacionales|23/11/2023|22/05/2025|18
SEGMENTO_002|2003418714|CLIENT_00435|498701821|148491947|N|Movil Abierto|30/12/2016|Activo|Pedido de Cliente|Equipo|Abierto Elige Todo Emp RD|B2B Movistar Empresas S/42.9|||Activación MB Internacionales|23/11/2023|22/05/2025|18
SEGMENTO_002|2003418714|CLIENT_00435|498701821|148491947|N|Movil Abierto|30/12/2016|Activo|Pedido de Cliente|Equipo|Abierto Elige Todo Emp RD|B2B Movistar Empresas S/42.9|||Activación MB Internacionales|22/11/2023|21/05/2025|18
SEGMENTO_002|2003418714|CLIENT_00435|498701821|148491947|N|Movil Abierto|30/12/2016|Activo|Pedido de Cliente|Equipo|Abierto Elige Todo Emp RD|B2B Movistar Empresas S/42.9|||Activación MB Internacionales|22/11/2023|21/05/2025|18
SEGMENTO_002|2003418714|CLIENT_00435|498701821|148491947|N|Movil Abierto|30/12/2016|Activo|Pedido de Cliente|Equipo|Abierto Elige Todo Emp RD|B2B Movistar Empresas S/42.9|||Activación MB Internacionales|23/11/2023|22/05/2025|18
SEGMENTO_002|2003418714|CLIENT_00435|498701821|148491947|N|Movil Abierto|12/08/2021|Activo|Pedido de Cliente|Equipo|Abierto Elige Todo Emp RD|B2B Movistar Empresas S/42.9|||Activación MB Internacionales|23/11/2023|22/05/2025|18
SEGMENTO_002|2003418714|CLIENT_00435|498701821|148491947|N|Movil Abierto|30/12/2016|Activo|Pedido de Cliente|Equipo|Abierto Elige Todo Emp RD|B2B Movistar Empresas S/42.9|||Activación MB Internacionales|23/11/2023|22/05/2025|18
SEGMENTO_002|2003418714|CLIENT_00435|498701821|148491947|N|Movil Abierto|30/12/2016|Activo|Negociación Equipo y/o SimCard|Equipo|Abierto Elige Todo Emp RD|B2B Movistar Empresas S/42.9|||Activación MB Internacionales|22/11/2023|22/05/2025|18
SEGMENTO_002|2003418714|CLIENT_00435|498701821|148491947|N|Movil Abierto|30/12/2016|Activo|Pedido de Cliente|Equipo|Abierto Elige Todo Emp RD|B2B Movistar Empresas S/42.9|||Activación MB Internacionales|22/11/2023|21/05/2025|18
SEGMENTO_002|2003418714|CLIENT_00435|498701821|148491947|N|Movil Abierto|30/12/2016|Activo|Pedido de Cliente|Equipo|Abierto Elige Todo Emp RD|B2B Movistar Empresas S/42.9|||Activación MB Internacionales|23/11/2023|22/05/2025|18
SEGMENTO_002|2003418714|CLIENT_00435|498701821|148491947|N|Movil Abierto|30/12/2016|Activo|Pedido de Cliente|Equipo|Abierto Elige Todo Emp RD|B2B Movistar Empresas S/42.9|||Activación MB Internacionales|22/11/2023|21/05/2025|18
SEGMENTO_002|2003418714|CLIENT_00435|498701821|148491947|N|Movil Abierto|30/12/2016|Activo|Pedido de Cliente|Equipo|Abierto Elige Todo Emp RD|B2B Movistar Empresas S/42.9|||Activación MB Internacionales|23/11/2023|22/05/2025|18
SEGMENTO_002|2003418714|CLIENT_00435|498701821|148491947|N|Movil Abierto|26/01/2024|Activo|Pedido de Cliente|M4|Abierto Elige Todo Emp RD|B2B Movistar Empresas S/42.9|||Activación MB Internacionales|22/09/2024||
SEGMENTO_002|2003418714|CLIENT_00435|498701821|148491947|N|Movil Abierto|30/12/2016|Activo|Pedido de Cliente|Equipo|Abierto Elige Todo Emp RD|B2B Movistar Empresas S/42.9|||Activación MB Internacionales|22/11/2023|21/05/2025|18
SEGMENTO_002|2003418714|CLIENT_00435|498701821|148491947|N|Movil Abierto|30/12/2016|Activo|Pedido de Cliente|Equipo|Abierto Elige Todo Emp RD|B2B Movistar Empresas S/42.9|||Activación MB Internacionales|22/11/2023|21/05/2025|18
SEGMENTO_002|2003418714|CLIENT_00435|498701821|148491947|N|Movil Abierto|30/12/2016|Activo|Pedido de Cliente|Equipo|Abierto Elige Todo Emp RD|B2B Movistar Empresas S/42.9|||Activación MB Internacionales|22/11/2023|21/05/2025|18
SEGMENTO_002|2003418714|CLIENT_00435|498701821|148491947|N|Movil Abierto|08/07/2019|Activo|Pedido de Cliente|Equipo|Abierto Elige Todo Emp RD|B2B Movistar Empresas S/42.9|||Activación MB Internacionales|23/11/2023|22/05/2025|18
SEGMENTO_002|2003418714|CLIENT_00435|498701821|148491947|N|Movil Abierto|30/12/2016|Activo|Pedido de Cliente|Equipo|Abierto Elige Todo Emp RD|B2B Movistar Empresas S/42.9|||Activación MB Internacionales|23/11/2023|22/05/2025|18
SEGMENTO_002|2003418714|CLIENT_00435|498701821|148491947|N|Movil Abierto|30/12/2016|Activo|Pedido de Cliente|Equipo|Abierto Elige Todo Emp RD|B2B Movistar Empresas S/42.9|||Activación MB Internacionales|23/11/2023|22/05/2025|18
SEGMENTO_002|2003418714|CLIENT_00435|498701821|148491947|N|Movil Abierto|30/12/2016|Activo|Pedido de Cliente|Equipo|Abierto Elige Todo Emp RD|B2B Movistar Empresas S/42.9|||Activación MB Internacionales|23/11/2023|22/05/2025|18
SEGMENTO_002|2003418714|CLIENT_00435|498701821|148491947|N|Movil Abierto|30/12/2016|Activo|Pedido de Cliente|Equipo|Abierto Elige Todo Emp RD|B2B Movistar Empresas S/42.9|||Activación MB Internacionales|23/11/2023|22/05/2025|18
SEGMENTO_002|2003418714|CLIENT_00435|498701821|148491947|N|Movil Abierto|30/12/2016|Activo|Pedido de Cliente|Equipo|Abierto Elige Todo Emp RD|B2B Movistar Empresas S/42.9|||Activación MB Internacionales|23/11/2023|22/05/2025|18
SEGMENTO_002|2003418714|CLIENT_00435|498701821|148491947|N|Movil Abierto|17/08/2020|Activo|Pedido de Cliente|Equipo|Abierto Elige Todo Emp RD|B2B Movistar Empresas S/42.9|||Activación MB Internacionales|23/11/2023|22/05/2025|18
SEGMENTO_002|2003418714|CLIENT_00435|498701821|148491947|N|Movil Abierto|30/12/2016|Activo|Pedido de Cliente|Equipo|Abierto Elige Todo Emp RD|B2B Movistar Empresas S/42.9|||Activación MB Internacionales|23/11/2023|22/05/2025|18
SEGMENTO_002|2003418714|CLIENT_00435|498701821|148491947|N|Movil Abierto|30/12/2016|Activo|Pedido de Cliente|Equipo|Abierto Elige Todo Emp RD|B2B Movistar Empresas S/42.9|||Activación MB Internacionales|22/11/2023|21/05/2025|18
SEGMENTO_002|2003418714|CLIENT_00435|498701821|148491947|N|Movil Abierto|30/12/2016|Activo|Pedido de Cliente|Equipo|Abierto Elige Todo Emp RD|B2B Movistar Empresas S/42.9|||Activación MB Internacionales|23/11/2023|22/05/2025|18
SEGMENTO_002|2003418714|CLIENT_00435|498701821|148491947|N|Movil Abierto|30/12/2016|Activo|Pedido de Cliente|Equipo|Abierto Elige Todo Emp RD|B2B Movistar Empresas S/42.9|||Activación MB Internacionales|23/11/2023|22/05/2025|18
SEGMENTO_002|2003418714|CLIENT_00435|498701821|148491947|N|Movil Abierto|30/12/2016|Activo|Pedido de Cliente|Equipo|Abierto Elige Todo Emp RD|B2B Movistar Empresas S/42.9|||Activación MB Internacionales|21/11/2023|20/05/2025|18
SEGMENTO_002|2003418714|CLIENT_00435|498701821|148491947|N|Movil Abierto|26/01/2024|Activo|Pedido de Cliente|M4|Abierto Elige Todo Emp RD|B2B Movistar Empresas S/42.9|||Activación MB Internacionales|02/10/2024||
SEGMENTO_002|2003418714|CLIENT_00435|498701821|148491947|N|Movil Abierto|08/07/2019|Activo|Pedido de Cliente|Equipo|Abierto Elige Todo Emp RD|B2B Movistar Empresas S/42.9|||Activación MB Internacionales|23/11/2023|22/05/2025|18
SEGMENTO_002|2003418714|CLIENT_00435|498701821|148491947|N|Movil Abierto|30/12/2016|Activo|Pedido de Cliente|Equipo|Abierto Elige Todo Emp RD|B2B Movistar Empresas S/42.9|||Activación MB Internacionales|24/11/2023|23/05/2025|18
SEGMENTO_002|2003418714|CLIENT_00435|498701821|148491947|N|Movil Abierto|30/12/2016|Activo|Pedido de Cliente|Equipo|Abierto Elige Todo Emp RD|B2B Movistar Empresas S/42.9|||Activación MB Internacionales|24/11/2023|23/05/2025|18
SEGMENTO_002|2003418714|CLIENT_00435|498701821|148491947|N|Movil Abierto|13/12/2021|Activo|Pedido de Cliente|Equipo|Abierto Elige Todo Emp RD|B2B Movistar Empresas S/42.9|||Activación MB Internacionales|24/11/2023|23/05/2025|18
SEGMENTO_002|2003418714|CLIENT_00435|498701821|148491947|N|Movil Abierto|29/01/2026|Activo|Pedido de Cliente|M4|Abierto Elige Todo Emp RD|B2B_movistar Empresas S/.39.9|||Activación MB Internacionales|27/01/2026||
SEGMENTO_002|2003418714|CLIENT_00435|498701821|148491947|N|Movil Abierto|29/01/2026|Activo|Pedido de Cliente|M4|Abierto Elige Todo Emp RD|B2B_movistar Empresas S/.39.9|||Activación MB Internacionales|27/01/2026||
SEGMENTO_002|2003418714|CLIENT_00435|498701821|148491947|N|Movil Abierto|05/12/2025|Activo|Pedido de Cliente|M4|Abierto Elige Todo Emp RD|B2B_movistar Empresas S/.39.9|||Activación MB Internacionales|04/12/2025||
SEGMENTO_002|2003418714|CLIENT_00435|498701821|148491947|N|Movil Abierto|05/12/2025|Activo|Pedido de Cliente|M4|Abierto Elige Todo Emp RD|B2B_movistar Empresas S/.39.9|||Activación MB Internacionales|04/12/2025||
SEGMENTO_002|2003418714|CLIENT_00435|498701821|148491947|N|Movil Abierto|05/12/2025|Activo|Pedido de Cliente|M4|Abierto Elige Todo Emp RD|B2B_movistar Empresas S/.39.9|||Activación MB Internacionales|04/12/2025||
SEGMENTO_002|2003418714|CLIENT_00435|498701821|148491947|N|Movil Abierto|05/12/2025|Activo|Pedido de Cliente|M4|Abierto Elige Todo Emp RD|B2B_movistar Empresas S/.39.9|||Activación MB Internacionales|04/12/2025||
SEGMENTO_002|2003418714|CLIENT_00435|498701821|148491947|N|Movil Abierto|05/12/2025|Activo|Pedido de Cliente|M4|Abierto Elige Todo Emp RD|B2B_movistar Empresas S/.39.9|||Activación MB Internacionales|04/12/2025||
SEGMENTO_002|2003418714|CLIENT_00435|498701821|148491947|N|Movil Abierto|05/12/2025|Activo|Pedido de Cliente|M4|Abierto Elige Todo Emp RD|B2B_movistar Empresas S/.39.9|||Activación MB Internacionales|04/12/2025||
SEGMENTO_002|2003418714|CLIENT_00435|498701821|148491947|N|Movil Abierto|05/12/2025|Activo|Pedido de Cliente|M4|Abierto Elige Todo Emp RD|B2B_movistar Empresas S/.39.9|||Activación MB Internacionales|04/12/2025||
SEGMENTO_002|2003418714|CLIENT_00435|498701821|148491947|N|Movil Abierto|05/12/2025|Activo|Pedido de Cliente|M4|Abierto Elige Todo Emp RD|B2B_movistar Empresas S/.39.9|||Activación MB Internacionales|12/03/2026||
SEGMENTO_002|2003418714|CLIENT_00435|498701821|148491947|N|Movil Abierto|05/12/2025|Activo|Pedido de Cliente|M4|Abierto Elige Todo Emp RD|B2B_movistar Empresas S/.39.9|||Activación MB Internacionales|04/12/2025||
SEGMENTO_002|2003418714|CLIENT_00435|498701821|148491947|N|Movil Abierto|05/12/2025|Activo|Pedido de Cliente|M4|Abierto Elige Todo Emp RD|B2B_movistar Empresas S/.39.9|||Activación MB Internacionales|04/12/2025||
SEGMENTO_002|2003418714|CLIENT_00435|498701821|148491947|N|Movil Abierto|30/12/2016|Activo|Pedido de Cliente|Equipo|Abierto Elige Todo Emp RD|B2B Movistar Empresas S/42.9|||Activación MB Internacionales|23/11/2023|22/05/2025|18
SEGMENTO_002|2003418714|CLIENT_00435|498701821|148491947|N|Movil Abierto|30/12/2016|Activo|Pedido de Cliente|Equipo|Abierto Elige Todo Emp RD|B2B Movistar Empresas S/42.9|||Activación MB Internacionales|23/11/2023|22/05/2025|18
SEGMENTO_002|2003418714|CLIENT_00435|498701821|148491947|N|Movil Abierto|30/12/2016|Activo|Pedido de Cliente|Equipo|Abierto Elige Todo Emp RD|B2B Movistar Empresas S/42.9|||Activación MB Internacionales|24/11/2023|23/05/2025|18
SEGMENTO_002|2003418714|CLIENT_00435|498701821|148491947|N|Movil Abierto|30/12/2016|Activo|Pedido de Cliente|Equipo|Abierto Elige Todo Emp RD|B2B Movistar Empresas S/42.9|||Activación MB Internacionales|23/11/2023|22/05/2025|18
SEGMENTO_002|2003418714|CLIENT_00435|498701821|148491947|N|Movil Abierto|30/12/2016|Activo|Negociación Equipo y/o SimCard|Equipo|Abierto Elige Todo Emp RD|B2B Movistar Empresas S/42.9|||Activación MB Internacionales|24/11/2023|23/05/2025|18
SEGMENTO_002|2003418714|CLIENT_00435|498701821|148491947|N|Movil Abierto|30/12/2016|Activo|Pedido de Cliente|Equipo|Abierto Elige Todo Emp RD|B2B Movistar Empresas S/39.9 IV|||Activación MB Internacionales|22/11/2023|21/05/2025|18
SEGMENTO_002|2003418714|CLIENT_00435|498701821|148491947|N|Movil Abierto|12/08/2021|Activo|Pedido de Cliente|Equipo|Abierto Elige Todo Emp RD|B2B Movistar Empresas S/42.9|||Activación MB Internacionales|22/11/2023|21/05/2025|18
SEGMENTO_002|2003418714|CLIENT_00435|498701821|148491947|N|Movil Abierto|26/11/2025|Activo|Pedido de Cliente|M4|Abierto Elige Todo Emp RD|B2B_movistar Empresas S/.39.9|||Activación MB Internacionales|23/11/2025||
SEGMENTO_002|2003418714|CLIENT_00435|498701821|148491947|N|Movil Abierto|26/11/2025|Activo|Pedido de Cliente|M4|Abierto Elige Todo Emp RD|B2B_movistar Empresas S/.39.9|||Activación MB Internacionales|23/11/2025||
SEGMENTO_002|2003418714|CLIENT_00435|498701821|148491947|N|Movil Abierto|26/11/2025|Activo|Pedido de Cliente|M4|Abierto Elige Todo Emp RD|B2B_movistar Empresas S/.39.9|||Activación MB Internacionales|23/11/2025||
SEGMENTO_002|2003418714|CLIENT_00435|498701821|148491947|N|Movil Abierto|30/12/2016|Activo|Pedido de Cliente|Equipo|Abierto Elige Todo Emp RD|B2B Movistar Empresas S/42.9|||Activación MB Internacionales|22/11/2023|21/05/2025|18
SEGMENTO_002|2003418714|CLIENT_00435|498701821|148491947|N|Movil Abierto|26/11/2025|Activo|Pedido de Cliente|M4|Abierto Elige Todo Emp RD|B2B_movistar Empresas S/.39.9|||Activación MB Internacionales|23/11/2025||
SEGMENTO_002|2003418714|CLIENT_00435|498701821|148491947|N|Movil Abierto|30/12/2016|Activo|Pedido de Cliente|Equipo|Abierto Elige Todo Emp RD|B2B Movistar Empresas S/42.9|||Activación MB Internacionales|23/11/2023|22/05/2025|18
SEGMENTO_002|2003418714|CLIENT_00435|498701821|148491947|N|Movil Abierto|30/12/2016|Activo|Pedido de Cliente|Equipo|Abierto Elige Todo Emp RD|B2B Movistar Empresas S/42.9|||Activación MB Internacionales|23/11/2023|22/05/2025|18
SEGMENTO_002|2003418714|CLIENT_00435|498701821|148491947|N|Movil Abierto|08/07/2019|Activo|Pedido de Cliente|Equipo|Abierto Elige Todo Emp RD|B2B Movistar Empresas S/42.9|||Activación MB Internacionales|22/11/2023|21/05/2025|18
SEGMENTO_002|2003418714|CLIENT_00435|498701821|148491947|N|Movil Abierto|30/12/2016|Activo|Pedido de Cliente|Equipo|Abierto Elige Todo Emp RD|B2B Movistar Empresas S/42.9|||Activación MB Internacionales|22/11/2023|21/05/2025|18
SEGMENTO_002|2003418714|CLIENT_00435|498701821|148491947|N|Movil Abierto|26/11/2025|Activo|Pedido de Cliente|M4|Abierto Elige Todo Emp RD|B2B_movistar Empresas S/.39.9|||Activación MB Internacionales|23/11/2025||
SEGMENTO_002|2003418714|CLIENT_00435|498701821|148491947|N|Movil Abierto|30/12/2016|Activo|Pedido de Cliente|Equipo|Abierto Elige Todo Emp RD|B2B Movistar Empresas S/42.9|||Activación MB Internacionales|22/11/2023|21/05/2025|18
SEGMENTO_002|2003418714|CLIENT_00435|498701821|148491947|N|Movil Abierto|30/12/2016|Activo|Pedido de Cliente|Equipo|Abierto Elige Todo Emp RD|B2B Movistar Empresas S/42.9|||Activación MB Internacionales|22/11/2023|21/05/2025|18
SEGMENTO_002|2003418714|CLIENT_00435|498701821|148491947|N|Movil Abierto|15/10/2021|Activo|Pedido de Cliente|Equipo|Abierto Elige Todo Emp RD|B2B Movistar Empresas S/42.9|||Activación MB Internacionales|22/11/2023|21/05/2025|18
SEGMENTO_002|2003418714|CLIENT_00435|498701821|148491947|N|Movil Abierto|30/12/2016|Activo|Pedido de Cliente|Equipo|Abierto Elige Todo Emp RD|B2B Movistar Empresas S/42.9|||Activación MB Internacionales|22/11/2023|21/05/2025|18
SEGMENTO_002|2003418714|CLIENT_00435|498701821|148491947|N|Movil Abierto|30/12/2016|Activo|Pedido de Cliente|Equipo|Abierto Elige Todo Emp RD|B2B Movistar Empresas S/42.9|||Activación MB Internacionales|23/11/2023|22/05/2025|18
SEGMENTO_002|2003418714|CLIENT_00435|498701821|148491947|N|Movil Abierto|30/12/2016|Activo|Pedido de Cliente|Equipo|Abierto Elige Todo Emp RD|B2B Movistar Empresas S/42.9|||Activación MB Internacionales|22/11/2023|02/12/2025|18
SEGMENTO_002|2003418714|CLIENT_00435|498701821|148491947|N|Movil Abierto|12/08/2021|Activo|Pedido de Cliente|Equipo|Abierto Elige Todo Emp RD|B2B Movistar Empresas S/42.9|||Activación MB Internacionales|23/11/2023|22/05/2025|18
SEGMENTO_002|2003418714|CLIENT_00435|498701821|148491947|N|Movil Abierto|30/12/2016|Activo|Pedido de Cliente|Equipo|Abierto Elige Todo Emp RD|B2B Movistar Empresas S/42.9|||Activación MB Internacionales|23/11/2023|22/05/2025|18
SEGMENTO_002|2003418714|CLIENT_00435|498701821|148491947|N|Movil Abierto|30/12/2016|Activo|Pedido de Cliente|Equipo|Abierto Elige Todo Emp RD|B2B Movistar Empresas S/42.9|||Activación MB Internacionales|22/11/2023|21/05/2025|18
SEGMENTO_002|2003418714|CLIENT_00435|498701821|148491947|N|Movil Abierto|30/12/2016|Activo|Pedido de Cliente|Equipo|Abierto Elige Todo Emp RD|B2B Movistar Empresas S/42.9|||Activación MB Internacionales|22/11/2023|21/05/2025|18
SEGMENTO_002|2003418714|CLIENT_00435|498701821|148491947|N|Movil Abierto|30/12/2016|Activo|Pedido de Cliente|Equipo|Abierto Elige Todo Emp RD|B2B Movistar Empresas S/42.9|||Activación MB Internacionales|23/11/2023|22/05/2025|18
SEGMENTO_002|2003418714|CLIENT_00435|498701821|148491947|N|Movil Abierto|30/12/2016|Activo|Pedido de Cliente|Equipo|Abierto Elige Todo Emp RD|B2B Movistar Empresas S/42.9|||Activación MB Internacionales|23/11/2023|22/05/2025|18
SEGMENTO_002|2003418714|CLIENT_00435|498701821|148491947|N|Movil Abierto|30/12/2016|Activo|Pedido de Cliente|Equipo|Abierto Elige Todo Emp RD|B2B Movistar Empresas S/42.9|||Activación MB Internacionales|23/11/2023|22/05/2025|18
SEGMENTO_002|2003418714|CLIENT_00435|498701821|148491947|N|Movil Abierto|30/12/2016|Activo|Pedido de Cliente|Equipo|Abierto Elige Todo Emp RD|B2B Movistar Empresas S/42.9|||Activación MB Internacionales|23/11/2023|22/05/2025|18
SEGMENTO_002|2003418714|CLIENT_00435|498701821|148491947|N|Movil Abierto|30/12/2016|Activo|Pedido de Cliente|Equipo|Abierto Elige Todo Emp RD|B2B Movistar Empresas S/42.9|||Activación MB Internacionales|23/11/2023|22/05/2025|18
SEGMENTO_002|2003418714|CLIENT_00435|498701821|148491947|N|Movil Abierto|30/12/2016|Activo|Pedido de Cliente|Equipo|Abierto Elige Todo Emp RD|B2B Movistar Empresas S/42.9|||Activación MB Internacionales|23/11/2023|22/05/2025|18
SEGMENTO_002|2003418714|CLIENT_00435|498701821|148491947|N|Movil Abierto|30/12/2016|Activo|Negociación Equipo y/o SimCard|Equipo|Abierto Elige Todo Emp RD|B2B Movistar Empresas S/42.9|||Activación MB Internacionales|23/11/2023|22/05/2025|18
SEGMENTO_002|2003418714|CLIENT_00435|498701821|148491947|N|Movil Abierto|30/12/2016|Activo|Pedido de Cliente|Equipo|Abierto Elige Todo Emp RD|B2B Movistar Empresas S/42.9|||Activación MB Internacionales|22/11/2023|21/05/2025|18
SEGMENTO_002|2003418714|CLIENT_00435|498701821|148491947|N|Movil Abierto|30/12/2016|Activo|Pedido de Cliente|Equipo|Abierto Elige Todo Emp RD|B2B Movistar Empresas S/42.9|||Activación MB Internacionales|23/11/2023|22/05/2025|18
SEGMENTO_002|2003418714|CLIENT_00435|498701821|148491947|N|Movil Abierto|30/12/2016|Activo|Pedido de Cliente|Equipo|Abierto Elige Todo Emp RD|B2B Movistar Empresas S/42.9|||Activación MB Internacionales|23/11/2023|22/05/2025|18
SEGMENTO_002|2003418714|CLIENT_00435|498701821|148491947|N|Movil Abierto|12/08/2021|Activo|Pedido de Cliente|Equipo|Abierto Elige Todo Emp RD|B2B Movistar Empresas S/42.9|||Activación MB Internacionales|24/11/2023|23/05/2025|18
SEGMENTO_002|2003418714|CLIENT_00435|498701821|148491947|N|Movil Abierto|30/12/2016|Activo|Pedido de Cliente|Equipo|Abierto Elige Todo Emp RD|B2B Movistar Empresas S/42.9|||Activación MB Internacionales|23/11/2023|22/05/2025|18
SEGMENTO_002|2003418714|CLIENT_00435|498701821|148491947|N|Movil Abierto|30/12/2016|Activo|Pedido de Cliente|Equipo|Abierto Elige Todo Emp RD|B2B Movistar Empresas S/42.9|||Activación MB Internacionales|24/11/2023|23/05/2025|18
SEGMENTO_002|2003418714|CLIENT_00435|498701821|148491947|N|Movil Abierto|30/12/2016|Activo|Negociación Equipo y/o SimCard|Equipo|Abierto Elige Todo Emp RD|B2B Movistar Empresas S/42.9|||Activación MB Internacionales|24/11/2023|23/05/2025|18
SEGMENTO_004|2056323517|CLIENT_00831|967913321|478601057|N|Movil Abierto|28/10/2024|Activo|Pedido de Cliente|M4|Abierto Elige Todo Emp RD|B2B Movistar Empresas S/119.9|||Activación MB Internacionales|27/10/2024||
SEGMENTO_004|2044242578|CLIENT_00641|42845575|675927973|N|Movil Prepago|24/10/2015|Activo|Pedido de Cliente|Equipo|Prepago Tarifa Unica CORP|||||14/03/2022||
SEGMENTO_004|2021705119|CLIENT_00201|96410575|326717293|N|Movil Abierto|13/01/2017|Activo|Pedido de Cliente|Equipo|Abierto Elige Todo Emp|Plan Elige Todo_A S/ 66.9||||04/01/2019||
SEGMENTO_004|2082132796|CLIENT_00138|931871221|131645447|N|Movil Abierto|02/02/2024|Activo|Pedido de Cliente|M4|Abierto Elige Todo Emp RD|B2B Movistar Empresas S/32|||Activación MB Internacionales|01/02/2024||
SEGMENTO_002|2084384500|CLIENT_00932|548262321|965273047|N|Movil Abierto|11/06/2007|Activo|Cambio de Titularidad APC|Equipo|Abierto Elige Todo Emp RD|Mi Movistar Empresas S/ 77.9 I|1|Ajuste IP de S/3 x18m RO N°224-2023 B2B |Activación MB Internacionales|19/04/2023|18/10/2024|18
SEGMENTO_002|2084384500|CLIENT_00932|79794575|050092403|N|Movil Abierto|22/09/2003|Activo|Pedido de Cliente|Equipo|Abierto Elige Todo Emp|Plan Elige Todo + S/ 31.9||||03/05/2024||
SEGMENTO_002|2084384500|CLIENT_00932|79794575|846989603|N|Movil Abierto|21/06/2005|Activo|Pedido de Cliente|Equipo|Abierto Elige Todo Emp|Plan Elige Todo + S/ 31.9||||18/08/2025||
SEGMENTO_002|2084384500|CLIENT_00932|79794575|794671503|N|Movil Abierto|27/07/2004|Activo|Pedido de Cliente|Equipo|Abierto Elige Todo Emp|Plan Elige Todo + S/ 31.9||||18/08/2025||
SEGMENTO_002|2084384500|CLIENT_00932|79794575|477432663|N|Movil Abierto|23/06/2014|Activo|Pedido de Cliente|Equipo|Abierto Elige Todo Emp|Plan Elige Todo + S/ 149.90||||30/05/2026||
SEGMENTO_002|2084384500|CLIENT_00932|79794575|734671503|N|Movil Abierto|27/07/2004|Activo|Pedido de Cliente|Equipo|Abierto Elige Todo Emp|Plan Elige Todo + S/ 31.9||||18/08/2025||
SEGMENTO_004|2031946637|CLIENT_00983|430841331|089539657|N|Movil Abierto|18/08/2025|Activo|Pedido de Cliente|M4|Abierto líneas adicionales B2B|B2B Líneas adicionales S/29.9|1|Bono ilim líneas adicionales V.R.S/ 29.9|Activación MB Internacionales|18/08/2025||
SEGMENTO_004|2021717009|CLIENT_00572|812660631|577754167|N|Movil Abierto|14/05/2026|Activo|Pedido de Cliente|M4|Abierto Elige Todo Emp RD|B2B Movistar Empresas S/30 IV|||Activación MB Internacionales|13/05/2026||
SEGMENTO_004|2043314925|CLIENT_00110|33002575|078349023|N|Movil Control|31/05/2008|Activo|Pedido de Cliente|M4|Control Vuela 4G CORP|Plan Vuela N S/33.9||||15/02/2023||
SEGMENTO_004|2077915427|CLIENT_00955|68022575|940035423|N|Movil Abierto|12/02/2009|Activo|Pedido de Cliente|Equipo|Abierto Elige Todo Emp RD|Mi Movistar Empresas S/ 66.90|1|Descuento de 50% al plan x 12 meses|Activación MB Internacionales|08/02/2026||
SEGMENTO_004|2077915427|CLIENT_00955|68022575|970035423|N|Movil Abierto|12/02/2009|Activo|Pedido de Cliente|Equipo|Abierto Elige Todo Emp|Plan Elige Todo + S/ 77.90|1|Descuento de 50% al plan x 12 meses|Activación MB Internacionales|09/02/2026||
SEGMENTO_004|2077915427|CLIENT_00955|68022575|334241601|N|Movil Abierto|04/09/2019|Activo|Pedido de Cliente|Equipo|Abierto Elige Todo Emp RD|Plan Elige Todo+ S/ 56.90|1|Descuento de 50% al plan x 12 meses||04/09/2019|04/03/2021|18
SEGMENTO_004|2077915427|CLIENT_00955|68022575|696504733|N|Movil Abierto|31/03/2011|Activo|Pedido de Cliente|Equipo|Abierto Elige Todo Emp RD|Mi Movistar Empresas S/ 52.9_I|1|Descuento de 50% al plan x 12 meses|Activación MB Internacionales|11/05/2026||
SEGMENTO_004|2077915427|CLIENT_00955|68022575|596504733|N|Movil Abierto|31/03/2011|Activo|Pedido de Cliente|Equipo|Abierto Elige Todo Emp RD|Mi Movistar Empresas S/ 52.9_I|1|Descuento de 50% al plan x 12 meses|Activación MB Internacionales|08/02/2026||
SEGMENTO_004|2077915427|CLIENT_00955|68022575|396504733|N|Movil Abierto|31/03/2011|Activo|Negociación Equipo y/o SimCard|Equipo|Abierto Elige Todo Emp RD|Mi Movistar Empresas S/ 52.9_I|1|Descuento de 50% al plan x 12 meses|Activación MB Internacionales|16/04/2026||
SEGMENTO_004|2077915427|CLIENT_00955|68022575|629028823|N|Movil Abierto|14/11/2009|Activo|Negociación Equipo y/o SimCard|Equipo|Abierto Elige Todo Emp RD|Mi Movistar Empresas S/ 45.9|1|Descuento de 50% al plan x 12 meses|Activación MB Internacionales|08/02/2026||
SEGMENTO_004|2015037424|CLIENT_00556|659007621|374887647|N|Movil Abierto|20/05/2024|Activo|Pedido de Cliente|Equipo|Abierto Elige Todo Emp RD|B2B Movistar Empresas S/42.9||||19/05/2024|18/11/2025|18
SEGMENTO_004|2093963249|CLIENT_00250|056170111|929649157|N|Movil Abierto|28/01/2025|Activo|Pedido de Cliente|M4|Abierto Elige Todo Emp RD|B2B Movistar Empresas S/ 69.9 IV|||Activación MB Internacionales|17/02/2025||
SEGMENTO_004|2093963249|CLIENT_00250|056170111|239649157|N|Movil Abierto|27/01/2025|Activo|Pedido de Cliente|M4|Abierto Elige Todo Emp RD|B2B Movistar Empresas S/ 69.9 IV|||Activación MB Internacionales|17/02/2025||
SEGMENTO_004|2060375617|CLIENT_00383|216638511|069594037|N|Movil Abierto|10/04/2022|Activo|Pedido de Cliente|Equipo|Abierto Elige Todo Emp RD|Mi Movistar Empresas S/ 45.9 V|||Activación MB Internacionales|22/02/2025|21/08/2025|6
SEGMENTO_004|2023184952|CLIENT_00156|012480921|236896057|N|Movil Abierto|26/11/2024|Activo|Pedido de Cliente|Equipo|Abierto Elige Todo Emp RD|B2B Movistar Empresas S/32|1|Ajuste IP de S/2 x18m RO N°224-2023 B2B |Activación MB Internacionales|11/02/2026|10/02/2027|12
SEGMENTO_004|2033213127|CLIENT_00483|29526575|915715893|N|Movil Abierto|07/10/2017|Activo|Negociación Equipo y/o SimCard|Equipo|Abierto Elige Todo Emp RD|B2B Movistar Empresas S/32|||Activación MB Internacionales|16/11/2024||
SEGMENTO_004|2038330759|CLIENT_00758|66433575|010936043|N|Movil Abierto|09/09/2011|Activo|Negociación Equipo y/o SimCard|Equipo|Abierto Elige Todo Emp RD|Plan Elige Todo+ S/ 77.90||||04/10/2023|03/04/2025|18
SEGMENTO_002|2098171066|CLIENT_00522|87360575|281784293|N|Movil Abierto|30/12/2016|Corte|Pedido de Cliente|Equipo|Abierto Plan Transitorio TD|Plan Transitorio TD|1|Bono 3GB (VR S/25.34)||30/12/2016||
SEGMENTO_002|2098171066|CLIENT_00522|87360575|281784293|N|Movil Abierto|30/12/2016|Corte|Pedido de Cliente|Equipo|Abierto Plan Transitorio TD|Plan Transitorio TD|1|Bono 3GB (VR S/25.34)||30/12/2016||
SEGMENTO_002|2098171066|CLIENT_00522|87360575|281784293|N|Movil Abierto|30/12/2016|Corte|Pedido de Cliente|Equipo|Abierto Plan Transitorio TD|Plan Transitorio TD|1|Bono 3GB (VR S/25.34)||30/12/2016||
SEGMENTO_002|2098171066|CLIENT_00522|87360575|281784293|N|Movil Abierto|30/12/2016|Corte|Pedido de Cliente|Equipo|Abierto Plan Transitorio TD|Plan Transitorio TD|1|Bono 3GB (VR S/25.34)||30/12/2016||
SEGMENTO_002|2098171066|CLIENT_00522|87360575|281784293|N|Movil Abierto|30/12/2016|Corte|Pedido de Cliente|Equipo|Abierto Plan Transitorio TD|Plan Transitorio TD|1|Bono 3GB (VR S/25.34)||30/12/2016||
SEGMENTO_002|2098171066|CLIENT_00522|87360575|281784293|N|Movil Abierto|30/12/2016|Corte|Pedido de Cliente|Equipo|Abierto Plan Transitorio TD|Plan Transitorio TD|1|Bono 3GB (VR S/25.34)||30/12/2016||
SEGMENTO_002|2098171066|CLIENT_00522|87360575|281784293|N|Movil Abierto|30/12/2016|Corte|Pedido de Cliente|Equipo|Abierto Plan Transitorio TD|Plan Transitorio TD|1|Bono 3GB (VR S/25.34)||30/12/2016||
SEGMENTO_002|2098171066|CLIENT_00522|87360575|281784293|N|Movil Abierto|30/12/2016|Corte|Pedido de Cliente|Equipo|Abierto Plan Transitorio TD|Plan Transitorio TD|1|Bono 3GB (VR S/25.34)||30/12/2016||
SEGMENTO_002|2098171066|CLIENT_00522|87360575|281784293|N|Movil Abierto|30/12/2016|Corte|Pedido de Cliente|Equipo|Abierto Plan Transitorio TD|Plan Transitorio TD|1|Bono 3GB (VR S/25.34)||30/12/2016||
SEGMENTO_002|2098171066|CLIENT_00522|87360575|281784293|N|Movil Abierto|30/12/2016|Corte|Pedido de Cliente|Equipo|Abierto Plan Transitorio TD|Plan Transitorio TD|1|Bono 3GB (VR S/25.34)||30/12/2016||
SEGMENTO_002|2098171066|CLIENT_00522|87360575|281784293|N|Movil Abierto|30/12/2016|Corte|Pedido de Cliente|Equipo|Abierto Plan Transitorio TD|Plan Transitorio TD|1|Bono 3GB (VR S/25.34)||30/12/2016||
SEGMENTO_002|2098171066|CLIENT_00522|87360575|281784293|N|Movil Abierto|30/12/2016|Corte|Pedido de Cliente|Equipo|Abierto Plan Transitorio TD|Plan Transitorio TD|1|Bono 3GB (VR S/25.34)||30/12/2016||
SEGMENTO_002|2098171066|CLIENT_00522|87360575|281784293|N|Movil Abierto|30/12/2016|Corte|Pedido de Cliente|Equipo|Abierto Plan Transitorio TD|Plan Transitorio TD|1|Bono 3GB (VR S/25.34)||30/12/2016||
SEGMENTO_002|2098171066|CLIENT_00522|87360575|281784293|N|Movil Abierto|30/12/2016|Corte|Pedido de Cliente|Equipo|Abierto Plan Transitorio TD|Plan Transitorio TD|1|Bono 3GB (VR S/25.34)||30/12/2016||
SEGMENTO_002|2098171066|CLIENT_00522|87360575|281784293|N|Movil Abierto|30/12/2016|Corte|Pedido de Cliente|Equipo|Abierto Plan Transitorio TD|Plan Transitorio TD|1|Bono 3GB (VR S/25.34)||30/12/2016||
SEGMENTO_002|2098171066|CLIENT_00522|87360575|281784293|N|Movil Abierto|30/12/2016|Corte|Pedido de Cliente|Equipo|Abierto Plan Transitorio TD|Plan Transitorio TD|1|Bono 3GB (VR S/25.34)||30/12/2016||
SEGMENTO_002|2098171066|CLIENT_00522|87360575|281784293|N|Movil Abierto|30/12/2016|Corte|Pedido de Cliente|Equipo|Abierto Plan Transitorio TD|Plan Transitorio TD|1|Bono 3GB (VR S/25.34)||30/12/2016||
SEGMENTO_002|2098171066|CLIENT_00522|87360575|281784293|N|Movil Abierto|30/12/2016|Corte|Pedido de Cliente|Equipo|Abierto Plan Transitorio TD|Plan Transitorio TD|1|Bono 3GB (VR S/25.34)||30/12/2016||
SEGMENTO_002|2098171066|CLIENT_00522|87360575|281784293|N|Movil Abierto|30/12/2016|Corte|Pedido de Cliente|Equipo|Abierto Plan Transitorio TD|Plan Transitorio TD|1|Bono 3GB (VR S/25.34)||30/12/2016||
SEGMENTO_002|2098171066|CLIENT_00522|87360575|281784293|N|Movil Abierto|30/12/2016|Corte|Pedido de Cliente|Equipo|Abierto Plan Transitorio TD|Plan Transitorio TD|1|Bono 3GB (VR S/25.34)||30/12/2016||
SEGMENTO_002|2098171066|CLIENT_00522|87360575|281784293|N|Movil Abierto|30/12/2016|Corte|Pedido de Cliente|Equipo|Abierto Plan Transitorio TD|Plan Transitorio TD|1|Bono 3GB (VR S/25.34)||30/12/2016||
SEGMENTO_002|2098171066|CLIENT_00522|87360575|281784293|N|Movil Abierto|30/12/2016|Corte|Pedido de Cliente|Equipo|Abierto Plan Transitorio TD|Plan Transitorio TD|1|Bono 3GB (VR S/25.34)||30/12/2016||
SEGMENTO_002|2098171066|CLIENT_00522|87360575|281784293|N|Movil Abierto|30/12/2016|Corte|Pedido de Cliente|Equipo|Abierto Plan Transitorio TD|Plan Transitorio TD|1|Bono 3GB (VR S/25.34)||30/12/2016||
SEGMENTO_002|2098171066|CLIENT_00522|87360575|281784293|N|Movil Abierto|30/12/2016|Corte|Pedido de Cliente|Equipo|Abierto Plan Transitorio TD|Plan Transitorio TD|1|Bono 3GB (VR S/25.34)||30/12/2016||
SEGMENTO_002|2098171066|CLIENT_00522|87360575|281784293|N|Movil Abierto|30/12/2016|Corte|Pedido de Cliente|Equipo|Abierto Plan Transitorio TD|Plan Transitorio TD|1|Bono 3GB (VR S/25.34)||30/12/2016||
SEGMENTO_002|2003858294|CLIENT_00954|763272331|108431757|N|Movil Abierto|28/08/2025|Activo|Pedido de Cliente|M4|Abierto Elige Todo Emp RD|B2B_movistar Empresas S/.30|||Activación MB Internacionales|26/08/2025||
SEGMENTO_002|2003858294|CLIENT_00954|763272331|857541757|N|Movil Abierto|28/08/2025|Activo|Pedido de Cliente|M4|Abierto Elige Todo Emp RD|B2B_movistar Empresas S/.30|||Activación MB Internacionales|26/08/2025||
SEGMENTO_004|2040817262|CLIENT_00984|34230575|709365617|N|Movil Abierto|16/01/2020|Activo|Negociación Equipo y/o SimCard|M4|Abierto Elige Todo Emp RD|Plan Elige Todo+ S/ 77.90|2|Descuento de 50% al plan x 12 meses|Activación MB Internacionales|10/11/2025||
SEGMENTO_004|2040817262|CLIENT_00984|34230575|216020103|N|Movil Abierto|06/05/1995|Activo|Pedido de Cliente|M4|Abierto Elige Todo Emp RD|Plan Elige Todo+ S/ 77.90|1|Descuento de 50% al plan x 12 meses|Activación MB Internacionales|11/11/2025||
SEGMENTO_004|2013641602|CLIENT_00728|324491021|351964337|N|Movil Abierto|04/07/2023|Activo|Negociación Equipo y/o SimCard|M4|Abierto Elige Todo Emp RD|B2B Movistar Empresas S/42.9|||Activación MB Internacionales|11/06/2025||
SEGMENTO_004|2013641602|CLIENT_00728|324491021|351964337|N|Movil Abierto|04/07/2023|Activo|Pedido de Cliente|M4|Abierto Elige Todo Emp RD|B2B Movistar Empresas S/42.9|||Activación MB Internacionales|11/06/2025||
SEGMENTO_004|2013641602|CLIENT_00728|324491021|351964337|N|Movil Abierto|26/08/2022|Activo|Alta Nueva solo SIM|M4|Abierto Elige Todo Emp RD|Movistar Empresas S/ 45.9 I|||Activación MB Internacionales|11/06/2025||
SEGMENTO_004|2013641602|CLIENT_00728|324491021|351964337|N|Movil Abierto|26/08/2022|Activo|Alta Nueva solo SIM|M4|Abierto Elige Todo Emp RD|Movistar Empresas S/ 45.9 I|||Activación MB Internacionales|11/06/2025||
SEGMENTO_004|2014718111|CLIENT_00016|68641575|133826123|N|Movil Abierto|17/05/2005|Activo|Pedido de Cliente|Equipo|Abierto Elige Todo Emp RD|Mi Movistar Empresas S/ 82.9 II|||Activación MB Internacionales|17/06/2022|16/12/2023|18
SEGMENTO_004|2014718111|CLIENT_00016|68641575|133826123|N|Movil Abierto|11/04/2019|Activo|Negociación Equipo y/o SimCard|M4|Abierto Elige Todo Emp RD|Movistar Empresas S/ 56.9 I|||Activación MB Internacionales|27/03/2025||
SEGMENTO_004|2030739572|CLIENT_00552|429218231|161173657|N|Movil Control|27/07/2011|Activo|Cambio de Titularidad APC|Equipo|Control Movistar Libre|RV Plan Mi Movistar S/33.9 V|||Activación MB Internacionales|19/07/2025||
SEGMENTO_002|2084384500|CLIENT_00932|348670421|477360247|N|Movil Abierto|09/04/2024|Activo|Pedido de Cliente|M4|Abierto Elige Todo Emp RD|B2B Movistar Empresas S/32|1|Ajuste IP de S/2 x18m RO N°224-2023 B2B ||17/02/2025||
SEGMENTO_002|2084384500|CLIENT_00932|592217321|344063147|N|Movil Abierto|11/06/2008|Activo|Cambio de Titularidad APC|Equipo|Abierto Elige Todo Emp|Plan Elige Todo + S/ 31.9||||18/08/2025||
SEGMENTO_002|2084384500|CLIENT_00932|18794285|268639547|N|Movil Abierto|09/04/2024|Activo|Pedido de Cliente|M4|Abierto Elige Todo Emp RD|B2B Movistar Empresas S/32|1|Ajuste IP de S/2 x18m RO N°224-2023 B2B |Activación MB Internacionales|17/02/2025||
SEGMENTO_002|2084384500|CLIENT_00932|18794285|644363947|N|Movil Control|20/09/2024|Activo|Pedido de Cliente|M4|Control Elige Todo Emp con Roaming|Plan Elige Todo + C S/ 52.9|||Activación MB Internacionales|05/11/2025||
SEGMENTO_004|2054553077|CLIENT_00093|367707321|807053147|N|Movil Control|30/03/2007|Activo|Cambio de Titularidad APC|Equipo|Control Movistar Libre|RV Plan Ilimitado Mi Movistar S/ 90.9 IV|||Activación MB Internacionales|31/08/2023||
SEGMENTO_004|2001681016|CLIENT_00750|279309221|154375937|N|Movil Abierto|01/06/2023|Activo|Pedido de Cliente|M4|Abierto Elige Todo Emp RD|B2B Movistar Empresas S/32|1|Descuento de 20% al plan x 12 meses|Activación MB Internacionales|26/05/2026||
SEGMENTO_004|2022543695|CLIENT_00820|272246321|542734957|N|Movil Abierto|07/01/2026|Activo|Pedido de Cliente|M4|Abierto Elige Todo Emp RD|B2B Movistar Empresas S/ 69.9 IV|1|Descuento de 20% al plan x 12 meses|Activación MB Internacionales|17/06/2026||
SEGMENTO_002|2028148322|CLIENT_00798|155368321|584076147|N|Movil Abierto|20/09/2023|Activo|Pedido de Cliente|Equipo|Abierto Elige Todo Emp RD|B2B Movistar Empresas S/22.9|||Activación MB Internacionales|27/05/2025||
SEGMENTO_004|2082378549|CLIENT_00977|247828421|766824347|N|Movil Abierto|08/12/2023|Corte|Cobranza - Suspensión Total|M4|Abierto Elige Todo Emp RD|B2B Movistar Empresas S/32|||Activación MB Internacionales|25/11/2025||
SEGMENTO_004|2038848428|CLIENT_00847|218247821|413191057|N|Movil Abierto|31/10/2024|Activo|Pedido de Cliente|M4|Abierto líneas adicionales B2B|B2B Líneas adicionales S/39.9|1|Bono ilim líneas adicionales V.R.S/ 39.9||31/10/2024||
SEGMENTO_004|2038848428|CLIENT_00847|218247821|656381057|N|Movil Abierto|31/10/2024|Activo|Pedido de Cliente|M4|Abierto líneas adicionales B2B|B2B Líneas adicionales S/39.9|1|Bono ilim líneas adicionales V.R.S/ 39.9||31/10/2024||
SEGMENTO_002|2098171066|CLIENT_00522|87360575|281784293|N|Movil Abierto|30/12/2016|Corte|Pedido de Cliente|Equipo|Abierto Plan Transitorio TD|Plan Transitorio TD|1|Bono 3GB (VR S/25.34)||30/12/2016||
SEGMENTO_002|2098171066|CLIENT_00522|87360575|281784293|N|Movil Abierto|30/12/2016|Corte|Pedido de Cliente|Equipo|Abierto Plan Transitorio TD|Plan Transitorio TD|1|Bono 3GB (VR S/25.34)||30/12/2016||
SEGMENTO_004|2050636428|CLIENT_00398|56835575|851836537|N|Movil Abierto|30/11/2022|Activo|Alta Nueva solo SIM|M4|Abierto Elige Todo Emp RD|Movistar Empresas S/ 34.9 I|||Activación MB Internacionales|03/01/2024||
SEGMENTO_002|2000150523|CLIENT_00972|11601575|213694363|N|Movil Abierto|10/03/2014|Activo|Pedido de Cliente|Equipo|Abierto Elige + CORP|Plan Elige más S/ 129.90|||Activación MB Internacionales|03/04/2024||
SEGMENTO_002|2000150523|CLIENT_00972|11601575|663015003|N|Movil Abierto|04/10/2006|Activo|Pedido de Cliente|Equipo|Abierto Elige Todo Emp RD|Plan Elige Todo+ S/ 94.90|||Activación MB Internacionales|03/04/2024||
SEGMENTO_002|2000150523|CLIENT_00972|11601575|874841503|N|Movil Abierto|20/07/2004|Activo|Pedido de Cliente|Equipo|Abierto Elige Todo Emp|Plan Elige Todo + S/ 129.90|||Activación MB Internacionales|21/07/2018|21/01/2020|18
SEGMENTO_002|2000150523|CLIENT_00972|11601575|282694363|N|Movil Abierto|10/03/2014|Activo|Pedido de Cliente|Equipo|Abierto Elige + CORP|Plan Elige más S/ 129.90|||Activación MB Internacionales|02/05/2025||
SEGMENTO_004|2047042192|CLIENT_00205|85213575|952910863|N|Movil Abierto|28/08/2014|Activo|Pedido de Cliente|M4|Abierto Elige Todo Emp RD|Movistar Empresas S/ 34.9_I|||Activación MB Internacionales|15/04/2023||
SEGMENTO_004|2038838681|CLIENT_00691|85095575|631984983|N|Movil Control|27/09/2016|Suspendido|Robo - Equipo y simcard|M4|Control Elige Todo Planta C sin Roaming|Plan Elige Todo + C S/ 45.9||||27/09/2016||
SEGMENTO_004|2047611797|CLIENT_00924|304266331|101118757|N|Movil Abierto|30/09/2025|Activo|Pedido de Cliente|M4|Abierto Elige Todo Emp RD|B2B Movistar Empresas S/30 IV|||Activación MB Internacionales|29/09/2025||
SEGMENTO_004|2062740957|CLIENT_00529|58262575|371999033|N|Movil Abierto|16/03/2010|Activo|Pedido de Cliente|Equipo|Abierto Elige Todo Emp RD|B2B Movistar Empresas S/37.9||||28/01/2026||
SEGMENTO_004|2046058498|CLIENT_00633|67570575|483029873|N|Movil Control|23/09/2015|Activo|Pedido de Cliente|Equipo|Control Elige +|Plan Elige más S/ 104.90 II|||Activación MB Internacionales|18/09/2019|18/03/2021|18
SEGMENTO_004|2002509216|CLIENT_00632|416197431|803255957|N|Movil Abierto|13/01/2026|Activo|Pedido de Cliente|Equipo|Abierto Elige Todo Emp RD|B2B Movistar Empresas S/ 69.9 IV|||Activación MB Internacionales|13/01/2026|12/01/2027|12
SEGMENTO_004|2029619768|CLIENT_00671|76871695|674491857|N|Movil Abierto|19/10/2025|Activo|Pedido de Cliente|M4|Abierto Elige Todo Emp RD|B2B Movistar Empresas S/35.9 IV|||Activación MB Internacionales|18/10/2025||
SEGMENTO_004|2083952379|CLIENT_00646|187786921|512546157|N|Movil Abierto|14/01/2025|Activo|Alta Nueva solo SIM|M4|Abierto Elige Todo Emp RD|B2B Movistar Empresas S/ 69.9 IV|||Activación MB Internacionales|09/01/2025||
SEGMENTO_004|2005799938|CLIENT_00146|56862575|382951601|N|Movil Control|30/09/2019|Activo|Pedido de Cliente|Equipo|Control Elige Todo Planta C sin Roaming|Plan Control S/ 10.00||||21/12/2020||
SEGMENTO_004|2041085342|CLIENT_00197|24077575|599021601|N|Movil Abierto|31/07/2019|Activo|Negociación Equipo y/o SimCard|Equipo|Abierto Elige Todo Emp RD|B2B Movistar Empresas S/32|1|Descuento de 25% al plan x 12m|Activación MB Internacionales|15/02/2023|14/08/2024|18
SEGMENTO_004|2041085342|CLIENT_00197|24077575|599021601|N|Movil Abierto|31/07/2019|Suspendido|Robo - Equipo y simcard|Equipo|Abierto Elige Todo Emp RD|Mi Movistar Empresas S/ 41.9 II|||Activación MB Internacionales|31/07/2019|31/01/2021|18
SEGMENTO_004|2041085342|CLIENT_00197|24077575|599021601|N|Movil Prepago|31/07/2019|Activo|Pedido de Cliente|Equipo|Prepago Tarifa Unica CORP|||||15/06/2024||
SEGMENTO_004|2089275916|CLIENT_00133|404276421|621536347|N|Movil Abierto|21/12/2023|Activo|Negociación Equipo y/o SimCard|M4|Abierto Elige Todo Emp RD|B2B Movistar Empresas S/42.9|||Activación MB Internacionales|27/04/2024||
SEGMENTO_004|2077915427|CLIENT_00955|68022575|878925423|N|Movil Abierto|12/02/2009|Activo|Pedido de Cliente|Equipo|Abierto Elige Todo Emp RD|Mi Movistar Empresas S/ 52.9_I|1|Descuento de 50% al plan x 12 meses|Activación MB Internacionales|08/02/2026||
SEGMENTO_004|2077915427|CLIENT_00955|68022575|989552917|N|Movil Abierto|07/09/2020|Activo|Pedido de Cliente|M4|Abierto Elige Todo Emp RD|Mi Movistar Empresas S/ 52.9_I|1|Descuento de 50% al plan x 12 meses|Activación MB Internacionales|08/02/2026||
SEGMENTO_004|2053891306|CLIENT_00166|983219311|870950757|N|Movil Abierto|23/08/2025|Activo|Pedido de Cliente|M4|Abierto Elige Todo Emp RD|B2B Movistar Empresas S/30 IV|1|Descuento de 20% al plan x 12 meses|Activación MB Internacionales|26/05/2026||
SEGMENTO_004|2089508889|CLIENT_00786|564509011|189514817|N|Movil Abierto|07/01/2015|Activo|Cambio de Titularidad APC|Equipo|Abierto Elige Todo Emp RD|Ilimitado Mi Movistar E S/77.9|1|Descuento de 20% al plan x 12 meses|Activación MB Internacionales|17/06/2026||
SEGMENTO_004|2096031193|CLIENT_00429|511658121|361090737|N|Movil Control|09/02/2023|Activo|Pedido de Cliente|Equipo|Control Movistar Libre|RV Plan Mi Movistar S/36.9 IP26|||Activación MB Internacionales|11/02/2026|10/02/2027|12
SEGMENTO_004|2096031193|CLIENT_00429|295240121|218685637|N|Movil Control|14/01/2023|Activo|Pedido de Cliente|Equipo|Control Movistar Libre|RV Plan Mi Movistar S/36.9 IP26|||Activación MB Internacionales|16/06/2025|15/06/2026|12
SEGMENTO_004|2096031193|CLIENT_00429|511658121|072658647|N|Movil Abierto|22/05/2024|Activo|Pedido de Cliente|Equipo|Abierto Elige Todo Emp RD|B2B Movistar Empresas S/32|||Activación MB Internacionales|13/03/2025|12/03/2026|12
SEGMENTO_004|2096031193|CLIENT_00429|511658121|420932737|N|Movil Control|14/12/2022|Activo|Negociación Equipo y/o SimCard|M4|Control Movistar Libre|RV Plan Mi Movistar S/36.9 IP26||||17/05/2023||
SEGMENTO_004|2075957069|CLIENT_00305|045109311|536052327|N|Movil Control|08/04/2021|Activo|Negociación Equipo y/o SimCard|M4|Control Movistar Libre|RV Plan Ilimitado Mi Movistar S/82.9 IP|||Activación MB Internacionales|05/03/2023||
SEGMENTO_004|2090067728|CLIENT_00394|381932431|540017857|N|Movil Abierto|19/11/2025|Activo|Pedido de Cliente|Equipo|Abierto Elige Todo Emp RD|B2B Movistar Empresas S/34.9|||Activación MB Internacionales|19/11/2025|18/11/2026|12
SEGMENTO_004|2071743172|CLIENT_00958|96171575|849726333|N|Movil Control|20/08/2010|Activo|Pedido de Cliente|M4|Control Movistar Libre|Plan Mi Movistar S/33.9 V|||Activación MB Internacionales|24/07/2023||
SEGMENTO_004|2039137544|CLIENT_00939|28944575|696381503|N|Movil Control|27/07/2004|Activo|Pedido de Cliente|Equipo|Control Elige Todo Emp con Roaming|Plan Elige Todo + C S/ 77.9||||19/07/2024|18/07/2025|12
SEGMENTO_004|2039137544|CLIENT_00939|28944575|486381503|N|Movil Abierto|27/07/2004|Activo|Pedido de Cliente|Equipo|Abierto Elige Todo Emp RD|Movistar Empresas S/ 45.9 II|||Activación MB Internacionales|19/07/2024|18/07/2025|12
SEGMENTO_004|2056934422|CLIENT_00124|35686575|642991501|N|Movil Abierto|09/10/2018|Activo|Negociación Equipo y/o SimCard|M4|Abierto Elige Todo Emp|Plan Elige Todo + S/ 31.9||||30/01/2024||
SEGMENTO_004|2056934422|CLIENT_00124|23092575|483264303|N|Movil Abierto|24/07/2002|Activo|Negociación Equipo y/o SimCard|M4|Abierto Elige Todo Emp RD|B2B Movistar Empresas S/32|1|Descuento de 50% al plan x 12 meses|Activación MB Internacionales|26/01/2026||
SEGMENTO_004|2068641471|CLIENT_00978|71690575|434683033|N|Movil Abierto|06/02/2010|Activo|Pedido de Cliente|Equipo|Abierto Elige Todo Emp RD|Movistar Empresas S/ 42.9_I|||Activación MB Internacionales|26/02/2025|25/08/2025|6
SEGMENTO_002|2014407140|CLIENT_00312|281561611|322328627|N|Movil Abierto|08/10/2021|Activo|Pedido de Cliente|M4|Abierto Movistar Libre|RV Plan Ilimitado Movistar ilim S/82.9|||Activación MB Internacionales|09/11/2024||
SEGMENTO_004|2037638826|CLIENT_00969|301015531|471236067|N|Movil Abierto|20/03/2026|Activo|Pedido de Cliente|M4|Abierto Elige Todo Emp RD|B2B Movistar Empresas S/ 69.9 IV|1|Descuento de 50% al plan x 12 meses|Activación MB Internacionales|18/03/2026||
SEGMENTO_004|2077617839|CLIENT_00036|75015575|641879501|N|Movil Abierto|22/06/2004|Activo|Pedido de Cliente|Equipo|Abierto Elige Todo Emp RD|Mi Movistar Empresas S/ 52.9_I|1|Descuento de 50% al plan x 12 meses|Activación MB Internacionales|02/02/2026||
SEGMENTO_004|2077617839|CLIENT_00036|75015575|641879501|N|Movil Abierto|28/09/2008|Activo|Pedido de Cliente|Equipo|Abierto Elige Todo Emp RD|Mi Movistar Empresas S/ 52.9_I|1|Descuento de 50% al plan x 12 meses|Activación MB Internacionales|02/02/2026||
SEGMENTO_004|2079287596|CLIENT_00457|567110221|394084737|N|Movil Control|18/11/2021|Activo|Cambio de Titularidad APC|Equipo|Control Movistar Libre|RV Plan Mi Movistar S/62.9 IP I|||Activación MB Internacionales|14/04/2025|13/10/2026|18
SEGMENTO_004|2079287596|CLIENT_00457|567110221|394084737|N|Movil Abierto|18/11/2021|Activo|Cambio de Titularidad APC|Equipo|Abierto Movistar Libre|RV Plan Ilimitado Movistar ilim S/82.9|||Activación MB Internacionales|02/06/2022|01/06/2023|12
SEGMENTO_004|2079287596|CLIENT_00457|567110221|286284737|N|Movil Abierto|12/03/2022|Activo|Cambio de Titularidad APC|Equipo|Abierto Movistar Libre|RV Plan Ilimitado Movistar ilim S/82.9|||Activación MB Internacionales|11/03/2022|10/03/2023|12
SEGMENTO_004|2079287596|CLIENT_00457|567110221|394084737|N|Movil Control|18/11/2021|Activo|Cambio de Titularidad APC|Equipo|Control Movistar Libre|RV Plan Mi Movistar S/62.9 IP I|||Activación MB Internacionales|22/03/2022|21/03/2023|12
SEGMENTO_004|2079287596|CLIENT_00457|567110221|286284737|N|Movil Control|27/02/2023|Activo|Pedido de Cliente|Equipo|Control Movistar Libre|RV Plan Mi Movistar S/36.9 IP26|||Activación MB Internacionales|27/02/2023|26/08/2024|18
SEGMENTO_004|2079287596|CLIENT_00457|567110221|394084737|N|Movil Control|27/02/2023|Activo|Pedido de Cliente|M4|Control Movistar Libre|RV Plan Mi Movistar S/36.9 IP26|||Activación MB Internacionales|07/02/2024||
SEGMENTO_002|2020274387|CLIENT_00535|312562221|643610937|N|Movil Abierto|05/12/2025|Activo|Pedido de Cliente|M4|Abierto Elige Todo Emp RD|B2B_movistar Empresas S/.30|||Activación MB Internacionales|08/03/2026||
SEGMENTO_002|2020274387|CLIENT_00535|786498921|905489157|N|Movil Abierto|27/01/2025|Activo|Pedido de Cliente|M4|Abierto Elige Todo Emp RD|B2B Movistar Empresas S/30 IV|||Activación MB Internacionales|08/03/2025||
SEGMENTO_002|2020274387|CLIENT_00535|786498921|966100257|N|Movil Abierto|27/01/2025|Activo|Pedido de Cliente|Equipo|Abierto Elige Todo Emp RD|B2B Movistar Empresas S/30 IV|||Activación MB Internacionales|17/04/2026|16/10/2027|18
SEGMENTO_002|2020274387|CLIENT_00535|786498921|771819157|N|Movil Abierto|24/01/2025|Activo|Pedido de Cliente|Equipo|Abierto Elige Todo Emp RD|B2B Movistar Empresas S/39.9 IV|1|Descuento de 40% al plan x 3 meses|Activación MB Internacionales|12/05/2026|11/11/2027|18
SEGMENTO_002|2020274387|CLIENT_00535|312562221|643610937|N|Movil Abierto|10/06/2026|Activo|Pedido de Cliente|M4|Abierto Elige Todo Emp RD|B2B_movistar Empresas S/.69.9|1|Bono B2B 100G 6M VR 508.30|Activación MB Internacionales|09/06/2026||
SEGMENTO_002|2020274387|CLIENT_00535|312562221|643610937|N|Movil Abierto|10/06/2026|Activo|Pedido de Cliente|M4|Abierto Elige Todo Emp RD|B2B_movistar Empresas S/.69.9|1|Bono B2B 100G 6M VR 508.30|Activación MB Internacionales|09/06/2026||
SEGMENTO_002|2020274387|CLIENT_00535|312562221|643610937|N|Movil Abierto|03/12/2025|Activo|Pedido de Cliente|M4|Abierto Elige Todo Emp RD|B2B_movistar Empresas S/.30|||Activación MB Internacionales|15/03/2026||
SEGMENTO_002|2020274387|CLIENT_00535|312562221|643610937|N|Movil Abierto|03/12/2025|Activo|Pedido de Cliente|M4|Abierto Elige Todo Emp RD|B2B_movistar Empresas S/.30|||Activación MB Internacionales|01/12/2025||
SEGMENTO_002|2020274387|CLIENT_00535|312562221|643610937|N|Movil Abierto|07/08/2025|Activo|Pedido de Cliente|M4|Abierto Elige Todo Emp RD|B2B_movistar Empresas S/.39.9|||Activación MB Internacionales|04/08/2025||
SEGMENTO_002|2020274387|CLIENT_00535|312562221|643610937|N|Movil Abierto|03/12/2025|Activo|Pedido de Cliente|M4|Abierto Elige Todo Emp RD|B2B_movistar Empresas S/.30|||Activación MB Internacionales|01/12/2025||
SEGMENTO_002|2020274387|CLIENT_00535|312562221|564211837|N|Movil Abierto|10/09/2021|Activo|Pedido de Cliente|Equipo|Abierto Elige Todo Emp RD|B2B Movistar Empresas S/ 72.9|||Activación MB Internacionales|07/01/2025||
SEGMENTO_002|2020274387|CLIENT_00535|312562221|643610937|N|Movil Abierto|08/06/2026|Activo|Pedido de Cliente|Equipo|Abierto Elige Todo Emp RD|B2B_movistar Empresas S/.69.9|||Activación MB Internacionales|09/06/2026|08/12/2027|18
SEGMENTO_002|2020274387|CLIENT_00535|312562221|643610937|N|Movil Abierto|08/06/2026|Activo|Pedido de Cliente|Equipo|Abierto Elige Todo Emp RD|B2B_movistar Empresas S/.69.9|||Activación MB Internacionales|23/06/2026|22/12/2027|18
SEGMENTO_002|2020274387|CLIENT_00535|312562221|643610937|N|Movil Abierto|24/06/2026|Activo|Pedido de Cliente|M4|Abierto Elige Todo Emp RD|B2B_movistar Empresas S/.30|1|Bono B2B 40G 6M VR 203.32|Activación MB Internacionales|22/06/2026||
SEGMENTO_002|2020274387|CLIENT_00535|312562221|643610937|N|Movil Abierto|15/05/2023|Activo|Pedido de Cliente|Equipo|Abierto Elige Todo Emp RD|B2B_movistar Empresas S/.69.9|||Activación MB Internacionales|05/06/2026|04/12/2027|18
SEGMENTO_002|2020274387|CLIENT_00535|312562221|643610937|N|Movil Abierto|15/05/2023|Activo|Pedido de Cliente|M4|Abierto Elige Todo Emp RD|B2B Movistar Empresas S/32|1|Descuento de 40% al plan x 3 meses|Activación MB Internacionales|30/04/2026||
SEGMENTO_002|2020274387|CLIENT_00535|312562221|643610937|N|Movil Abierto|15/05/2023|Activo|Pedido de Cliente|M4|Abierto Elige Todo Emp RD|B2B Movistar Empresas S/32|1|Descuento de 40% al plan x 3 meses|Activación MB Internacionales|30/04/2026||
SEGMENTO_002|2020274387|CLIENT_00535|312562221|643610937|N|Movil Abierto|15/05/2023|Activo|Pedido de Cliente|M4|Abierto Elige Todo Emp RD|B2B Movistar Empresas S/32|1|Descuento de 40% al plan x 3 meses|Activación MB Internacionales|30/04/2026||
SEGMENTO_002|2020274387|CLIENT_00535|312562221|643610937|N|Movil Abierto|15/05/2023|Activo|Pedido de Cliente|M4|Abierto Elige Todo Emp RD|B2B Movistar Empresas S/58.9|1|Descuento de 40% al plan x 3 meses|Activación MB Internacionales|10/05/2026||
SEGMENTO_002|2020274387|CLIENT_00535|312562221|643610937|N|Movil Abierto|15/05/2023|Activo|Pedido de Cliente|Equipo|Abierto Elige Todo Emp RD|B2B_movistar Empresas S/.30|1|Descuento de 40% al plan x 3 meses|Activación MB Internacionales|13/04/2026|12/10/2027|18
SEGMENTO_002|2020274387|CLIENT_00535|312562221|643610937|N|Movil Abierto|15/05/2023|Activo|Pedido de Cliente|M4|Abierto Elige Todo Emp RD|B2B Movistar Empresas S/32|1|Descuento de 40% al plan x 3 meses|Activación MB Internacionales|30/04/2026||
SEGMENTO_002|2020274387|CLIENT_00535|312562221|643610937|N|Movil Abierto|15/05/2023|Activo|Pedido de Cliente|Equipo|Abierto Elige Todo Emp RD|B2B Movistar Empresas S/ 72.9|||Activación MB Internacionales|13/02/2026|12/08/2027|18
SEGMENTO_002|2020274387|CLIENT_00535|312562221|643610937|N|Movil Abierto|15/05/2023|Activo|Pedido de Cliente|Equipo|Abierto Elige Todo Emp RD|B2B Movistar Empresas S/ 72.9|||Activación MB Internacionales|12/04/2024|11/10/2025|18
SEGMENTO_002|2020274387|CLIENT_00535|312562221|643610937|N|Movil Abierto|15/05/2023|Activo|Negociación Equipo y/o SimCard|M4|Abierto Elige Todo Emp RD|B2B Movistar Empresas S/32|1|Descuento de 40% al plan x 3 meses|Activación MB Internacionales|30/04/2026||
SEGMENTO_002|2020274387|CLIENT_00535|312562221|643610937|N|Movil Abierto|15/05/2023|Activo|Pedido de Cliente|Equipo|Abierto Elige Todo Emp RD|B2B Movistar Empresas S/ 72.9|||Activación MB Internacionales|12/04/2024|11/10/2025|18
SEGMENTO_002|2020274387|CLIENT_00535|312562221|643610937|N|Movil Abierto|15/05/2023|Activo|Pedido de Cliente|Equipo|Abierto Elige Todo Emp RD|B2B_movistar Empresas S/.79.9|||Activación MB Internacionales|13/11/2025|12/05/2027|18
SEGMENTO_002|2020274387|CLIENT_00535|312562221|643610937|N|Movil Abierto|15/05/2023|Activo|Pedido de Cliente|Equipo|Abierto Elige Todo Emp RD|B2B Movistar Empresas S/ 72.9|||Activación MB Internacionales|12/04/2024|11/10/2025|18
SEGMENTO_002|2020274387|CLIENT_00535|312562221|643610937|N|Movil Abierto|15/05/2023|Activo|Pedido de Cliente|Equipo|Abierto Elige Todo Emp RD|B2B_movistar Empresas S/.39.9|||Activación MB Internacionales|08/05/2026|07/11/2027|18
SEGMENTO_002|2020274387|CLIENT_00535|312562221|643610937|N|Movil Abierto|15/05/2023|Activo|Pedido de Cliente|Equipo|Abierto Elige Todo Emp RD|B2B Movistar Empresas S/ 72.9|||Activación MB Internacionales|12/04/2024|11/10/2025|18
SEGMENTO_002|2020274387|CLIENT_00535|312562221|643610937|N|Movil Abierto|15/05/2023|Activo|Pedido de Cliente|Equipo|Abierto Elige Todo Emp RD|B2B Movistar Empresas S/ 72.9|||Activación MB Internacionales|12/04/2024|11/10/2025|18
SEGMENTO_002|2020274387|CLIENT_00535|312562221|643610937|N|Movil Abierto|15/05/2023|Activo|Pedido de Cliente|Equipo|Abierto Elige Todo Emp RD|B2B Movistar Empresas S/ 72.9|||Activación MB Internacionales|12/04/2024|11/10/2025|18
SEGMENTO_002|2020274387|CLIENT_00535|312562221|643610937|N|Movil Abierto|15/05/2023|Activo|Pedido de Cliente|Equipo|Abierto Elige Todo Emp RD|B2B Movistar Empresas S/ 72.9|||Activación MB Internacionales|15/04/2024|14/10/2025|18
SEGMENTO_002|2020274387|CLIENT_00535|312562221|643610937|N|Movil Abierto|15/05/2023|Activo|Pedido de Cliente|M4|Abierto Elige Todo Emp RD|B2B Movistar Empresas S/32|1|Descuento de 40% al plan x 3 meses|Activación MB Internacionales|30/04/2026||
SEGMENTO_002|2020274387|CLIENT_00535|312562221|643610937|N|Movil Abierto|15/05/2023|Activo|Pedido de Cliente|Equipo|Abierto Elige Todo Emp RD|B2B Movistar Empresas S/ 72.9|||Activación MB Internacionales|12/04/2024|11/10/2025|18
SEGMENTO_002|2020274387|CLIENT_00535|312562221|643610937|N|Movil Abierto|15/05/2023|Activo|Pedido de Cliente|Equipo|Abierto Elige Todo Emp RD|B2B Movistar Empresas S/32|||Activación MB Internacionales|13/04/2024|12/10/2025|18
SEGMENTO_002|2020274387|CLIENT_00535|312562221|643610937|N|Movil Abierto|15/05/2023|Activo|Pedido de Cliente|Equipo|Abierto Elige Todo Emp RD|B2B_movistar Empresas S/.39.9|||Activación MB Internacionales|08/05/2026|07/11/2027|18
SEGMENTO_002|2020274387|CLIENT_00535|312562221|643610937|N|Movil Abierto|15/05/2023|Activo|Pedido de Cliente|Equipo|Abierto Elige Todo Emp RD|B2B Movistar Empresas S/ 72.9|||Activación MB Internacionales|12/04/2024|11/10/2025|18
SEGMENTO_002|2020274387|CLIENT_00535|312562221|643610937|N|Movil Abierto|15/05/2023|Activo|Pedido de Cliente|M4|Abierto Elige Todo Emp RD|B2B Movistar Empresas S/32|1|Descuento de 40% al plan x 3 meses|Activación MB Internacionales|30/04/2026||
SEGMENTO_002|2020274387|CLIENT_00535|312562221|643610937|N|Movil Abierto|15/05/2023|Activo|Pedido de Cliente|Equipo|Abierto Elige Todo Emp RD|B2B Movistar Empresas S/ 72.9|||Activación MB Internacionales|15/04/2024|14/10/2025|18
SEGMENTO_002|2020274387|CLIENT_00535|312562221|643610937|N|Movil Abierto|15/05/2023|Activo|Pedido de Cliente|Equipo|Abierto Elige Todo Emp RD|B2B Movistar Empresas S/82.9|||Activación MB Internacionales|12/04/2024|11/10/2025|18
SEGMENTO_002|2020274387|CLIENT_00535|312562221|643610937|N|Movil Abierto|15/05/2023|Activo|Negociación Equipo y/o SimCard|M4|Abierto Elige Todo Emp RD|B2B Movistar Empresas S/32|1|Descuento de 40% al plan x 3 meses|Activación MB Internacionales|30/04/2026||
SEGMENTO_004|2053765186|CLIENT_00416|51327575|870309501|N|Movil Abierto|20/02/2019|Activo|Pedido de Cliente|Equipo|Abierto Elige Todo Emp RD|Plan Elige Todo+ S/ 56.90||||20/02/2019|20/08/2020|18
SEGMENTO_004|2053765186|CLIENT_00416|51327575|687209501|N|Movil Abierto|20/02/2019|Activo|Pedido de Cliente|Equipo|Abierto Elige Todo Emp RD|Plan Elige Todo+ S/ 56.90|1|Bono Duplica Neg 39.90x12m(VR S/33.81)||20/02/2019|20/08/2020|18
SEGMENTO_002|2028712026|CLIENT_00204|00750575|083214193|N|Movil Abierto|18/08/2006|Activo|Pedido de Cliente|Equipo|Abierto Elige Todo Emp RD|B2B Movistar Empresas S/52.9|1|Descuento de 50% al plan x 12 meses|Activación MB Internacionales|21/11/2025||
SEGMENTO_002|2028712026|CLIENT_00204|00750575|083214193|N|Movil Control|13/11/2023|Activo|Pedido de Cliente|M4|Control Elige Todo Planta C sin Roaming|Plan Elige Todo+ S/ 15.00 C||||25/04/2024||
SEGMENTO_002|2028712026|CLIENT_00204|00750575|083214193|N|Movil Control|13/11/2023|Activo|Pedido de Cliente|M4|Control Elige Todo Planta C sin Roaming|Plan Elige Todo+ S/ 15.00 C||||25/04/2024||
SEGMENTO_002|2028712026|CLIENT_00204|00750575|083214193|N|Movil Abierto|13/11/2023|Activo|Pedido de Cliente|Equipo|Abierto Elige Todo Emp RD|B2B Movistar Empresas S/99.9|1|Descuento de 50% al plan x 12 meses|Activación MB Internacionales|21/12/2023|20/06/2025|18
SEGMENTO_002|2028712026|CLIENT_00204|00750575|083214193|N|Movil Abierto|13/11/2023|Activo|Pedido de Cliente|M4|Abierto Elige Todo Emp RD|B2B Movistar Empresas S/99.9|1|Descuento de 50% al plan x 12 meses|Activación MB Internacionales|21/11/2025||
SEGMENTO_002|2028712026|CLIENT_00204|00750575|083214193|N|Movil Abierto|26/12/2024|Activo|Pedido de Cliente|Equipo|Abierto Elige Todo Emp RD|B2B Movistar Empresas S/99.9|||Activación MB Internacionales|23/12/2024|22/06/2026|18
SEGMENTO_002|2028712026|CLIENT_00204|00750575|083214193|N|Movil Abierto|30/03/2011|Activo|Pedido de Cliente|M4|Abierto Elige Todo Emp RD|B2B Movistar Empresas S/52.9|1|Descuento de 50% al plan x 12 meses|Activación MB Internacionales|21/11/2025||
SEGMENTO_002|2028712026|CLIENT_00204|00750575|083214193|N|Movil Abierto|26/07/2011|Activo|Pedido de Cliente|Equipo|Abierto Elige Todo Emp RD|B2B Movistar Empresas S/99.9|1|Descuento de 50% al plan x 12 meses|Activación MB Internacionales|06/05/2022|05/11/2023|18
SEGMENTO_002|2028712026|CLIENT_00204|00750575|083214193|N|Movil Abierto|30/03/2011|Activo|Pedido de Cliente|M4|Abierto Elige Todo Emp RD|B2B Movistar Empresas S/52.9|1|Descuento de 50% al plan x 12 meses|Activación MB Internacionales|21/11/2025||
SEGMENTO_002|2028712026|CLIENT_00204|00750575|083214193|N|Movil Abierto|27/04/2022|Activo|Alta Nueva solo SIM|M4|Abierto Elige Todo Emp RD|B2B Movistar Empresas S/149.9|1|Descuento de 50% al plan x 12 meses|Activación MB Internacionales|21/11/2025||
SEGMENTO_002|2028712026|CLIENT_00204|00750575|083214193|N|Movil Abierto|25/01/2021|Activo|Pedido de Cliente|Equipo|Abierto Elige Todo Emp RD|B2B Movistar Empresas S/149.9|1|Descuento de 50% al plan x 12 meses|Activación MB Internacionales|21/01/2021|20/07/2022|18
SEGMENTO_002|2028712026|CLIENT_00204|00750575|083214193|N|Movil Abierto|29/05/2026|Activo|Pedido de Cliente|M4|Abierto Elige Todo Emp RD|B2B_movistar Empresas S/.99.9|||Activación MB Internacionales|27/05/2026||
SEGMENTO_002|2028712026|CLIENT_00204|00750575|083214193|N|Movil Abierto|21/07/2025|Activo|Pedido de Cliente|Equipo|Abierto Elige Todo Emp RD|B2B Movistar Empresas S/149.9 IV|||Activación MB Internacionales|21/07/2025|20/01/2027|18
SEGMENTO_002|2028712026|CLIENT_00204|00750575|083214193|N|Movil Abierto|28/03/2025|Activo|Pedido de Cliente|Equipo|Abierto Elige Todo Emp RD|B2B Movistar Empresas S/30 IV|||Activación MB Internacionales|14/04/2025|13/10/2026|18
SEGMENTO_002|2028712026|CLIENT_00204|00750575|083214193|N|Movil Abierto|28/03/2025|Activo|Pedido de Cliente|Equipo|Abierto Elige Todo Emp RD|B2B Movistar Empresas S/30 IV|||Activación MB Internacionales|14/04/2025|13/10/2026|18
SEGMENTO_002|2028712026|CLIENT_00204|00750575|083214193|N|Movil Abierto|27/07/2011|Activo|Negociación Equipo y/o SimCard|Equipo|Abierto Elige Todo Emp RD|B2B Movistar Empresas S/99.9 IV|||Activación MB Internacionales|03/06/2025|02/12/2026|18
SEGMENTO_002|2028712026|CLIENT_00204|00750575|083214193|N|Movil Abierto|30/03/2011|Activo|Pedido de Cliente|M4|Abierto Elige Todo Emp RD|B2B Movistar Empresas S/52.9|1|Descuento de 50% al plan x 12 meses|Activación MB Internacionales|21/11/2025||
SEGMENTO_002|2028712026|CLIENT_00204|00750575|083214193|N|Movil Abierto|26/07/2011|Activo|Pedido de Cliente|Equipo|Abierto Elige Todo Emp RD|B2B Movistar Empresas S/99.9|||Activación MB Internacionales|13/11/2024|12/05/2026|18
SEGMENTO_002|2028712026|CLIENT_00204|00750575|083214193|N|Movil Abierto|28/03/2025|Activo|Pedido de Cliente|Equipo|Abierto Elige Todo Emp RD|B2B Movistar Empresas S/30 IV|||Activación MB Internacionales|14/04/2025|13/10/2026|18
SEGMENTO_002|2028712026|CLIENT_00204|00750575|083214193|N|Movil Abierto|28/03/2025|Activo|Pedido de Cliente|Equipo|Abierto Elige Todo Emp RD|B2B Movistar Empresas S/39.9 IV|||Activación MB Internacionales|14/04/2025|13/10/2026|18
SEGMENTO_002|2028712026|CLIENT_00204|00750575|083214193|N|Movil Abierto|28/03/2025|Activo|Pedido de Cliente|Equipo|Abierto Elige Todo Emp RD|B2B Movistar Empresas S/30 IV|||Activación MB Internacionales|14/04/2025|13/10/2026|18
SEGMENTO_002|2028712026|CLIENT_00204|00750575|083214193|N|Movil Abierto|28/03/2025|Activo|Pedido de Cliente|Equipo|Abierto Elige Todo Emp RD|B2B Movistar Empresas S/30 IV|||Activación MB Internacionales|14/04/2025|13/10/2026|18
SEGMENTO_002|2028712026|CLIENT_00204|00750575|083214193|N|Movil Abierto|28/03/2025|Activo|Pedido de Cliente|Equipo|Abierto Elige Todo Emp RD|B2B Movistar Empresas S/30 IV|||Activación MB Internacionales|14/04/2025|13/10/2026|18
SEGMENTO_002|2028712026|CLIENT_00204|00750575|083214193|N|Movil Abierto|28/03/2025|Activo|Pedido de Cliente|Equipo|Abierto Elige Todo Emp RD|B2B Movistar Empresas S/30 IV|||Activación MB Internacionales|14/04/2025|13/10/2026|18
SEGMENTO_002|2028712026|CLIENT_00204|00750575|083214193|N|Movil Abierto|09/04/1999|Activo|Negociación Equipo y/o SimCard|Equipo|Abierto Elige Todo Emp RD|B2B Movistar Empresas S/149.9|1|Descuento de 50% al plan x 12 meses|Activación MB Internacionales|08/06/2022|07/12/2023|18
SEGMENTO_002|2028712026|CLIENT_00204|00750575|083214193|N|Movil Abierto|22/01/1997|Activo|Pedido de Cliente|Equipo|Abierto Elige Todo Emp RD|B2B Movistar Empresas S/149.9 IV|||Activación MB Internacionales|21/07/2025|20/01/2027|18
SEGMENTO_002|2028712026|CLIENT_00204|00750575|083214193|N|Movil Abierto|06/07/2006|Activo|Pedido de Cliente|Equipo|Abierto Elige Todo Emp RD|B2B Movistar Empresas S/149.9|1|Descuento de 50% al plan x 12 meses|Activación MB Internacionales|21/11/2025||
SEGMENTO_002|2028712026|CLIENT_00204|00750575|083214193|N|BAM|16/01/2026|Activo|Pedido de Cliente|Equipo|BAM Empresas|Plan Internet de Teletrabajo S/100|1|Descuento de 50% al plan x 12 meses||15/01/2026|14/01/2027|12
SEGMENTO_002|2028712026|CLIENT_00204|00750575|083214193|N|Movil Abierto|16/01/2026|Activo|Pedido de Cliente|Equipo|Abierto Elige Todo Emp RD|B2B Movistar Empresas S/49.9 IV|||Activación MB Internacionales|15/01/2026|14/07/2027|18
SEGMENTO_002|2028712026|CLIENT_00204|00750575|083214193|N|Movil Abierto|17/03/2025|Activo|Pedido de Cliente|M4|Abierto Elige Todo Emp RD|B2B Movistar Empresas S/ 79.9 IV|||Activación MB Internacionales|16/03/2025||
SEGMENTO_002|2028712026|CLIENT_00204|00750575|083214193|N|Movil Abierto|16/09/2025|Activo|Pedido de Cliente|M4|Abierto Elige Todo Emp RD|B2B Movistar Empresas S/59.9 IV|||Activación MB Internacionales|14/09/2025||
SEGMENTO_002|2028712026|CLIENT_00204|00750575|083214193|N|Movil Abierto|26/05/2022|Activo|Pedido de Cliente|M4|Abierto Elige Todo Emp RD|B2B Movistar Empresas S/149.9|1|Descuento de 50% al plan x 12 meses|Activación MB Internacionales|21/11/2025||
SEGMENTO_002|2028712026|CLIENT_00204|00750575|083214193|N|Movil Abierto|28/09/2018|Activo|Pedido de Cliente|Equipo|Abierto Elige Todo Emp RD|B2B Movistar Empresas S/119.9|||Activación MB Internacionales|19/08/2024|18/02/2026|18
SEGMENTO_002|2028712026|CLIENT_00204|00750575|083214193|N|Movil Abierto|28/09/2018|Activo|Pedido de Cliente|M4|Abierto Elige Todo Emp RD|B2B Movistar Empresas S/52.9|1|Descuento de 50% al plan x 12 meses|Activación MB Internacionales|21/11/2025||
SEGMENTO_002|2028712026|CLIENT_00204|80750575|306216173|N|Movil Abierto|30/09/2021|Activo|Pedido de Cliente|Equipo|Abierto Elige Todo Emp RD|B2B Movistar Empresas S/82.9|1|Descuento de 50% al plan x 12 meses|Activación MB Internacionales|29/09/2021|28/03/2023|18
SEGMENTO_002|2028712026|CLIENT_00204|00750575|083214193|N|Movil Abierto|07/04/2026|Activo|Pedido de Cliente|M4|Abierto Elige Todo Emp RD|B2B_movistar Empresas S/.69.9|||Activación MB Internacionales|05/04/2026||
SEGMENTO_002|2028712026|CLIENT_00204|00750575|083214193|N|Movil Abierto|07/04/2026|Activo|Pedido de Cliente|M4|Abierto Elige Todo Emp RD|B2B_movistar Empresas S/.69.9|||Activación MB Internacionales|05/04/2026||
SEGMENTO_002|2028712026|CLIENT_00204|00750575|083214193|N|Movil Abierto|23/06/2025|Activo|Pedido de Cliente|M4|Abierto Elige Todo Emp RD|B2B Movistar Empresas S/49.9 IV|||Activación MB Internacionales|22/06/2025||
SEGMENTO_002|2028712026|CLIENT_00204|00750575|083214193|N|Movil Abierto|23/06/2025|Activo|Pedido de Cliente|Equipo|Abierto Elige Todo Emp RD|B2B Movistar Empresas S/119.9 IV|||Activación MB Internacionales|23/06/2025|22/12/2026|18
SEGMENTO_002|2028712026|CLIENT_00204|00750575|083214193|N|Movil Abierto|23/06/2025|Activo|Pedido de Cliente|M4|Abierto Elige Todo Emp RD|B2B Movistar Empresas S/49.9 IV|||Activación MB Internacionales|02/09/2025||
SEGMENTO_002|2028712026|CLIENT_00204|00750575|083214193|N|Movil Abierto|30/03/2011|Activo|Pedido de Cliente|M4|Abierto Elige Todo Emp RD|B2B Movistar Empresas S/52.9|1|Descuento de 50% al plan x 12 meses|Activación MB Internacionales|21/11/2025||
SEGMENTO_002|2028712026|CLIENT_00204|00750575|083214193|N|Movil Abierto|13/11/2023|Activo|Pedido de Cliente|M4|Abierto Elige Todo Emp RD|B2B Movistar Empresas S/ 85.9|1|Descuento de 50% al plan x 12 meses|Activación MB Internacionales|21/11/2025||
SEGMENTO_002|2028712026|CLIENT_00204|00750575|083214193|N|Movil Control|13/11/2023|Activo|Pedido de Cliente|M4|Control Elige Todo Planta C sin Roaming|Plan Elige Todo+ S/ 15.00 C||||25/04/2024||
SEGMENTO_002|2028712026|CLIENT_00204|00750575|083214193|N|Movil Abierto|13/11/2023|Activo|Pedido de Cliente|Equipo|Abierto Elige Todo Emp RD|B2B Movistar Empresas S/42.9|1|Descuento de 50% al plan x 12 meses|Activación MB Internacionales|29/04/2024|28/10/2025|18
SEGMENTO_002|2028712026|CLIENT_00204|00750575|083214193|N|Movil Abierto|18/12/2018|Activo|Pedido de Cliente|Equipo|Abierto Elige Todo Emp RD|B2B Movistar Empresas S/52.9|1|Descuento de 50% al plan x 12 meses|Activación MB Internacionales|18/12/2018|18/06/2020|18
SEGMENTO_004|2021563134|CLIENT_00471|802909421|978687957|N|Movil Abierto|27/01/2026|Activo|Pedido de Cliente|M4|Abierto líneas adicionales B2B|B2B Líneas adicionales S/99.9|1|Bono ilim líneas adicionales V.R.S/ 99.9|Activación MB Internacionales|27/01/2026||
SEGMENTO_004|2021563134|CLIENT_00471|802909421|310955347|N|Movil Control|14/12/2023|Activo|Pedido de Cliente|M4|Control Movistar Libre|RV Plan Mi Movistar S/31.9 VI|||Activación MB Internacionales|14/12/2023||
SEGMENTO_004|2084074807|CLIENT_00310|50984575|098430143|N|Movil Abierto|27/09/2011|Suspendido|Robo - Equipo y simcard|Equipo|Abierto Elige Todo Emp RD|Plan Elige Todo+ S/ 56.90||||27/09/2022||
SEGMENTO_004|2084074807|CLIENT_00310|50984575|598430143|N|Movil Abierto|27/09/2011|Activo|Pedido de Cliente|Equipo|Abierto Elige Todo Emp RD|Plan Elige Todo+ S/ 56.90||||27/09/2022||
SEGMENTO_004|2084074807|CLIENT_00310|50984575|398430143|N|Movil Control|27/09/2011|Activo|Pedido de Cliente|Equipo|Control Movistar Libre|Plan Mi Movistar S/55.9 IP|||Activación MB Internacionales|26/11/2018|26/05/2020|18
SEGMENTO_004|2084074807|CLIENT_00310|50984575|888430143|N|Movil Abierto|27/09/2011|Activo|Pedido de Cliente|Equipo|Abierto Elige Todo Emp RD|Plan Elige Todo+ S/ 56.90||||19/04/2018|19/10/2019|18
SEGMENTO_004|2084074807|CLIENT_00310|50984575|898430143|N|Movil Control|27/09/2011|Activo|Pedido de Cliente|Equipo|Control Elige Todo Emp con Roaming|Plan Elige Todo + C S/ 66.9||||27/09/2022||
SEGMENTO_004|2096933668|CLIENT_00492|449021321|465480047|N|Movil Abierto|28/06/2023|Activo|Pedido de Cliente|M4|Abierto Elige Todo Emp RD|Movistar Empresas S/ 29.9 I|||Activación MB Internacionales|05/01/2026||
SEGMENTO_004|2018723284|CLIENT_00943|18152575|087358501|N|Movil Abierto|31/01/2019|Activo|Pedido de Cliente|M4|Abierto Elige Todo Emp RD|B2B Movistar Empresas S/30 IV|||Activación MB Internacionales|05/02/2025||
SEGMENTO_004|1048743727|CLIENT_00498|54325575||N|Movil Abierto|18/05/2026|Activo|Pedido de Cliente|M4|Abierto líneas adicionales B2B|B2B Líneas adicionales S/29.9|1|Bono ilim líneas adicionales V.R.S/ 29.9|Activación MB Internacionales|15/05/2026||
SEGMENTO_002|2020274387|CLIENT_00535|312562221|643610937|N|Movil Abierto|08/08/2024|Activo|Pedido de Cliente|M4|Abierto Elige Todo Emp RD|B2B Movistar Empresas S/59.9 IV|||Activación MB Internacionales|27/05/2026||
SEGMENTO_002|2020274387|CLIENT_00535|312562221|643610937|N|Movil Abierto|23/12/2025|Activo|Pedido de Cliente|M4|Abierto Elige Todo Emp RD|B2B_movistar Empresas S/.30|||Activación MB Internacionales|21/12/2025||
SEGMENTO_002|2020274387|CLIENT_00535|312562221|682205447|N|Movil Abierto|01/02/2024|Activo|Alta Nueva solo SIM|Equipo|Abierto Elige Todo Emp RD|B2B Movistar Empresas S/42.9|||Activación MB Internacionales|31/01/2024|30/07/2025|18
SEGMENTO_002|2020274387|CLIENT_00535|312562221|643610937|N|Movil Abierto|06/02/2026|Activo|Pedido de Cliente|M4|Abierto Elige Todo Emp RD|B2B_movistar Empresas S/.30|||Activación MB Internacionales|04/02/2026||
SEGMENTO_002|2020274387|CLIENT_00535|312562221|643610937|N|Movil Abierto|28/05/2026|Activo|Pedido de Cliente|M4|Abierto Elige Todo Emp RD|B2B_movistar Empresas S/.30|1|Bono B2B 40G 6M VR 203.32|Activación MB Internacionales|26/05/2026||
SEGMENTO_002|2020274387|CLIENT_00535|312562221|643610937|N|Movil Abierto|25/05/2026|Activo|Pedido de Cliente|M4|Abierto Elige Todo Emp RD|B2B_movistar Empresas S/.30|1|Bono B2B 40G 6M VR 203.32|Activación MB Internacionales|21/05/2026||
SEGMENTO_004|2021595413|CLIENT_00021|79665575|680473463|N|Movil Abierto|11/04/2014|Activo|Pedido de Cliente|Equipo|Abierto Elige + CORP|Plan Elige más S/ 129.90|||Activación MB Internacionales|18/02/2025|17/02/2026|12
SEGMENTO_004|2067006652|CLIENT_00878|43445575|885512673|N|Movil Abierto|12/06/2015|Activo|Pedido de Cliente|Equipo|Abierto Elige Todo Emp|Plan Elige Todo + S/ 149.90|1|Descuento de 50% al plan|Activación MB Internacionales|26/07/2019|26/01/2021|18
SEGMENTO_004|2067006652|CLIENT_00878|76781206|077143147|N|Movil Control|21/02/2023|Activo|Negociación Equipo y/o SimCard|M4|Control Movistar Libre|RV Plan Mi Movistar S/36.9 IP26|1|Dscto por campaña VEN A MOVISTAR 2|Activación MB Internacionales|07/03/2026||
SEGMENTO_004|2067006652|CLIENT_00878|49235575|459592673|N|Movil Abierto|12/06/2015|Activo|Pedido de Cliente|Equipo|Abierto Elige Todo Emp|Plan Elige Todo + S/ 129.90|1|Descuento de 50% al plan||28/11/2024|27/11/2025|12
SEGMENTO_002|2028712026|CLIENT_00204|00750575|083214193|N|Movil Abierto|13/11/2023|Activo|Pedido de Cliente|Equipo|Abierto Elige Todo Emp RD|B2B Movistar Empresas S/99.9|1|Descuento de 50% al plan x 12 meses|Activación MB Internacionales|21/12/2023|20/06/2025|18
SEGMENTO_002|2028712026|CLIENT_00204|00750575|083214193|N|Movil Control|13/11/2023|Activo|Pedido de Cliente|M4|Control Elige Todo Planta C sin Roaming|Plan Elige Todo+ S/ 15.00 C||||25/04/2024||
SEGMENTO_002|2028712026|CLIENT_00204|00750575|083214193|N|Movil Control|13/11/2023|Activo|Pedido de Cliente|M4|Control Elige Todo Planta C sin Roaming|Plan Elige Todo+ S/ 15.00 C||||25/04/2024||
SEGMENTO_004|2026850436|CLIENT_00251|348878221|093835937|N|Movil Abierto|05/11/2022|Activo|Negociación Equipo y/o SimCard|M4|Abierto Elige Todo Emp RD|B2B Movistar Empresas S/ 72.9|||Activación MB Internacionales|09/04/2026||
SEGMENTO_004|2022681851|CLIENT_00304|95901575|124451601|N|Movil Abierto|24/09/2019|Activo|Pedido de Cliente|M4|Abierto Elige Todo Emp RD|Plan Elige Todo+ S/ 56.90||||24/03/2022||
SEGMENTO_004|2007125725|CLIENT_00268|979877511|135400357|N|Movil Abierto|10/03/2025|Activo|Pedido de Cliente|M4|Abierto Elige Todo Emp RD|B2B Movistar Empresas S/ 69.9 IV|||Activación MB Internacionales|07/03/2025||
SEGMENTO_004|2095824297|CLIENT_00323|12282575|500535503|N|Movil Abierto|19/11/2004|Activo|Pedido de Cliente|Equipo|Abierto Elige Todo Emp RD|B2B Movistar Empresas S/119.9 IV|1|Descuento de 50% al plan x 12 meses|Activación MB Internacionales|16/05/2025|15/11/2026|18
SEGMENTO_004|2095824297|CLIENT_00323|31282575|849532333|N|Movil Abierto|30/07/2010|Activo|Pedido de Cliente|Equipo|Abierto Elige Todo Emp RD|B2B Movistar Empresas S/119.9 IV|1|Descuento de 50% al plan x 12 meses|Activación MB Internacionales|16/05/2025|15/11/2026|18
SEGMENTO_004|2095824297|CLIENT_00323|31282575|649532333|N|Movil Abierto|30/07/2010|Activo|Pedido de Cliente|Equipo|Abierto Elige Todo Emp RD|B2B Movistar Empresas S/119.9 IV|1|Descuento de 50% al plan x 12 meses|Activación MB Internacionales|16/05/2025|15/11/2026|18
SEGMENTO_004|2043779813|CLIENT_00336|52770575|657432083|N|Movil Abierto|10/11/2015|Suspendido|Robo - Equipo y simcard|Equipo|Abierto Elige Todo Emp RD|Plan Elige Todo+ S/ 100.90||||16/01/2021|15/07/2022|18
SEGMENTO_004|2043779813|CLIENT_00336|52770575|421568203|N|Movil Abierto|21/08/2001|Activo|Pedido de Cliente|Equipo|Abierto Elige Todo Emp|Plan Elige Todo + S/ 129.90|1|Descuento de 50% al plan|Activación MB Internacionales|03/12/2024||
SEGMENTO_004|2043779813|CLIENT_00336|52770575|783042083|N|Movil Abierto|10/11/2015|Activo|Pedido de Cliente|Equipo|Abierto Elige Todo Emp RD|Plan Elige Todo+ S/ 100.90|1|Descuento de 50% al plan||03/12/2024||
SEGMENTO_004|2086306604|CLIENT_00634|76627216|402342606|N|Movil Control|16/11/2022|Activo|Cobranza Manual con Cargo|M4|Control Movistar Libre|RV Plan Mi Movistar S/62.9_IV|||Activación MB Internacionales|02/06/2026||
SEGMENTO_004|2067006652|CLIENT_00878|49235575|778592673|N|Movil Control|12/06/2015|Activo|Pedido de Cliente|Equipo|Control Elige Todo Emp con Roaming|Plan Elige Todo + C S/ 66.9|1|Descuento de 50% al plan||10/01/2026||
SEGMENTO_004|2067006652|CLIENT_00878|24445575|719310593|N|Movil Abierto|04/05/2017|Activo|Negociación Equipo y/o SimCard|Equipo|Abierto Elige Todo Emp RD|Plan Elige Todo+ S/ 100.90||||09/01/2024|10/07/2025|18
SEGMENTO_004|2067006652|CLIENT_00878|43445575|985512673|N|Movil Abierto|12/06/2015|Activo|Pedido de Cliente|Equipo|Abierto Elige + CORP|Plan Elige más Ilim S/ 149.90|1|Descuento de 50% al plan x 12 meses|Activación MB Internacionales|31/10/2024|30/10/2025|12
SEGMENTO_004|2027441094|CLIENT_00355|88103575|424078533|N|Movil Control|30/12/2010|Activo|Pedido de Cliente|Equipo|Control Elige Todo Emp con Roaming|Plan Elige Todo + C S/ 66.9|1|Descuento de 30% al plan x 12 meses||27/01/2026||
SEGMENTO_004|1048743727|CLIENT_00498|54325575|155983473|N|Movil Abierto|24/04/2015|Suspendido|Robo - Equipo y simcard|Equipo|Abierto Elige + CORP|Plan Elige más S/ 119.90 I|1|Descuento de 30% al plan x 12 meses||18/06/2018|18/12/2019|18
SEGMENTO_004|1048743727|CLIENT_00498|54325575|908044473|N|Movil Abierto|25/04/2015|Activo|Negociación Equipo y/o SimCard|Equipo|Abierto Elige Todo Emp RD|Plan Elige Todo+ S/ 77.90|1|Descuento de 50% al plan x 12 meses|Activación MB Internacionales|27/01/2026||
SEGMENTO_004|1048743727|CLIENT_00498|54325575|373983473|N|Movil Abierto|24/04/2015|Activo|Pedido de Cliente|Equipo|Abierto Elige + CORP|Plan Elige más S/ 119.90 I|1|Descuento de 50% al plan x 12 meses||10/07/2018|10/01/2020|18
SEGMENTO_004|1048743727|CLIENT_00498|54325575|202883473|N|Movil Abierto|24/04/2015|Activo|Negociación Equipo y/o SimCard|M4|Abierto Elige Todo Emp RD|Plan Elige Todo+ S/ 77.90|1|Descuento de 50% al plan x 12 meses||27/01/2026||
SEGMENTO_004|2060524559|CLIENT_00389|327148421|272774347|N|Movil Abierto|13/12/2023|Suspendido|Robo - Equipo y simcard|M4|Abierto Elige Todo Emp RD|B2B Movistar Empresas S/ 72.9|1|Descuento de 50% al plan x 12 meses||12/12/2023||
SEGMENTO_004|2037021331|CLIENT_00121|22275575|379930983|N|Movil Abierto|03/12/2013|Activo|Pedido de Cliente|Equipo|Abierto Elige Todo Emp RD|B2B Movistar Empresas S/42.9|||Activación MB Internacionales|19/06/2021|18/12/2022|18
SEGMENTO_004|2037021331|CLIENT_00121|22275575|379930983|N|Movil Abierto|03/12/2013|Activo|Pedido de Cliente|Equipo|Abierto Elige Todo Emp RD|B2B Movistar Empresas S/42.9|||Activación MB Internacionales|19/06/2021|18/12/2022|18
SEGMENTO_004|2037021331|CLIENT_00121|22275575|379930983|N|Movil Abierto|03/12/2013|Activo|Pedido de Cliente|Equipo|Abierto Elige Todo Emp RD|B2B Movistar Empresas S/42.9|||Activación MB Internacionales|19/06/2021|18/12/2022|18
SEGMENTO_004|2037021331|CLIENT_00121|22275575|379930983|N|Movil Abierto|03/12/2013|Activo|Pedido de Cliente|Equipo|Abierto Elige Todo Emp RD|B2B Movistar Empresas S/42.9|||Activación MB Internacionales|19/06/2021|18/12/2022|18
SEGMENTO_004|2037021331|CLIENT_00121|22275575|379930983|N|Movil Abierto|03/12/2013|Activo|Pedido de Cliente|Equipo|Abierto Elige Todo Emp RD|B2B Movistar Empresas S/42.9|||Activación MB Internacionales|19/06/2021|18/12/2022|18
SEGMENTO_004|2037021331|CLIENT_00121|22275575|379930983|N|Movil Abierto|03/12/2013|Activo|Pedido de Cliente|Equipo|Abierto Elige Todo Emp RD|B2B Movistar Empresas S/42.9|||Activación MB Internacionales|19/06/2021|18/12/2022|18
SEGMENTO_004|2037021331|CLIENT_00121|22275575|379930983|N|Movil Abierto|03/12/2013|Activo|Negociación Equipo y/o SimCard|Equipo|Abierto Elige Todo Emp RD|B2B Movistar Empresas S/99.9|||Activación MB Internacionales|17/06/2022|16/12/2023|18
SEGMENTO_004|2037021331|CLIENT_00121|22275575|379930983|N|Movil Abierto|03/12/2013|Activo|Pedido de Cliente|Equipo|Abierto Elige Todo Emp RD|B2B Movistar Empresas S/42.9|||Activación MB Internacionales|19/06/2021|18/12/2022|18
SEGMENTO_004|2037021331|CLIENT_00121|22275575|379930983|N|Movil Abierto|03/12/2013|Activo|Pedido de Cliente|Equipo|Abierto Elige Todo Emp RD|B2B Movistar Empresas S/42.9|||Activación MB Internacionales|19/06/2021|18/12/2022|18
SEGMENTO_004|2037021331|CLIENT_00121|22275575|379930983|N|Movil Abierto|28/06/2018|Activo|Pedido de Cliente|Equipo|Abierto Elige Todo Emp RD|B2B Movistar Empresas S/52.9|||Activación MB Internacionales|20/05/2021|19/11/2022|18
SEGMENTO_004|2037021331|CLIENT_00121|22275575|379930983|N|Movil Abierto|28/06/2018|Activo|Pedido de Cliente|Equipo|Abierto Elige Todo Emp RD|B2B Movistar Empresas S/42.9|||Activación MB Internacionales|19/06/2021|18/12/2022|18
SEGMENTO_004|2037021331|CLIENT_00121|22275575|379930983|N|Movil Abierto|15/11/2018|Activo|Pedido de Cliente|Equipo|Abierto Elige Todo Emp RD|B2B Movistar Empresas S/52.9|||Activación MB Internacionales|19/06/2021|18/12/2022|18
SEGMENTO_004|2037021331|CLIENT_00121|22275575|379930983|N|Movil Abierto|28/06/2018|Activo|Pedido de Cliente|Equipo|Abierto Elige Todo Emp RD|B2B Movistar Empresas S/42.9|||Activación MB Internacionales|19/06/2021|18/12/2022|18
SEGMENTO_004|2037021331|CLIENT_00121|22275575|379930983|N|Movil Abierto|28/06/2018|Activo|Pedido de Cliente|Equipo|Abierto Elige Todo Emp RD|B2B Movistar Empresas S/42.9|||Activación MB Internacionales|19/06/2021|18/12/2022|18
SEGMENTO_004|2037021331|CLIENT_00121|22275575|379930983|N|Movil Abierto|03/02/2014|Activo|Pedido de Cliente|Equipo|Abierto Elige Todo Emp RD|B2B Movistar Empresas S/42.9|||Activación MB Internacionales|19/06/2021|18/12/2022|18
SEGMENTO_004|2037021331|CLIENT_00121|22275575|379930983|N|Movil Abierto|03/12/2013|Activo|Pedido de Cliente|Equipo|Abierto Elige Todo Emp RD|B2B Movistar Empresas S/42.9|||Activación MB Internacionales|19/06/2021|18/12/2022|18
SEGMENTO_004|2037021331|CLIENT_00121|22275575|379930983|N|Movil Abierto|03/12/2013|Activo|Pedido de Cliente|Equipo|Abierto Elige Todo Emp RD|B2B Movistar Empresas S/42.9|||Activación MB Internacionales|19/06/2021|18/12/2022|18
SEGMENTO_004|2037021331|CLIENT_00121|22275575|379930983|N|Movil Abierto|03/12/2013|Activo|Pedido de Cliente|Equipo|Abierto Elige Todo Emp RD|B2B Movistar Empresas S/42.9|||Activación MB Internacionales|19/06/2021|18/12/2022|18
SEGMENTO_004|2037021331|CLIENT_00121|22275575|379930983|N|Movil Abierto|03/12/2013|Activo|Pedido de Cliente|Equipo|Abierto Elige Todo Emp RD|B2B Movistar Empresas S/42.9|||Activación MB Internacionales|19/06/2021|18/12/2022|18
SEGMENTO_004|2037021331|CLIENT_00121|22275575|379930983|N|Movil Abierto|03/12/2013|Activo|Pedido de Cliente|Equipo|Abierto Elige Todo Emp RD|B2B Movistar Empresas S/42.9|||Activación MB Internacionales|19/06/2021|18/12/2022|18
SEGMENTO_004|2037021331|CLIENT_00121|22275575|379930983|N|Movil Abierto|03/12/2013|Activo|Pedido de Cliente|Equipo|Abierto Elige Todo Emp RD|B2B Movistar Empresas S/42.9|||Activación MB Internacionales|19/06/2021|18/12/2022|18
SEGMENTO_004|2037021331|CLIENT_00121|22275575|379930983|N|Movil Abierto|03/12/2013|Activo|Pedido de Cliente|Equipo|Abierto Elige Todo Emp RD|B2B Movistar Empresas S/52.9|||Activación MB Internacionales|20/05/2021|19/11/2022|18
SEGMENTO_004|2037021331|CLIENT_00121|22275575|578304917|N|Movil Abierto|21/10/2014|Activo|Pedido de Cliente|Equipo|Abierto Elige Todo Emp RD|Mi Movistar Empresas S/ 37.9_IV|||Activación MB Internacionales|22/06/2021|21/12/2022|18
SEGMENTO_004|2037021331|CLIENT_00121|22275575|379930983|N|Movil Abierto|18/09/2014|Activo|Pedido de Cliente|Equipo|Abierto Elige Todo Emp RD|B2B Movistar Empresas S/42.9|||Activación MB Internacionales|19/06/2021|18/12/2022|18
SEGMENTO_004|2037021331|CLIENT_00121|22275575|379930983|N|Movil Abierto|18/08/2014|Activo|Pedido de Cliente|Equipo|Abierto Elige Todo Emp RD|B2B Movistar Empresas S/52.9|||Activación MB Internacionales|19/05/2021|18/11/2022|18
SEGMENTO_004|2037021331|CLIENT_00121|22275575|379930983|N|Movil Abierto|19/11/2015|Activo|Pedido de Cliente|Equipo|Abierto Elige Todo Emp RD|B2B Movistar Empresas S/42.9|||Activación MB Internacionales|19/06/2021|18/12/2022|18
SEGMENTO_004|2037021331|CLIENT_00121|22275575|379930983|N|Movil Abierto|18/09/2014|Activo|Pedido de Cliente|Equipo|Abierto Elige Todo Emp RD|B2B Movistar Empresas S/42.9|||Activación MB Internacionales|19/06/2021|18/12/2022|18
SEGMENTO_004|2023799562|CLIENT_00489|35157575|380443237|N|Movil Abierto|06/07/2022|Activo|Pedido de Cliente|Equipo|Abierto Elige Todo Emp RD|Movistar Empresas S/ 34.9 I|1|Descuento de 50% al plan x 12 meses|Activación MB Internacionales|06/07/2022|05/01/2024|18
SEGMENTO_004|2023799562|CLIENT_00489|35157575|822801601|N|Movil Control|24/07/2019|Activo|Pedido de Cliente|M4|Control Caribu Movistar Libre|RV Plan Ahorro Mi Movistar S/31.9 VI|1|Descuento de 50% al plan x 12 meses|Activación MB Internacionales|27/01/2026||
SEGMENTO_004|2035835869|CLIENT_00900|62273575|422273443|N|Movil Abierto|25/02/2012|Activo|Pedido de Cliente|Equipo|Abierto Elige Todo Emp RD|Plan Elige Todo+ S/ 45.90|||Activación MB Internacionales|19/12/2019|18/06/2021|18
SEGMENTO_004|2035835869|CLIENT_00900|62273575|524273443|N|Movil Abierto|25/02/2012|Activo|Pedido de Cliente|Equipo|Abierto Elige Todo Emp RD|Plan Elige Todo+ S/ 45.90|||Activación MB Internacionales|19/12/2019|18/06/2021|18
SEGMENTO_004|2028858667|CLIENT_00821|700649801|596759957|N|Movil Abierto|09/02/2026|Activo|Pedido de Cliente|M4|Abierto Elige Todo Emp RD|B2B Movistar Empresas S/ 69.9 IV|1|Descuento de 50% al plan x 12 meses|Activación MB Internacionales|09/03/2026||
SEGMENTO_004|2028858667|CLIENT_00821|87664306|181448857|N|Movil Abierto|27/11/2025|Activo|Pedido de Cliente|M4|Abierto líneas adicionales B2B|B2B Líneas adicionales S/34.9|1|Bono ilim líneas adicionales V.R.S/ 34.9|Activación MB Internacionales|26/11/2025||
SEGMENTO_004|2028858667|CLIENT_00821|87664306|966975067|N|Movil Abierto|17/03/2026|Activo|Pedido de Cliente|M4|Abierto líneas adicionales B2B|B2B Líneas adicionales S/34.9|1|Bono ilim líneas adicionales V.R.S/ 34.9|Activación MB Internacionales|16/03/2026||
SEGMENTO_004|2028858667|CLIENT_00821|87664306|642938857|N|Movil Abierto|28/11/2025|Activo|Pedido de Cliente|M4|Abierto líneas adicionales B2B|B2B Líneas adicionales S/34.9|1|Bono ilim líneas adicionales V.R.S/ 34.9|Activación MB Internacionales|26/11/2025||
SEGMENTO_004|2028858667|CLIENT_00821|87664306|851638857|N|Movil Abierto|28/11/2025|Activo|Pedido de Cliente|M4|Abierto líneas adicionales B2B|B2B Líneas adicionales S/34.9|1|Bono ilim líneas adicionales V.R.S/ 34.9|Activación MB Internacionales|25/06/2026||
SEGMENTO_004|2028858667|CLIENT_00821|87664306|786348857|N|Movil Abierto|28/11/2025|Activo|Pedido de Cliente|M4|Abierto líneas adicionales B2B|B2B Líneas adicionales S/34.9|1|Bono ilim líneas adicionales V.R.S/ 34.9|Activación MB Internacionales|26/11/2025||
SEGMENTO_004|2028858667|CLIENT_00821|87664306|461448857|N|Movil Abierto|28/11/2025|Activo|Pedido de Cliente|M4|Abierto líneas adicionales B2B|B2B Líneas adicionales S/34.9|1|Bono ilim líneas adicionales V.R.S/ 34.9|Activación MB Internacionales|26/11/2025||
SEGMENTO_004|2028858667|CLIENT_00821|87664306|961448857|N|Movil Abierto|28/11/2025|Activo|Pedido de Cliente|M4|Abierto líneas adicionales B2B|B2B Líneas adicionales S/34.9|1|Bono ilim líneas adicionales V.R.S/ 34.9|Activación MB Internacionales|26/11/2025||
SEGMENTO_004|2028858667|CLIENT_00821|87664306|100248857|N|Movil Abierto|28/11/2025|Activo|Pedido de Cliente|M4|Abierto líneas adicionales B2B|B2B Líneas adicionales S/34.9|1|Bono ilim líneas adicionales V.R.S/ 34.9|Activación MB Internacionales|26/11/2025||
SEGMENTO_004|2028858667|CLIENT_00821|87664306|771448857|N|Movil Abierto|28/11/2025|Activo|Pedido de Cliente|M4|Abierto líneas adicionales B2B|B2B Líneas adicionales S/39.9|1|Bono ilim líneas adicionales V.R.S/ 39.9|Activación MB Internacionales|26/11/2025||
SEGMENTO_004|2028858667|CLIENT_00821|87664306|371448857|N|Movil Abierto|28/11/2025|Activo|Pedido de Cliente|M4|Abierto líneas adicionales B2B|B2B Líneas adicionales S/34.9|1|Bono ilim líneas adicionales V.R.S/ 34.9|Activación MB Internacionales|26/11/2025||
SEGMENTO_004|2028858667|CLIENT_00821|87664306|879148857|N|Movil Abierto|28/11/2025|Activo|Pedido de Cliente|M4|Abierto líneas adicionales B2B|B2B Líneas adicionales S/34.9|1|Bono ilim líneas adicionales V.R.S/ 34.9|Activación MB Internacionales|26/11/2025||
SEGMENTO_004|2028858667|CLIENT_00821|87664306|110248857|N|Movil Abierto|28/11/2025|Activo|Pedido de Cliente|M4|Abierto líneas adicionales B2B|B2B Líneas adicionales S/34.9|1|Bono ilim líneas adicionales V.R.S/ 34.9|Activación MB Internacionales|26/11/2025||
SEGMENTO_004|2028858667|CLIENT_00821|87664306|300248857|N|Movil Abierto|28/11/2025|Activo|Pedido de Cliente|M4|Abierto líneas adicionales B2B|B2B Líneas adicionales S/34.9|1|Bono ilim líneas adicionales V.R.S/ 34.9|Activación MB Internacionales|26/11/2025||
SEGMENTO_004|2028858667|CLIENT_00821|87664306|379148857|N|Movil Abierto|28/11/2025|Activo|Pedido de Cliente|M4|Abierto líneas adicionales B2B|B2B Líneas adicionales S/34.9|1|Bono ilim líneas adicionales V.R.S/ 34.9|Activación MB Internacionales|26/11/2025||
SEGMENTO_004|2028858667|CLIENT_00821|87664306|340248857|N|Movil Abierto|28/11/2025|Activo|Pedido de Cliente|M4|Abierto líneas adicionales B2B|B2B Líneas adicionales S/34.9|1|Bono ilim líneas adicionales V.R.S/ 34.9|Activación MB Internacionales|26/11/2025||
SEGMENTO_004|2011020714|CLIENT_00404|685639431|280877957|N|Movil Control|20/10/2017|Activo|Cambio de Titularidad APC|Equipo|Control Movistar Libre|Plan Mi Movistar S/29.9 VII|||Activación MB Internacionales|27/01/2026||
SEGMENTO_004|2008733174|CLIENT_00190|189280821|614471947|N|Movil Abierto|23/11/2021|Activo|Pedido de Cliente|Equipo|Abierto Elige Todo Emp RD|B2B Movistar Empresas S/82.9|||Activación MB Internacionales|11/09/2024|10/03/2026|18
SEGMENTO_004|2008733174|CLIENT_00190|189280821|614471947|N|Movil Abierto|03/02/1997|Activo|Pedido de Cliente|Equipo|Abierto Elige Todo Emp RD|B2B Movistar Empresas S/199.9|||Activación MB Internacionales|11/09/2024|10/03/2026|18
SEGMENTO_004|2008733174|CLIENT_00190|189280821|614471947|N|Movil Abierto|30/12/2014|Activo|Pedido de Cliente|Equipo|Abierto Elige Todo Emp RD|B2B Movistar Empresas S/99.9||||11/09/2024|10/03/2026|18
SEGMENTO_004|2008733174|CLIENT_00190|189280821|614471947|N|Movil Abierto|01/10/2015|Activo|Pedido de Cliente|Equipo|Abierto Elige Todo Emp RD|B2B Movistar Empresas S/99.9|||Activación MB Internacionales|11/09/2024|10/03/2026|18
SEGMENTO_004|2008733174|CLIENT_00190|189280821|614471947|N|Movil Abierto|30/12/2014|Activo|Pedido de Cliente|Equipo|Abierto Elige Todo Emp RD|B2B Movistar Empresas S/62.9|||Activación MB Internacionales|11/09/2024|10/03/2026|18
SEGMENTO_004|2008733174|CLIENT_00190|189280821|614471947|N|Movil Abierto|16/12/2013|Activo|Pedido de Cliente|Equipo|Abierto Elige Todo Emp RD|B2B Movistar Empresas S/199.9|||Activación MB Internacionales|11/09/2024|10/03/2026|18
SEGMENTO_004|2088352056|CLIENT_00309|539747421|726472347|N|Movil Abierto|16/06/2022|Activo|Cambio de Titularidad APC|M4|Abierto Elige Todo Emp RD|B2B Movistar Empresas S/42.9|1|Descuento de 50% al plan x 12 meses|Activación MB Internacionales|26/01/2026||
SEGMENTO_004|2088352056|CLIENT_00309|894647421|036472347|N|Movil Abierto|16/06/2022|Activo|Cambio de Titularidad APC|M4|Abierto Elige Todo Emp RD|B2B Movistar Empresas S/42.9|1|Descuento de 50% al plan x 12 meses|Activación MB Internacionales|26/01/2026||
SEGMENTO_004|2093365484|CLIENT_00200|46430575|316714617|N|Movil Control|07/01/2020|Activo|Negociación Equipo y/o SimCard|Equipo|Control Movistar Libre|Plan Ilimitado Mi Movistar S/82.9 IP|1|Descuento de 20% al plan x 12 meses|Activación MB Internacionales|28/02/2025|27/02/2026|12
SEGMENTO_004|2037021331|CLIENT_00121|22275575|379930983|N|Movil Abierto|03/12/2013|Activo|Pedido de Cliente|Equipo|Abierto Elige Todo Emp RD|B2B Movistar Empresas S/42.9|||Activación MB Internacionales|19/06/2021|18/12/2022|18
SEGMENTO_004|2037021331|CLIENT_00121|22275575|379930983|N|Movil Abierto|13/08/2015|Activo|Pedido de Cliente|Equipo|Abierto Elige Todo Emp RD|B2B Movistar Empresas S/42.9|||Activación MB Internacionales|19/06/2021|18/12/2022|18
SEGMENTO_004|2037021331|CLIENT_00121|22275575|379930983|N|Movil Abierto|03/12/2013|Activo|Pedido de Cliente|Equipo|Abierto Elige Todo Emp RD|B2B Movistar Empresas S/42.9|||Activación MB Internacionales|19/06/2021|18/12/2022|18
SEGMENTO_004|2037021331|CLIENT_00121|22275575|379930983|N|Movil Abierto|03/12/2013|Activo|Pedido de Cliente|Equipo|Abierto Elige Todo Emp RD|B2B Movistar Empresas S/42.9|||Activación MB Internacionales|19/06/2021|18/12/2022|18
SEGMENTO_004|2037021331|CLIENT_00121|22275575|379930983|N|Movil Abierto|03/12/2013|Activo|Pedido de Cliente|Equipo|Abierto Elige Todo Emp RD|B2B Movistar Empresas S/42.9|||Activación MB Internacionales|19/06/2021|18/12/2022|18
SEGMENTO_004|2037021331|CLIENT_00121|22275575|379930983|N|Movil Abierto|03/12/2013|Activo|Pedido de Cliente|Equipo|Abierto Elige Todo Emp RD|B2B Movistar Empresas S/42.9|||Activación MB Internacionales|19/06/2021|18/12/2022|18
SEGMENTO_004|2037021331|CLIENT_00121|22275575|379930983|N|Movil Abierto|03/12/2013|Activo|Pedido de Cliente|Equipo|Abierto Elige Todo Emp RD|B2B Movistar Empresas S/42.9|||Activación MB Internacionales|19/06/2021|18/12/2022|18
SEGMENTO_004|2088412995|CLIENT_00410|87777575|763541601|N|Movil Control|12/09/2019|Activo|Cobranza Manual con Cargo|Equipo|Control Planta CORP|Plan Elige más S/ 62.90||||09/11/2024||
SEGMENTO_004|2045396307|CLIENT_00536|93721575|998989401|N|Movil Abierto|13/09/2018|Activo|Pedido de Cliente|Equipo|Abierto Elige Todo Emp RD|Plan Elige Todo+ S/ 115.90|1|Bono Duplica Neg 115.90x12m(VR S/98.22)||13/09/2018|13/03/2020|18
SEGMENTO_004|2045396307|CLIENT_00536|93721575|367487401|N|Movil Abierto|21/08/2018|Activo|Pedido de Cliente|Equipo|Abierto Elige Todo Emp RD|B2B Movistar Empresas S/39.9 IV|||Activación MB Internacionales|23/04/2025||
SEGMENTO_004|2052009555|CLIENT_00491|53863575|854401443|N|Movil Abierto|13/02/2012|Activo|Pedido de Cliente|Equipo|Abierto Elige Todo Emp|Plan Elige Todo + S/ 77.90||||22/04/2019|22/10/2020|18
SEGMENTO_004|2052009555|CLIENT_00491|53863575|663401443|N|Movil Abierto|13/02/2012|Activo|Negociación Equipo y/o SimCard|Equipo|Abierto Elige Todo Emp RD|Plan Elige Todo+ S/ 77.90 II||||23/02/2024||
SEGMENTO_004|2052009555|CLIENT_00491|34863575|160706563|N|Movil Abierto|28/05/2014|Activo|Pedido de Cliente|Equipo|Abierto Elige Todo Emp RD|B2B Movistar Empresas S/99.9 IV|||Activación MB Internacionales|05/04/2025||
SEGMENTO_004|2052009555|CLIENT_00491|53863575|609978353|N|Movil Control|13/03/2013|Activo|Pedido de Cliente|Equipo|Control Elige Todo Emp con Roaming|Plan Elige Todo + C S/ 66.9|1|Descuento de 50% al plan||28/08/2019|28/02/2021|18
SEGMENTO_004|2052009555|CLIENT_00491|53863575|683401443|N|Movil Abierto|13/02/2012|Activo|Pedido de Cliente|Equipo|Abierto Elige Todo Emp RD|Plan Elige Todo+ S/ 77.90 II||||07/11/2024||
SEGMENTO_004|2087856323|CLIENT_00453|305469511|961094627|N|Movil Abierto|08/01/2021|Activo|Cambio de Titularidad APC|Equipo|Abierto Elige Todo Emp RD|B2B Movistar Empresas S/42.9|1|Descuento de 20% al plan x 12 meses|Activación MB Internacionales|26/05/2026||
SEGMENTO_004|2045850656|CLIENT_00652|50693706|837264947|N|Movil Abierto|26/09/2024|Activo|Pedido de Cliente|M4|Abierto Elige Todo Emp RD|B2B Movistar Empresas S/199.9|||Activación MB Internacionales|25/09/2024||
SEGMENTO_004|2024388948|CLIENT_00436|41977575|447751601|N|Movil Abierto|27/09/2019|Activo|Negociación Equipo y/o SimCard|Equipo|Abierto Elige Todo Emp RD|Plan Elige Todo+ S/ 56.90||||21/04/2022|20/10/2023|18
SEGMENTO_004|2097068950|CLIENT_00228|07000575|697680803|N|Movil Abierto|13/01/2006|Suspendido|Robo - Equipo y simcard|Equipo|Abierto Elige Todo Emp RD|Mi Movistar Empresas S/ 66.9|||Activación MB Internacionales|10/11/2024||
SEGMENTO_004|2097068950|CLIENT_00228|07000575|297680803|N|Movil Abierto|13/01/2006|Activo|Pedido de Cliente|Equipo|Abierto Elige Todo Emp RD|B2B Movistar Empresas S/49.9 IV|1|Descuento de 50% al plan x 12 meses|Activación MB Internacionales|16/01/2025|15/01/2026|12
SEGMENTO_004|2085903598|CLIENT_00188|377600331|663396657|N|Movil Abierto|07/08/2025|Activo|Pedido de Cliente|M4|Abierto líneas adicionales B2B|B2B Líneas adicionales S/39.9|1|Bono ilim líneas adicionales V.R.S/ 39.9|Activación MB Internacionales|06/08/2025||
SEGMENTO_004|2085903598|CLIENT_00188|665256511|453496657|N|Movil Abierto|08/08/2025|Activo|Pedido de Cliente|M4|Abierto Elige Todo Emp RD|B2B Movistar Empresas S/ 79.9 IV|||Activación MB Internacionales|05/08/2025||
SEGMENTO_004|2085903598|CLIENT_00188|377600331|938296657|N|Movil Abierto|07/08/2025|Activo|Pedido de Cliente|M4|Abierto líneas adicionales B2B|B2B Líneas adicionales S/39.9|1|Bono ilim líneas adicionales V.R.S/ 39.9||06/08/2025||
SEGMENTO_004|2034148976|CLIENT_00370|82556575|922762301|N|Movil Abierto|15/04/2018|Activo|Pedido de Cliente|Equipo|Abierto Elige Todo Emp RD|Mi Movistar Empresas S/ 82.9|||Activación MB Internacionales|28/03/2021||
SEGMENTO_004|2068272028|CLIENT_00792|08726575|286821993|N|Movil Control|05/11/2017|Activo|Negociación Equipo y/o SimCard|Equipo|Control Elige + CORP|Plan Elige más S/51.9||||12/02/2024|11/08/2024|6
SEGMENTO_004|2083087437|CLIENT_00371|118091211|812820337|N|Movil Control|04/08/2022|Activo|Pedido de Cliente|M4|Control Movistar Libre|RV Plan Mi Movistar S/36.9 IP26|||Activación MB Internacionales|15/08/2023||
SEGMENTO_004|2031682801|CLIENT_00220|745363821|953106947|N|Movil Abierto|10/04/2024|Activo|Cambio de Titularidad APC|Equipo|Abierto Elige Todo Emp RD|B2B Movistar Empresas S/52.9|||Activación MB Internacionales|09/04/2024|08/04/2025|12
SEGMENTO_004|2086977341|CLIENT_00182|602132321|813797847|N|Movil Abierto|22/08/2024|Activo|Pedido de Cliente|M4|Abierto Elige Todo Emp RD|B2B Movistar Empresas S/32|||Activación MB Internacionales|21/08/2024||
SEGMENTO_004|2076902654|CLIENT_00003|00742575|887507517|N|Movil Control|01/12/2019|Activo|Pedido de Cliente|Equipo|Control Movistar Libre|RV Plan Ilimitado Mi Movistar S/82.9 IP|||Activación MB Internacionales|11/11/2022|10/11/2023|12
SEGMENTO_004|2080338247|CLIENT_00934|521923221|756609357|N|Movil Abierto|14/04/2025|Activo|Pedido de Cliente|M4|Abierto líneas adicionales B2B|B2B Líneas adicionales S/39.9|1|Bono ilim líneas adicionales V.R.S/ 39.9|Activación MB Internacionales|14/04/2025||
SEGMENTO_004|2028858667|CLIENT_00821|700649801|375458067|N|Movil Abierto|08/04/2026|Activo|Pedido de Cliente|M4|Abierto líneas adicionales B2B|B2B Líneas adicionales S/34.9|1|Bono ilim líneas adicionales V.R.S/ 34.9||06/04/2026||
SEGMENTO_004|2078675402|CLIENT_00687|842962221|389931837|N|Movil Abierto|29/03/2023|Activo|Pedido de Cliente|M4|Abierto Elige Todo Emp RD|Movistar Empresas S/ 34.9 I|1|Descuento de 30% al plan x 12 meses|Activación MB Internacionales|02/02/2026||
SEGMENTO_004|2005459584|CLIENT_00291|62712575|083730423|N|Movil Abierto|13/01/2009|Activo|Robo - Equipo y simcard|Equipo|Abierto Elige Todo Emp RD|Mi Movistar E S/ 42.9|||Activación MB Internacionales|24/12/2023|23/06/2025|18
SEGMENTO_002|2025935157|CLIENT_00401|323807011|303050817|N|Movil Abierto|22/04/2008|Activo|Cambio de Titularidad APC|Equipo|Abierto Elige Todo Emp|Plan Elige Todo + S/ 129.90|1|Descuento de 70% al plan|Activación MB Internacionales|13/06/2019|13/12/2020|18
SEGMENTO_002|2025935157|CLIENT_00401|323807011|303050817|N|Movil Abierto|19/04/1999|Activo|Cambio de Titularidad APC|Equipo|Abierto Elige Todo Emp RD|B2B Movistar Empresas S/149.9|1|Descuento de 50% al plan x 3 meses|Activación MB Internacionales|07/03/2024|06/09/2025|18
SEGMENTO_004|2084915354|CLIENT_00997|59484575|354365593|N|Movil Abierto|24/05/2017|Corte|Pedido de Cliente|Equipo|Abierto Vuela Empresas BP|Plan Vuela BP S/ 66.9||||24/05/2017||
SEGMENTO_004|2084915354|CLIENT_00997|78484575|644279463|N|Movil Control|06/05/2014|Activo|Pedido de Cliente|M4|Control Elige Todo Planta C sin Roaming|Plan Elige Todo S/ 52.9||||16/10/2019||
SEGMENTO_004|2096452817|CLIENT_00208|27153575|986144453|N|Movil Abierto|04/04/2013|Suspendido|Pedido de Cliente|Equipo|Abierto Elige Todo Emp RD|Plan Elige Todo+ S/ 56.90||||07/06/2019|07/12/2020|18
SEGMENTO_004|2096452817|CLIENT_00208|27153575|762584923|N|Movil Control|17/12/2009|Activo|Pedido de Cliente|M4|Control Elige Todo Emp con Roaming|Plan Elige Todo + C S/ 66.9||||16/10/2019||
SEGMENTO_004|2096452817|CLIENT_00208|27153575|315572113|N|Movil Abierto|26/11/2008|Activo|Pedido de Cliente|Equipo|Abierto Elige Todo Emp RD|Plan Elige Todo+ S/ 56.90||||07/06/2019|07/12/2020|18
SEGMENTO_004|2016438796|CLIENT_00773|780220311|298228347|N|Movil Control|28/12/2023|Activo|Pedido de Cliente|M4|Control Movistar Libre|RV Plan Mi Movistar S/59.9 V|1|Descuento de 20% al plan x 12 meses|Activación MB Internacionales|27/05/2026||
SEGMENTO_004|2019210260|CLIENT_00852|06932575|927387803|N|Movil Abierto|11/04/2006|Activo|Pedido de Cliente|Equipo|Abierto Elige Todo Emp RD|Plan Elige Todo+ S/ 77.9||||06/06/2025||
SEGMENTO_004|2087681453|CLIENT_00859|816856611|507734337|N|Movil Control|23/08/2022|Activo|Pedido de Cliente|Equipo|Control Movistar Libre|RV Plan Mi Movistar S/62.9_IV|||Activación MB Internacionales|12/02/2026|11/08/2027|18
SEGMENTO_004|2087681453|CLIENT_00859|816856611|885634337|N|Movil Control|23/08/2022|Activo|Pedido de Cliente|M4|Control Movistar Libre|RV Plan Mi Movistar S/62.9_IV|||Activación MB Internacionales|09/11/2024||
SEGMENTO_004|2033511601|CLIENT_00117|11430575|385030103|N|Movil Abierto|13/12/1996|Activo|Pedido de Cliente|Equipo|Abierto Elige + CORP|Plan Elige más Ilim S/ 149.90|1|Descuento de 30% al plan x 12 meses||27/01/2026||
SEGMENTO_004|2016142658|CLIENT_00521|71440575|218426103|N|Movil Abierto|18/08/1998|Activo|Pedido de Cliente|Equipo|Abierto Elige Todo Emp RD|Movistar Empresas S/ 34.9 I|1|Descuento de 50% al plan x 12 meses|Activación MB Internacionales|08/09/2023|07/03/2025|18
SEGMENTO_004|2016142658|CLIENT_00521|71440575|539301103|N|Movil Abierto|24/09/1996|Activo|Pedido de Cliente|Equipo|Abierto Elige Todo Emp RD|Movistar Empresas S/ 34.9 I|1|Descuento de 50% al plan x 12 meses|Activación MB Internacionales|08/09/2023|07/03/2025|18
SEGMENTO_004|2016738253|CLIENT_00320|30344575|277349343|N|Movil Abierto|06/02/2012|Activo|Pedido de Cliente|Equipo|Abierto Elige Todo Emp RD|Movistar Empresas S/ 45.9 I|||Activación MB Internacionales|15/05/2023||
SEGMENTO_004|2050504401|CLIENT_00673|462851321|152941047|N|Movil Control|01/07/2023|Activo|Pedido de Cliente|M4|Control Movistar Libre|RV Plan Mi Movistar S/33.9 V|1|Descuento de 20% al plan x 12 meses|Activación MB Internacionales|27/05/2026||
SEGMENTO_004|2088717616|CLIENT_00246|155347221|603152937|N|Movil Control|19/05/2023|Activo|Portabilidad solo SIM|M4|Control Elige Todo Emp con Roaming|Plan Elige Todo + C S/ 31.9|||Activación MB Internacionales|23/07/2024||
SEGMENTO_004|2088717616|CLIENT_00246|155347221|603152937|N|Movil Control|19/05/2023|Activo|Portabilidad solo SIM|M4|Control Elige Todo Emp con Roaming|Plan Elige Todo + C S/ 31.9|||Activación MB Internacionales|09/04/2025||
SEGMENTO_004|2088717616|CLIENT_00246|155347221|603152937|N|Movil Control|19/05/2023|Activo|Portabilidad solo SIM|M4|Control Elige Todo Emp con Roaming|Plan Elige Todo + C S/ 31.9|||Activación MB Internacionales|23/07/2024||
SEGMENTO_004|2081309251|CLIENT_00433|870041721|288955747|N|Movil Abierto|02/07/2024|Activo|Portabilidad solo SIM|M4|Abierto Elige Todo Emp RD|B2B Movistar Empresas S/42.9|||Activación MB Internacionales|15/04/2025||
SEGMENTO_004|2081309251|CLIENT_00433|870041721|288955747|N|Movil Abierto|02/07/2024|Activo|Pedido de Cliente|M4|Abierto Elige Todo Emp RD|B2B Movistar Empresas S/42.9|||Activación MB Internacionales|15/04/2025||
SEGMENTO_004|2081309251|CLIENT_00433|870041721|288955747|N|Movil Abierto|02/07/2024|Activo|Pedido de Cliente|M4|Abierto Elige Todo Emp RD|B2B Movistar Empresas S/42.9|||Activación MB Internacionales|15/04/2025||
SEGMENTO_004|2081309251|CLIENT_00433|870041721|288955747|N|Movil Abierto|02/07/2024|Activo|Pedido de Cliente|M4|Abierto Elige Todo Emp RD|B2B Movistar Empresas S/42.9|||Activación MB Internacionales|15/04/2025||
SEGMENTO_004|2047587904|CLIENT_00534|79590575|314006827|N|Movil Abierto|11/01/2022|Activo|Negociación Equipo y/o SimCard|M4|Abierto Elige Todo Emp RD|Mi Movistar Empresas S/ 52.9_IV|1|Descuento de 50% al plan x 12 meses|Activación MB Internacionales|26/01/2026||
SEGMENTO_004|2047587904|CLIENT_00534|79590575|314006827|N|Movil Abierto|11/01/2022|Activo|Pedido de Cliente|Equipo|Abierto Elige Todo Emp RD|Mi Movistar Empresas S/ 52.9_IV|1|Descuento de 50% al plan x 12 meses|Activación MB Internacionales|03/05/2023|02/11/2024|18
SEGMENTO_004|2072727583|CLIENT_00076|32851575|507475917|N|Movil Abierto|01/10/2020|Activo|Negociación Equipo y/o SimCard|M4|Abierto Elige Todo Emp RD|Mi Movistar Empresas S/ 52.9_I|||Activación MB Internacionales|09/04/2024||
SEGMENTO_004|2072727583|CLIENT_00076|32851575|196475917|N|Movil Abierto|01/10/2020|Activo|Cobranza Manual con Cargo|M4|Abierto Elige Todo Emp RD|Mi Movistar Empresas S/ 82.9|||Activación MB Internacionales|03/06/2024||
SEGMENTO_004|2072727583|CLIENT_00076|32851575|786475917|N|Movil Abierto|01/10/2020|Suspendido|Cobranza - Reactivación Manual sin Cargo|M4|Abierto Elige Todo Emp RD|Mi Movistar Empresas S/ 52.9_I|||Activación MB Internacionales|30/09/2020||
SEGMENTO_004|2072727583|CLIENT_00076|32851575|596475917|N|Movil Abierto|01/10/2020|Activo|Portabilidad solo SIM|M4|Abierto Elige Todo Emp RD|Mi Movistar Empresas S/ 82.9||||09/04/2024||
SEGMENTO_004|2051341964|CLIENT_00219|50325575|736313473|N|Movil Abierto|22/04/2015|Activo|Pedido de Cliente|Equipo|Abierto Elige Todo Emp RD|B2B Movistar Empresas S/30 IV|1|Descuento de 50% al plan x 12 meses||17/07/2025|16/07/2026|12
SEGMENTO_004|2051341964|CLIENT_00219|50325575|359693401|N|Movil Abierto|05/07/2018|Activo|Negociación Equipo y/o SimCard|Equipo|Abierto Elige Todo Emp RD|B2B Movistar Empresas S/32|1|Descuento de 50% al plan x 12 meses|Activación MB Internacionales|06/04/2021|05/10/2022|18
SEGMENTO_004|2051341964|CLIENT_00219|50325575|499693401|N|Movil Control|05/07/2018|Activo|Pedido de Cliente|Equipo|Control Elige Todo Emp con Roaming|Plan Elige Todo + C S/ 31.9|1|Descuento de 50% al plan x 12 meses|Activación MB Internacionales|16/12/2021|15/06/2023|18
SEGMENTO_004|2054941434|CLIENT_00458|97044575|579613733|N|Movil Control|24/03/2011|Activo|Pedido de Cliente|Equipo|Control Elige Todo Emp con Roaming|Plan Elige Todo + C S/ 66.9|||Activación MB Internacionales|25/10/2018|25/04/2020|18
SEGMENTO_004|2040655923|CLIENT_00296|631280821|847861947|N|Movil Abierto|11/09/2024|Activo|Alta Nueva solo SIM|Equipo|Abierto Elige Todo Emp RD|B2B Movistar Empresas S/49.9 IV|1|Descuento de 50% al plan x 12 meses|Activación MB Internacionales|26/05/2026||
SEGMENTO_004|2040655923|CLIENT_00296|631280821|847861947|N|Movil Abierto|11/09/2024|Activo|Pedido de Cliente|M4|Abierto Elige Todo Emp RD|B2B Movistar Empresas S/30 IV|1|Descuento de 50% al plan x 12 meses|Activación MB Internacionales|26/05/2026||
SEGMENTO_004|2079684847|CLIENT_00889|069212021|780411167|N|Movil Abierto|22/04/2026|Activo|Pedido de Cliente|M4|Abierto líneas adicionales B2B|B2B Líneas adicionales S/34.9|1|Bono ilim líneas adicionales V.R.S/ 34.9|Activación MB Internacionales|21/04/2026||
SEGMENTO_004|2079684847|CLIENT_00889|069212021|162411167|N|Movil Abierto|22/04/2026|Activo|Pedido de Cliente|M4|Abierto líneas adicionales B2B|B2B Líneas adicionales S/34.9|1|Bono ilim líneas adicionales V.R.S/ 34.9|Activación MB Internacionales|21/04/2026||
SEGMENTO_004|2061123522|CLIENT_00748|15196575|052401501|N|Movil Abierto|27/09/2018|Activo|Pedido de Cliente|M4|Abierto Elige Todo Emp RD|B2B Movistar Empresas S/ 69.9 IV|||Activación MB Internacionales|05/12/2025||
SEGMENTO_004|2018400793|CLIENT_00541|97040575|803432393|N|Movil Abierto|08/02/2017|Activo|Pedido de Cliente|Equipo|Abierto Plan Transitorio TD|Plan Transitorio TD||||08/02/2017||
SEGMENTO_004|2018400793|CLIENT_00541|97040575|692432393|N|Movil Abierto|08/02/2017|Activo|Pedido de Cliente|Equipo|Abierto Plan Transitorio TD|Plan Transitorio TD||||08/02/2017||
SEGMENTO_004|2018400793|CLIENT_00541|97040575|756624393|N|Movil Abierto|17/02/2017|Activo|Pedido de Cliente|Equipo|Abierto Plan Transitorio TD|Plan Transitorio TD||||17/02/2017||
SEGMENTO_004|2018400793|CLIENT_00541|97040575|556624393|N|Movil Abierto|17/02/2017|Activo|Pedido de Cliente|Equipo|Abierto Plan Transitorio TD|Plan Transitorio TD||||17/02/2017||
SEGMENTO_004|2018400793|CLIENT_00541|97040575|795432393|N|Movil Abierto|08/02/2017|Activo|Pedido de Cliente|Equipo|Abierto Elige Todo Emp RD|Plan Elige Todo+ S/ 199.90||||08/02/2017||
SEGMENTO_004|2018400793|CLIENT_00541|97040575|891432393|N|Movil Abierto|08/02/2017|Activo|Pedido de Cliente|Equipo|Abierto Plan Transitorio TD|Plan Transitorio TD||||08/02/2017||
SEGMENTO_004|2018400793|CLIENT_00541|97040575|550532393|N|Movil Abierto|08/02/2017|Activo|Pedido de Cliente|Equipo|Abierto Elige Todo Emp RD|Plan Elige Todo+ S/ 139.90||||08/02/2017||
SEGMENTO_004|2018400793|CLIENT_00541|97040575|044432393|N|Movil Abierto|08/02/2017|Activo|Pedido de Cliente|Equipo|Abierto Plan Transitorio TD|Plan Transitorio TD||||08/02/2017||
SEGMENTO_004|2018400793|CLIENT_00541|97040575|124432393|N|Movil Abierto|08/02/2017|Activo|Pedido de Cliente|Equipo|Abierto Plan Transitorio TD|Plan Transitorio TD||||08/02/2017||
SEGMENTO_004|2018400793|CLIENT_00541|97040575|843432393|N|Movil Abierto|08/02/2017|Activo|Pedido de Cliente|Equipo|Abierto Plan Transitorio TD|Plan Transitorio TD||||08/02/2017||
SEGMENTO_004|2018400793|CLIENT_00541|97040575|333432393|N|Movil Abierto|08/02/2017|Activo|Pedido de Cliente|Equipo|Abierto Plan Transitorio TD|Plan Transitorio TD||||08/02/2017||
SEGMENTO_004|2018400793|CLIENT_00541|97040575|256624393|N|Movil Abierto|17/02/2017|Activo|Pedido de Cliente|Equipo|Abierto Plan Transitorio TD|Plan Transitorio TD||||17/02/2017||
SEGMENTO_004|2018400793|CLIENT_00541|97040575|929432393|N|Movil Abierto|08/02/2017|Activo|Pedido de Cliente|Equipo|Abierto Elige Todo Emp RD|Plan Elige Todo+ S/ 199.90||||08/02/2017||
SEGMENTO_004|2018400793|CLIENT_00541|97040575|435432393|N|Movil Abierto|08/02/2017|Activo|Pedido de Cliente|Equipo|Abierto Plan Transitorio TD|Plan Transitorio TD||||08/02/2017||
SEGMENTO_004|2018400793|CLIENT_00541|97040575|784432393|N|Movil Abierto|08/02/2017|Activo|Pedido de Cliente|Equipo|Abierto Plan Transitorio TD|Plan Transitorio TD||||08/02/2017||
SEGMENTO_004|2018400793|CLIENT_00541|97040575|583432393|N|Movil Abierto|08/02/2017|Activo|Pedido de Cliente|Equipo|Abierto Plan Transitorio TD|Plan Transitorio TD||||08/02/2017||
SEGMENTO_004|2018400793|CLIENT_00541|97040575|563432393|N|Movil Abierto|08/02/2017|Activo|Pedido de Cliente|Equipo|Abierto Plan Transitorio TD|Plan Transitorio TD||||08/02/2017||
SEGMENTO_004|2018400793|CLIENT_00541|97040575|382432393|N|Movil Abierto|08/02/2017|Activo|Pedido de Cliente|Equipo|Abierto Plan Transitorio TD|Plan Transitorio TD||||08/02/2017||
SEGMENTO_004|2018400793|CLIENT_00541|97040575|915432393|N|Movil Abierto|08/02/2017|Activo|Pedido de Cliente|Equipo|Abierto Plan Transitorio TD|Plan Transitorio TD||||08/02/2017||
SEGMENTO_004|2018400793|CLIENT_00541|97040575|505432393|N|Movil Abierto|08/02/2017|Activo|Pedido de Cliente|Equipo|Abierto Plan Transitorio TD|Plan Transitorio TD||||08/02/2017||
SEGMENTO_004|2018400793|CLIENT_00541|97040575|412432393|N|Movil Abierto|08/02/2017|Activo|Pedido de Cliente|Equipo|Abierto Plan Transitorio TD|Plan Transitorio TD||||08/02/2017||
SEGMENTO_004|2018400793|CLIENT_00541|97040575|656624393|N|Movil Abierto|17/02/2017|Activo|Pedido de Cliente|Equipo|Abierto Plan Transitorio TD|Plan Transitorio TD||||17/02/2017||
SEGMENTO_004|2018400793|CLIENT_00541|97040575|356624393|N|Movil Abierto|17/02/2017|Activo|Pedido de Cliente|Equipo|Abierto Plan Transitorio TD|Plan Transitorio TD||||17/02/2017||
SEGMENTO_004|2018400793|CLIENT_00541|97040575|128432393|N|Movil Abierto|08/02/2017|Activo|Pedido de Cliente|Equipo|Abierto Elige Todo Emp RD|Plan Elige Todo+ S/ 199.90||||08/02/2017||
SEGMENTO_004|2018400793|CLIENT_00541|97040575|854432393|N|Movil Abierto|08/02/2017|Activo|Pedido de Cliente|Equipo|Abierto Plan Transitorio TD|Plan Transitorio TD||||08/02/2017||
SEGMENTO_004|2062849793|CLIENT_00574|549491531|861761067|N|Movil Abierto|19/02/2026|Activo|Pedido de Cliente|Equipo|Abierto Elige Todo Emp RD|B2B Movistar Empresas S/ 69.9 IV|||Activación MB Internacionales|19/02/2026|18/02/2027|12
SEGMENTO_004|2013887371|CLIENT_00609|53693406|856614047|N|Movil Control|16/07/2023|Activo|Pedido de Cliente|M4|Control Movistar Libre|RV Plan Mi Movistar S/33.9 V|||Activación MB Internacionales|15/07/2023||
SEGMENTO_004|2008268577|CLIENT_00288|58564575|085404303|N|Movil Abierto|24/06/2002|Activo|Pedido de Cliente|Equipo|Abierto Elige Todo Emp RD|B2B Movistar Empresas S/32|||Activación MB Internacionales|05/01/2024||
SEGMENTO_004|2001809758|CLIENT_00443|621170631|096754167|N|Movil Abierto|14/05/2026|Activo|Pedido de Cliente|M4|Abierto Elige Todo Emp RD|B2B Movistar Empresas S/ 69.9 IV|||Activación MB Internacionales|13/05/2026||
SEGMENTO_004|2019373121|CLIENT_00747|36672575|569729501|N|Movil Abierto|04/03/2019|Activo|Pedido de Cliente|Equipo|Abierto Elige Todo Emp RD|Plan Elige Todo+ S/ 56.90||||04/03/2019|04/09/2020|18
SEGMENTO_001|2026242865|CLIENT_00930|09330575|464865627|N|BAM|28/09/2021|Corte|Cobranza - Suspensión Total|Equipo|BAM Empresas|Internet movil_60GB||||24/09/2021|23/09/2022|12
SEGMENTO_001|2026242865|CLIENT_00930|09330575|890009873|N|Movil Abierto|07/06/2018|Activo|Pedido de Cliente|Equipo|Abierto Elige Todo Emp RD|Mi Movistar Empresas_S/ 77.9|||Activación MB Internacionales|25/07/2019|25/07/2020|12
SEGMENTO_001|2026242865|CLIENT_00930|09330575|890009873|N|Movil Abierto|07/06/2018|Activo|Pedido de Cliente|Equipo|Abierto Elige Todo Emp RD|Plan Elige Todo S/ 82.9 I||||07/06/2018|07/12/2019|18
SEGMENTO_001|2026242865|CLIENT_00930|09330575|102357917|N|BAM|01/06/2020|Corte|Cobranza - Suspensión Total|Equipo|BAM Empresas|Internet Movil Alta Capacidad|1|Descuento de 20% al plan||10/05/2021|09/05/2022|12
SEGMENTO_001|2026242865|CLIENT_00930|09330575|106617527|N|BAM|10/08/2021|Corte|Cobranza - Suspensión Total|Equipo|BAM Empresas|Internet movil_60GB||||10/08/2021|09/08/2022|12
SEGMENTO_001|2026242865|CLIENT_00930|09330575|311022327|N|Movil Abierto|05/07/2021|Activo|Pedido de Cliente|Equipo|Abierto Elige Todo Emp RD|Movistar Empresas S/ 34.9 I|||Activación MB Internacionales|20/04/2025||
SEGMENTO_004|2018400793|CLIENT_00541|97040575|562432393|N|Movil Abierto|08/02/2017|Activo|Pedido de Cliente|Equipo|Abierto Plan Transitorio TD|Plan Transitorio TD||||08/02/2017||
SEGMENTO_004|2018400793|CLIENT_00541|97040575|132432393|N|Movil Abierto|08/02/2017|Activo|Pedido de Cliente|Equipo|Abierto Plan Transitorio TD|Plan Transitorio TD||||08/02/2017||
SEGMENTO_004|2018400793|CLIENT_00541|97040575|082532393|N|Movil Abierto|08/02/2017|Activo|Pedido de Cliente|Equipo|Abierto Elige Todo Emp RD|Plan Elige Todo+ S/ 139.90||||08/02/2017||
SEGMENTO_004|2018400793|CLIENT_00541|97040575|641532393|N|Movil Abierto|08/02/2017|Activo|Pedido de Cliente|Equipo|Abierto Elige Todo Emp RD|Plan Elige Todo+ S/ 139.90||||08/02/2017||
SEGMENTO_004|2018400793|CLIENT_00541|97040575|204432393|N|Movil Abierto|08/02/2017|Activo|Pedido de Cliente|Equipo|Abierto Plan Transitorio TD|Plan Transitorio TD||||08/02/2017||
SEGMENTO_004|2018400793|CLIENT_00541|97040575|742432393|N|Movil Abierto|08/02/2017|Activo|Pedido de Cliente|Equipo|Abierto Plan Transitorio TD|Plan Transitorio TD||||08/02/2017||
SEGMENTO_004|2018400793|CLIENT_00541|97040575|061432393|N|Movil Abierto|08/02/2017|Activo|Pedido de Cliente|Equipo|Abierto Plan Transitorio TD|Plan Transitorio TD||||08/02/2017||
SEGMENTO_004|2018400793|CLIENT_00541|97040575|374432393|N|Movil Abierto|08/02/2017|Activo|Pedido de Cliente|Equipo|Abierto Plan Transitorio TD|Plan Transitorio TD||||08/02/2017||
SEGMENTO_004|2018400793|CLIENT_00541|97040575|871432393|N|Movil Abierto|08/02/2017|Activo|Pedido de Cliente|Equipo|Abierto Plan Transitorio TD|Plan Transitorio TD||||08/02/2017||
SEGMENTO_004|2093894628|CLIENT_00356|289769331|710428067|N|Movil Abierto|01/04/2026|Suspendido|Robo - Equipo y simcard|M4|Abierto Elige Todo Emp RD|B2B_movistar Empresas S/.30|||Activación MB Internacionales|31/03/2026||
SEGMENTO_004|2099090721|CLIENT_00528|77113575|259418013|N|Movil Abierto|03/11/2008|Activo|Pedido de Cliente|Equipo|Abierto Elige Todo Emp|Plan Elige Todo + S/ 77.90|||Activación MB Internacionales|19/08/2022||
SEGMENTO_004|2083215398|CLIENT_00564|60960575|779026201|N|Movil Abierto|27/09/2014|Activo|Pedido de Cliente|Equipo|Abierto Elige Todo Emp RD|Plan Elige Todo+ S/ 77.90|1|Descuento de 50% al plan x 12 meses||27/01/2026||
SEGMENTO_004|2083215398|CLIENT_00564|60960575|436925067|N|Movil Abierto|14/03/2026|Activo|Pedido de Cliente|M4|Abierto Elige Todo Emp RD|B2B Movistar Empresas S/30 IV||||13/03/2026||
SEGMENTO_004|2083215398|CLIENT_00564|60960575|779026201|N|Movil Abierto|21/02/2018|Activo|Pedido de Cliente|M4|Abierto Elige Todo Emp RD|Plan Elige Todo+ S/ 56.90|1|Descuento de 50% al plan x 12 meses||27/01/2026||
SEGMENTO_004|2083215398|CLIENT_00564|60960575|779026201|N|Movil Abierto|21/02/2018|Activo|Negociación Equipo y/o SimCard|Equipo|Abierto Elige Todo Emp RD|Plan Elige Todo+ S/ 100.90|1|Descuento de 50% al plan x 12 meses||14/03/2026|13/09/2027|18
SEGMENTO_004|2083215398|CLIENT_00564|60960575|779026201|N|Movil Abierto|07/11/2002|Activo|Negociación Equipo y/o SimCard|Equipo|Abierto Elige Todo Emp RD|Plan Elige Todo+ S/ 100.90||||19/02/2026|18/02/2027|12
SEGMENTO_004|2088688350|CLIENT_00267|03725575|530221601|N|Movil Abierto|14/08/2019|Activo|Pedido de Cliente|Equipo|Abierto Movistar Libre|RV Plan Ilimitado Mi Movistar S/104.9|||Activación MB Internacionales|28/01/2022|27/07/2023|18
SEGMENTO_004|2016739447|CLIENT_00734|124841421|246712247|N|Movil Abierto|14/06/2022|Activo|Cobranza Manual con Cargo|M4|RV Mi Movistar Empresas|RV Mi Movistar Empresas S/ 45.9_I|||Activación MB Internacionales|10/10/2023||
SEGMENTO_004|2053805361|CLIENT_00167|051203231|727735557|N|Movil Abierto|13/06/2025|Activo|Pedido de Cliente|Equipo|Abierto Elige Todo Emp RD|B2B Movistar Empresas S/39.9 IV|||Activación MB Internacionales|13/06/2025|12/06/2026|12
SEGMENTO_004|2053805361|CLIENT_00167|051203231|315635557|N|Movil Abierto|13/06/2025|Activo|Pedido de Cliente|Equipo|Abierto Elige Todo Emp RD|B2B Movistar Empresas S/39.9 IV|||Activación MB Internacionales|13/06/2025|12/06/2026|12
SEGMENTO_004|2084279674|CLIENT_00091|28302575|065643543|N|Movil Abierto|04/04/2012|Corte|Pedido de Cliente|Equipo|Abierto Elige Todo Emp RD|Plan Elige Todo S/ 82.9 I||||05/06/2018|05/12/2019|18
SEGMENTO_002|2090837613|CLIENT_00803|542168021|707978437|N|Movil Abierto|18/09/2019|Activo|Pedido de Cliente|M4|Abierto Elige Todo Emp RD|B2B Movistar Empresas S/32|||Activación MB Internacionales|13/11/2024||
SEGMENTO_002|2090837613|CLIENT_00803|542168021|707978437|N|Movil Abierto|26/03/2024|Activo|Pedido de Cliente|Equipo|Abierto Elige Todo Emp RD|B2B Movistar Empresas S/62.9|||Activación MB Internacionales|25/03/2024|24/09/2025|18
SEGMENTO_002|2090837613|CLIENT_00803|542168021|707978437|N|Movil Abierto|03/02/2025|Activo|Pedido de Cliente|M4|Abierto Elige Todo Emp RD|B2B Movistar Empresas S/119.9 IV|||Activación MB Internacionales|30/01/2025||
SEGMENTO_002|2090837613|CLIENT_00803|542168021|707978437|N|Movil Abierto|30/05/2023|Activo|Pedido de Cliente|Equipo|Abierto Elige Todo Emp RD|B2B Movistar Empresas S/42.9|||Activación MB Internacionales|30/05/2023|29/11/2024|18
SEGMENTO_002|2090837613|CLIENT_00803|542168021|707978437|N|Movil Abierto|18/09/2019|Activo|Pedido de Cliente|M4|Abierto Elige Todo Emp RD|Movistar Empresas S/ 149.9|||Activación MB Internacionales|11/06/2023||
SEGMENTO_002|2090837613|CLIENT_00803|542168021|707978437|N|Movil Abierto|18/09/2019|Activo|Pedido de Cliente|M4|Abierto Elige Todo Emp RD|Movistar Empresas S/ 149.9|||Activación MB Internacionales|18/03/2026||
SEGMENTO_002|2090837613|CLIENT_00803|542168021|707978437|N|Movil Abierto|28/06/2019|Activo|Pedido de Cliente|M4|Abierto Elige Todo Emp RD|B2B Movistar Empresas S/99.9|||Activación MB Internacionales|15/08/2023||
SEGMENTO_004|2045498450|CLIENT_00823|43182575|699473717|N|Movil Abierto|19/06/2009|Activo|Negociación Equipo y/o SimCard|Equipo|Abierto Elige Todo Emp RD|Mi Movistar Empresas S/ 82.9|||Activación MB Internacionales|27/02/2020|26/08/2021|18
SEGMENTO_004|2033817024|CLIENT_00437|974724031|772417257|N|Movil Abierto|25/02/2025|Activo|Pedido de Cliente|M4|Abierto Elige Todo Emp RD|B2B Movistar Empresas S/30 IV|||Activación MB Internacionales|24/02/2025||
SEGMENTO_004|2033817024|CLIENT_00437|974724031|772417257|N|Movil Abierto|25/02/2025|Activo|Pedido de Cliente|M4|Abierto Elige Todo Emp RD|B2B Movistar Empresas S/30 IV|||Activación MB Internacionales|24/02/2025||
SEGMENTO_004|2088706641|CLIENT_00419|86356116|741551606|N|Movil Abierto|25/02/2025|Activo|Cobranza Manual con Cargo|M4|Abierto Elige Todo Emp RD|B2B Movistar Empresas S/ 69.9 IV|||Activación MB Internacionales|03/04/2025||
SEGMENTO_004|2088706641|CLIENT_00419|87007116|449196257|N|Movil Abierto|25/02/2025|Activo|Pedido de Cliente|M4|Abierto Elige Todo Emp RD|B2B Movistar Empresas S/ 69.9 IV|||Activación MB Internacionales|23/02/2025||
SEGMENTO_004|2088706641|CLIENT_00419|87007116|725096257|N|Movil Abierto|25/02/2025|Activo|Pedido de Cliente|M4|Abierto Elige Todo Emp RD|B2B Movistar Empresas S/ 69.9 IV|||Activación MB Internacionales|23/02/2025||
SEGMENTO_004|2088706641|CLIENT_00419|87007116|461196257|N|Movil Abierto|25/02/2025|Activo|Pedido de Cliente|M4|Abierto Elige Todo Emp RD|B2B Movistar Empresas S/ 69.9 IV|||Activación MB Internacionales|23/02/2025||
SEGMENTO_004|2028873503|CLIENT_00053|34531575|800355723|N|Movil Abierto|13/08/2009|Activo|Pedido de Cliente|Equipo|Abierto Elige Todo Emp RD|Plan Elige Todo+ S/ 45.90|1|Descuento de 50% al plan x 12 meses||27/09/2025||
SEGMENTO_004|2028873503|CLIENT_00053|34531575|210355723|N|Movil Control|13/08/2009|Activo|Pedido de Cliente|Equipo|Control Planta CORP|Plan Elige más S/ 42.90|1|Descuento de 50% al plan x 12 meses||27/09/2025||
SEGMENTO_004|2028873503|CLIENT_00053|34531575|210355723|N|Movil Control|13/08/2009|Activo|Pedido de Cliente|Equipo|Control Planta CORP|Plan Elige más S/ 42.90|1|Descuento de 50% al plan x 12 meses||27/09/2025||
SEGMENTO_004|2028873503|CLIENT_00053|34531575|813589923|N|Movil Abierto|14/01/2010|Activo|Pedido de Cliente|Equipo|Abierto Elige Todo Emp RD|Plan Elige Todo+ S/ 45.90|1|Descuento de 50% al plan x 12 meses||10/10/2025||
SEGMENTO_004|2028873503|CLIENT_00053|34531575|813589923|N|Movil Abierto|14/01/2010|Activo|Pedido de Cliente|Equipo|Abierto Elige Todo Emp RD|Plan Elige Todo+ S/ 45.90|1|Descuento de 50% al plan x 12 meses||10/10/2025||
SEGMENTO_004|2028873503|CLIENT_00053|34531575|010924823|N|Movil Control|12/10/2009|Activo|Pedido de Cliente|Equipo|Control Planta CORP|Plan Elige más S/ 42.90|1|Descuento de 50% al plan x 12 meses||27/09/2025||
SEGMENTO_004|2036223175|CLIENT_00279|737207511|285918547|N|Movil Abierto|05/04/2024|Activo|Pedido de Cliente|M4|Abierto Elige Todo Emp RD|B2B Movistar Empresas S/52.9|1|Descuento de 30% al plan x 12 meses|Activación MB Internacionales|02/02/2026||
SEGMENTO_004|2027249828|CLIENT_00172|175639431|395777957|N|Movil Abierto|27/01/2026|Activo|Pedido de Cliente|M4|Abierto Elige Todo Emp RD|B2B Movistar Empresas S/30 IV|||Activación MB Internacionales|26/01/2026||
SEGMENTO_004|2030170496|CLIENT_00469|339091911|641226957|N|Movil Abierto|18/01/2026|Activo|Pedido de Cliente|M4|Abierto Elige Todo Emp RD|B2B Movistar Empresas S/ 79.9 IV|||Activación MB Internacionales|16/01/2026||
SEGMENTO_004|2007774830|CLIENT_00695|367433111|890391917|N|Movil Abierto|04/09/2020|Activo|Alta Nueva solo SIM|M4|Abierto Elige Todo Emp RD|Mi Movistar Empresas S/ 45.9|||Activación MB Internacionales|03/03/2022||
SEGMENTO_004|2007774830|CLIENT_00695|367433111|890391917|N|Movil Abierto|04/09/2020|Activo|Alta Nueva solo SIM|M4|Abierto Elige Todo Emp RD|Mi Movistar Empresas S/ 45.9|||Activación MB Internacionales|03/03/2022||
SEGMENTO_004|2007774830|CLIENT_00695|424360011|519759817|N|Movil Abierto|27/08/2020|Activo|Alta Nueva Solo Linea|Equipo|Abierto Elige Todo Emp RD|Mi Movistar Empresas S/ 82.9|||Activación MB Internacionales|21/08/2020|20/02/2022|18
SEGMENTO_004|2095867314|CLIENT_00095|937784911|240322237|N|Movil Abierto|30/06/2022|Activo|Pedido de Cliente|M4|Abierto Elige Todo Emp RD|Movistar Empresas S/ 41.9 I|1|Descuento de 30% al plan x 12 meses|Activación MB Internacionales|02/02/2026||
SEGMENTO_004|2070952060|CLIENT_00669|159389821|305959657|N|Movil Control|19/08/2025|Activo|Pedido de Cliente|M4|Control Movistar Libre|RV Plan Mi Movistar S/29.9 VII|||Activación MB Internacionales|19/08/2025||
SEGMENTO_002|2081571842|CLIENT_00996|37920575|206538401|N|Movil Abierto|14/10/2020|Activo|Pedido de Cliente|M4|Abierto Elige Todo Emp RD|B2B Movistar Empresas S/49.9 IV|||Activación MB Internacionales|06/05/2025||
SEGMENTO_002|2081571842|CLIENT_00996|37920575|206538401|N|Movil Abierto|17/08/2018|Activo|Pedido de Cliente|Equipo|Abierto Elige Todo Emp RD|B2B Movistar Empresas S/59.9 IV|||Activación MB Internacionales|18/10/2024|17/10/2025|12
SEGMENTO_002|2081571842|CLIENT_00996|37920575|206538401|N|Movil Abierto|17/08/2018|Activo|Pedido de Cliente|Equipo|Abierto Elige Todo Emp RD|B2B Movistar Empresas S/59.9 IV|||Activación MB Internacionales|18/10/2024|17/10/2025|12
SEGMENTO_002|2081571842|CLIENT_00996|37920575|206538401|N|Movil Abierto|17/08/2018|Activo|Pedido de Cliente|Equipo|Abierto Elige Todo Emp RD|B2B Movistar Empresas S/39.9 IV|||Activación MB Internacionales|17/09/2019|17/03/2021|18
SEGMENTO_002|2081571842|CLIENT_00996|37920575|206538401|N|Movil Abierto|17/08/2018|Activo|Pedido de Cliente|Equipo|Abierto Elige Todo Emp RD|B2B Movistar Empresas S/39.9 IV|||Activación MB Internacionales|17/09/2019|17/03/2021|18
SEGMENTO_002|2081571842|CLIENT_00996|37920575|206538401|N|Movil Abierto|17/08/2018|Activo|Negociación Equipo y/o SimCard|Equipo|Abierto Elige Todo Emp RD|B2B Movistar Empresas S/39.9 IV|||Activación MB Internacionales|28/10/2019|27/04/2021|18
SEGMENTO_002|2081571842|CLIENT_00996|37920575|206538401|N|Movil Abierto|17/08/2018|Activo|Pedido de Cliente|Equipo|Abierto Elige Todo Emp RD|B2B Movistar Empresas S/59.9 IV|||Activación MB Internacionales|18/10/2024|17/10/2025|12
SEGMENTO_002|2081571842|CLIENT_00996|37920575|206538401|N|Movil Abierto|17/08/2018|Activo|Pedido de Cliente|Equipo|Abierto Elige Todo Emp RD|B2B Movistar Empresas S/59.9 IV|||Activación MB Internacionales|11/09/2024|10/09/2025|12
SEGMENTO_002|2081571842|CLIENT_00996|37920575|206538401|N|Movil Abierto|17/08/2018|Activo|Pedido de Cliente|Equipo|Abierto Elige Todo Emp RD|B2B Movistar Empresas S/39.9 IV|||Activación MB Internacionales|17/08/2018|17/02/2020|18
SEGMENTO_002|2081571842|CLIENT_00996|37920575|206538401|N|BAM|27/07/2023|Activo|Pedido de Cliente|M4|BAM Empresas|Plan Internet de Teletrabajo S/155||||27/07/2023||
SEGMENTO_002|2081571842|CLIENT_00996|37920575|206538401|N|Movil Abierto|27/02/2024|Activo|Pedido de Cliente|Equipo|Abierto Elige Todo Emp RD|B2B Movistar Empresas S/49.9 IV|||Activación MB Internacionales|26/02/2024|25/08/2025|18
SEGMENTO_002|2081571842|CLIENT_00996|37920575|206538401|N|Movil Abierto|28/09/2020|Activo|Pedido de Cliente|M4|Abierto Elige Todo Emp RD|B2B Movistar Empresas S/49.9 IV|||Activación MB Internacionales|06/05/2025||
SEGMENTO_002|2081571842|CLIENT_00996|37920575|206538401|N|Movil Abierto|28/09/2020|Activo|Pedido de Cliente|M4|Abierto Elige Todo Emp RD|B2B Movistar Empresas S/49.9 IV|||Activación MB Internacionales|06/05/2025||
SEGMENTO_003|2072848608|CLIENT_00545|54962575|818951133|N|Movil Abierto|25/03/2010|Activo|Pedido de Cliente|Equipo|Abierto Vuela Empresas BP|Plan Vuela BP S/ 66.9||||16/10/2019||
SEGMENTO_003|2072848608|CLIENT_00545|54962575|830335233|N|Movil Abierto|17/06/2010|Activo|Pedido de Cliente|Equipo|Abierto Elige Todo Emp RD|Movistar Empresas S/ 41.9 I|1|Descuento de 10% al plan|Activación MB Internacionales|25/04/2025||
SEGMENTO_004|2013284189|CLIENT_00029|623682121|134336757|N|Movil Abierto|21/09/2025|Activo|Pedido de Cliente|M4|Abierto Elige Todo Emp RD|B2B Movistar Empresas S/ 69.9 IV|1|Descuento de 50% al plan x 12 meses||08/11/2025||
SEGMENTO_004|2030044604|CLIENT_00861|672794011|529987917|N|Movil Abierto|05/10/2020|Activo|Pedido de Cliente|Equipo|Abierto Elige Todo Emp RD|Mi Movistar Empresas S/ 52.9_I|||Activación MB Internacionales|05/10/2020|04/04/2022|18
SEGMENTO_004|2060928654|CLIENT_00894|359175021|685159947|N|Movil Control|19/10/2024|Activo|Pedido de Cliente|M4|Control Movistar Libre|Plan Mi Movistar S/39.9 VI|||Activación MB Internacionales|16/09/2025||
SEGMENTO_004|2099839122|CLIENT_00022|54290575|098678303|N|Movil Control|24/02/2003|Activo|Pedido de Cliente|Equipo|Control Caribu Movistar Libre|Plan Ahorro Mi Movistar S/31.9 VI|||Activación MB Internacionales|06/06/2024||
SEGMENTO_004|2072882399|CLIENT_00032|74784575|887794303|N|Movil Abierto|12/08/2002|Activo|Cobranza Manual con Cargo|Equipo|Abierto Elige Todo Emp RD|Plan Elige Todo+ S/ 100.90|1|Descuento de 30% al plan x 12 meses||03/02/2026||
SEGMENTO_004|2044463955|CLIENT_00048|616621911|631351837|N|Movil Control|28/03/2023|Activo|Cobranza Manual con Cargo|Equipo|Control Movistar Libre|RV Plan Mi Movistar S/36.9 IP26|||Activación MB Internacionales|28/03/2023|27/09/2024|18
SEGMENTO_002|2060200980|CLIENT_00350|62740575|530004003|N|Movil Abierto|21/09/1994|Activo|Pedido de Cliente|Equipo|Abierto Elige Todo Emp RD|B2B Movistar Empresas S/99.9|||Activación MB Internacionales|13/03/2024|12/09/2025|18
SEGMENTO_002|2060200980|CLIENT_00350|62740575|304204213|N|Movil Control|05/02/2007|Activo|Pedido de Cliente|Equipo|Control Vuela 4G CORP|Plan Vuela N S/33.9||||21/10/2024||
SEGMENTO_002|2060200980|CLIENT_00350|62740575|101099673|N|Movil Abierto|12/08/2021|Activo|Alta Nueva solo SIM|Equipo|Abierto Elige Todo Emp RD|B2B Movistar Empresas S/52.9|||Activación MB Internacionales|13/03/2024|12/09/2025|18
SEGMENTO_002|2060200980|CLIENT_00350|62740575|354307413|N|Movil Control|12/07/2007|Activo|Pedido de Cliente|Equipo|Control Vuela 4G CORP|Plan Vuela N S/33.9||||21/10/2024||
SEGMENTO_002|2060200980|CLIENT_00350|62740575|730307413|N|Movil Abierto|12/07/2007|Activo|Negociación Equipo y/o SimCard|Equipo|Abierto Elige Todo Emp RD|B2B Movistar Empresas S/99.9|||Activación MB Internacionales|21/03/2024|20/09/2025|18
SEGMENTO_002|2060200980|CLIENT_00350|62740575|337301103|N|Movil Abierto|23/09/1996|Activo|Pedido de Cliente|Equipo|Abierto Elige Todo Emp RD|B2B Movistar Empresas S/52.9|||Activación MB Internacionales|13/03/2024|12/09/2025|18
SEGMENTO_002|2060200980|CLIENT_00350|62740575|281003703|N|Movil Abierto|01/09/2005|Activo|Pedido de Cliente|Equipo|Abierto Elige Todo Emp RD|B2B Movistar Empresas S/52.9|||Activación MB Internacionales|13/03/2024|12/09/2025|18
SEGMENTO_002|2060200980|CLIENT_00350|62740575|884509303|N|Movil Abierto|11/03/2003|Activo|Pedido de Cliente|Equipo|Abierto Elige Todo Emp RD|B2B Movistar Empresas S/52.9|||Activación MB Internacionales|13/03/2024|12/09/2025|18
SEGMENTO_002|2060200980|CLIENT_00350|62740575|074307413|N|Movil Abierto|12/07/2007|Activo|Pedido de Cliente|Equipo|Abierto Elige Todo Emp RD|B2B Movistar Empresas S/52.9|||Activación MB Internacionales|14/03/2024|13/09/2025|18
SEGMENTO_002|2060200980|CLIENT_00350|62740575|210307413|N|Movil Abierto|12/07/2007|Activo|Pedido de Cliente|Equipo|Abierto Elige Todo Emp RD|B2B Movistar Empresas S/52.9|||Activación MB Internacionales|13/03/2024|12/09/2025|18
SEGMENTO_002|2060200980|CLIENT_00350|62740575|114204213|N|Movil Abierto|05/02/2007|Activo|Pedido de Cliente|Equipo|Abierto Elige Todo Emp RD|B2B Movistar Empresas S/52.9|||Activación MB Internacionales|13/03/2024|12/09/2025|18
SEGMENTO_002|2060200980|CLIENT_00350|62740575|390307413|N|Movil Abierto|12/07/2007|Activo|Pedido de Cliente|Equipo|Abierto Elige Todo Emp RD|B2B Movistar Empresas S/52.9|||Activación MB Internacionales|13/03/2024|12/09/2025|18
SEGMENTO_002|2060200980|CLIENT_00350|62740575|340233203|N|Movil Abierto|28/06/2000|Activo|Pedido de Cliente|Equipo|Abierto Elige Todo Emp RD|B2B Movistar Empresas S/52.9|||Activación MB Internacionales|13/03/2024|12/09/2025|18
SEGMENTO_002|2060200980|CLIENT_00350|62740575|616839573|N|Movil Abierto|02/06/2015|Activo|Pedido de Cliente|Equipo|Abierto Elige Todo Emp RD|PLAN ELIGE TODO + S/ 27.9 II|||Activación MB Internacionales|07/01/2021|06/07/2022|18
SEGMENTO_002|2060200980|CLIENT_00350|62740575|316839573|N|Movil Abierto|02/06/2015|Activo|Pedido de Cliente|Equipo|Abierto Elige Todo Emp RD|B2B Movistar Empresas S/52.9|||Activación MB Internacionales|14/03/2024|13/09/2025|18
SEGMENTO_002|2060200980|CLIENT_00350|62740575|718534043|N|Movil Abierto|01/09/2011|Activo|Pedido de Cliente|Equipo|Abierto Elige Todo Emp RD|B2B Movistar Empresas S/52.9|||Activación MB Internacionales|13/03/2024|12/09/2025|18
SEGMENTO_002|2060200980|CLIENT_00350|62740575|498997223|N|Movil Abierto|27/08/2008|Activo|Pedido de Cliente|Equipo|Abierto Elige Todo Emp RD|B2B Movistar Empresas S/52.9|||Activación MB Internacionales|13/03/2024|12/09/2025|18
SEGMENTO_002|2060200980|CLIENT_00350|62740575|416839573|N|Movil Abierto|02/06/2015|Activo|Pedido de Cliente|Equipo|Abierto Elige Todo Emp RD|B2B Movistar Empresas S/52.9|||Activación MB Internacionales|14/03/2024|13/09/2025|18
SEGMENTO_002|2060200980|CLIENT_00350|62740575|101099673|N|Movil Abierto|08/07/2015|Activo|Pedido de Cliente|Equipo|Abierto Elige Todo Emp RD|B2B Movistar Empresas S/52.9|||Activación MB Internacionales|14/03/2024|13/09/2025|18
SEGMENTO_002|2060200980|CLIENT_00350|62740575|232039543|N|Movil Abierto|03/05/2012|Activo|Cobranza Manual con Cargo|Equipo|Abierto Elige Todo Emp RD|B2B Movistar Empresas S/52.9|||Activación MB Internacionales|14/03/2024|13/09/2025|18
SEGMENTO_004|2028873503|CLIENT_00053|34531575|010924823|N|Movil Control|12/10/2009|Activo|Pedido de Cliente|Equipo|Control Planta CORP|Plan Elige más S/ 42.90|1|Descuento de 50% al plan x 12 meses||27/09/2025||
SEGMENTO_004|2028873503|CLIENT_00053|34531575|800355723|N|Movil Abierto|13/08/2009|Activo|Pedido de Cliente|Equipo|Abierto Elige Todo Emp RD|Plan Elige Todo+ S/ 45.90|1|Descuento de 50% al plan x 12 meses||27/09/2025||
SEGMENTO_004|2078721881|CLIENT_00115|304118801|584937417|N|Movil Abierto|31/12/2004|Activo|Cobranza Manual con Cargo|Equipo|Abierto Elige Todo Emp RD|Mi Movistar Empresas S/ 149.9|||Activación MB Internacionales|23/12/2025|22/06/2027|18
SEGMENTO_004|2078721881|CLIENT_00115|304118801|584937417|N|Movil Abierto|31/12/2004|Activo|Cobranza Manual con Cargo|Equipo|Abierto Elige Todo Emp RD|Mi Movistar Empresas S/ 114.9|||Activación MB Internacionales|23/03/2024|22/09/2025|18
SEGMENTO_004|2033591606|CLIENT_00518|75136575|305587993|N|Movil Abierto|05/12/2017|Activo|Pedido de Cliente|M4|Abierto Elige Todo Emp|Plan Elige Todo + S/ 31.9|1|Descuento de 30% al plan x 12 meses||03/02/2026||
SEGMENTO_002|2068624950|CLIENT_00710|57851575|743767433|N|Movil Abierto|21/05/2014|Activo|Cambio de Titularidad APC|Equipo|Abierto Elige Todo Emp RD|B2B Movistar Empresas S/149.9|||Activación MB Internacionales|21/11/2024|20/05/2026|18
SEGMENTO_002|2068624950|CLIENT_00710|57851575|743767433|N|Movil Abierto|23/01/2015|Activo|Pedido de Cliente|Equipo|Abierto Elige Todo Emp RD|Mi Movistar Empresas S/ 90.9|||Activación MB Internacionales|26/07/2022|25/01/2024|18
SEGMENTO_002|2068624950|CLIENT_00710|57851575|743767433|N|Movil Abierto|27/05/2017|Activo|Pedido de Cliente|Equipo|Abierto Elige Todo Emp RD|Movistar Empresas S/ 41.9 I|||Activación MB Internacionales|26/07/2022|25/01/2024|18
SEGMENTO_002|2068624950|CLIENT_00710|57851575|743767433|N|Movil Abierto|20/05/2025|Activo|Pedido de Cliente|Equipo|Abierto Elige Todo Emp RD|B2B Movistar Empresas S/49.9 IV|||Activación MB Internacionales|20/05/2025|19/11/2026|18
SEGMENTO_002|2068624950|CLIENT_00710|57851575|743767433|N|Movil Abierto|18/07/2020|Activo|Pedido de Cliente|Equipo|Abierto Elige Todo Emp RD|B2B Movistar Empresas S/42.9|||Activación MB Internacionales|19/07/2023|18/01/2025|18
SEGMENTO_004|2062666590|CLIENT_00169|19101575|854447403|N|Movil Abierto|15/03/2004|Activo|Pedido de Cliente|Equipo|Abierto Elige Todo Emp RD|B2B Movistar Empresas S/ 72.9|1|Descuento de 30% al plan x 12 meses|Activación MB Internacionales|02/02/2026||
SEGMENTO_004|2005896521|CLIENT_00455|68763575|417909643|N|Movil Control|13/06/2012|Activo|Pedido de Cliente|Equipo|Control Elige Todo Emp con Roaming|Plan Elige Todo + C S/ 77.90|1|Descuento de 50% al plan x 12 meses||27/01/2026||
SEGMENTO_004|2005896521|CLIENT_00455|68763575|444338253|N|Movil Abierto|01/02/2013|Activo|Negociación Equipo y/o SimCard|M4|Abierto Elige Todo Emp|Plan Elige Todo + S/ 77.90||||25/08/2022||
SEGMENTO_004|2005896521|CLIENT_00455|68763575|135767343|N|Movil Abierto|27/01/2012|Activo|Pedido de Cliente|M4|Abierto Elige Todo Emp RD|B2B Movistar Empresas S/42.9|1|Descuento de 50% al plan x 12 meses|Activación MB Internacionales|02/02/2026||
SEGMENTO_004|2060627595|CLIENT_00757|58054575|975284063|N|Movil Abierto|19/11/2013|Activo|Pedido de Cliente|Equipo|Abierto Elige Todo Emp RD|Plan Elige Todo+ S/ 100.90||||15/11/2018|15/05/2020|18
SEGMENTO_004|2041506167|CLIENT_00025|176577131|451085167|N|Movil Abierto|22/05/2026|Activo|Pedido de Cliente|M4|Abierto líneas adicionales B2B|B2B Líneas adicionales S/29.9|1|Bono ilim líneas adicionales V.R.S/ 29.9|Activación MB Internacionales|22/05/2026||
SEGMENTO_004|2041506167|CLIENT_00025|53091575|056319627|N|Movil Abierto|19/10/2021|Activo|Alta Nueva solo SIM|Equipo|Abierto Elige Todo Emp RD|Mi Movistar Empresas S/ 77.9_III||||25/11/2023|24/05/2025|18
SEGMENTO_004|2024608360|CLIENT_00050|588201921|115337057|N|Movil Abierto|28/11/2024|Activo|Pedido de Cliente|Equipo|Abierto Elige Todo Emp RD|B2B Movistar Empresas S/ 72.9|2|Ajuste IP de S/3 x18m RO N°224-2023 B2B ||27/11/2024|26/11/2025|12
SEGMENTO_004|2014689387|CLIENT_00420|813928011|843072817|N|Movil Abierto|15/07/2020|Activo|Alta Nueva solo SIM|Equipo|Abierto Elige Todo Emp RD|Mi Movistar Empresas S/ 52.9_I|||Activación MB Internacionales|13/07/2020|12/01/2022|18
SEGMENTO_004|2014689387|CLIENT_00420|813928011|843072817|N|Movil Abierto|15/07/2020|Activo|Alta Nueva solo SIM|M4|Abierto Elige Todo Emp RD|Mi Movistar Empresas S/ 52.9_I|||Activación MB Internacionales|02/04/2024||
SEGMENTO_004|2059324355|CLIENT_00481|32562575|800810033|N|Movil Abierto|15/01/2010|Activo|Negociación Equipo y/o SimCard|Equipo|Abierto Elige Todo Emp RD|B2B Movistar Empresas S/39.9 IV|||Activación MB Internacionales|15/06/2025||
SEGMENTO_004|2059324355|CLIENT_00481|32562575|555908263|N|Movil Abierto|12/02/2014|Activo|Pedido de Cliente|Equipo|Abierto Elige Todo Emp RD|B2B Movistar Empresas S/39.9 IV|||Activación MB Internacionales|15/06/2025||
SEGMENTO_004|2059324355|CLIENT_00481|32562575|555908263|N|Movil Abierto|12/02/2014|Activo|Pedido de Cliente|Equipo|Abierto Elige Todo Emp RD|B2B Movistar Empresas S/39.9 IV|||Activación MB Internacionales|15/06/2025||
SEGMENTO_004|2059324355|CLIENT_00481|32562575|800810033|N|Movil Abierto|15/01/2010|Activo|Negociación Equipo y/o SimCard|Equipo|Abierto Elige Todo Emp RD|B2B Movistar Empresas S/39.9 IV|||Activación MB Internacionales|15/06/2025||
SEGMENTO_004|2012667521|CLIENT_00300|54607575|313348501|N|Movil Abierto|29/01/2019|Activo|Pedido de Cliente|M4|Abierto Elige Todo Emp RD|Plan Elige Todo+ S/ 56.90|1|Descuento de 30% al plan x 12 meses||03/02/2026||
SEGMENTO_002|2043300039|CLIENT_00704|009206321|070828847|N|Movil Abierto|23/08/2024|Activo|Pedido de Cliente|M4|Abierto Elige Todo Emp RD|B2B Movistar Empresas S/30 IV|||Activación MB Internacionales|02/11/2025||
SEGMENTO_002|2025935157|CLIENT_00401|323807011|303050817|N|Movil Abierto|28/10/2013|Activo|Cambio de Titularidad APC|Equipo|Abierto Elige Todo Emp RD|B2B Movistar Empresas S/82.9|1|Descuento de 50% al plan x 3 meses|Activación MB Internacionales|05/06/2024|04/12/2025|18
SEGMENTO_002|2025935157|CLIENT_00401|323807011|303050817|N|Movil Abierto|19/06/2001|Activo|Cambio de Titularidad APC|Equipo|Abierto Elige Todo Emp RD|Plan Elige Todo+ S/ 115.90|1|Descuento de 70% al plan|Activación MB Internacionales|26/12/2025||
SEGMENTO_002|2025935157|CLIENT_00401|323807011|303050817|N|Movil Abierto|06/06/2024|Activo|Pedido de Cliente|Equipo|Abierto Elige Todo Emp RD|B2B Movistar Empresas S/42.9|||Activación MB Internacionales|05/06/2024|04/12/2025|18
SEGMENTO_004|2009737179|CLIENT_00686|361279031|102535357|N|Movil Control|29/03/2025|Activo|Pedido de Cliente|M4|Control Movistar Libre|RV Plan Mi Movistar S/29.9 VII|1|Descuento de 70% al plan x 12 meses|Activación MB Internacionales|02/02/2026||
SEGMENTO_004|2099316748|CLIENT_00768|55121575|623481403|N|Movil Control|31/07/2003|Activo|Pedido de Cliente|Equipo|Control Elige +|Plan Elige más S/ 104.90 II|||Activación MB Internacionales|19/10/2025|18/10/2026|12
SEGMENTO_004|2093365484|CLIENT_00200|46430575|827069503|N|Movil Control|05/04/2005|Activo|Pedido de Cliente|Equipo|Control Movistar Libre|RV Plan Ilimitado Mi Movistar S/82.9 IP|1|Descuento de 20% al plan x 12 meses|Activación MB Internacionales|27/05/2026||
SEGMENTO_004|2084457504|CLIENT_00941|79350575|803067227|N|Movil Abierto|15/03/2021|Suspendido|Robo - Equipo y simcard|M4|Abierto Elige Todo Emp RD|Mi Movistar Empresas S/ 66.9|1|Descuento de 25% al plan x 12m|Activación MB Internacionales|17/02/2022||
SEGMENTO_004|2084457504|CLIENT_00941|43581416|360833167|N|Movil Abierto|24/06/2026|Activo|Pedido de Cliente|M4|Abierto Elige Todo Emp RD|B2B Movistar Empresas S/99.9 IV|1|Descuento de 50% al plan x 12 meses|Activación MB Internacionales|23/06/2026||
SEGMENTO_004|2084457504|CLIENT_00941|79350575|166392023|N|Movil Abierto|22/04/2000|Activo|Pedido de Cliente|Equipo|Abierto Elige Todo Emp RD|B2B Movistar Empresas S/ 72.9|||Activación MB Internacionales|05/02/2024||
SEGMENTO_004|2076902654|CLIENT_00003|00742575|867628823|N|Movil Control|16/11/2009|Activo|Pedido de Cliente|Equipo|Control Elige Todo Emp con Roaming|Plan Elige Todo + C S/ 77.9||||07/11/2022|06/05/2024|18
SEGMENTO_004|2002657495|CLIENT_00013|87633575|665087043|N|Movil Control|15/09/2011|Activo|Pedido de Cliente|M4|Control Elige Todo Emp con Roaming|Plan Elige Todo + C S/ 66.9||||10/02/2025||
SEGMENTO_004|2002657495|CLIENT_00013|87633575|956087043|N|Movil Abierto|15/09/2011|Activo|Pedido de Cliente|M4|Abierto Elige Todo Emp RD|Plan Elige Todo+ S/ 77.90 II||||10/02/2025||
SEGMENTO_004|2002657495|CLIENT_00013|87633575|456087043|N|Movil Abierto|15/09/2011|Activo|Pedido de Cliente|M4|Abierto Elige Todo Emp RD|Plan Elige Todo+ S/ 56.90||||15/07/2021||
SEGMENTO_004|2058522670|CLIENT_00388|18014575|075617973|N|Movil Control|24/10/2015|Activo|Pedido de Cliente|Equipo|Control Elige Todo Emp con Roaming|Plan Elige Todo + C S/ 149.90|1|Descuento de 30% al plan x 12 meses|Activación MB Internacionales|02/02/2026||
SEGMENTO_004|2031228249|CLIENT_00463|649332521|912571447|N|Movil Abierto|15/01/2024|Activo|Pedido de Cliente|M4|Abierto Elige Todo Emp RD|B2B Movistar Empresas S/32|||Activación MB Internacionales|14/01/2024||
SEGMENTO_004|2021963014|CLIENT_00192|89345575|883265447|N|Movil Abierto|03/02/2024|Activo|Pedido de Cliente|M4|Abierto Elige Todo Emp RD|B2B Movistar Empresas S/ 72.9|||Activación MB Internacionales|02/02/2024||
SEGMENTO_004|2021963014|CLIENT_00192|89345575|465296247|N|Movil Abierto|03/11/2023|Activo|Pedido de Cliente|M4|Abierto Elige Todo Emp RD|B2B Movistar Empresas S/42.9|||Activación MB Internacionales|02/11/2023||
SEGMENTO_004|2021963014|CLIENT_00192|89345575|303701283|N|Movil Control|21/12/2015|Activo|Pedido de Cliente|Equipo|Control Vuela CORP|Plan Vuela S/ 119.9 C||||23/02/2024|22/02/2025|12
SEGMENTO_004|2021963014|CLIENT_00192|89345575|287892337|N|Movil Control|16/08/2022|Activo|Pedido de Cliente|Equipo|Control Movistar Libre|RV Plan Mi Movistar S/36.9 IP26|||Activación MB Internacionales|03/11/2023|02/05/2025|18
SEGMENTO_004|2021963014|CLIENT_00192|89345575|188411917|N|Movil Prepago|29/08/2020|Activo|Pedido de Cliente|Equipo|Prepago Tarifa Unica CORP|||||02/02/2024||
SEGMENTO_004|2070214710|CLIENT_00242|11783575|061961093|N|Movil Abierto|11/03/2021|Activo|Portabilidad Equipo + SIM|Equipo|Abierto Elige Todo Emp RD|Mi Movistar Empresas S/ 56.9||||08/03/2021|07/09/2022|18
SEGMENTO_004|2029817021|CLIENT_00178|69717575|309099501|N|Movil Control|03/04/2019|Activo|Pedido de Cliente|M4|Control Elige + CORP|Plan Elige más S/51.9|1|Descuento de 30% al plan x 12 meses||03/02/2026||
SEGMENTO_002|2025199500|CLIENT_00474|83042575|629980903|N|Movil Control|19/05/2006|Activo|Pedido de Cliente|Equipo|Control Elige + CORP|Plan Elige mas S/ 82.90||||02/09/2020||
SEGMENTO_004|2015648856|CLIENT_00530|08180575|603244403|N|Movil Abierto|06/12/2003|Activo|Pedido de Cliente|Equipo|Abierto Elige Todo Emp RD|B2B Movistar Empresas S/49.9 IV|1|Descuento de 50% al plan x 12 meses|Activación MB Internacionales|15/04/2026||
SEGMENTO_004|2015648856|CLIENT_00530|88180575|033741203|N|Movil Abierto|09/12/1999|Activo|Pedido de Cliente|Equipo|Abierto Elige Todo Emp RD|B2B Movistar Empresas S/49.9 IV|1|Descuento de 50% al plan x 12 meses|Activación MB Internacionales|05/04/2026||
SEGMENTO_004|2087931136|CLIENT_00555|229539621|416642747|N|Movil Abierto|11/06/2024|Activo|Pedido de Cliente|M4|Abierto Elige Todo Emp RD|B2B Movistar Empresas S/42.9|1|Descuento de 20% al plan x 12 meses|Activación MB Internacionales|26/05/2026||
SEGMENTO_004|2097068950|CLIENT_00228|07000575|366960803|N|Movil Abierto|10/01/2006|Activo|Pedido de Cliente|Equipo|Abierto Elige Todo Emp RD|B2B Movistar Empresas S/49.9 IV|1|Descuento de 50% al plan x 12 meses|Activación MB Internacionales|26/01/2026||
SEGMENTO_004|2097068950|CLIENT_00228|07000575|528931003|N|Movil Abierto|23/08/2006|Suspendido|Pérdida - Equipo y simcard|Equipo|Abierto Elige Todo Emp RD|Mi Movistar Empresas S/ 82.9|||Activación MB Internacionales|05/04/2021||
SEGMENTO_004|2097068950|CLIENT_00228|07000575|262897373|N|Movil Abierto|08/04/2015|Activo|Pedido de Cliente|Equipo|Abierto Elige Todo Emp RD|B2B Movistar Empresas S/49.9 IV|1|Descuento de 50% al plan x 12 meses|Activación MB Internacionales|26/01/2026||
SEGMENTO_004|2005090949|CLIENT_00830|731945331|979976857|N|Movil Abierto|31/10/2025|Activo|Reinstalacion APC|Equipo|Abierto Elige Todo Emp RD|B2B_movistar Empresas S/.30|1|Descuento de 20% al plan x 12 meses|Activación MB Internacionales|31/10/2025|14/11/2025|12
SEGMENTO_004|2005090949|CLIENT_00830|731945331|979976857|N|Movil Abierto|31/10/2025|Activo|Reinstalacion APC|Equipo|Abierto Elige Todo Emp RD|B2B_movistar Empresas S/.30|1|Descuento de 20% al plan x 12 meses|Activación MB Internacionales|31/10/2025|14/11/2025|12
SEGMENTO_002|2059931462|CLIENT_00106|195771431|970426857|N|Movil Abierto|14/11/2025|Activo|Pedido de Cliente|M4|Abierto Elige Todo Emp RD|B2B_movistar Empresas S/.39.9|||Activación MB Internacionales|13/11/2025||
SEGMENTO_002|2059931462|CLIENT_00106|195771431|970426857|N|Movil Abierto|14/11/2025|Activo|Pedido de Cliente|M4|Abierto Elige Todo Emp RD|B2B_movistar Empresas S/.39.9|||Activación MB Internacionales|13/11/2025||
SEGMENTO_002|2059931462|CLIENT_00106|195771431|970426857|N|Movil Abierto|14/11/2025|Activo|Pedido de Cliente|M4|Abierto Elige Todo Emp RD|B2B Movistar Empresas S/49.9 IV|||Activación MB Internacionales|13/11/2025||
SEGMENTO_002|2059931462|CLIENT_00106|195771431|970426857|N|Movil Abierto|14/11/2025|Activo|Pedido de Cliente|M4|Abierto Elige Todo Emp RD|B2B_movistar Empresas S/.39.9|||Activación MB Internacionales|13/11/2025||
SEGMENTO_002|2059931462|CLIENT_00106|195771431|970426857|N|Movil Abierto|14/11/2025|Activo|Pedido de Cliente|M4|Abierto Elige Todo Emp RD|B2B_movistar Empresas S/.39.9|||Activación MB Internacionales|13/11/2025||
SEGMENTO_002|2059931462|CLIENT_00106|195771431|970426857|N|Movil Abierto|14/11/2025|Activo|Pedido de Cliente|M4|Abierto Elige Todo Emp RD|B2B_movistar Empresas S/.39.9|||Activación MB Internacionales|13/11/2025||
SEGMENTO_004|2025969955|CLIENT_00430|138477221|459982937|N|Movil Abierto|08/06/2023|Activo|Portabilidad solo SIM|M4|Abierto Elige Todo Emp RD|B2B Movistar Empresas S/ 72.9|||Activación MB Internacionales|10/11/2024||
SEGMENTO_004|2025969955|CLIENT_00430|138477221|459982937|N|Movil Abierto|08/06/2023|Activo|Portabilidad solo SIM|M4|Abierto Elige Todo Emp RD|B2B Movistar Empresas S/ 72.9|||Activación MB Internacionales|10/11/2024||
SEGMENTO_004|2086906355|CLIENT_00933|23560575|143172533|N|Movil Control|30/11/2010|Activo|Pedido de Cliente|Equipo|Control Planta CORP|Plan Elige más S/ 72.90|1|Descuento de 30% al plan x 12 meses||03/02/2026||
SEGMENTO_004|2053555214|CLIENT_00159|963595521|059748447|N|Movil Abierto|17/02/2024|Activo|Pedido de Cliente|M4|Abierto Elige Todo Emp RD|B2B Movistar Empresas S/ 72.9|||Activación MB Internacionales|15/02/2024||
SEGMENTO_004|2082647868|CLIENT_00292|88402006|619903057|N|Movil Abierto|07/11/2024|Activo|Pedido de Cliente|Equipo|Abierto Elige Todo Emp RD|B2B Movistar Empresas S/ 72.9|2|Descuento de 50% al plan x 12 meses|Activación MB Internacionales|07/11/2024|06/11/2025|12
SEGMENTO_004|2006477444|CLIENT_00815|46031575|868897423|N|Movil Abierto|11/03/2009|Activo|Pedido de Cliente|Equipo|Abierto Elige Todo Emp RD|B2B Movistar Empresas S/ 77.9|1|Descuento de 30% al plan x 12 meses|Activación MB Internacionales|27/02/2026||
SEGMENTO_004|2006477444|CLIENT_00815|10405516|624523957|N|Movil Abierto|30/12/2025|Activo|Pedido de Cliente|M4|Abierto Elige Todo Emp RD|B2B Movistar Empresas S/ 69.9 IV|1|Descuento de 20% al plan x 12 meses|Activación MB Internacionales|17/06/2026||
SEGMENTO_004|2002500138|CLIENT_00445|92763575|382891443|N|Movil Abierto|21/02/2012|Activo|Pedido de Cliente|Equipo|Abierto Elige Todo Emp RD|B2B Movistar Empresas S/37.9|||Activación MB Internacionales|24/04/2025||
SEGMENTO_004|2002500138|CLIENT_00445|92763575|582891443|N|Movil Abierto|21/02/2012|Activo|Pedido de Cliente|Equipo|Abierto Elige Todo Emp RD|B2B Movistar Empresas S/37.9|||Activación MB Internacionales|24/04/2025||
SEGMENTO_004|2010586766|CLIENT_00495|68430995|810619857|N|Movil Abierto|01/12/2025|Activo|Pedido de Cliente|Equipo|Abierto Elige Todo Emp RD|B2B Movistar Empresas S/30 IV|||Activación MB Internacionales|01/12/2025|30/11/2026|12
SEGMENTO_004|2013237934|CLIENT_00303|80790575|138430103|N|Movil Abierto|12/12/1996|Activo|Equipo y Simcard - Robado, Perdido, Hurtado|Equipo|Abierto Elige Todo Emp RD|Mi Movistar Empresas S/ 82.9|1|Descuento de 50% al plan x 12 meses|Activación MB Internacionales|09/09/2022|08/03/2024|18
SEGMENTO_004|2013237934|CLIENT_00303|80790575|115374103|N|Movil Abierto|19/03/1998|Activo|Pedido de Cliente|Equipo|Abierto Elige Todo Emp RD|Mi Movistar Empresas S/ 104.9|1|Descuento de 50% al plan x 12 meses|Activación MB Internacionales|16/01/2021|15/07/2022|18
SEGMENTO_004|2085048217|CLIENT_00031|120124111|039509527|N|Movil Abierto|21/08/2021|Activo|Pedido de Cliente|M4|Abierto Elige Todo Emp RD|Mi Movistar Empresas S/ 41.9 II|||Activación MB Internacionales|21/03/2023||
SEGMENTO_004|2085048217|CLIENT_00031|120124111|919509527|N|Movil Abierto|21/08/2021|Suspendido|Robo - Equipo y simcard|M4|Abierto Elige Todo Emp RD|Mi Movistar Empresas S/ 41.9 II|||Activación MB Internacionales|21/03/2023||
SEGMENTO_004|2076939161|CLIENT_00387|95100575|148103303|N|Movil Control|10/05/2002|Activo|Cobranza Manual con Cargo|Equipo|Control Elige + CORP|Plan Elige más S/ 104.90 II||||05/04/2021|04/10/2022|18
SEGMENTO_004|2029095052|CLIENT_00476|039297221|230583457|N|Movil Abierto|01/05/2025|Activo|Pedido de Cliente|Equipo|Abierto Elige Todo Emp RD|B2B Movistar Empresas S/ 69.9 IV|||Activación MB Internacionales|30/04/2025|29/04/2026|12
SEGMENTO_004|2029095052|CLIENT_00476|039297221|313146857|N|Movil Abierto|17/11/2025|Activo|Pedido de Cliente|M4|Abierto líneas adicionales B2B|B2B Líneas adicionales S/29.9|1|Bono ilim líneas adicionales V.R.S/ 29.9||14/11/2025||
SEGMENTO_004|2029095052|CLIENT_00476|039297221|113146857|N|Movil Abierto|17/11/2025|Activo|Pedido de Cliente|M4|Abierto líneas adicionales B2B|B2B Líneas adicionales S/29.9|1|Bono ilim líneas adicionales V.R.S/ 29.9||29/01/2026||
SEGMENTO_004|2096608121|CLIENT_00272|25824575|763551601|N|Movil Control|25/09/2019|Activo|Pedido de Cliente|M4|Control Elige Todo Planta C sin Roaming|Plan Control S/ 10.00||||08/02/2022||
SEGMENTO_004|2034304441|CLIENT_00500|52157575|789975857|N|Movil Abierto|12/11/2025|Activo|Pedido de Cliente|M4|Abierto Elige Todo Emp RD|B2B Movistar Empresas S/39.9 IV|||Activación MB Internacionales|10/11/2025||
SEGMENTO_004|2030202496|CLIENT_00885|814728801|697831837|N|Movil Abierto|25/10/2019|Corte|Cobranza - Suspensión Total|M4|Abierto Elige Todo Emp RD|Plan Elige Todo+ S/ 56.90|||Activación MB Internacionales|28/01/2026||
SEGMENTO_002|2004755252|CLIENT_00017|07004575|131851673|N|Movil Abierto|09/11/2021|Activo|Pedido de Cliente|M4|Abierto Elige Todo Emp RD|Mi Movistar Empresas S/ 149.9|||Activación MB Internacionales|16/10/2025||
SEGMENTO_004|2044366286|CLIENT_00796|44436575|800127001|N|Movil Abierto|11/01/2018|Activo|Pedido de Cliente|M4|Abierto Elige Todo Emp RD|Movistar Empresas S/ 52.9 I|1|Descuento de 30% al plan x 12 meses|Activación MB Internacionales|26/01/2026||
SEGMENTO_004|2057100089|CLIENT_00499|96123575|721918001|N|Movil Abierto|15/01/2018|Activo|Pedido de Cliente|Equipo|Abierto Elige Todo Emp RD|Ilimitado Mi Movistar E S/90.9|||Activación MB Internacionales|14/11/2019|13/05/2020|6
SEGMENTO_004|2039660724|CLIENT_00161|784058921|020819157|N|Movil Abierto|29/01/2025|Activo|Alta Nueva solo SIM|M4|Abierto Elige Todo Emp RD|B2B Movistar Empresas S/ 69.9 IV|||Activación MB Internacionales|26/03/2025||
SEGMENTO_004|2039660724|CLIENT_00161|784058921|020819157|N|Movil Control|30/01/2025|Activo|Alta Nueva solo SIM|M4|Control Elige Todo Planta C sin Roaming|Plan Control S/ 10.00|||Activación MB Internacionales|16/03/2025||
SEGMENTO_004|2039660724|CLIENT_00161|784058921|020819157|N|Movil Control|30/01/2025|Activo|Alta Nueva solo SIM|M4|Control Elige Todo Planta C sin Roaming|Plan Control S/ 10.00|||Activación MB Internacionales|16/03/2025||
SEGMENTO_004|2039660724|CLIENT_00161|784058921|020819157|N|Movil Abierto|31/01/2025|Activo|Alta Nueva solo SIM|M4|Abierto Elige Todo Emp RD|B2B Movistar Empresas S/ 69.9 IV|||Activación MB Internacionales|16/03/2025||
SEGMENTO_004|2039660724|CLIENT_00161|784058921|020819157|N|Movil Abierto|31/01/2025|Activo|Alta Nueva solo SIM|M4|Abierto Elige Todo Emp RD|B2B Movistar Empresas S/ 69.9 IV|||Activación MB Internacionales|16/03/2025||
SEGMENTO_004|2039660724|CLIENT_00161|784058921|020819157|N|Movil Abierto|29/01/2025|Activo|Alta Nueva solo SIM|M4|Abierto Elige Todo Emp RD|B2B Movistar Empresas S/ 69.9 IV|||Activación MB Internacionales|26/03/2025||
SEGMENTO_004|2029457874|CLIENT_00615|879575901|179990617|N|Movil Abierto|18/01/2003|Activo|Negociación Equipo y/o SimCard|Equipo|Abierto Elige Todo Emp RD|B2B Movistar Empresas S/42.9|2|Descuento de 20% al plan x 12 meses|Activación MB Internacionales|26/05/2026||
SEGMENTO_004|2006459799|CLIENT_00837|74471575|478329283|N|Movil Abierto|21/01/2016|Activo|Pedido de Cliente|Equipo|Abierto Elige Todo Emp RD|B2B Movistar Empresas S/32|||Activación MB Internacionales|02/02/2026|01/02/2027|12
SEGMENTO_004|2006459799|CLIENT_00837|74471575|233972773|N|Movil Abierto|17/07/2015|Activo|Pedido de Cliente|Equipo|Abierto Elige Todo Emp RD|B2B Movistar Empresas S/32|||Activación MB Internacionales|02/02/2026|01/02/2027|12
SEGMENTO_004|2006459799|CLIENT_00837|74471575|147616463|N|Movil Abierto|23/04/2014|Activo|Pedido de Cliente|Equipo|Abierto Elige Todo Emp RD|B2B Movistar Empresas S/32|||Activación MB Internacionales|19/07/2024|18/07/2025|12
SEGMENTO_004|2006459799|CLIENT_00837|74471575|848434793|N|Movil Abierto|25/08/2017|Activo|Pedido de Cliente|Equipo|Abierto Elige Todo Emp RD|B2B Movistar Empresas S/32|||Activación MB Internacionales|06/12/2024|05/12/2025|12
SEGMENTO_004|2062201122|CLIENT_00210|37890575|820315303|N|Movil Abierto|01/01/2003|Activo|Pedido de Cliente|Equipo|Abierto Elige Todo Emp RD|Mi Movistar Empresas S/ 56.9|||Activación MB Internacionales|26/11/2025||
SEGMENTO_004|2062201122|CLIENT_00210|37890575|820315303|N|Movil Abierto|01/01/2003|Activo|Pedido de Cliente|Equipo|Abierto Elige Todo Emp RD|Mi Movistar Empresas S/ 56.9|||Activación MB Internacionales|26/11/2025||
SEGMENTO_004|2021032699|CLIENT_00278|460158211|980490627|N|Movil Abierto|29/08/2021|Activo|Pedido de Cliente|Equipo|Abierto Movistar Libre|RV Plan Ilimitado Mi Movistar S/ 69.9 V|1|Descuento de 20% al plan x 12 meses|Activación MB Internacionales|18/06/2024|17/06/2025|12
SEGMENTO_004|2021032699|CLIENT_00278|460158211|151295127|N|Movil Control|10/01/2021|Suspendido|Robo - Equipo y simcard|M4|Control Movistar Libre|RV Plan Mi Movistar S/48.9 IP25|||Activación MB Internacionales|02/10/2022||
SEGMENTO_004|2068100781|CLIENT_00901|97653575|792551783|N|Movil Abierto|20/06/2016|Activo|Pedido de Cliente|Equipo|Abierto Elige Todo Emp RD|Plan Elige Todo+ S/ 94.90|1|Descuento de 50% al plan||20/10/2025|19/04/2027|18
SEGMENTO_004|2068100781|CLIENT_00901|97653575|442431601|N|Movil Abierto|28/08/2019|Activo|Pedido de Cliente|Equipo|Abierto Elige Todo Emp RD|Plan Elige Todo+ S/ 56.90||||20/10/2025|19/04/2027|18
SEGMENTO_004|2068100781|CLIENT_00901|97653575|642431601|N|Movil Abierto|28/08/2019|Activo|Negociación Equipo y/o SimCard|Equipo|Abierto Elige Todo Emp RD|Mi Movistar Empresas S/ 56.9|||Activación MB Internacionales|28/04/2026||
SEGMENTO_004|2068100781|CLIENT_00901|97653575|345764593|N|Movil Control|19/05/2017|Activo|Pedido de Cliente|Equipo|Control Elige Todo Emp con Roaming|Plan Elige Todo + C S/ 56.9_I||||08/03/2024||
SEGMENTO_004|2012895360|CLIENT_00264|516755121|384214637|N|Movil Abierto|21/02/2022|Activo|Cambio de Titularidad APC|M4|Abierto Movistar Libre|RV Plan Ilimitado Mi Movistar S/68.9III||||06/01/2023||
SEGMENTO_002|2098363854|CLIENT_00063|80290575|421513101|N|Movil Abierto|18/03/2021|Activo|Pedido de Cliente|M4|Abierto Elige Todo Emp RD|Movistar Empresas S/ 62.9 I|||Activación MB Internacionales|05/11/2022||
SEGMENTO_002|2098363854|CLIENT_00063|80290575|421513101|N|Movil Abierto|18/03/2021|Activo|Pedido de Cliente|M4|Abierto Elige Todo Emp RD|Movistar Empresas S/ 62.9 I|||Activación MB Internacionales|05/11/2022||
SEGMENTO_002|2098363854|CLIENT_00063|80290575|421513101|N|Movil Abierto|18/03/2021|Activo|Pedido de Cliente|M4|Abierto Elige Todo Emp RD|Movistar Empresas S/ 62.9 I|||Activación MB Internacionales|05/11/2022||
SEGMENTO_002|2098363854|CLIENT_00063|80290575|421513101|N|Movil Abierto|18/03/2021|Activo|Pedido de Cliente|M4|Abierto Elige Todo Emp RD|Movistar Empresas S/ 62.9 I|||Activación MB Internacionales|05/11/2022||
SEGMENTO_002|2098363854|CLIENT_00063|80290575|421513101|N|Movil Abierto|18/03/2021|Activo|Pedido de Cliente|M4|Abierto Elige Todo Emp RD|Movistar Empresas S/ 62.9 I|||Activación MB Internacionales|05/11/2022||
SEGMENTO_002|2098363854|CLIENT_00063|80290575|421513101|N|Movil Abierto|18/03/2021|Activo|Pedido de Cliente|M4|Abierto Elige Todo Emp RD|Movistar Empresas S/ 62.9 I|||Activación MB Internacionales|05/11/2022||
SEGMENTO_002|2098363854|CLIENT_00063|80290575|421513101|N|Movil Abierto|18/03/2021|Activo|Pedido de Cliente|M4|Abierto Elige Todo Emp RD|Movistar Empresas S/ 62.9 I|||Activación MB Internacionales|05/11/2022||
SEGMENTO_002|2098363854|CLIENT_00063|80290575|421513101|N|Movil Abierto|18/03/2021|Activo|Pedido de Cliente|M4|Abierto Elige Todo Emp RD|Movistar Empresas S/ 62.9 I|||Activación MB Internacionales|05/11/2022||
SEGMENTO_002|2098363854|CLIENT_00063|80290575|421513101|N|Movil Abierto|18/03/2021|Activo|Pedido de Cliente|M4|Abierto Elige Todo Emp RD|Movistar Empresas S/ 62.9 I|||Activación MB Internacionales|05/11/2022||
SEGMENTO_002|2098363854|CLIENT_00063|80290575|421513101|N|Movil Abierto|18/03/2021|Activo|Pedido de Cliente|M4|Abierto Elige Todo Emp RD|Movistar Empresas S/ 62.9 I|||Activación MB Internacionales|05/11/2022||
SEGMENTO_002|2098363854|CLIENT_00063|80290575|421513101|N|Movil Abierto|18/03/2021|Activo|Pedido de Cliente|M4|Abierto Elige Todo Emp RD|Movistar Empresas S/ 62.9 I|||Activación MB Internacionales|05/11/2022||
SEGMENTO_002|2098363854|CLIENT_00063|80290575|421513101|N|Movil Abierto|18/03/2021|Activo|Pedido de Cliente|M4|Abierto Elige Todo Emp RD|Movistar Empresas S/ 62.9 I|||Activación MB Internacionales|05/11/2022||
SEGMENTO_002|2098363854|CLIENT_00063|80290575|421513101|N|Movil Abierto|18/03/2021|Activo|Pedido de Cliente|M4|Abierto Elige Todo Emp RD|Movistar Empresas S/ 62.9 I|||Activación MB Internacionales|05/11/2022||
SEGMENTO_002|2098363854|CLIENT_00063|80290575|421513101|N|Movil Abierto|18/03/2021|Activo|Pedido de Cliente|M4|Abierto Elige Todo Emp RD|Movistar Empresas S/ 62.9 I|||Activación MB Internacionales|05/11/2022||
SEGMENTO_002|2098363854|CLIENT_00063|80290575|900256073|N|Movil Abierto|11/12/2014|Activo|Cobranza Manual con Cargo|Equipo|Abierto Vuela RPM Ilimitado CORP|Plan Vuela Negocios S/105||||20/06/2024||
SEGMENTO_002|2098363854|CLIENT_00063|80290575|421513101|N|Movil Abierto|05/02/2018|Activo|Pedido de Cliente|Equipo|Abierto Elige Todo Emp RD|B2B Movistar Empresas S/ 72.9|||Activación MB Internacionales|25/11/2024|24/05/2026|18
SEGMENTO_002|2098363854|CLIENT_00063|80290575|421513101|N|Movil Abierto|05/02/2018|Activo|Negociación Equipo y/o SimCard|Equipo|Abierto Elige Todo Emp RD|B2B Movistar Empresas S/ 77.9|1|Descuento de 50% al plan x 18m|Activación MB Internacionales|18/12/2024|17/06/2026|18
SEGMENTO_002|2098363854|CLIENT_00063|80290575|421513101|N|Movil Abierto|05/02/2018|Activo|Pedido de Cliente|Equipo|Abierto Elige Todo Emp RD|B2B Movistar Empresas S/ 72.9|||Activación MB Internacionales|26/11/2024|25/05/2026|18
SEGMENTO_002|2098363854|CLIENT_00063|80290575|421513101|N|Movil Abierto|05/02/2018|Activo|Pedido de Cliente|Equipo|Abierto Elige Todo Emp RD|B2B Movistar Empresas S/ 72.9|||Activación MB Internacionales|25/11/2024|24/05/2026|18
SEGMENTO_002|2098363854|CLIENT_00063|80290575|421513101|N|Movil Abierto|05/02/2018|Activo|Pedido de Cliente|Equipo|Abierto Elige Todo Emp RD|B2B Movistar Empresas S/ 72.9|||Activación MB Internacionales|25/11/2024|24/05/2026|18
SEGMENTO_002|2098363854|CLIENT_00063|80290575|421513101|N|Movil Abierto|09/02/2018|Activo|Pedido de Cliente|Equipo|Abierto Elige Todo Emp RD|B2B Movistar Empresas S/ 72.9|||Activación MB Internacionales|25/11/2024|24/05/2026|18
SEGMENTO_002|2098363854|CLIENT_00063|80290575|485151073|N|Bolsa Plans|07/11/2014|Corte|Pedido de Cliente|Equipo|Base Bolsa|Plan Bolsa CORP COM MOVISTAR TDI - CF 24||||06/03/2026||
SEGMENTO_002|2098363854|CLIENT_00063|80290575|421513101|N|Movil Abierto|05/02/2018|Activo|Pedido de Cliente|Equipo|Abierto Elige Todo Emp RD|B2B Movistar Empresas S/ 72.9|||Activación MB Internacionales|25/11/2024|24/05/2026|18
SEGMENTO_002|2098363854|CLIENT_00063|80290575|421513101|N|Movil Abierto|05/02/2018|Activo|Pedido de Cliente|Equipo|Abierto Elige Todo Emp RD|B2B Movistar Empresas S/ 72.9|||Activación MB Internacionales|25/11/2024|24/05/2026|18
SEGMENTO_002|2098363854|CLIENT_00063|80290575|421513101|N|Movil Abierto|05/02/2018|Activo|Pedido de Cliente|Equipo|Abierto Elige Todo Emp RD|B2B Movistar Empresas S/ 72.9|||Activación MB Internacionales|25/11/2024|24/05/2026|18
SEGMENTO_002|2098363854|CLIENT_00063|80290575|421513101|N|Movil Abierto|09/02/2018|Activo|Pedido de Cliente|Equipo|Abierto Elige Todo Emp RD|B2B Movistar Empresas S/ 72.9|||Activación MB Internacionales|25/11/2024|24/05/2026|18
SEGMENTO_002|2098363854|CLIENT_00063|80290575|421513101|N|Movil Abierto|05/02/2018|Activo|Pedido de Cliente|Equipo|Abierto Elige Todo Emp RD|B2B Movistar Empresas S/ 72.9|||Activación MB Internacionales|26/11/2024|25/05/2026|18
SEGMENTO_002|2098363854|CLIENT_00063|80290575|421513101|N|Movil Abierto|05/02/2018|Activo|Pedido de Cliente|Equipo|Abierto Elige Todo Emp RD|B2B Movistar Empresas S/ 72.9|||Activación MB Internacionales|25/11/2024|24/05/2026|18
SEGMENTO_002|2098363854|CLIENT_00063|80290575|421513101|N|Movil Abierto|05/02/2018|Activo|Negociación Equipo y/o SimCard|Equipo|Abierto Elige Todo Emp RD|B2B Movistar Empresas S/ 72.9|||Activación MB Internacionales|25/11/2024|24/05/2026|18
SEGMENTO_002|2098363854|CLIENT_00063|80290575|421513101|N|Movil Abierto|05/02/2018|Activo|Pedido de Cliente|Equipo|Abierto Elige Todo Emp RD|B2B Movistar Empresas S/ 72.9|||Activación MB Internacionales|25/11/2024|24/05/2026|18
SEGMENTO_002|2098363854|CLIENT_00063|80290575|421513101|N|Movil Abierto|17/09/2019|Activo|Pedido de Cliente|Equipo|Abierto Elige Todo Emp RD|B2B Movistar Empresas S/ 72.9|||Activación MB Internacionales|25/11/2024|24/05/2026|18
SEGMENTO_002|2098363854|CLIENT_00063|80290575|421513101|N|Movil Abierto|05/02/2018|Activo|Negociación Equipo y/o SimCard|Equipo|Abierto Elige Todo Emp RD|B2B Movistar Empresas S/ 72.9|||Activación MB Internacionales|25/11/2024|24/05/2026|18
SEGMENTO_002|2098363854|CLIENT_00063|80290575|421513101|N|Movil Abierto|05/02/2018|Activo|Pedido de Cliente|Equipo|Abierto Elige Todo Emp RD|B2B Movistar Empresas S/ 72.9|||Activación MB Internacionales|25/11/2024|24/05/2026|18
SEGMENTO_002|2098363854|CLIENT_00063|80290575|421513101|N|Movil Abierto|05/02/2018|Activo|Pedido de Cliente|Equipo|Abierto Elige Todo Emp RD|B2B Movistar Empresas S/ 72.9|||Activación MB Internacionales|25/11/2024|24/05/2026|18
SEGMENTO_002|2098363854|CLIENT_00063|80290575|421513101|N|Movil Abierto|05/02/2018|Activo|Pedido de Cliente|Equipo|Abierto Elige Todo Emp RD|B2B Movistar Empresas S/ 72.9|||Activación MB Internacionales|25/11/2024|24/05/2026|18
SEGMENTO_002|2098363854|CLIENT_00063|80290575|421513101|N|Movil Abierto|09/02/2018|Activo|Pedido de Cliente|Equipo|Abierto Elige Todo Emp RD|B2B Movistar Empresas S/ 72.9|||Activación MB Internacionales|25/11/2024|24/05/2026|18
SEGMENTO_002|2098363854|CLIENT_00063|80290575|421513101|N|Movil Abierto|17/09/2019|Activo|Pedido de Cliente|Equipo|Abierto Elige Todo Emp RD|B2B Movistar Empresas S/ 72.9|||Activación MB Internacionales|25/11/2024|24/05/2026|18
SEGMENTO_002|2098363854|CLIENT_00063|80290575|421513101|N|Movil Abierto|09/02/2018|Activo|Pedido de Cliente|Equipo|Abierto Elige Todo Emp RD|B2B Movistar Empresas S/ 72.9|||Activación MB Internacionales|25/11/2024|24/05/2026|18
SEGMENTO_002|2098363854|CLIENT_00063|80290575|421513101|N|Movil Abierto|09/02/2018|Activo|Pedido de Cliente|Equipo|Abierto Elige Todo Emp RD|B2B Movistar Empresas S/ 72.9|||Activación MB Internacionales|25/11/2024|24/05/2026|18
SEGMENTO_002|2098363854|CLIENT_00063|80290575|421513101|N|Movil Abierto|05/02/2018|Activo|Negociación Equipo y/o SimCard|Equipo|Abierto Elige Todo Emp RD|B2B Movistar Empresas S/149.9|||Activación MB Internacionales|26/11/2024|25/05/2026|18
SEGMENTO_002|2098363854|CLIENT_00063|80290575|421513101|N|Movil Abierto|05/02/2018|Activo|Pedido de Cliente|Equipo|Abierto Elige Todo Emp RD|B2B Movistar Empresas S/ 72.9|||Activación MB Internacionales|25/11/2024|24/05/2026|18
SEGMENTO_002|2098363854|CLIENT_00063|80290575|421513101|N|Movil Abierto|05/02/2018|Activo|Pedido de Cliente|Equipo|Abierto Elige Todo Emp RD|B2B Movistar Empresas S/ 72.9|||Activación MB Internacionales|25/11/2024|24/05/2026|18
SEGMENTO_002|2098363854|CLIENT_00063|80290575|421513101|N|Movil Abierto|05/02/2018|Activo|Pedido de Cliente|Equipo|Abierto Elige Todo Emp RD|B2B Movistar Empresas S/ 72.9|||Activación MB Internacionales|27/11/2024|26/05/2026|18
SEGMENTO_002|2098363854|CLIENT_00063|80290575|421513101|N|Movil Abierto|05/02/2018|Activo|Pedido de Cliente|Equipo|Abierto Elige Todo Emp RD|B2B Movistar Empresas S/ 72.9|||Activación MB Internacionales|25/11/2024|24/05/2026|18
