TIPO_DOCUMENTO|NRO_IDENTIFICACION_FISCAL|RAZON_SOCIAL|COD_CLIENTE|COD_CUENTA|SISTEMA|FACTURA_AFECTADA|FECHA_PAGO|MONEDA_FACTURA|SUBTOTAL|IGV|MONTO_PAGADO
Pago|2069501836|CLIENT_00263|270249021|473250537|AMDOCS|S5AA-0080477319|2026-06-03 00:00:00|PEN|44.71|9.82|54.53
Pago|2039660724|CLIENT_00161|784058921|020819157|AMDOCS|S3AA-0078403563|2026-06-03 00:00:00|PEN|187.76|41.21|228.97
Pago|2090272538|CLIENT_00506|706451821|949891957|AMDOCS|S5AA-0080736968|2026-06-03 00:00:00|PEN|86.04|18.89|104.93
Pago|2023093512|CLIENT_00451|671355911|675360267|AMDOCS|S9AA-0083166797|2026-07-24 00:00:00|PEN|59.26|10.67|69.93
Pago|2028234821|CLIENT_00026|012620321|010758937|AMDOCS|S5AA-0081709608|2026-07-24 00:00:00|PEN|72.61|13.07|85.68
Pago|2058797594|CLIENT_00421|53591575|146920023|AMDOCS|S1AA-0052574008|2026-07-24 00:00:00|PEN|18.63|3.35|21.98
Pago|2001034891|CLIENT_00812|25776706|184557506|AMDOCS|S9AA-0081225518|2026-06-02 00:00:00|PEN|78.98|17.34|96.32
Pago|2040265328|CLIENT_00922|23224575|205311463|AMDOCS|S3AA-0077864305|2026-06-02 00:00:00|PEN|18.31|4.02|22.33
Pago|2052913932|CLIENT_00961|34087016|775850606|AMDOCS|S5AA-0080261689|2026-06-02 00:00:00|PEN|20.03|4.40|24.43
Pago|2032635276|CLIENT_00664|762647921|859207157|AMDOCS|S3AA-0078209409|2026-06-02 00:00:00|PEN|72.73|15.96|88.69
Pago|2097496783|CLIENT_00785|177349331|280533857|AMDOCS|S7AA-0066808525|2026-06-01 00:00:00|PEN|88.86|19.50|108.36
Pago|2025424256|CLIENT_00721|297043021|341943067|AMDOCS|S3AA-0078454964|2026-06-01 00:00:00|PEN|22.90|5.03|27.93
Pago|2049248011|CLIENT_00721|297043021|435943067|AMDOCS|S3AA-0078454965|2026-06-01 00:00:00|PEN|22.90|5.03|27.93
Pago|2047006078|CLIENT_00721|297043021|536553067|AMDOCS|S3AA-0078454966|2026-06-01 00:00:00|PEN|22.90|5.03|27.93
Pago|2037889248|CLIENT_00761|12041575|516592593|AMDOCS|S3AA-0077757961|2026-06-01 00:00:00|PEN|52.18|11.45|63.63
Pago|2025967685|CLIENT_00216|35646575|197032201|AMDOCS|S3AA-0078057424|2026-06-01 00:00:00|PEN|20.43|4.49|24.92
Pago|2049444864|CLIENT_00216|35646575|410047257|AMDOCS|S3AA-0078073721|2026-06-01 00:00:00|PEN|40.12|8.81|48.93
Pago|2054952460|CLIENT_00761|12041575|736592593|AMDOCS|S3AA-0077757962|2026-06-01 00:00:00|PEN|52.18|11.45|63.63
Pago|2073650405|CLIENT_00761|12041575|202389647|AMDOCS|S3AA-0077761752|2026-06-01 00:00:00|PEN|24.62|5.41|30.03
Pago|2038638301|CLIENT_00391|543454421|354077447|AMDOCS|S3AA-0077994514|2026-06-01 00:00:00|PEN|64.58|14.18|78.75
Pago|2081042486|CLIENT_00385|159200|74268100|ISIS|S300-248301|2026-06-01 00:00:00|PEN|833.11|182.88|1015.98
Pago|2090130796|CLIENT_00833|871323321|472868847|AMDOCS|S7AA-0067777959|2026-06-11 00:00:00|PEN|34.38|7.55|41.93
Pago|2073105592|CLIENT_00280|359903621|915571457|AMDOCS|S5AA-0079960866|2026-06-15 00:00:00|PEN|2.24|.49|2.73
Pago|2044682710|CLIENT_00280|359903621|915571457|AMDOCS|S5AA-0080339066|2026-06-15 00:00:00|PEN|12.00|2.63|14.63
Pago|2098363854|CLIENT_00063|80290575|900256073|AMDOCS|S1AA-0051041010|2026-06-15 00:00:00|PEN|76.92|16.88|93.80
Pago|2037440491|CLIENT_00063|80290575|200705357|AMDOCS|S1AA-0051044205|2026-06-15 00:00:00|PEN|86.04|18.89|104.93
Pago|2024997959|CLIENT_00063|74454006|461430506|AMDOCS|S9AA-0081181566|2026-06-15 00:00:00|PEN|91.78|20.15|111.93
Pago|2072434987|CLIENT_00063|66883006|651430506|AMDOCS|S9AA-0080472678|2026-06-15 00:00:00|PEN|90.66|19.90|110.57
Pago|2091859333|CLIENT_00063|80290575|421513101|AMDOCS|S1AA-0051039813|2026-06-15 00:00:00|PEN|2298.53|504.55|2803.08
Pago|2081181548|CLIENT_00063|80290575|478621057|AMDOCS|S1AA-0051043680|2026-06-15 00:00:00|PEN|460.18|101.01|561.19
Pago|2027367955|CLIENT_00063|85883006|081430506|AMDOCS|S9AA-0081277317|2026-06-15 00:00:00|PEN|98.38|21.60|119.98
Pago|2006205471|CLIENT_00063|09924006|041430506|AMDOCS|S9AA-0080684196|2026-06-15 00:00:00|PEN|57.40|12.60|70.00
Pago|2096287205|CLIENT_00063|66883006|651430506|AMDOCS|S9AA-0081347074|2026-06-15 00:00:00|PEN|91.78|20.15|111.93
Pago|2038307088|CLIENT_00063|80290575|900256073|AMDOCS|S1AA-0050336083|2026-06-15 00:00:00|PEN|76.92|16.88|93.80
Pago|2098134919|CLIENT_00063|80290575|200705357|AMDOCS|S1AA-0050339382|2026-06-15 00:00:00|PEN|86.04|18.89|104.93
Pago|2028958514|CLIENT_00063|80290575|421513101|AMDOCS|S1AA-0050334876|2026-06-15 00:00:00|PEN|2298.47|504.54|2803.01
Pago|2099153289|CLIENT_00063|80290575|478621057|AMDOCS|S1AA-0050338829|2026-06-15 00:00:00|PEN|460.23|101.03|561.26
Pago|2024266925|CLIENT_00922|23224575|021311463|AMDOCS|S3AA-0077864304|2026-06-03 00:00:00|PEN|21.75|4.78|26.53
Pago|2045653206|CLIENT_00799|37534575|185213753|AMDOCS|S7AA-0067728585|2026-06-03 00:00:00|PEN|70.89|15.56|86.45
Pago|2002500138|CLIENT_00445|92763575|582891443|AMDOCS|S7AA-0069107614|2026-06-13 00:00:00|PEN|.73|.13|.86
Pago|2009434261|CLIENT_00759|274096121|010266957|AMDOCS|S7AA-0069488093|2026-07-14 00:00:00|PEN|1.78|.32|2.10
Pago|2083673976|CLIENT_00445|92763575|582891443|AMDOCS|S7AA-0069107614|2026-07-18 00:00:00|PEN|3.02|.55|3.56
Pago|2035711012|CLIENT_00432|63816575|653770601|AMDOCS|S1AA-0052580388|2026-07-24 00:00:00|PEN|32.07|5.78|37.84
Pago|2091733360|CLIENT_00277|06703575|437263783|AMDOCS|S3AA-0078136428|2026-06-01 00:00:00|PEN|32.66|7.17|39.83
Pago|2033646347|CLIENT_00497|308952621|376699547|AMDOCS|S3AA-0077586848|2026-06-01 00:00:00|PEN|50.45|11.08|61.53
Pago|2085048217|CLIENT_00031|120124111|039509527|AMDOCS|S5AA-0080837369|2026-06-01 00:00:00|PEN|24.05|5.28|29.33
Pago|2060826481|CLIENT_00672|11187395|135583406|AMDOCS|S5AA-0080761404|2026-06-01 00:00:00|PEN|49.31|10.82|60.13
Pago|2078386304|CLIENT_00703|645411321|943050047|AMDOCS|S9AA-0082449741|2026-06-04 00:00:00|PEN|146.14|32.08|178.22
Pago|2049903266|CLIENT_00759|274096121|010266957|AMDOCS|S7AA-0067726870|2026-06-04 00:00:00|PEN|51.60|11.33|62.93
Pago|2078414316|CLIENT_00986|38443785|347547306|AMDOCS|S9AA-0081892809|2026-06-04 00:00:00|PEN|83.75|18.38|102.13
Pago|2078847538|CLIENT_00072|213179011|948557757|AMDOCS|S9AA-0082149518|2026-06-04 00:00:00|PEN|103.26|22.67|125.93
Pago|2036568728|CLIENT_00322|207418801|097103947|AMDOCS|S5AA-0080684586|2026-06-04 00:00:00|PEN|95.80|21.03|116.83
Pago|2006477444|CLIENT_00815|10405516|624523957|AMDOCS|S9AA-0082063485|2026-06-04 00:00:00|PEN|12.00|2.63|14.63
Pago|2035102698|CLIENT_00950|319965321|886860147|AMDOCS|S9AA-0082156070|2026-06-04 00:00:00|PEN|22.33|4.90|27.23
Pago|2096202915|CLIENT_00459|637638531|603421167|AMDOCS|S6AA-0000033006|2026-06-04 00:00:00|PEN|17.16|3.77|20.93
Pago|2099953676|CLIENT_00950|65458595|707795406|AMDOCS|S9AA-0081651437|2026-06-04 00:00:00|PEN|23.76|5.22|28.98
Pago|2058314802|CLIENT_00763|236245531|924196067|AMDOCS|S7AA-0067375212|2026-06-05 00:00:00|PEN|17.22|3.78|21.00
Pago|2058178571|CLIENT_00763|236245531|636986067|AMDOCS|S7AA-0067375207|2026-06-05 00:00:00|PEN|17.22|3.78|21.00
Pago|2096976190|CLIENT_00763|236245531|860296067|AMDOCS|S7AA-0067375214|2026-06-05 00:00:00|PEN|17.22|3.78|21.00
Pago|2081482008|CLIENT_00763|236245531|804686067|AMDOCS|S7AA-0067375206|2026-06-05 00:00:00|PEN|17.22|3.78|21.00
Pago|2002473687|CLIENT_00763|236245531|585196067|AMDOCS|S7AA-0067375213|2026-06-05 00:00:00|PEN|17.22|3.78|21.00
Pago|2027095470|CLIENT_00763|236245531|788986067|AMDOCS|S7AA-0067375208|2026-06-05 00:00:00|PEN|17.22|3.78|21.00
Pago|2074355904|CLIENT_00935|203984621|006104647|AMDOCS|S9AA-0080793552|2026-06-05 00:00:00|PEN|17.94|3.94|21.88
Pago|2050372725|CLIENT_00988|615858811|305722857|AMDOCS|S3AA-0077716061|2026-06-05 00:00:00|PEN|97.52|21.41|118.93
Pago|2059931462|CLIENT_00106|195771431|970426857|AMDOCS|S5AA-0080619300|2026-06-05 00:00:00|PEN|143.10|31.41|174.51
Pago|2006444143|CLIENT_00059|72611706|235286506|AMDOCS|S9AA-0082274084|2026-06-18 00:00:00|PEN|73.47|16.13|89.60
Pago|2001156117|CLIENT_00442|72425575|073241401|AMDOCS|S1AA-0052519138|2026-06-26 00:00:00|PEN|3.94|.86|4.80
Pago|2029999038|CLIENT_00063|80290575|421513101|AMDOCS|S1AA-0052403449|2026-07-01 00:00:00|PEN|4.46|.98|5.44
Pago|2065026469|CLIENT_00218|33435575|927408427|AMDOCS|S1AA-0052562085|2026-07-02 00:00:00|PEN|76.66|16.83|93.49
Pago|2059516434|CLIENT_00689|426972121|962197537|AMDOCS|S1AA-0052507864|2026-07-02 00:00:00|PEN|8.56|1.88|10.44
Pago|2011337701|CLIENT_00816|938353231|032636557|AMDOCS|S5AA-0081196196|2026-07-05 00:00:00|PEN|54.24|11.91|66.15
Pago|2025969955|CLIENT_00430|138477221|459982937|AMDOCS|S7AA-0068840616|2026-07-06 00:00:00|PEN|83.69|18.37|102.06
Pago|2056140058|CLIENT_00828|39666216|413053437|AMDOCS|S5AA-0081586672|2026-07-06 00:00:00|PEN|101.08|22.19|123.27
Pago|2029238395|CLIENT_00195|799221901|377408937|AMDOCS|S7AA-0067948097|2026-07-06 00:00:00|PEN|53.78|11.81|65.59
Pago|2096608121|CLIENT_00272|25824575|763551601|AMDOCS|S1AA-0052702848|2026-07-24 00:00:00|PEN|5.87|1.06|6.93
Pago|2035003073|CLIENT_00922|23224575|630266753|AMDOCS|S3AA-0077864215|2026-06-01 00:00:00|PEN|18.31|4.02|22.33
Pago|2023740275|CLIENT_00569|514240531|266739957|AMDOCS|S5AA-0080795921|2026-06-01 00:00:00|PEN|74.56|16.37|90.93
Pago|2029816520|CLIENT_00874|244414621|676462647|AMDOCS|S8AA-0007602046|2026-06-01 00:00:00|PEN|30.36|6.67|37.03
Pago|2098466482|CLIENT_00569|514240531|757049957|AMDOCS|S5AA-0080795922|2026-06-01 00:00:00|PEN|74.56|16.37|90.93
Pago|2008531322|CLIENT_00569|514240531|215849957|AMDOCS|S5AA-0080795923|2026-06-01 00:00:00|PEN|74.56|16.37|90.93
Pago|2051502270|CLIENT_00832|574333621|371131647|AMDOCS|S7AA-0067750218|2026-06-11 00:00:00|PEN|86.04|18.89|104.93
Pago|2031830857|CLIENT_00959|149869031|118805357|AMDOCS|S9AA-0082399432|2026-06-11 00:00:00|PEN|106.08|23.28|129.36
Pago|2090408902|CLIENT_00331|79186895|296968406|AMDOCS|S9AA-0082023250|2026-06-11 00:00:00|PEN|125.94|27.64|153.58
Pago|2071316506|CLIENT_00040|34954575|546690601|AMDOCS|S3AA-0077960420|2026-06-05 00:00:00|PEN|32.66|7.17|39.83
Pago|2076936019|CLIENT_00828|39666216|413053437|AMDOCS|S5AA-0080631698|2026-06-05 00:00:00|PEN|108.89|23.90|132.79
Pago|2029736005|CLIENT_00828|39666216|575621357|AMDOCS|S5AA-0080633239|2026-06-05 00:00:00|PEN|86.04|18.89|104.93
Pago|2026820794|CLIENT_00028|504642321|942433047|AMDOCS|S3AA-0077605332|2026-06-05 00:00:00|PEN|44.71|9.82|54.53
Pago|2071170607|CLIENT_00207|95119385|436783306|AMDOCS|S5AA-0080378300|2026-06-05 00:00:00|PEN|65.95|14.48|80.43
Pago|2087905445|CLIENT_00039|46110895|104211757|AMDOCS|S9AA-0081734630|2026-06-05 00:00:00|PEN|86.04|18.89|104.93
Pago|2078310260|CLIENT_00775|261240031|663722257|AMDOCS|S5AA-0080405158|2026-06-05 00:00:00|PEN|54.19|11.89|66.08
Pago|2027945288|CLIENT_00805|08266575|231360601|AMDOCS|S3AA-0078319650|2026-06-05 00:00:00|PEN|31.51|6.92|38.43
Pago|2012419787|CLIENT_00988|615858811|305722857|AMDOCS|S3AA-0078692786|2026-06-05 00:00:00|PEN|3.15|.69|3.84
Pago|2027489997|CLIENT_00442|91425575|562588501|AMDOCS|S3AA-0078703989|2026-06-06 00:00:00|PEN|.91|.20|1.11
Pago|2032243442|CLIENT_00656|944798511|464331147|AMDOCS|S9AA-0082467101|2026-06-18 00:00:00|PEN|45.86|10.07|55.93
Pago|2035877410|CLIENT_00432|63816575|653770601|AMDOCS|S1AA-0052580388|2026-06-25 00:00:00|PEN|.98|.22|1.20
Pago|2063339709|CLIENT_00486|838010221|686858247|AMDOCS|S1AA-0052596815|2026-06-25 00:00:00|PEN|3.60|.79|4.39
Pago|2093917631|CLIENT_00486|838010221|049034837|AMDOCS|S1AA-0052596467|2026-06-25 00:00:00|PEN|3.76|.83|4.59
Pago|2028955649|CLIENT_00486|838010221|945824757|AMDOCS|S1AA-0052598940|2026-06-25 00:00:00|PEN|3.63|.80|4.43
Pago|2064786199|CLIENT_00357|48525585|651365306|AMDOCS|S5AA-0081518096|2026-07-07 00:00:00|PEN|69.68|15.30|84.98
Pago|2083070874|CLIENT_00459|637638531|603421167|AMDOCS|S6AA-0000070863|2026-07-07 00:00:00|PEN|17.16|3.77|20.93
Pago|2042734334|CLIENT_00488|414931021|517753337|AMDOCS|S9AA-0082628156|2026-07-07 00:00:00|PEN|55.56|12.20|67.76
Pago|2011171530|CLIENT_00052|610439211|548734537|AMDOCS|S5AA-0081027402|2026-07-07 00:00:00|PEN|50.45|11.08|61.53
Pago|2026400121|CLIENT_00052|610439211|479644847|AMDOCS|S5AA-0081028394|2026-07-07 00:00:00|PEN|86.04|18.89|104.93
Pago|2012453412|CLIENT_00293|85194575|733092663|AMDOCS|S1AA-0052737859|2026-07-07 00:00:00|PEN|26.86|5.90|32.76
Pago|2046872718|CLIENT_00052|20246385|096363306|AMDOCS|S9AA-0082540135|2026-07-07 00:00:00|PEN|41.04|9.01|50.05
Pago|2022642503|CLIENT_00537|334038211|859645127|AMDOCS|S1AA-0052562037|2026-07-07 00:00:00|PEN|26.35|5.78|32.13
Pago|2058334645|CLIENT_00540|465713621|203801647|AMDOCS|S9AA-0081733135|2026-06-08 00:00:00|PEN|33.46|7.35|40.81
Pago|2061505168|CLIENT_00879|35089885|129609306|AMDOCS|S5AA-0080334443|2026-06-09 00:00:00|PEN|45.86|10.07|55.93
Pago|2010441811|CLIENT_00839|34610495|721314406|AMDOCS|S9AA-0082411726|2026-06-10 00:00:00|PEN|16.07|3.53|19.60
Pago|2064019811|CLIENT_00806|02261985|628642937|AMDOCS|S9AA-0082216242|2026-06-10 00:00:00|PEN|72.27|15.86|88.13
Pago|2022356488|CLIENT_00445|92763575|382891443|AMDOCS|S7AA-0067331077|2026-06-13 00:00:00|PEN|24.40|5.36|29.75
Pago|2029457874|CLIENT_00615|879575901|179990617|AMDOCS|S9AA-0081851474|2026-06-03 00:00:00|PEN|19.69|4.32|24.01
Pago|2074242971|CLIENT_00479|220136621|618805067|AMDOCS|S3AA-0077775269|2026-06-03 00:00:00|PEN|100.11|21.97|122.08
Pago|2053570348|CLIENT_00998|39598195|941791406|AMDOCS|S5AA-0080628830|2026-06-03 00:00:00|PEN|62.51|13.72|76.23
Pago|2093387336|CLIENT_00580|138337721|340321067|AMDOCS|S3AA-0077862628|2026-06-03 00:00:00|PEN|125.82|27.62|153.44
Pago|1002033932|CLIENT_00092|05551575|781721923|AMDOCS|S3AA-0078038347|2026-06-02 00:00:00|PEN|38.40|8.43|46.83
Pago|2016641872|CLIENT_00659|56917616|167977537|AMDOCS|S9AA-0081341102|2026-06-02 00:00:00|PEN|41.27|9.06|50.33
Pago|2041328688|CLIENT_00299|23295216|010749757|AMDOCS|S5AA-0080177716|2026-06-02 00:00:00|PEN|51.60|11.33|62.93
Pago|2061219681|CLIENT_00327|396418431|232286957|AMDOCS|S7AA-0067012204|2026-06-02 00:00:00|PEN|30.77|6.75|37.52
Pago|2013697319|CLIENT_00507|12872575|854768543|AMDOCS|S3AA-0077757168|2026-06-02 00:00:00|PEN|36.10|7.93|44.03
Pago|2058508119|CLIENT_00507|12872575|654768543|AMDOCS|S3AA-0077757167|2026-06-02 00:00:00|PEN|36.10|7.93|44.03
Pago|2090318936|CLIENT_00333|684991031|824973257|AMDOCS|S3AA-0078393990|2026-06-04 00:00:00|PEN|42.76|9.39|52.15
Pago|2091514048|CLIENT_00099|93455606|848147506|AMDOCS|S5AA-0080232230|2026-06-04 00:00:00|PEN|94.65|20.78|115.43
Pago|2096711703|CLIENT_00428|581765021|956134437|AMDOCS|S9AA-0081913301|2026-06-15 00:00:00|PEN|20.03|4.40|24.43
Pago|2035547940|CLIENT_00428|581765021|189262437|AMDOCS|S9AA-0081913288|2026-06-15 00:00:00|PEN|118.13|25.93|144.06
Pago|2054619703|CLIENT_00442|91425575|562588501|AMDOCS|S3AA-0077727409|2026-06-06 00:00:00|PEN|30.65|6.73|37.38
Pago|2038577653|CLIENT_00409|84576485|211774306|AMDOCS|S9AA-0081189225|2026-06-06 00:00:00|PEN|121.17|26.60|147.77
Pago|2065971015|CLIENT_00157|862543011|165703427|AMDOCS|S5AA-0080447362|2026-06-06 00:00:00|PEN|50.23|11.03|61.25
Pago|2039981438|CLIENT_00052|610439211|548734537|AMDOCS|S5AA-0080800893|2026-06-06 00:00:00|PEN|50.45|11.08|61.53
Pago|2053585542|CLIENT_00846|97022606|136314957|AMDOCS|S5AA-0080531118|2026-06-07 00:00:00|PEN|77.15|16.93|94.08
Pago|2046272983|CLIENT_00072|697710|72065000|ISIS|FFBG-155279|2026-06-18 00:00:00|PEN|134.27|29.47|163.74
Pago|2039793515|CLIENT_00045|609635031|366178257|AMDOCS|S1AA-0051774652|2026-06-18 00:00:00|PEN|17.16|3.77|20.93
Pago|2078066090|CLIENT_00801|319222|89986100|ISIS|FFBG-154717|2026-07-07 00:00:00|USD|38.00|8.34|46.34
Pago|2035557284|CLIENT_00828|39666216|575621357|AMDOCS|S5AA-0081588182|2026-07-07 00:00:00|PEN|77.43|17.00|94.43
Pago|2082857714|CLIENT_00879|35089885|129609306|AMDOCS|S5AA-0081293168|2026-07-07 00:00:00|PEN|48.45|10.63|59.08
Pago|2083488968|CLIENT_00506|706451821|949891957|AMDOCS|S5AA-0080964239|2026-07-07 00:00:00|PEN|86.04|18.89|104.93
Pago|2034805527|CLIENT_00106|195771431|970426857|AMDOCS|S5AA-0081574340|2026-07-07 00:00:00|PEN|143.16|31.42|174.58
Pago|2075533541|CLIENT_00465|48285006|171593857|AMDOCS|S9AA-0081907773|2026-07-07 00:00:00|PEN|89.49|19.64|109.13
Pago|2028931903|CLIENT_00019|04635706|036467506|AMDOCS|S9AA-0082386415|2026-06-08 00:00:00|PEN|109.00|23.93|132.93
Pago|2053948793|CLIENT_00357|48525585|651365306|AMDOCS|S5AA-0080547581|2026-06-08 00:00:00|PEN|69.68|15.30|84.98
Pago|2009045197|CLIENT_00981|53769395|551404406|AMDOCS|S9AA-0081076727|2026-06-08 00:00:00|PEN|74.16|16.28|90.44
Pago|2005137984|CLIENT_00579|52112216|827423606|AMDOCS|S5AA-0080865021|2026-06-08 00:00:00|PEN|53.10|11.66|64.75
Pago|2094973310|CLIENT_00523|162487121|833476857|AMDOCS|S5AA-0080398635|2026-06-08 00:00:00|PEN|74.56|16.37|90.93
Pago|2073231877|CLIENT_00316|89282285|907190747|AMDOCS|S9AA-0081629576|2026-06-10 00:00:00|PEN|50.63|11.11|61.74
Pago|2092959571|CLIENT_00950|82037575|767789501|AMDOCS|S1AA-0052260621|2026-06-10 00:00:00|PEN|18.08|3.97|22.05
Pago|2047601641|CLIENT_00663|788183431|166539857|AMDOCS|S8AA-0007741003|2026-06-12 00:00:00|PEN|139.91|30.71|170.63
Pago|2068423196|CLIENT_00030|237869921|212960257|AMDOCS|S4AA-0007964005|2026-06-12 00:00:00|PEN|40.12|8.81|48.93
Pago|2095839381|CLIENT_00231|433723521|437853447|AMDOCS|S8AA-0007577549|2026-06-12 00:00:00|PEN|57.34|12.59|69.93
Pago|2045407090|CLIENT_00403|535621511|489253857|AMDOCS|S5AA-0080199875|2026-06-03 00:00:00|PEN|68.82|15.11|83.93
Pago|2084680790|CLIENT_00724|248370221|763934357|AMDOCS|S3AA-0077967133|2026-06-02 00:00:00|PEN|40.12|8.81|48.93
Pago|2061945853|CLIENT_00964|255218521|225916657|AMDOCS|S8AA-0007633832|2026-06-02 00:00:00|PEN|51.60|11.33|62.93
Pago|2066367927|CLIENT_00527|688513121|214988537|AMDOCS|S1AA-0051582119|2026-06-01 00:00:00|PEN|66.07|14.50|80.57
Pago|2024332742|CLIENT_00195|799221901|475125457|AMDOCS|S7AA-0067951050|2026-06-11 00:00:00|PEN|42.76|9.39|52.15
Pago|2062806803|CLIENT_00496|219732621|662884257|AMDOCS|S8AA-0007511183|2026-06-11 00:00:00|PEN|86.04|18.89|104.93
Pago|2085402983|CLIENT_00421|53591575|786920023|AMDOCS|S1AA-0051954677|2026-06-11 00:00:00|PEN|9.18|2.02|11.20
Pago|2091291597|CLIENT_00385|159200|74268100|ISIS|S300-250762|2026-06-11 00:00:00|PEN|833.11|182.88|1015.98
Pago|2077671119|CLIENT_00072|900003531|833523067|AMDOCS|S4AA-0007893445|2026-06-15 00:00:00|PEN|80.30|17.63|97.93
Pago|2095007193|CLIENT_00907|01754575|535241403|AMDOCS|S1AA-0051790994|2026-06-15 00:00:00|PEN|115.52|25.36|140.88
Pago|2082647868|CLIENT_00292|88402006|619903057|AMDOCS|S9AA-0081941143|2026-06-15 00:00:00|PEN|19.17|4.21|23.38
Pago|2093124458|CLIENT_00292|88402006|478720506|AMDOCS|S9AA-0081936814|2026-06-15 00:00:00|PEN|69.68|15.30|84.98
Pago|2056036658|CLIENT_00097|43899716|793398606|AMDOCS|S9AA-0082334916|2026-06-15 00:00:00|PEN|72.27|15.86|88.13
Pago|2039859392|CLIENT_00907|01754575|035241403|AMDOCS|S1AA-0051790993|2026-06-15 00:00:00|PEN|44.46|9.76|54.22
Pago|2039420775|CLIENT_00907|01754575|127596503|AMDOCS|S1AA-0051791032|2026-06-15 00:00:00|PEN|77.69|17.05|94.75
Pago|2035311473|CLIENT_00403|17481395|325623406|AMDOCS|S9AA-0077773070|2026-06-15 00:00:00|PEN|1.72|.38|2.10
Pago|2091089067|CLIENT_00465|333088111|164708037|AMDOCS|S7AA-0067369092|2026-06-06 00:00:00|PEN|137.65|30.21|167.86
Pago|2080420835|CLIENT_00720|093279031|431643457|AMDOCS|S5AA-0080611429|2026-06-06 00:00:00|PEN|49.08|10.77|59.85
Pago|2037565578|CLIENT_00430|138477221|459982937|AMDOCS|S7AA-0067351863|2026-06-06 00:00:00|PEN|83.69|18.37|102.06
Pago|2068878174|CLIENT_00009|528629521|044878157|AMDOCS|S4AA-0007942111|2026-06-18 00:00:00|PEN|86.04|18.89|104.93
Pago|2048171681|CLIENT_00795|47443006|541430506|AMDOCS|S9AA-0081815823|2026-06-18 00:00:00|PEN|270.93|59.47|330.40
Pago|2016792398|CLIENT_00998|39598195|941791406|AMDOCS|S5AA-0081583856|2026-06-23 00:00:00|PEN|62.51|13.72|76.23
Pago|2011722087|CLIENT_00088|27841006|947620506|AMDOCS|S5AA-0081431770|2026-06-23 00:00:00|PEN|7.29|1.60|8.89
Pago|2088602559|CLIENT_00088|08841006|147620506|AMDOCS|S5AA-0081489755|2026-06-23 00:00:00|PEN|26.92|5.91|32.83
Pago|2037181733|CLIENT_00226|040742521|511774557|AMDOCS|S3AA-0078920007|2026-06-23 00:00:00|PEN|22.90|5.03|27.93
Pago|2055946948|CLIENT_00226|040742521|970084557|AMDOCS|S3AA-0078920009|2026-06-23 00:00:00|PEN|22.90|5.03|27.93
Pago|2068323251|CLIENT_00523|162487121|820342757|AMDOCS|S5AA-0080398428|2026-06-08 00:00:00|PEN|97.52|21.41|118.93
Pago|2091280680|CLIENT_00335|97222706|791917506|AMDOCS|S5AA-0080526454|2026-06-08 00:00:00|PEN|16.01|3.52|19.53
Pago|2006459799|CLIENT_00837|22696485|647974306|AMDOCS|S9AA-0080962776|2026-06-08 00:00:00|PEN|60.84|13.36|74.20
Pago|2049726118|CLIENT_00693|53967106|952071506|AMDOCS|S5AA-0080195247|2026-06-08 00:00:00|PEN|48.16|10.57|58.73
Pago|2085837314|CLIENT_00693|27750575|492499483|AMDOCS|S1AA-0052221021|2026-06-09 00:00:00|PEN|18.37|4.03|22.40
Pago|2088901543|CLIENT_00185|624034821|708531067|AMDOCS|S8AA-0007555234|2026-06-09 00:00:00|PEN|86.04|18.89|104.93
Pago|2043931605|CLIENT_00834|86639085|370390306|AMDOCS|S5AA-0080444200|2026-06-09 00:00:00|PEN|54.47|11.96|66.43
Pago|2091789509|CLIENT_00886|92995216|483063606|AMDOCS|S9AA-0081025285|2026-06-09 00:00:00|PEN|14.92|3.28|18.20
Pago|2062194150|CLIENT_00886|02379285|301892306|AMDOCS|S9AA-0080945368|2026-06-09 00:00:00|PEN|38.26|8.40|46.66
Pago|2049666577|CLIENT_00077|88238406|285908857|AMDOCS|S9AA-0081942420|2026-06-16 00:00:00|PEN|51.60|11.33|62.93
Pago|2009798337|CLIENT_00077|64519885|230808857|AMDOCS|S5AA-0080288224|2026-06-16 00:00:00|PEN|51.60|11.33|62.93
Pago|2043223962|CLIENT_00063|09924006|041430506|AMDOCS|S9AA-0081547316|2026-06-15 00:00:00|PEN|57.40|12.60|70.00
Pago|2001115330|CLIENT_00908|935732531|860232067|AMDOCS|S9AA-0082392053|2026-06-15 00:00:00|PEN|99.76|21.90|121.66
Pago|2051800045|CLIENT_00346|282744421|826967057|AMDOCS|S9AA-0081889278|2026-06-05 00:00:00|PEN|15.61|3.43|19.04
Pago|2057084119|CLIENT_00346|282744421|197187057|AMDOCS|S9AA-0081889284|2026-06-05 00:00:00|PEN|15.61|3.43|19.04
Pago|2036175299|CLIENT_00907|41460516|337385957|AMDOCS|S9AA-0082167241|2026-06-05 00:00:00|PEN|74.56|16.37|90.93
Pago|2048390773|CLIENT_00150|455224321|452647047|AMDOCS|S4AA-0008032009|2026-06-18 00:00:00|PEN|131.91|28.95|160.86
Pago|2026853033|CLIENT_00589|493603511|560891157|AMDOCS|S9AA-0081992891|2026-06-18 00:00:00|PEN|40.12|8.81|48.93
Pago|2079015167|CLIENT_00836|96503306|987333506|AMDOCS|S9AA-0081772799|2026-06-23 00:00:00|PEN|57.34|12.59|69.93
Pago|2061694729|CLIENT_00836|38117575|720665817|AMDOCS|S7AA-0067820303|2026-06-23 00:00:00|PEN|25.92|5.69|31.61
Pago|2050514536|CLIENT_00272|25824575|763551601|AMDOCS|S1AA-0052076890|2026-06-23 00:00:00|PEN|5.74|1.26|7.00
Pago|2094456978|CLIENT_00488|414931021|517753337|AMDOCS|S9AA-0082163775|2026-06-23 00:00:00|PEN|55.39|12.16|67.55
Pago|2038410089|CLIENT_00421|53591575|146920023|AMDOCS|S1AA-0051954675|2026-06-23 00:00:00|PEN|18.08|3.97|22.05
Pago|2001341193|CLIENT_00816|938353231|032636557|AMDOCS|S5AA-0080236316|2026-06-08 00:00:00|PEN|51.60|11.33|62.93
Pago|2086602695|CLIENT_00868|99425785|516467306|AMDOCS|S9AA-0081633523|2026-06-08 00:00:00|PEN|46.55|10.22|56.77
Pago|2002440659|CLIENT_00293|31688106|712075857|AMDOCS|S5AA-0080780985|2026-06-09 00:00:00|PEN|119.33|26.20|145.53
Pago|2074628342|CLIENT_00213|31059006|519090506|AMDOCS|S9AA-0080885564|2026-06-09 00:00:00|PEN|64.23|14.10|78.33
Pago|2030202496|CLIENT_00885|33520195|186240957|AMDOCS|S9AA-0081065421|2026-06-09 00:00:00|PEN|40.14|8.81|48.95
Pago|2040039839|CLIENT_00885|33520195|186240957|AMDOCS|S9AA-0082331284|2026-06-09 00:00:00|PEN|40.46|8.88|49.34
Pago|2079583404|CLIENT_00399|457788421|681996457|AMDOCS|S9AA-0081665132|2026-06-09 00:00:00|PEN|46.78|10.27|57.05
Pago|2043153301|CLIENT_00849|962311511|318031527|AMDOCS|S5AA-0080454838|2026-06-10 00:00:00|PEN|116.75|25.63|142.38
Pago|2059744187|CLIENT_00795|184910|10058100|ISIS|S300-251079|2026-06-09 00:00:00|PEN|362.19|79.51|441.70
Pago|2090794439|CLIENT_00795|184910|23101200|ISIS|S300-251080|2026-06-09 00:00:00|PEN|1305.62|286.60|1592.22
Pago|2039754476|CLIENT_00765|82785016|660080606|AMDOCS|S9AA-0082282842|2026-06-13 00:00:00|PEN|196.14|43.05|239.19
Pago|2053487352|CLIENT_00912|193190921|923907057|AMDOCS|S8AA-0007751947|2026-06-13 00:00:00|PEN|54.24|11.91|66.15
Pago|2073516424|CLIENT_00537|334038211|859645127|AMDOCS|S1AA-0051942756|2026-06-14 00:00:00|PEN|26.35|5.78|32.13
Pago|2032749745|CLIENT_00063|85883006|081430506|AMDOCS|S9AA-0080402050|2026-06-15 00:00:00|PEN|98.38|21.60|119.98
Pago|2077242525|CLIENT_00063|74454006|461430506|AMDOCS|S9AA-0080305111|2026-06-15 00:00:00|PEN|90.66|19.90|110.57
Pago|2094577730|CLIENT_00415|735052901|318794547|AMDOCS|S7AA-0067406970|2026-06-16 00:00:00|PEN|102.11|22.42|124.53
Pago|2028695835|CLIENT_00334|014420021|698221337|AMDOCS|S9AA-0082129089|2026-06-17 00:00:00|PEN|63.08|13.85|76.93
Pago|2016828018|CLIENT_00293|31688106|712075857|AMDOCS|S5AA-0081007704|2026-06-09 00:00:00|PEN|2.78|.61|3.39
Pago|2005655990|CLIENT_00077|64519885|230808857|AMDOCS|S5AA-0081247480|2026-06-16 00:00:00|PEN|13.32|2.92|16.24
Pago|2062922977|CLIENT_00731|82013506|297748447|AMDOCS|S5AA-0081115204|2026-06-17 00:00:00|PEN|10.26|2.25|12.52
Pago|2087093311|CLIENT_00088|46817685|210386306|AMDOCS|S9AA-0081728608|2026-06-19 00:00:00|PEN|61.93|13.60|75.53
Pago|2021032699|CLIENT_00278|460158211|980490627|AMDOCS|S9AA-0081731400|2026-06-19 00:00:00|PEN|42.76|9.39|52.15
Pago|2031853028|CLIENT_00531|148721331|275898657|AMDOCS|S3AA-0077958418|2026-06-19 00:00:00|PEN|57.34|12.59|69.93
Pago|2021245754|CLIENT_00454|038319511|319034627|AMDOCS|S3AA-0077846157|2026-06-19 00:00:00|PEN|19.57|4.30|23.87
Pago|2057245165|CLIENT_00028|504642321|942433047|AMDOCS|S3AA-0078584539|2026-06-22 00:00:00|PEN|47.30|10.38|57.68
Pago|2010586766|CLIENT_00495|68430995|810619857|AMDOCS|S9AA-0080654978|2026-06-12 00:00:00|PEN|3.53|.77|4.31
Pago|2077048357|CLIENT_00123|494871031|192283257|AMDOCS|S8AA-0007761251|2026-06-12 00:00:00|PEN|97.52|21.41|118.93
Pago|2051562677|CLIENT_00360|87495595|310285406|AMDOCS|S9AA-0081850188|2026-06-16 00:00:00|PEN|68.82|15.11|83.93
Pago|2061270007|CLIENT_00298|41329095|201101406|AMDOCS|S5AA-0080783224|2026-06-16 00:00:00|PEN|23.07|5.07|28.14
Pago|2053937831|CLIENT_00322|38331516|680339747|AMDOCS|S9AA-0081897466|2026-06-16 00:00:00|PEN|86.04|18.89|104.93
Pago|2054318918|CLIENT_00837|22696485|647974306|AMDOCS|S9AA-0082229563|2026-06-17 00:00:00|PEN|60.21|13.22|73.43
Pago|2065844931|CLIENT_00213|31059006|519090506|AMDOCS|S9AA-0082152913|2026-06-17 00:00:00|PEN|91.78|20.15|111.93
Pago|2083355665|CLIENT_00213|57359006|139090506|AMDOCS|S9AA-0081824535|2026-06-17 00:00:00|PEN|91.90|20.17|112.07
Pago|2078802807|CLIENT_00099|01841575|067892113|AMDOCS|S1AA-0051791138|2026-06-19 00:00:00|PEN|18.31|4.02|22.33
Pago|2040200729|CLIENT_00226|040742521|560084557|AMDOCS|S3AA-0078920008|2026-06-19 00:00:00|PEN|45.86|10.07|55.93
Pago|2068643068|CLIENT_00119|62955285|171652306|AMDOCS|S9AA-0082264017|2026-06-19 00:00:00|PEN|78.58|17.25|95.83
Pago|2094370630|CLIENT_00139|018002321|394901657|AMDOCS|S3AA-0078635098|2026-06-19 00:00:00|PEN|97.52|21.41|118.93
Pago|2023818414|CLIENT_00385|10560575|747353583|AMDOCS|S1AA-0051744602|2026-06-19 00:00:00|PEN|68.82|15.11|83.93
Pago|2000285970|CLIENT_00385|10560575|334412823|AMDOCS|S1AA-0051743662|2026-06-19 00:00:00|PEN|378.40|83.06|461.46
Pago|2010519789|CLIENT_00385|10560575|334412823|AMDOCS|S1AA-0051743662|2026-06-19 00:00:00|PEN|223.27|49.01|272.28
Pago|2042765557|CLIENT_00527|688513121|214988537|AMDOCS|S1AA-0052324412|2026-06-19 00:00:00|PEN|66.81|14.67|81.48
Pago|2008582435|CLIENT_00170|91328716|876578606|AMDOCS|S5AA-0079703254|2026-06-19 00:00:00|PEN|17.22|3.78|21.00
Pago|2058599469|CLIENT_00170|91328716|876578606|AMDOCS|S5AA-0080820837|2026-06-19 00:00:00|PEN|32.15|7.06|39.21
Pago|2058086069|CLIENT_00886|02379285|301892306|AMDOCS|S9AA-0082212274|2026-06-21 00:00:00|PEN|52.52|11.53|64.05
Pago|2038107382|CLIENT_00886|92995216|483063606|AMDOCS|S9AA-0082291563|2026-06-21 00:00:00|PEN|16.07|3.53|19.60
Pago|2069451715|CLIENT_00549|217765221|450638837|AMDOCS|S1AA-0051827357|2026-06-21 00:00:00|PEN|32.09|7.04|39.13
Pago|2066464531|CLIENT_00087|48105906|087129506|AMDOCS|S9AA-0081902572|2026-06-21 00:00:00|PEN|100.16|21.99|122.15
Pago|2033958304|CLIENT_00921|165043021|799167337|AMDOCS|S1AA-0052147298|2026-06-21 00:00:00|PEN|2.18|.48|2.66
Pago|2055926282|CLIENT_00839|587692|54571200|ISIS|S300-256558|2026-07-25 00:00:00|PEN|419.29|75.47|494.76
Pago|2049418196|CLIENT_00868|99425785|516467306|AMDOCS|S9AA-0082039717|2026-06-30 00:00:00|PEN|60.84|13.36|74.20
Pago|2031230438|CLIENT_00886|13715295|362362406|AMDOCS|S5AA-0080202193|2026-06-24 00:00:00|PEN|1.06|.23|1.30
Pago|2024136307|CLIENT_00886|13715295|362362406|AMDOCS|S5AA-0079792093|2026-06-24 00:00:00|PEN|12.20|2.68|14.88
Pago|2053200594|CLIENT_00442|72425575|624630313|AMDOCS|S1AA-0052260947|2026-06-24 00:00:00|PEN|34.38|7.55|41.93
Pago|2055715122|CLIENT_00910|655842121|682586637|AMDOCS|S3AA-0078099829|2026-06-24 00:00:00|PEN|48.19|10.58|58.77
Pago|2098458547|CLIENT_00026|012620321|010758937|AMDOCS|S5AA-0080984098|2026-06-24 00:00:00|PEN|67.62|14.84|82.46
Pago|2003193070|CLIENT_00024|548985331|842756757|AMDOCS|S9AA-0082893917|2026-07-16 00:00:00|PEN|1.78|.32|2.10
Pago|2043149405|CLIENT_00765|82785016|660080606|AMDOCS|S9AA-0082719587|2026-07-16 00:00:00|PEN|202.64|36.48|239.12
Pago|2058262861|CLIENT_00231|433723521|437853447|AMDOCS|S8AA-0008099788|2026-07-16 00:00:00|PEN|59.26|10.67|69.93
Pago|2072065894|CLIENT_00231|201758411|797234747|AMDOCS|S9AA-0082544908|2026-07-16 00:00:00|PEN|73.86|13.29|87.15
Pago|2022904680|CLIENT_00494|01762006|709596837|AMDOCS|S5AA-0080984026|2026-06-25 00:00:00|PEN|134.60|29.55|164.15
Pago|2083104989|CLIENT_00586|190804531|883884067|AMDOCS|S2AA-0000153059|2026-06-25 00:00:00|PEN|103.32|22.68|126.00
Pago|2069729032|CLIENT_00837|74471575|956140983|AMDOCS|S3AA-0077018242|2026-06-25 00:00:00|PEN|8.98|1.97|10.96
Pago|2025439397|CLIENT_00590|671923611|716981067|AMDOCS|S9AA-0081838992|2026-06-13 00:00:00|PEN|97.52|21.41|118.93
Pago|2083401881|CLIENT_00445|92763575|582891443|AMDOCS|S7AA-0067331078|2026-06-13 00:00:00|PEN|24.40|5.36|29.75
Pago|2093746302|CLIENT_00658|058707021|650322737|AMDOCS|S1AA-0052072434|2026-06-13 00:00:00|PEN|50.45|11.08|61.53
Pago|2053812837|CLIENT_00293|31688106|503581506|AMDOCS|S5AA-0076122451|2026-06-13 00:00:00|PEN|.26|.06|.32
Pago|2020819684|CLIENT_00293|85194575|733092663|AMDOCS|S1AA-0052125467|2026-06-13 00:00:00|PEN|26.86|5.90|32.76
Pago|2069275365|CLIENT_00125|29031575|043130263|AMDOCS|S7AA-0067900345|2026-06-13 00:00:00|PEN|86.04|18.89|104.93
Pago|2045845197|CLIENT_00771|843878221|842535937|AMDOCS|S9AA-0082458118|2026-06-13 00:00:00|PEN|14.69|3.23|17.92
Pago|2079459148|CLIENT_00345|84006595|696175406|AMDOCS|S5AA-0080298087|2026-06-13 00:00:00|PEN|71.00|15.59|86.59
Pago|2006331375|CLIENT_00278|270555321|398451247|AMDOCS|S8AA-0007693292|2026-06-13 00:00:00|PEN|26.35|5.78|32.13
Pago|2046973081|CLIENT_00855|10261906|298836047|AMDOCS|S9AA-0082060892|2026-06-13 00:00:00|PEN|65.15|14.30|79.45
Pago|2026807327|CLIENT_00677|64288416|896318457|AMDOCS|S9AA-0082451545|2026-06-16 00:00:00|PEN|51.60|11.33|62.93
Pago|2043659343|CLIENT_00128|830250421|724910247|AMDOCS|S9AA-0082372229|2026-06-16 00:00:00|PEN|50.45|11.08|61.53
Pago|2013237934|CLIENT_00303|80790575|115374103|AMDOCS|S1AA-0051777308|2026-06-17 00:00:00|PEN|30.08|6.60|36.68
Pago|2054297630|CLIENT_00621|24489306|850504506|AMDOCS|S9AA-0082403524|2026-06-17 00:00:00|PEN|80.30|17.63|97.93
Pago|2094619896|CLIENT_00303|80790575|138430103|AMDOCS|S1AA-0051777288|2026-06-17 00:00:00|PEN|23.76|5.22|28.98
Pago|2026951426|CLIENT_00303|22518216|653521337|AMDOCS|S9AA-0082232772|2026-06-17 00:00:00|PEN|68.82|15.11|83.93
Pago|2001174534|CLIENT_00731|82013506|297748447|AMDOCS|S5AA-0080882426|2026-06-17 00:00:00|PEN|45.43|9.97|55.41
Pago|2054531131|CLIENT_00467|994684231|107638557|AMDOCS|S8AA-0007795228|2026-06-17 00:00:00|PEN|17.22|3.78|21.00
Pago|2095018481|CLIENT_00160|113719411|897018447|AMDOCS|S1AA-0051821188|2026-06-19 00:00:00|PEN|34.67|7.61|42.28
Pago|2015571136|CLIENT_00819|22251785|645227306|AMDOCS|S9AA-0082692913|2026-07-23 00:00:00|PEN|84.83|15.27|100.10
Pago|2004984092|CLIENT_00883|37931575|312890803|AMDOCS|S1AA-0052845861|2026-07-23 00:00:00|PEN|21.71|3.91|25.62
Pago|2066046585|CLIENT_00689|426972121|962197537|AMDOCS|S1AA-0052507864|2026-07-23 00:00:00|PEN|41.20|7.41|48.62
Pago|2057406010|CLIENT_00884|618659521|438653757|AMDOCS|S1AA-0052455954|2026-07-23 00:00:00|PEN|25.45|4.58|30.03
Pago|2057100089|CLIENT_00499|07661185|996162347|AMDOCS|S5AA-0081420094|2026-06-22 00:00:00|PEN|77.43|17.00|94.43
Pago|2097146400|CLIENT_00499|07661185|233405737|AMDOCS|S5AA-0081419627|2026-06-22 00:00:00|PEN|108.77|23.88|132.65
Pago|2096612722|CLIENT_00040|34954575|546690601|AMDOCS|S3AA-0078932032|2026-06-30 00:00:00|PEN|35.30|7.75|43.05
Pago|2060452544|CLIENT_00832|574333621|371131647|AMDOCS|S7AA-0068355726|2026-06-30 00:00:00|PEN|88.68|19.47|108.15
Pago|2043525526|CLIENT_00979|11065316|254323606|AMDOCS|S5AA-0080761981|2026-06-30 00:00:00|PEN|124.27|27.28|151.55
Pago|2078944293|CLIENT_00812|25776706|184557506|AMDOCS|S9AA-0082490313|2026-06-24 00:00:00|PEN|98.79|21.68|120.47
Pago|2029095052|CLIENT_00476|039297221|230583457|AMDOCS|S1AA-0051924675|2026-06-24 00:00:00|PEN|42.76|9.39|52.15
Pago|2059779010|CLIENT_00886|13715295|362362406|AMDOCS|S5AA-0078905683|2026-06-24 00:00:00|PEN|34.04|7.47|41.51
Pago|2058817683|CLIENT_00886|13715295|362362406|AMDOCS|S5AA-0081133545|2026-06-24 00:00:00|PEN|.57|.13|.70
Pago|2001304335|CLIENT_00428|581765021|956134437|AMDOCS|S9AA-0083230685|2026-07-16 00:00:00|PEN|20.71|3.72|24.43
Pago|2016845190|CLIENT_00540|465713621|203801647|AMDOCS|S9AA-0083053774|2026-07-16 00:00:00|PEN|34.59|6.22|40.81
Pago|2047431289|CLIENT_00045|609635031|366178257|AMDOCS|S1AA-0052400854|2026-07-16 00:00:00|PEN|17.74|3.19|20.93
Pago|2037960762|CLIENT_00161|784058921|020819157|AMDOCS|S3AA-0079582263|2026-07-04 00:00:00|PEN|5.89|1.06|6.96
Pago|2048901675|CLIENT_00910|655842121|682586637|AMDOCS|S3AA-0080223295|2026-07-12 00:00:00|PEN|1.91|.34|2.25
Pago|2014846070|CLIENT_00340|72451695|233816406|AMDOCS|S9AA-0082273715|2026-07-06 00:00:00|PEN|46.41|10.19|56.60
Pago|2068154038|CLIENT_00322|207418801|097103947|AMDOCS|S5AA-0080926968|2026-07-06 00:00:00|PEN|95.80|21.03|116.83
Pago|2096523728|CLIENT_00797|830413321|863394047|AMDOCS|S9AA-0082372034|2026-06-07 00:00:00|PEN|45.86|10.07|55.93
Pago|2003372653|CLIENT_00854|59662385|127846257|AMDOCS|S9AA-0081604314|2026-06-08 00:00:00|PEN|45.92|10.08|56.00
Pago|2024993405|CLIENT_00624|169283021|651258157|AMDOCS|S5AA-0080397843|2026-06-08 00:00:00|PEN|40.12|8.81|48.93
Pago|2085352948|CLIENT_00630|60778085|575780306|AMDOCS|S9AA-0080823238|2026-06-08 00:00:00|PEN|38.23|8.39|46.62
Pago|2074915485|CLIENT_00372|642452221|040421837|AMDOCS|S9AA-0082449506|2026-06-08 00:00:00|PEN|123.93|27.20|151.13
Pago|2040664753|CLIENT_00565|67507116|333625947|AMDOCS|S5AA-0080507897|2026-06-08 00:00:00|PEN|5.74|1.26|7.00
Pago|2022870969|CLIENT_00815|46031575|868897423|AMDOCS|S1AA-0052165581|2026-06-09 00:00:00|PEN|31.34|6.88|38.22
Pago|2010132504|CLIENT_00485|97971595|652425406|AMDOCS|S9AA-0081858818|2026-06-12 00:00:00|PEN|98.50|21.62|120.12
Pago|2044848650|CLIENT_00187|55310385|834003306|AMDOCS|S9AA-0081641804|2026-06-12 00:00:00|PEN|90.12|19.78|109.90
Pago|2056365469|CLIENT_00804|730587531|356540167|AMDOCS|S9AA-0082375056|2026-06-17 00:00:00|PEN|300.00|65.85|365.86
Pago|2098338143|CLIENT_00231|201758411|797234747|AMDOCS|S9AA-0082018495|2026-06-19 00:00:00|PEN|68.82|15.11|83.93
Pago|2075649292|CLIENT_00761|34903895|113738406|AMDOCS|S9AA-0082412042|2026-06-19 00:00:00|PEN|38.40|8.43|46.83
Pago|2077511265|CLIENT_00056|56710416|853352847|AMDOCS|S9AA-0081742150|2026-06-19 00:00:00|PEN|41.41|9.09|50.51
Pago|2039697465|CLIENT_00677|64288416|286845057|AMDOCS|S9AA-0082450960|2026-06-19 00:00:00|PEN|22.90|5.03|27.93
Pago|2062201122|CLIENT_00210|37890575|820315303|AMDOCS|S3AA-0079217138|2026-06-20 00:00:00|PEN|32.66|7.17|39.83
Pago|2063923880|CLIENT_00421|53591575|766920023|AMDOCS|S1AA-0051954676|2026-06-20 00:00:00|PEN|19.23|4.22|23.45
Pago|2043951639|CLIENT_00898|53205575|967384283|AMDOCS|S1AA-0051955629|2026-06-20 00:00:00|PEN|114.74|25.19|139.93
Pago|2035428588|CLIENT_00059|83690706|065884557|AMDOCS|S9AA-0082373878|2026-06-20 00:00:00|PEN|45.86|10.07|55.93
Pago|2010569954|CLIENT_00059|83690706|407884557|AMDOCS|S9AA-0082373879|2026-06-20 00:00:00|PEN|45.86|10.07|55.93
Pago|2052784539|CLIENT_00712|14866506|155649847|AMDOCS|S5AA-0081210106|2026-06-20 00:00:00|PEN|63.08|13.85|76.93
Pago|2044366286|CLIENT_00796|44436575|800127001|AMDOCS|S1AA-0052015426|2026-06-20 00:00:00|PEN|21.30|4.67|25.97
Pago|2081043283|CLIENT_00569|514240531|215849957|AMDOCS|S5AA-0081022432|2026-06-22 00:00:00|PEN|74.56|16.37|90.93
Pago|2017351268|CLIENT_00569|514240531|757049957|AMDOCS|S5AA-0081022431|2026-06-22 00:00:00|PEN|74.56|16.37|90.93
Pago|2086157366|CLIENT_00569|514240531|266739957|AMDOCS|S5AA-0081022430|2026-06-22 00:00:00|PEN|74.56|16.37|90.93
Pago|2037220961|CLIENT_00351|176473121|523999537|AMDOCS|S9AA-0081792437|2026-06-22 00:00:00|PEN|40.70|8.93|49.63
Pago|2019485841|CLIENT_00391|543454421|354077447|AMDOCS|S3AA-0078965400|2026-06-30 00:00:00|PEN|61.93|13.60|75.53
Pago|2001625741|CLIENT_00222|80203575|686639433|AMDOCS|S3AA-0078609410|2026-06-30 00:00:00|PEN|74.56|16.37|90.93
Pago|2070874147|CLIENT_00128|830250421|724910247|AMDOCS|S9AA-0082832804|2026-07-16 00:00:00|PEN|52.14|9.39|61.53
Pago|2022303252|CLIENT_00123|494871031|192283257|AMDOCS|S8AA-0007865642|2026-07-16 00:00:00|PEN|100.79|18.14|118.93
Pago|2054110102|CLIENT_00819|22251785|645227306|AMDOCS|S9AA-0082229737|2026-06-25 00:00:00|PEN|82.08|18.02|100.10
Pago|2080221488|CLIENT_00213|31059006|519090506|AMDOCS|S9AA-0082617503|2026-07-17 00:00:00|PEN|86.76|15.62|102.38
Pago|2077227442|CLIENT_00868|34761575|411551803|AMDOCS|S1AA-0052628193|2026-07-17 00:00:00|PEN|70.64|12.71|83.35
Pago|2001789050|CLIENT_00868|34761575|411551803|AMDOCS|S1AA-0052628193|2026-07-17 00:00:00|PEN|95.11|17.12|112.23
Pago|2048604549|CLIENT_00868|34761575|085092723|AMDOCS|S1AA-0052628373|2026-07-17 00:00:00|PEN|65.79|11.84|77.63
Pago|2016567356|CLIENT_00868|34761575|612551803|AMDOCS|S1AA-0052628194|2026-07-17 00:00:00|PEN|46.21|8.32|54.53
Pago|2036350259|CLIENT_00935|203984621|629993647|AMDOCS|S9AA-0082018377|2026-06-16 00:00:00|PEN|41.84|9.19|51.03
Pago|2007367776|CLIENT_00411|53765985|348469306|AMDOCS|S9AA-0082342318|2026-06-16 00:00:00|PEN|49.82|10.94|60.76
Pago|2045697347|CLIENT_00024|548985331|842756757|AMDOCS|S9AA-0082443162|2026-06-17 00:00:00|PEN|2.84|.62|3.47
Pago|2086906355|CLIENT_00933|23560575|143172533|AMDOCS|S1AA-0051934418|2026-06-17 00:00:00|PEN|31.91|7.01|38.92
Pago|2004470530|CLIENT_00006|63862495|084934406|AMDOCS|S9AA-0082351336|2026-06-17 00:00:00|PEN|130.24|28.59|158.83
Pago|2080448535|CLIENT_00965|784214511|997616837|AMDOCS|S9AA-0081931055|2026-06-19 00:00:00|PEN|53.04|11.64|64.68
Pago|2032994747|CLIENT_00052|20246385|096363306|AMDOCS|S9AA-0082013633|2026-06-19 00:00:00|PEN|40.98|9.00|49.98
Pago|2041738350|CLIENT_00316|89282285|907190747|AMDOCS|S9AA-0082035656|2026-06-19 00:00:00|PEN|67.67|14.86|82.53
Pago|2050836779|CLIENT_00070|702465221|633428837|AMDOCS|S9AA-0082103780|2026-06-19 00:00:00|PEN|71.46|15.69|87.15
Pago|2025461292|CLIENT_00070|702465221|263158937|AMDOCS|S9AA-0082103906|2026-06-19 00:00:00|PEN|111.53|24.48|136.01
Pago|2029524666|CLIENT_00651|491668521|301333547|AMDOCS|S8AA-0007760563|2026-06-19 00:00:00|PEN|59.06|12.97|72.03
Pago|2056762434|CLIENT_00342|503427421|984532347|AMDOCS|S9AA-0082087245|2026-06-19 00:00:00|PEN|45.86|10.07|55.93
Pago|2043288258|CLIENT_00956|13550895|003107947|AMDOCS|S9AA-0082312445|2026-06-19 00:00:00|PEN|109.00|23.93|132.93
Pago|2089657456|CLIENT_00807|967295331|786476757|AMDOCS|S9AA-0081778006|2026-06-19 00:00:00|PEN|109.00|23.93|132.93
Pago|2047900690|CLIENT_00224|726970231|557591557|AMDOCS|S9AA-0082278736|2026-06-20 00:00:00|PEN|54.19|11.89|66.08
Pago|2051224691|CLIENT_00014|58660575|620373103|AMDOCS|S1AA-0052315180|2026-06-20 00:00:00|PEN|28.07|6.16|34.23
Pago|2009135329|CLIENT_00207|14288385|367995647|AMDOCS|S9AA-0082398481|2026-06-20 00:00:00|PEN|117.04|25.69|142.73
Pago|2097477565|CLIENT_00207|14288385|267995647|AMDOCS|S9AA-0082398480|2026-06-20 00:00:00|PEN|69.68|15.30|84.98
Pago|2017953221|CLIENT_00207|14288385|626783306|AMDOCS|S9AA-0082393794|2026-06-20 00:00:00|PEN|27.49|6.04|33.53
Pago|2057742346|CLIENT_00207|14288385|567995647|AMDOCS|S9AA-0082398482|2026-06-20 00:00:00|PEN|69.68|15.30|84.98
Pago|2093804116|CLIENT_00577|76921016|323588147|AMDOCS|S9AA-0081758630|2026-06-20 00:00:00|PEN|51.60|11.33|62.93
Pago|2021555441|CLIENT_00577|76921016|561996457|AMDOCS|S9AA-0081760285|2026-06-20 00:00:00|PEN|134.66|29.56|164.22
Pago|2040625999|CLIENT_00884|54809606|577529657|AMDOCS|S5AA-0080280664|2026-06-22 00:00:00|PEN|51.60|11.33|62.93
Pago|2015785390|CLIENT_00884|618659521|438653757|AMDOCS|S1AA-0051843497|2026-06-22 00:00:00|PEN|24.57|5.39|29.96
Pago|2080122729|CLIENT_00270|743800531|311429957|AMDOCS|S1AA-0052055179|2026-06-24 00:00:00|PEN|111.64|24.51|136.15
Pago|2016982483|CLIENT_00253|371954321|306028357|AMDOCS|S1AA-0052230960|2026-06-24 00:00:00|PEN|54.24|11.91|66.15
Pago|2029339713|CLIENT_00839|122471211|461935027|AMDOCS|S5AA-0081062834|2026-06-24 00:00:00|PEN|52.18|11.45|63.63
Pago|2034304441|CLIENT_00500|52157575|789975857|AMDOCS|S7AA-0063488667|2026-06-24 00:00:00|PEN|16.67|3.66|20.34
Pago|2013392711|CLIENT_00135|92388716|062288606|AMDOCS|S9AA-0082291732|2026-06-24 00:00:00|PEN|96.37|21.16|117.53
Pago|2061336618|CLIENT_00677|64288416|144113047|AMDOCS|S9AA-0082449776|2026-06-24 00:00:00|PEN|72.27|15.86|88.13
Pago|2032800550|CLIENT_00883|37931575|312890803|AMDOCS|S1AA-0052226783|2026-06-24 00:00:00|PEN|18.37|4.03|22.40
Pago|2052852214|CLIENT_00839|587692|54571200|ISIS|S300-254642|2026-06-24 00:00:00|PEN|405.71|89.05|494.76
Pago|2033166291|CLIENT_00415|735052901|336779447|AMDOCS|S7AA-0067406875|2026-06-25 00:00:00|PEN|44.14|9.69|53.83
Pago|2056585285|CLIENT_00432|63816575|653770601|AMDOCS|S1AA-0051961063|2026-06-25 00:00:00|PEN|32.03|7.03|39.06
Pago|2043459537|CLIENT_00807|967295331|786476757|AMDOCS|S9AA-0083097793|2026-07-17 00:00:00|PEN|115.38|20.77|136.15
Pago|2088352056|CLIENT_00309|539747421|726472347|AMDOCS|S1AA-0052576553|2026-07-24 00:00:00|PEN|15.48|2.79|18.27
Pago|2031106160|CLIENT_00309|894647421|036472347|AMDOCS|S1AA-0053025285|2026-07-24 00:00:00|PEN|15.42|2.78|18.20
Pago|2021963014|CLIENT_00192|89345575|287892337|AMDOCS|S3AA-0078507161|2026-06-01 00:00:00|PEN|20.03|4.40|24.43
Pago|2033349013|CLIENT_00192|89345575|303701283|AMDOCS|S3AA-0078505389|2026-06-01 00:00:00|PEN|68.82|15.11|83.93
Pago|2003222117|CLIENT_00192|89345575|465296247|AMDOCS|S3AA-0078508605|2026-06-01 00:00:00|PEN|24.62|5.41|30.03
Pago|2034684589|CLIENT_00192|89345575|883265447|AMDOCS|S3AA-0078508867|2026-06-01 00:00:00|PEN|41.84|9.19|51.03
Pago|2059951611|CLIENT_00829|23889085|105351757|AMDOCS|S9AA-0082322278|2026-06-11 00:00:00|PEN|97.58|21.42|119.00
Pago|1042862786|CLIENT_00787|38392116|173211606|AMDOCS|S9AA-0081893948|2026-06-11 00:00:00|PEN|128.52|28.21|156.73
Pago|2034148976|CLIENT_00370|82556575|922762301|AMDOCS|S3AA-0077814734|2026-06-05 00:00:00|PEN|50.11|11.00|61.11
Pago|2028858667|CLIENT_00821|87664306|461448857|AMDOCS|S9AA-0081855837|2026-06-18 00:00:00|PEN|20.03|4.40|24.43
Pago|2017343488|CLIENT_00821|87664306|300248857|AMDOCS|S9AA-0081855832|2026-06-18 00:00:00|PEN|20.03|4.40|24.43
Pago|2083492961|CLIENT_00821|87664306|771448857|AMDOCS|S9AA-0081855840|2026-06-18 00:00:00|PEN|22.90|5.03|27.93
Pago|2086709498|CLIENT_00821|87664306|340248857|AMDOCS|S9AA-0081855834|2026-06-18 00:00:00|PEN|20.03|4.40|24.43
Pago|2094889427|CLIENT_00821|87664306|879148857|AMDOCS|S9AA-0081855830|2026-06-18 00:00:00|PEN|20.03|4.40|24.43
Pago|2085898304|CLIENT_00821|87664306|642938857|AMDOCS|S9AA-0081855828|2026-06-18 00:00:00|PEN|20.03|4.40|24.43
Pago|2077571216|CLIENT_00821|87664306|379148857|AMDOCS|S9AA-0081855829|2026-06-18 00:00:00|PEN|20.03|4.40|24.43
Pago|2001713209|CLIENT_00821|87664306|100248857|AMDOCS|S9AA-0081855831|2026-06-18 00:00:00|PEN|20.03|4.40|24.43
Pago|2040622469|CLIENT_00821|87664306|786348857|AMDOCS|S9AA-0081855836|2026-06-18 00:00:00|PEN|20.03|4.40|24.43
Pago|2072574314|CLIENT_00821|87664306|181448857|AMDOCS|S9AA-0081855841|2026-06-18 00:00:00|PEN|33.64|7.38|41.02
Pago|2001399815|CLIENT_00821|87664306|371448857|AMDOCS|S9AA-0081855839|2026-06-18 00:00:00|PEN|20.03|4.40|24.43
Pago|2078052965|CLIENT_00821|87664306|851638857|AMDOCS|S9AA-0081855827|2026-06-18 00:00:00|PEN|20.03|4.40|24.43
Pago|2018641079|CLIENT_00821|87664306|961448857|AMDOCS|S9AA-0081855838|2026-06-18 00:00:00|PEN|20.03|4.40|24.43
Pago|2021478490|CLIENT_00821|87664306|110248857|AMDOCS|S9AA-0081855833|2026-06-18 00:00:00|PEN|20.03|4.40|24.43
Pago|2037021331|CLIENT_00121|22275575|578304917|AMDOCS|S1AA-0052650629|2026-06-19 00:00:00|PEN|.72|.16|.88
Pago|2077759664|CLIENT_00121|22275575|379930983|AMDOCS|S1AA-0052649961|2026-06-25 00:00:00|PEN|28.94|6.35|35.29
Pago|2083097547|CLIENT_00654|82030516|169444047|AMDOCS|S5AA-0081114871|2026-07-07 00:00:00|PEN|94.37|20.71|115.08
Pago|2061726816|CLIENT_00637|20760906|912598506|AMDOCS|S5AA-0080923540|2026-07-07 00:00:00|PEN|56.83|12.47|69.30
Pago|2035835869|CLIENT_00900|64205395|833163406|AMDOCS|S5AA-0081242627|2026-07-07 00:00:00|PEN|147.46|32.37|179.83
Pago|2045546222|CLIENT_00594|241572321|813833947|AMDOCS|S9AA-0082407495|2026-06-10 00:00:00|PEN|137.70|30.23|167.93
Pago|2037761466|CLIENT_00594|241572321|683007157|AMDOCS|S9AA-0082407829|2026-06-10 00:00:00|PEN|120.65|26.49|147.14
Pago|2006245421|CLIENT_00594|00573795|897514067|AMDOCS|S9AA-0082055162|2026-06-10 00:00:00|PEN|86.04|18.89|104.93
Pago|2097068950|CLIENT_00228|07000575|366960803|AMDOCS|S1AA-0052206527|2026-06-10 00:00:00|PEN|14.35|3.15|17.50
Pago|2007338671|CLIENT_00228|07000575|297680803|AMDOCS|S1AA-0052206530|2026-06-10 00:00:00|PEN|14.35|3.15|17.50
Pago|2089635105|CLIENT_00228|07000575|262897373|AMDOCS|S1AA-0052207399|2026-06-10 00:00:00|PEN|14.29|3.14|17.43
Pago|2093365484|CLIENT_00200|46430575|316714617|AMDOCS|S1AA-0052167319|2026-06-10 00:00:00|PEN|47.58|10.45|58.03
Pago|2029361607|CLIENT_00200|09362016|737281847|AMDOCS|S9AA-0081957867|2026-06-10 00:00:00|PEN|103.26|22.67|125.93
Pago|2000560801|CLIENT_00200|46430575|827069503|AMDOCS|S1AA-0052165371|2026-06-10 00:00:00|PEN|47.58|10.45|58.03
Pago|2024388948|CLIENT_00436|41977575|447751601|AMDOCS|S7AA-0069011587|2026-07-18 00:00:00|PEN|5.63|1.02|6.64
Pago|2061607083|CLIENT_00007|375143221|481218347|AMDOCS|S1AA-0052848533|2026-07-24 00:00:00|PEN|66.74|12.01|78.75
Pago|2069114417|CLIENT_00617|28716716|894805657|AMDOCS|S5AA-0080560183|2026-06-01 00:00:00|PEN|97.52|21.41|118.93
Pago|2016134169|CLIENT_00655|63347185|928267157|AMDOCS|S9AA-0082356166|2026-06-04 00:00:00|PEN|111.82|24.54|136.36
Pago|2045850656|CLIENT_00652|50693706|837264947|AMDOCS|S9AA-0082088003|2026-06-04 00:00:00|PEN|114.74|25.19|139.93
Pago|2082291564|CLIENT_00752|746839331|812763857|AMDOCS|S8AA-0007332408|2026-06-04 00:00:00|PEN|92.27|20.25|112.53
Pago|2043506981|CLIENT_00449|680803031|320235257|AMDOCS|S7AA-0067851029|2026-06-11 00:00:00|PEN|42.59|9.35|51.94
Pago|2087931136|CLIENT_00555|229539621|416642747|AMDOCS|S9AA-0082234271|2026-06-11 00:00:00|PEN|19.69|4.32|24.01
Pago|2003621431|CLIENT_00120|613467231|809972657|AMDOCS|S9AA-0082183870|2026-06-04 00:00:00|PEN|183.57|40.29|223.86
Pago|2031228249|CLIENT_00463|649332521|912571447|AMDOCS|S3AA-0078004041|2026-06-04 00:00:00|PEN|18.37|4.03|22.40
Pago|2087856323|CLIENT_00453|305469511|961094627|AMDOCS|S9AA-0082068386|2026-06-15 00:00:00|PEN|19.69|4.32|24.01
Pago|2002657495|CLIENT_00013|87633575|456087043|AMDOCS|S3AA-0078310586|2026-06-05 00:00:00|PEN|32.66|7.17|39.83
Pago|2047585517|CLIENT_00754|914343231|116763067|AMDOCS|S9AA-0082219337|2026-06-18 00:00:00|PEN|60.84|13.36|74.20
Pago|2015648856|CLIENT_00530|52223795|620789857|AMDOCS|S9AA-0082262296|2026-06-18 00:00:00|PEN|88.86|19.50|108.36
Pago|2078675402|CLIENT_00687|842962221|389931837|AMDOCS|S1AA-0052677998|2026-06-27 00:00:00|PEN|.46|.10|.57
Pago|2068272028|CLIENT_00792|08726575|286821993|AMDOCS|FJCY-00203897|2026-07-01 00:00:00|PEN|6.55|1.44|7.99
Pago|2074581354|CLIENT_00824|681257721|108906847|AMDOCS|S3AA-0078393162|2026-06-07 00:00:00|PEN|89.37|19.62|108.99
Pago|2086712633|CLIENT_00654|16220516|226184557|AMDOCS|S5AA-0080398205|2026-06-08 00:00:00|PEN|38.69|8.49|47.18
Pago|2063960356|CLIENT_00283|53376585|467155237|AMDOCS|S9AA-0082345123|2026-06-09 00:00:00|PEN|145.91|32.03|177.94
Pago|2089959009|CLIENT_00283|81629595|405689757|AMDOCS|S9AA-0082201368|2026-06-09 00:00:00|PEN|97.52|21.41|118.93
Pago|2080123968|CLIENT_00281|76162285|612622306|AMDOCS|S9AA-0081754163|2026-06-09 00:00:00|PEN|72.50|15.91|88.41
Pago|2058413599|CLIENT_00258|383387231|747803657|AMDOCS|S9AA-0081500209|2026-06-09 00:00:00|PEN|52.69|11.57|64.26
Pago|2090664647|CLIENT_00594|241572321|215104047|AMDOCS|S9AA-0082406481|2026-06-12 00:00:00|PEN|78.01|17.12|95.13
Pago|2011871441|CLIENT_00594|04541595|183725406|AMDOCS|S9AA-0082385944|2026-06-12 00:00:00|PEN|85.41|18.75|104.16
Pago|2045106571|CLIENT_00547|97428616|132533657|AMDOCS|S9AA-0081864030|2026-06-16 00:00:00|PEN|94.60|20.76|115.36
Pago|2049592902|CLIENT_00547|34818616|650877606|AMDOCS|S9AA-0082412666|2026-06-16 00:00:00|PEN|31.34|6.88|38.22
Pago|2094267528|CLIENT_00973|043518221|363042067|AMDOCS|S9AA-0082400670|2026-06-16 00:00:00|PEN|57.57|12.64|70.21
Pago|2025199500|CLIENT_00474|27084306|448533506|AMDOCS|S9AA-0081798629|2026-06-17 00:00:00|PEN|65.67|14.41|80.08
Pago|2057193360|CLIENT_00821|700649801|596759957|AMDOCS|S9AA-0082106877|2026-06-19 00:00:00|PEN|20.09|4.41|24.50
Pago|2046264086|CLIENT_00900|62273575|422273443|AMDOCS|S1AA-0051900394|2026-06-20 00:00:00|PEN|26.35|5.78|32.13
Pago|2077838553|CLIENT_00900|62273575|524273443|AMDOCS|S1AA-0051900395|2026-06-20 00:00:00|PEN|26.35|5.78|32.13
Pago|2050652193|CLIENT_00104|99098006|905422857|AMDOCS|S9AA-0082045904|2026-06-20 00:00:00|PEN|114.74|25.19|139.93
Pago|2099316748|CLIENT_00768|55121575|623481403|AMDOCS|S1AA-0052097363|2026-06-20 00:00:00|PEN|60.23|13.22|73.45
Pago|2061928081|CLIENT_00768|55121575|623481403|AMDOCS|S1AA-0052097363|2026-06-20 00:00:00|PEN|56.81|12.47|69.28
Pago|2045832604|CLIENT_00051|722133331|120922757|AMDOCS|S1AA-0052265558|2026-06-22 00:00:00|PEN|43.28|9.50|52.78
Pago|2088412995|CLIENT_00410|87777575|561737067|AMDOCS|S3AA-0079282897|2026-06-22 00:00:00|PEN|40.12|8.81|48.93
Pago|2009563732|CLIENT_00410|87777575|763541601|AMDOCS|S3AA-0079264596|2026-06-22 00:00:00|PEN|36.05|7.91|43.96
Pago|2056046163|CLIENT_00994|31979006|770501506|AMDOCS|S5AA-0080776274|2026-06-03 00:00:00|PEN|95.63|20.99|116.62
Pago|2035124090|CLIENT_00147|613385621|945667457|AMDOCS|S5AA-0080802545|2026-06-02 00:00:00|PEN|108.72|23.86|132.58
Pago|2040313126|CLIENT_00058|373089521|485148747|AMDOCS|S8AA-0007696707|2026-06-02 00:00:00|PEN|25.83|5.67|31.50
Pago|2014220137|CLIENT_00553|287712321|306693047|AMDOCS|S3AA-0078352911|2026-06-02 00:00:00|PEN|53.15|11.67|64.82
Pago|1083016879|CLIENT_00787|38392116|173211606|AMDOCS|S9AA-0081495406|2026-06-04 00:00:00|PEN|89.95|19.74|109.69
Pago|2091270046|CLIENT_00121|58706806|283368506|AMDOCS|S9AA-0081911240|2026-06-04 00:00:00|PEN|16.01|3.52|19.53
Pago|2008978676|CLIENT_00121|06155806|893368506|AMDOCS|S9AA-0081695132|2026-06-04 00:00:00|PEN|80.36|17.64|98.00
Pago|2015550684|CLIENT_00121|39706806|604368506|AMDOCS|S9AA-0081980339|2026-06-04 00:00:00|PEN|21.75|4.78|26.53
Pago|2066644162|CLIENT_00121|44265806|093368506|AMDOCS|S9AA-0082420977|2026-06-04 00:00:00|PEN|16.01|3.52|19.53
Pago|2031761750|CLIENT_00121|07865806|414368506|AMDOCS|S9AA-0081781541|2026-06-04 00:00:00|PEN|16.07|3.53|19.60
Pago|2084345994|CLIENT_00121|79147306|164773506|AMDOCS|S9AA-0082023414|2026-06-04 00:00:00|PEN|83.29|18.28|101.57
Pago|2076902654|CLIENT_00003|00742575|887507517|AMDOCS|S7AA-0067070342|2026-06-04 00:00:00|PEN|47.58|10.45|58.03
Pago|2034498090|CLIENT_00003|00742575|867628823|AMDOCS|S7AA-0067068994|2026-06-04 00:00:00|PEN|44.71|9.82|54.53
Pago|2002092029|CLIENT_00289|57537295|841052747|AMDOCS|S9AA-0081828278|2026-06-06 00:00:00|PEN|86.04|18.89|104.93
Pago|2052009555|CLIENT_00491|53863575|609978353|AMDOCS|S3AA-0078885312|2026-06-18 00:00:00|PEN|19.23|4.22|23.45
Pago|2021252272|CLIENT_00845|754602811|539811167|AMDOCS|S7AA-0067592062|2026-06-23 00:00:00|PEN|100.11|21.97|122.08
Pago|2085903598|CLIENT_00188|665256511|453496657|AMDOCS|S5AA-0081392489|2026-07-07 00:00:00|PEN|46.09|10.12|56.21
Pago|2063192927|CLIENT_00188|665256511|453496657|AMDOCS|S5AA-0080435118|2026-06-08 00:00:00|PEN|45.86|10.07|55.93
Pago|2013743067|CLIENT_00900|64205395|833163406|AMDOCS|S5AA-0080283226|2026-06-08 00:00:00|PEN|147.46|32.37|179.83
Pago|2067946507|CLIENT_00258|383387231|747803657|AMDOCS|S9AA-0081898611|2026-06-10 00:00:00|PEN|20.75|4.55|25.31
Pago|2058522670|CLIENT_00388|18014575|075617973|AMDOCS|S1AA-0052289096|2026-06-10 00:00:00|PEN|60.21|13.22|73.43
Pago|2052611099|CLIENT_00436|41977575|447751601|AMDOCS|S7AA-0067195150|2026-06-12 00:00:00|PEN|63.60|13.96|77.56
Pago|2094379951|CLIENT_00780|97904616|481737606|AMDOCS|S9AA-0083177964|2026-07-23 00:00:00|PEN|152.40|27.43|179.83
Pago|2060863094|CLIENT_00491|34863575|160706563|AMDOCS|S1AA-0052009640|2026-06-24 00:00:00|PEN|57.34|12.59|69.93
Pago|2007701500|CLIENT_00007|375143221|481218347|AMDOCS|S1AA-0052229501|2026-06-24 00:00:00|PEN|61.93|13.60|75.53
Pago|2063003333|CLIENT_00007|375143221|891428847|AMDOCS|S1AA-0052230133|2026-06-24 00:00:00|PEN|45.52|9.99|55.51
Pago|2046272291|CLIENT_00829|23889085|105351757|AMDOCS|S9AA-0082783749|2026-07-16 00:00:00|PEN|100.79|18.14|118.93
Pago|2023799562|CLIENT_00489|35157575|380443237|AMDOCS|S1AA-0052711887|2026-07-16 00:00:00|PEN|10.38|1.87|12.25
Pago|2052458730|CLIENT_00489|35157575|822801601|AMDOCS|S1AA-0052709639|2026-07-16 00:00:00|PEN|17.74|3.19|20.93
Pago|2062335900|CLIENT_00491|53863575|663401443|AMDOCS|S3AA-0078885180|2026-06-25 00:00:00|PEN|44.71|9.82|54.53
Pago|2045061193|CLIENT_00491|53863575|854401443|AMDOCS|S3AA-0078885182|2026-06-25 00:00:00|PEN|44.66|9.80|54.46
Pago|2048901239|CLIENT_00491|53863575|683401443|AMDOCS|S3AA-0078885181|2026-06-25 00:00:00|PEN|44.71|9.82|54.53
Pago|2007632886|CLIENT_00474|27084306|448533506|AMDOCS|S9AA-0083118063|2026-07-17 00:00:00|PEN|65.20|11.74|76.93
Pago|2007204717|CLIENT_00768|55121575|623481403|AMDOCS|S1AA-0052723406|2026-07-18 00:00:00|PEN|62.24|11.21|73.45
Pago|2099526726|CLIENT_00768|55121575|623481403|AMDOCS|S1AA-0052723406|2026-07-18 00:00:00|PEN|58.71|10.57|69.28
Pago|2007886461|CLIENT_00778|47558285|767682306|AMDOCS|S9AA-0083133914|2026-07-25 00:00:00|PEN|98.53|17.74|116.27
Pago|2007065072|CLIENT_00687|842962221|389931837|AMDOCS|S1AA-0052677998|2026-07-25 00:00:00|PEN|16.70|3.00|19.71
Pago|2016136609|CLIENT_00474|81624306|258533506|AMDOCS|S5AA-0080813144|2026-06-03 00:00:00|PEN|115.89|25.44|141.33
Pago|2018207148|CLIENT_00474|83042575|629980903|AMDOCS|S7AA-0067411971|2026-06-03 00:00:00|PEN|47.58|10.45|58.03
Pago|2011885774|CLIENT_00490|58474295|777752406|AMDOCS|S5AA-0080570115|2026-06-02 00:00:00|PEN|92.70|20.35|113.05
Pago|2086977341|CLIENT_00182|602132321|813797847|AMDOCS|S5AA-0080713869|2026-06-02 00:00:00|PEN|20.38|4.47|24.85
Pago|2031682801|CLIENT_00220|745363821|953106947|AMDOCS|S3AA-0078014752|2026-06-01 00:00:00|PEN|30.36|6.67|37.03
Pago|2086005229|CLIENT_00594|13024795|162947837|AMDOCS|S5AA-0080205335|2026-06-11 00:00:00|PEN|129.09|28.34|157.43
Pago|2064253109|CLIENT_00530|88180575|033741203|AMDOCS|S1AA-0052328761|2026-06-18 00:00:00|PEN|16.93|3.72|20.65
Pago|2059817312|CLIENT_00780|97904616|481737606|AMDOCS|S9AA-0081859636|2026-06-18 00:00:00|PEN|147.46|32.37|179.83
Pago|2085642206|CLIENT_00654|82030516|169444047|AMDOCS|S5AA-0080882084|2026-06-08 00:00:00|PEN|94.42|20.73|115.15
Pago|2045396307|CLIENT_00536|93721575|367487401|AMDOCS|S7AA-0067420940|2026-06-12 00:00:00|PEN|25.54|5.61|31.15
Pago|2063755498|CLIENT_00835|84725595|249565406|AMDOCS|S9AA-0082455042|2026-06-12 00:00:00|PEN|121.52|26.67|148.19
Pago|2074362231|CLIENT_00835|83425595|059565406|AMDOCS|S9AA-0082368769|2026-06-12 00:00:00|PEN|91.78|20.15|111.93
Pago|2037677145|CLIENT_00229|593385521|373943657|AMDOCS|S1AA-0051707137|2026-06-16 00:00:00|PEN|87.76|19.27|107.03
Pago|2054865614|CLIENT_00112|57294206|391452457|AMDOCS|S9AA-0081829206|2026-06-16 00:00:00|PEN|100.56|22.08|122.64
Pago|2058943768|CLIENT_00054|32045595|727955406|AMDOCS|S9AA-0082239170|2026-06-16 00:00:00|PEN|76.28|16.75|93.03
Pago|2047889180|CLIENT_00054|77299695|098279857|AMDOCS|S9AA-0081847290|2026-06-16 00:00:00|PEN|74.56|16.37|90.93
Pago|2057947861|CLIENT_00539|944561521|068808547|AMDOCS|S8AA-0007623369|2026-06-16 00:00:00|PEN|106.08|23.28|129.36
Pago|2005090949|CLIENT_00830|731945331|979976857|AMDOCS|S9AA-0082365799|2026-06-19 00:00:00|PEN|32.83|7.21|40.04
Pago|2051682890|CLIENT_00374|23831906|584819506|AMDOCS|S9AA-0082317371|2026-06-19 00:00:00|PEN|93.96|20.63|114.59
Pago|2039371999|CLIENT_00374|66011906|394819506|AMDOCS|S9AA-0081747063|2026-06-19 00:00:00|PEN|72.27|15.86|88.13
Pago|2030716976|CLIENT_00848|06261095|650720406|AMDOCS|S5AA-0081344089|2026-06-22 00:00:00|PEN|54.47|11.96|66.43
Pago|2023967163|CLIENT_00238|586659131|417168557|AMDOCS|S7AA-0068446347|2026-06-30 00:00:00|PEN|109.00|23.93|132.93
Pago|2050680928|CLIENT_00238|586659131|785560657|AMDOCS|S7AA-0067842914|2026-06-30 00:00:00|PEN|35.13|7.71|42.84
Pago|2057750040|CLIENT_00558|011790331|415948657|AMDOCS|S3AA-0078635388|2026-06-30 00:00:00|PEN|40.12|8.81|48.93
Pago|2074347576|CLIENT_00926|091189921|379432957|AMDOCS|S4AA-0008146759|2026-06-30 00:00:00|PEN|110.06|24.16|134.23
Pago|2022944152|CLIENT_00637|50450906|112598506|AMDOCS|S9AA-0082084095|2026-06-30 00:00:00|PEN|53.10|11.66|64.75
Pago|2080338247|CLIENT_00934|521923221|756609357|AMDOCS|S5AA-0081094302|2026-06-30 00:00:00|PEN|22.90|5.03|27.93
Pago|2009737179|CLIENT_00686|361279031|102535357|AMDOCS|S8AA-0007666869|2026-06-24 00:00:00|PEN|19.23|4.22|23.45
Pago|2097985265|CLIENT_00121|22275575|379930983|AMDOCS|S1AA-0052044296|2026-06-25 00:00:00|PEN|839.53|184.29|1023.82
Pago|2035155424|CLIENT_00821|700649801|596759957|AMDOCS|S9AA-0082572251|2026-07-17 00:00:00|PEN|23.43|4.21|27.65
Pago|2081556170|CLIENT_00013|87633575|956087043|AMDOCS|S3AA-0079274694|2026-06-29 00:00:00|PEN|44.71|9.82|54.53
Pago|2067484096|CLIENT_00594|13024795|162947837|AMDOCS|S5AA-0081136627|2026-06-29 00:00:00|PEN|129.09|28.34|157.43
Pago|2024423773|CLIENT_00845|754602811|539811167|AMDOCS|S7AA-0068200877|2026-06-23 00:00:00|PEN|4.24|.93|5.17
Pago|2071396520|CLIENT_00845|754602811|539811167|AMDOCS|S7AA-0068200877|2026-06-23 00:00:00|PEN|33.14|7.28|40.42
Pago|2008001207|CLIENT_00593|062759521|117084547|AMDOCS|S7AA-0068223048|2026-07-09 00:00:00|PEN|47.40|8.53|55.93
Pago|2054022480|CLIENT_00547|97428616|132533657|AMDOCS|S9AA-0083182255|2026-07-09 00:00:00|PEN|97.76|17.60|115.36
Pago|2034701072|CLIENT_00547|34818616|650877606|AMDOCS|S9AA-0082872490|2026-07-09 00:00:00|PEN|32.39|5.83|38.22
Pago|2014693768|CLIENT_00051|722133331|120922757|AMDOCS|S1AA-0051386512|2026-06-03 00:00:00|PEN|25.92|5.69|31.61
Pago|2008261235|CLIENT_00881|25071785|808627306|AMDOCS|S5AA-0080326906|2026-06-01 00:00:00|PEN|115.89|25.44|141.33
Pago|2058624752|CLIENT_00881|25071785|132044757|AMDOCS|S5AA-0080332154|2026-06-01 00:00:00|PEN|91.78|20.15|111.93
Pago|2000357153|CLIENT_00510|157860721|105625747|AMDOCS|S8AA-0007629596|2026-06-01 00:00:00|PEN|64.58|14.18|78.75
Pago|2096202963|CLIENT_00754|914343231|860755657|AMDOCS|S9AA-0082209928|2026-06-11 00:00:00|PEN|40.12|8.81|48.93
Pago|2070410790|CLIENT_00505|92465095|733660406|AMDOCS|S9AA-0082290543|2026-06-11 00:00:00|PEN|62.68|13.76|76.44
Pago|2029762900|CLIENT_00838|557615821|238750057|AMDOCS|S9AA-0081647138|2026-06-05 00:00:00|PEN|155.73|34.18|189.91
Pago|2018744971|CLIENT_00926|091189921|379432957|AMDOCS|S4AA-0007849367|2026-06-05 00:00:00|PEN|76.28|16.75|93.03
Pago|2005459584|CLIENT_00291|62712575|083730423|AMDOCS|S3AA-0077805377|2026-06-05 00:00:00|PEN|27.27|5.99|33.25
Pago|2090320411|CLIENT_00637|20760906|912598506|AMDOCS|S5AA-0080681091|2026-06-05 00:00:00|PEN|56.83|12.47|69.30
Pago|2056538582|CLIENT_00611|66318716|221040557|AMDOCS|S9AA-0081751603|2026-06-05 00:00:00|PEN|57.34|12.59|69.93
Pago|2048046641|CLIENT_00821|87664306|966975067|AMDOCS|S9AA-0081856287|2026-06-23 00:00:00|PEN|20.03|4.40|24.43
Pago|2074368404|CLIENT_00778|47558285|767682306|AMDOCS|S9AA-0081814775|2026-06-09 00:00:00|PEN|66.41|14.58|80.99
Pago|2040196462|CLIENT_00778|47558285|767682306|AMDOCS|S9AA-0081415599|2026-06-09 00:00:00|PEN|67.10|14.73|81.83
Pago|2082499320|CLIENT_00489|35157575|380443237|AMDOCS|S1AA-0052092815|2026-06-10 00:00:00|PEN|9.99|2.19|12.18
Pago|2007081155|CLIENT_00489|35157575|822801601|AMDOCS|S1AA-0052090446|2026-06-10 00:00:00|PEN|17.16|3.77|20.93
Pago|2032219870|CLIENT_00462|846487901|940692657|AMDOCS|S9AA-0082460147|2026-06-10 00:00:00|PEN|93.82|20.59|114.42
Pago|2010905329|CLIENT_00593|062759521|117084547|AMDOCS|S7AA-0067614544|2026-06-10 00:00:00|PEN|47.30|10.38|57.68
Pago|2086451533|CLIENT_00402|258317531|409349067|AMDOCS|S4AA-0008028366|2026-06-16 00:00:00|PEN|63.08|13.85|76.93
Pago|2011020714|CLIENT_00404|685639431|280877957|AMDOCS|S8AA-0007738164|2026-06-17 00:00:00|PEN|19.80|4.35|24.15
Pago|2025935157|CLIENT_00401|323807011|303050817|AMDOCS|S9AA-0082240550|2026-06-30 00:00:00|PEN|133.74|29.36|163.10
Pago|2097798027|CLIENT_00821|87664306|851638857|AMDOCS|FOBF-00121753|2026-06-28 00:00:00|PEN|.57|.13|.70
Pago|2024297500|CLIENT_00188|377600331|663396657|AMDOCS|S8AA-0008107154|2026-07-16 00:00:00|PEN|1.58|.28|1.86
Pago|2059955585|CLIENT_00200|46430575|827069503|AMDOCS|S1AA-0052784647|2026-07-09 00:00:00|PEN|49.18|8.85|58.03
Pago|2034907056|CLIENT_00200|46430575|316714617|AMDOCS|S1AA-0052786571|2026-07-09 00:00:00|PEN|49.18|8.85|58.03
Pago|2010214687|CLIENT_00200|09362016|737281847|AMDOCS|S9AA-0083274397|2026-07-09 00:00:00|PEN|106.72|19.21|125.93
Pago|2025641005|CLIENT_00530|88180575|033741203|AMDOCS|S1AA-0052954540|2026-07-09 00:00:00|PEN|14.77|2.66|17.43
Pago|2069247617|CLIENT_00120|613467231|809972657|AMDOCS|S9AA-0082673286|2026-07-09 00:00:00|PEN|189.71|34.15|223.86
Pago|2084457504|CLIENT_00941|79350575|166392023|AMDOCS|S1AA-0051716362|2026-07-09 00:00:00|PEN|30.25|5.45|35.70
Pago|2072427775|CLIENT_00594|241572321|683007157|AMDOCS|S9AA-0082867733|2026-07-09 00:00:00|PEN|118.59|21.34|139.93
Pago|2036994236|CLIENT_00594|00573795|897514067|AMDOCS|S9AA-0082512961|2026-07-09 00:00:00|PEN|88.92|16.01|104.93
Pago|2007644775|CLIENT_00890|68757095|857480406|AMDOCS|S9AA-0081918887|2026-07-11 00:00:00|PEN|95.15|17.13|112.28
Pago|2089000675|CLIENT_00890|68757095|857480406|AMDOCS|S9AA-0083236130|2026-07-11 00:00:00|PEN|92.96|16.73|109.69
Pago|2059937005|CLIENT_00054|77299695|098279857|AMDOCS|S9AA-0083165796|2026-07-14 00:00:00|PEN|100.79|18.14|118.93
Pago|2042460785|CLIENT_00054|32045595|727955406|AMDOCS|S9AA-0082702170|2026-07-14 00:00:00|PEN|78.84|14.19|93.03
Pago|2010590234|CLIENT_00463|649332521|912571447|AMDOCS|S3AA-0078974733|2026-07-14 00:00:00|PEN|18.98|3.42|22.40
Pago|2016322780|CLIENT_00121|58706806|283368506|AMDOCS|S9AA-0083228672|2026-07-14 00:00:00|PEN|16.61|2.99|19.60
Pago|2029817021|CLIENT_00178|69717575|309099501|AMDOCS|S1AA-0051702402|2026-06-13 00:00:00|PEN|19.63|4.31|23.94
Pago|2005956371|CLIENT_00911|328548921|896983857|AMDOCS|S8AA-0007545730|2026-06-16 00:00:00|PEN|134.55|29.53|164.08
Pago|2095631015|CLIENT_00188|377600331|663396657|AMDOCS|S8AA-0007697869|2026-06-17 00:00:00|PEN|22.90|5.03|27.93
Pago|2045929342|CLIENT_00838|557615821|172961957|AMDOCS|S9AA-0081648645|2026-06-17 00:00:00|PEN|74.56|16.37|90.93
Pago|2008388940|CLIENT_00121|22275575|578304917|AMDOCS|S1AA-0052044969|2026-06-19 00:00:00|PEN|21.75|4.78|26.53
Pago|2086007246|CLIENT_00809|40727195|010068147|AMDOCS|S9AA-0082078300|2026-06-19 00:00:00|PEN|72.27|15.86|88.13
Pago|2047423588|CLIENT_00258|383387231|747803657|AMDOCS|S9AA-0083216228|2026-07-23 00:00:00|PEN|129.91|23.39|153.30
Pago|2023890762|CLIENT_00462|846487901|940692657|AMDOCS|S9AA-0082919124|2026-07-23 00:00:00|PEN|100.85|18.15|119.00
Pago|2092594405|CLIENT_00877|455746231|783256957|AMDOCS|S4AA-0008034280|2026-06-30 00:00:00|PEN|77.20|16.95|94.15
Pago|2001348802|CLIENT_00013|87633575|456087043|AMDOCS|S3AA-0079274693|2026-06-30 00:00:00|PEN|35.30|7.75|43.05
Pago|2089535250|CLIENT_00436|62547185|614671306|AMDOCS|S5AA-0080871064|2026-06-30 00:00:00|PEN|60.84|13.36|74.20
Pago|2051455945|CLIENT_00309|539747421|726472347|AMDOCS|S1AA-0051957254|2026-06-24 00:00:00|PEN|14.92|3.28|18.20
Pago|2049524087|CLIENT_00309|894647421|036472347|AMDOCS|S1AA-0051725598|2026-06-24 00:00:00|PEN|14.92|3.28|18.20
Pago|2003449498|CLIENT_00973|043518221|363042067|AMDOCS|S9AA-0082852205|2026-07-16 00:00:00|PEN|65.20|11.74|76.93
Pago|2001133274|CLIENT_00821|87664306|851638857|AMDOCS|S9AA-0083174162|2026-07-16 00:00:00|PEN|20.71|3.72|24.43
Pago|2079665047|CLIENT_00821|87664306|300248857|AMDOCS|S9AA-0083174167|2026-07-16 00:00:00|PEN|20.71|3.72|24.43
Pago|2019048758|CLIENT_00821|87664306|110248857|AMDOCS|S9AA-0083174168|2026-07-16 00:00:00|PEN|20.71|3.72|24.43
Pago|2048385869|CLIENT_00821|87664306|771448857|AMDOCS|S9AA-0083174175|2026-07-16 00:00:00|PEN|23.67|4.26|27.93
Pago|2048660186|CLIENT_00821|87664306|371448857|AMDOCS|S9AA-0083174174|2026-07-16 00:00:00|PEN|20.71|3.72|24.43
Pago|2024769193|CLIENT_00821|87664306|181448857|AMDOCS|S9AA-0083174176|2026-07-16 00:00:00|PEN|20.71|3.72|24.43
Pago|2002283861|CLIENT_00821|87664306|642938857|AMDOCS|S9AA-0083174163|2026-07-16 00:00:00|PEN|20.71|3.72|24.43
Pago|2042174552|CLIENT_00821|87664306|879148857|AMDOCS|S9AA-0083174165|2026-07-16 00:00:00|PEN|20.71|3.72|24.43
Pago|2050745744|CLIENT_00821|87664306|379148857|AMDOCS|S9AA-0083174164|2026-07-16 00:00:00|PEN|20.71|3.72|24.43
Pago|2053039878|CLIENT_00821|87664306|961448857|AMDOCS|S9AA-0083174173|2026-07-16 00:00:00|PEN|20.71|3.72|24.43
Pago|2042224086|CLIENT_00821|87664306|100248857|AMDOCS|S9AA-0083174166|2026-07-16 00:00:00|PEN|20.71|3.72|24.43
Pago|2015309171|CLIENT_00821|87664306|786348857|AMDOCS|S9AA-0083174171|2026-07-16 00:00:00|PEN|20.71|3.72|24.43
Pago|2004210755|CLIENT_00824|681257721|108906847|AMDOCS|S3AA-0079572255|2026-07-06 00:00:00|PEN|.32|.06|.38
Pago|2027304492|CLIENT_00463|649332521|912571447|AMDOCS|S3AA-0080131251|2026-07-14 00:00:00|PEN|6.96|1.25|8.21
Pago|2093437777|CLIENT_00436|41977575|447751601|AMDOCS|S7AA-0068696168|2026-07-18 00:00:00|PEN|36.48|6.57|43.05
Pago|2094885064|CLIENT_00594|04541595|183725406|AMDOCS|S9AA-0082846277|2026-07-13 00:00:00|PEN|88.27|15.89|104.16
Pago|2012140346|CLIENT_00594|241572321|215104047|AMDOCS|S9AA-0082866423|2026-07-13 00:00:00|PEN|80.62|14.51|95.13
Pago|2084667720|CLIENT_00491|34863575|160706563|AMDOCS|S1AA-0052628908|2026-07-13 00:00:00|PEN|61.99|11.16|73.15
Pago|2000440108|CLIENT_00453|305469511|961094627|AMDOCS|S9AA-0082517567|2026-07-13 00:00:00|PEN|20.35|3.66|24.01
Pago|2052206183|CLIENT_00058|373089521|485148747|AMDOCS|S8AA-0007797179|2026-07-13 00:00:00|PEN|26.70|4.81|31.50
Pago|2066968595|CLIENT_00835|84725595|249565406|AMDOCS|S9AA-0082914105|2026-07-15 00:00:00|PEN|125.59|22.60|148.19
Pago|2049796595|CLIENT_00835|83425595|059565406|AMDOCS|S9AA-0082829399|2026-07-15 00:00:00|PEN|94.86|17.07|111.93
Pago|2034797127|CLIENT_00188|665256511|453496657|AMDOCS|S5AA-0082113258|2026-07-22 00:00:00|PEN|47.58|8.56|56.14
Pago|2008757171|CLIENT_00821|87664306|966975067|AMDOCS|S9AA-0083174589|2026-07-25 00:00:00|PEN|20.67|3.72|24.40
Pago|2037234204|CLIENT_00007|375143221|891428847|AMDOCS|S1AA-0052849132|2026-07-25 00:00:00|PEN|47.40|8.53|55.93
Pago|2083087437|CLIENT_00371|118091211|812820337|AMDOCS|S7AA-0068672092|2026-06-27 00:00:00|PEN|20.03|4.40|24.43
Pago|2032256410|CLIENT_00687|842962221|389931837|AMDOCS|S1AA-0052058837|2026-06-27 00:00:00|PEN|14.01|3.07|17.08
Pago|2014666572|CLIENT_00617|28716716|894805657|AMDOCS|S5AA-0081508694|2026-06-27 00:00:00|PEN|97.52|21.41|118.93
Pago|2063773311|CLIENT_00701|064292|64201200|ISIS|S300-254536|2026-07-08 00:00:00|PEN|770.60|138.71|909.30
Pago|2005539193|CLIENT_00228|07000575|366960803|AMDOCS|S1AA-0052825507|2026-07-10 00:00:00|PEN|14.77|2.66|17.43
Pago|2098104157|CLIENT_00228|07000575|297680803|AMDOCS|S1AA-0052825510|2026-07-10 00:00:00|PEN|14.77|2.66|17.43
Pago|2062204675|CLIENT_00228|07000575|262897373|AMDOCS|S1AA-0052826368|2026-07-10 00:00:00|PEN|14.83|2.67|17.50
Pago|2003562912|CLIENT_00539|944561521|068808547|AMDOCS|S8AA-0007920722|2026-07-13 00:00:00|PEN|109.63|19.73|129.36
Pago|2084339331|CLIENT_00536|93721575|367487401|AMDOCS|S7AA-0068033699|2026-07-13 00:00:00|PEN|26.40|4.75|31.15
Pago|2053125283|CLIENT_00112|57294206|391452457|AMDOCS|S9AA-0083148050|2026-07-15 00:00:00|PEN|103.93|18.70|122.64
Pago|2043285479|CLIENT_00491|53863575|609978353|AMDOCS|S3AA-0080024787|2026-07-19 00:00:00|PEN|19.82|3.57|23.38
Pago|2059281997|CLIENT_00821|87664306|966975067|AMDOCS|S9AA-0083174589|2026-06-23 00:00:00|PEN|2.67|.59|3.26
Pago|2072637617|CLIENT_00752|746839331|812763857|AMDOCS|S8AA-0007618947|2026-07-03 00:00:00|PEN|110.15|24.18|134.33
Pago|2044945237|CLIENT_00291|62712575|083730423|AMDOCS|S3AA-0078780308|2026-07-03 00:00:00|PEN|27.27|5.99|33.25
Pago|2028277844|CLIENT_00283|81629595|405689757|AMDOCS|S9AA-0082648061|2026-07-03 00:00:00|PEN|97.52|21.41|118.93
Pago|2013675965|CLIENT_00283|53376585|467155237|AMDOCS|S9AA-0082806200|2026-07-03 00:00:00|PEN|103.84|22.79|126.63
Pago|2087841208|CLIENT_00474|81624306|258533506|AMDOCS|S5AA-0081771593|2026-07-21 00:00:00|PEN|119.77|21.56|141.33
Pago|2046134299|CLIENT_00821|700649801|375458067|AMDOCS|S9AA-0082115801|2026-07-21 00:00:00|PEN|9.32|1.68|10.99
Pago|2069574012|CLIENT_00283|83687795|897468947|AMDOCS|S5AA-0081911493|2026-07-21 00:00:00|PEN|115.56|20.80|136.36
Pago|2000121758|CLIENT_00553|287712321|306693047|AMDOCS|S3AA-0079325671|2026-07-02 00:00:00|PEN|53.15|11.67|64.82
Pago|2044354863|CLIENT_00913|101105521|780218447|AMDOCS|S5AA-0080919063|2026-07-02 00:00:00|PEN|45.86|10.07|55.93
Pago|2098279770|CLIENT_00182|602132321|813797847|AMDOCS|S5AA-0080955893|2026-07-02 00:00:00|PEN|18.31|4.02|22.33
Pago|2069910455|CLIENT_00192|89345575|465296247|AMDOCS|S3AA-0079307058|2026-07-02 00:00:00|PEN|24.62|5.41|30.03
Pago|2016021273|CLIENT_00192|89345575|303701283|AMDOCS|S3AA-0079303931|2026-07-02 00:00:00|PEN|68.82|15.11|83.93
Pago|2097132036|CLIENT_00192|89345575|883265447|AMDOCS|S3AA-0079307311|2026-07-02 00:00:00|PEN|41.84|9.19|51.03
Pago|2028438358|CLIENT_00192|89345575|287892337|AMDOCS|S3AA-0079305658|2026-07-02 00:00:00|PEN|20.03|4.40|24.43
Pago|2023119208|CLIENT_00003|00742575|867628823|AMDOCS|S7AA-0068572792|2026-07-08 00:00:00|PEN|44.66|9.80|54.46
Pago|2058375920|CLIENT_00003|00742575|887507517|AMDOCS|S7AA-0068574131|2026-07-08 00:00:00|PEN|47.58|10.45|58.03
Pago|2051919649|CLIENT_00401|323807011|303050817|AMDOCS|S9AA-0082703531|2026-07-07 00:00:00|PEN|133.74|29.36|163.10
Pago|2099913198|CLIENT_00654|16220516|226184557|AMDOCS|S5AA-0081356036|2026-07-07 00:00:00|PEN|40.12|8.81|48.93
Pago|2007768278|CLIENT_00701|064292|64201200|ISIS|S300-256455|2026-07-31 00:00:00|PEN|770.60|138.71|909.30
Pago|2058796181|CLIENT_00941|79350575|166392023|AMDOCS|S1AA-0053016103|2026-07-31 00:00:00|PEN|43.25|7.78|51.03
Pago|2008987824|CLIENT_00491|53863575|663401443|AMDOCS|S3AA-0080024658|2026-07-31 00:00:00|PEN|46.21|8.32|54.53
Pago|2063868713|CLIENT_00491|53863575|854401443|AMDOCS|S3AA-0080024660|2026-07-31 00:00:00|PEN|46.21|8.32|54.53
Pago|2053436973|CLIENT_00491|53863575|683401443|AMDOCS|S3AA-0080024659|2026-07-31 00:00:00|PEN|46.21|8.32|54.53
Pago|2058008787|CLIENT_00188|377600331|663396657|AMDOCS|S8AA-0007798291|2026-07-16 00:00:00|PEN|26.34|4.74|31.08
Pago|2091900348|CLIENT_00838|557615821|172961957|AMDOCS|S9AA-0082979275|2026-07-17 00:00:00|PEN|100.79|18.14|118.93
Pago|2032149032|CLIENT_00283|83687795|897468947|AMDOCS|S5AA-0081188364|2026-06-26 00:00:00|PEN|111.82|24.54|136.36
Pago|2072941080|CLIENT_00530|08180575|603244403|AMDOCS|S3AA-0079283653|2026-06-26 00:00:00|PEN|14.35|3.15|17.50
Pago|2046916374|CLIENT_00711|22517785|454977306|AMDOCS|S5AA-0080841885|2026-06-26 00:00:00|PEN|144.13|31.64|175.77
Pago|2029878690|CLIENT_00594|241572321|813833947|AMDOCS|S9AA-0082867413|2026-07-09 00:00:00|PEN|142.32|25.62|167.93
Pago|2031188641|CLIENT_00178|69717575|309099501|AMDOCS|S1AA-0053002120|2026-07-13 00:00:00|PEN|21.53|3.88|25.41
Pago|2015163301|CLIENT_00402|258317531|409349067|AMDOCS|S4AA-0008479536|2026-07-13 00:00:00|PEN|65.20|11.74|76.93
Pago|2022314663|CLIENT_00530|52223795|620789857|AMDOCS|S9AA-0082733299|2026-07-13 00:00:00|PEN|105.65|19.02|124.67
Pago|2061273939|CLIENT_00449|680803031|320235257|AMDOCS|S7AA-0068454307|2026-07-13 00:00:00|PEN|67.92|12.23|80.15
Pago|2038028888|CLIENT_00404|685639431|280877957|AMDOCS|S8AA-0007842153|2026-07-14 00:00:00|PEN|20.47|3.68|24.15
Pago|1070278631|CLIENT_00787|38392116|173211606|AMDOCS|S9AA-0083211678|2026-07-14 00:00:00|PEN|132.83|23.91|156.73
Pago|2029415110|CLIENT_00821|87664306|461448857|AMDOCS|S9AA-0083174172|2026-07-22 00:00:00|PEN|20.71|3.72|24.43
Pago|2050544462|CLIENT_00635|17572385|717423306|AMDOCS|S9AA-0078469179|2026-07-01 00:00:00|PEN|5.37|1.18|6.55
Pago|2095961233|CLIENT_00635|17572385|717423306|AMDOCS|S9AA-0080515559|2026-07-01 00:00:00|PEN|1.89|.42|2.31
Pago|2016455428|CLIENT_00635|17572385|717423306|AMDOCS|S9AA-0079353926|2026-07-01 00:00:00|PEN|5.37|1.18|6.55
Pago|2015516321|CLIENT_00192|89345575|465296247|AMDOCS|S3AA-0079683311|2026-07-20 00:00:00|PEN|25.45|4.58|30.03
Pago|2034657582|CLIENT_00192|89345575|303701283|AMDOCS|S3AA-0079680252|2026-07-20 00:00:00|PEN|71.13|12.80|83.93
Pago|2084651658|CLIENT_00192|89345575|883265447|AMDOCS|S3AA-0079683560|2026-07-20 00:00:00|PEN|43.18|7.77|50.96
Pago|2078443893|CLIENT_00192|89345575|287892337|AMDOCS|S3AA-0079681942|2026-07-20 00:00:00|PEN|21.89|3.94|25.83
Pago|2011807911|CLIENT_00490|58474295|777752406|AMDOCS|S5AA-0081525909|2026-07-03 00:00:00|PEN|92.64|20.34|112.98
Pago|2007557329|CLIENT_00611|66318716|221040557|AMDOCS|S9AA-0083071880|2026-07-03 00:00:00|PEN|57.34|12.59|69.93
Pago|2091736052|CLIENT_00652|50693706|837264947|AMDOCS|S9AA-0082553763|2026-07-05 00:00:00|PEN|114.74|25.19|139.93
Pago|2052552788|CLIENT_00104|99098006|905422857|AMDOCS|S9AA-0083352283|2026-07-21 00:00:00|PEN|118.59|21.34|139.93
Pago|2006921470|CLIENT_00370|82556575|922762301|AMDOCS|S3AA-0078789452|2026-07-02 00:00:00|PEN|50.17|11.01|61.18
Pago|2008733174|CLIENT_00190|189280821|614471947|AMDOCS|S7AA-0068409372|2026-07-02 00:00:00|PEN|427.86|93.92|521.78
Pago|2010667974|CLIENT_00374|23831906|584819506|AMDOCS|S9AA-0082778953|2026-07-06 00:00:00|PEN|93.45|20.51|113.96
Pago|2016302673|CLIENT_00374|66011906|394819506|AMDOCS|S9AA-0083067431|2026-07-06 00:00:00|PEN|4.99|1.10|6.09
Pago|2096344575|CLIENT_00374|23831906|670819167|AMDOCS|S9AA-0082793476|2026-07-06 00:00:00|PEN|97.52|21.41|118.93
Pago|2068274598|CLIENT_00824|681257721|108906847|AMDOCS|S3AA-0079365045|2026-07-06 00:00:00|PEN|89.69|19.69|109.38
Pago|2035220905|CLIENT_00655|63347185|928267157|AMDOCS|S9AA-0082817014|2026-07-06 00:00:00|PEN|111.82|24.54|136.36
Pago|2044364855|CLIENT_00190|189280821|614471947|AMDOCS|S7AA-0069563572|2026-07-27 00:00:00|PEN|442.18|79.59|521.78
Pago|2081002593|CLIENT_00013|87633575|665087043|AMDOCS|S3AA-0079483565|2026-07-30 00:00:00|PEN|39.68|7.14|46.83
Pago|2025999508|CLIENT_00463|649332521|912571447|AMDOCS|S3AA-0080131251|2026-07-30 00:00:00|PEN|14.74|2.65|17.40
Pago|2009774683|CLIENT_00258|383387231|747803657|AMDOCS|S9AA-0083921511|2026-07-23 00:00:00|PEN|3.44|.62|4.07
Pago|2086192507|CLIENT_00462|846487901|940692657|AMDOCS|S9AA-0083628211|2026-07-23 00:00:00|PEN|3.44|.62|4.07
Pago|2010495535|CLIENT_00007|375143221|891428847|AMDOCS|S1AA-0053533499|2026-07-25 00:00:00|PEN|1.53|.27|1.80
Pago|2088171360|CLIENT_00941|79350575|166392023|AMDOCS|S1AA-0053692868|2026-07-31 00:00:00|PEN|9.77|1.76|11.52
Pago|2060011194|CLIENT_00188|377600331|938296657|AMDOCS|S8AA-0007697868|2026-07-22 00:00:00|PEN|17.05|3.07|20.13
Pago|2024278239|CLIENT_00821|87664306|340248857|AMDOCS|S9AA-0083174169|2026-07-22 00:00:00|PEN|20.71|3.72|24.43
Pago|2043681721|CLIENT_00013|87633575|665087043|AMDOCS|S3AA-0079274692|2026-07-01 00:00:00|PEN|38.40|8.43|46.83
Pago|2051775031|CLIENT_00190|37962116|069922606|AMDOCS|S5AA-0081439265|2026-07-08 00:00:00|PEN|2.67|.59|3.26
Pago|2079491823|CLIENT_00510|157860721|105625747|AMDOCS|S8AA-0007926971|2026-07-06 00:00:00|PEN|86.04|18.89|104.93
Pago|2052323757|CLIENT_00530|08180575|603244403|AMDOCS|S3AA-0079511077|2026-07-27 00:00:00|PEN|14.77|2.66|17.43
Pago|2078164501|CLIENT_00013|87633575|456087043|AMDOCS|S3AA-0079483566|2026-07-27 00:00:00|PEN|33.75|6.08|39.83
Pago|2072946039|CLIENT_00824|681257721|108906847|AMDOCS|S3AA-0079572255|2026-07-27 00:00:00|PEN|92.37|16.63|108.99
Pago|2035824652|CLIENT_00845|754602811|539811167|AMDOCS|S7AA-0069358274|2026-07-27 00:00:00|PEN|14.74|2.65|17.40
Pago|2090968967|CLIENT_00845|754602811|539811167|AMDOCS|S7AA-0069358274|2026-07-27 00:00:00|PEN|.03|.01|.04
Pago|2058621084|CLIENT_00845|754602811|539811167|AMDOCS|S7AA-0068200877|2026-07-27 00:00:00|PEN|10.37|1.87|12.24
Pago|2096228552|CLIENT_00845|754602811|539811167|AMDOCS|S7AA-0068200877|2026-07-27 00:00:00|PEN|39.81|7.17|46.98
Pago|2086527216|CLIENT_00877|455746231|783256957|AMDOCS|S4AA-0008485516|2026-07-30 00:00:00|PEN|79.79|14.36|94.15
Pago|2026835478|CLIENT_00711|22517785|454977306|AMDOCS|S5AA-0081067859|2026-07-30 00:00:00|PEN|148.96|26.81|175.77
Pago|2044143233|CLIENT_00821|87664306|966975067|AMDOCS|S9AA-0083880467|2026-06-23 00:00:00|PEN|2.00|.36|2.36
Pago|2013942122|CLIENT_00890|68757095|857480406|AMDOCS|S9AA-0083941347|2026-07-11 00:00:00|PEN|3.00|.54|3.54
Pago|2075773401|CLIENT_00638|60435406|584654506|AMDOCS|S9AA-0082092486|2026-07-20 00:00:00|PEN|121.76|21.92|143.68
Pago|2070139201|CLIENT_00121|44265806|093368506|AMDOCS|S9AA-0082880653|2026-07-14 00:00:00|PEN|16.61|2.99|19.60
Pago|2076795078|CLIENT_00121|07865806|414368506|AMDOCS|S9AA-0083101292|2026-07-14 00:00:00|PEN|16.55|2.98|19.53
Pago|2042920736|CLIENT_00121|39706806|604368506|AMDOCS|S9AA-0083296441|2026-07-14 00:00:00|PEN|22.54|4.06|26.60
Pago|2053888363|CLIENT_00121|22275575|578304917|AMDOCS|S1AA-0052650629|2026-07-14 00:00:00|PEN|24.44|4.40|28.84
Pago|2030030342|CLIENT_00121|06155806|893368506|AMDOCS|S9AA-0083016512|2026-07-14 00:00:00|PEN|83.05|14.95|98.00
Pago|2070455123|CLIENT_00121|79147306|164773506|AMDOCS|S9AA-0083330247|2026-07-14 00:00:00|PEN|86.02|15.48|101.50
Pago|2067095729|CLIENT_00388|18014575|075617973|AMDOCS|S1AA-0052908144|2026-07-14 00:00:00|PEN|62.29|11.21|73.50
Pago|2080922598|CLIENT_00881|25071785|808627306|AMDOCS|S5AA-0081285730|2026-07-01 00:00:00|PEN|115.89|25.44|141.33
Pago|2093186988|CLIENT_00881|25071785|132044757|AMDOCS|S5AA-0081290856|2026-07-01 00:00:00|PEN|91.78|20.15|111.93
Pago|2060453779|CLIENT_00792|08726575|286821993|AMDOCS|S1AA-0052282682|2026-07-01 00:00:00|PEN|57.86|12.70|70.56
Pago|2029122557|CLIENT_00474|83042575|629980903|AMDOCS|S7AA-0069185414|2026-07-31 00:00:00|PEN|49.18|8.85|58.03
Pago|2077874234|CLIENT_00013|87633575|956087043|AMDOCS|S3AA-0079483567|2026-07-31 00:00:00|PEN|46.21|8.32|54.53
Pago|2080795747|CLIENT_00687|842962221|389931837|AMDOCS|S1AA-0053356500|2026-06-27 00:00:00|PEN|.46|.08|.55
Pago|2018488844|CLIENT_00289|57537295|841052747|AMDOCS|S9AA-0083147157|2026-07-14 00:00:00|PEN|88.92|16.01|104.93
Pago|2063059506|CLIENT_00809|40727195|010068147|AMDOCS|S9AA-0082527282|2026-07-15 00:00:00|PEN|77.41|13.94|91.35
Pago|2021268298|CLIENT_00474|81624306|258533506|AMDOCS|S5AA-0081039488|2026-07-01 00:00:00|PEN|115.89|25.44|141.33
Pago|2023864744|CLIENT_00474|83042575|629980903|AMDOCS|S7AA-0068024931|2026-07-01 00:00:00|PEN|47.58|10.45|58.03
Pago|2050012017|CLIENT_00285|200191431|608796857|AMDOCS|S8AA-0007999449|2026-07-01 00:00:00|PEN|114.63|25.16|139.79
Pago|2069073026|CLIENT_00147|613385621|945667457|AMDOCS|S5AA-0081029003|2026-07-01 00:00:00|PEN|106.08|23.28|129.36
Pago|2068306876|CLIENT_00220|745363821|953106947|AMDOCS|S3AA-0078985196|2026-07-01 00:00:00|PEN|30.36|6.67|37.03
Pago|2093872994|CLIENT_00848|06261095|650720406|AMDOCS|S5AA-0082065545|2026-07-20 00:00:00|PEN|56.29|10.14|66.43
Pago|2098159442|CLIENT_00229|593385521|373943657|AMDOCS|S1AA-0053006726|2026-07-20 00:00:00|PEN|90.76|16.34|107.10
Pago|2091926130|CLIENT_00900|62273575|524273443|AMDOCS|S1AA-0052519782|2026-07-20 00:00:00|PEN|27.23|4.90|32.13
Pago|2033422262|CLIENT_00900|62273575|422273443|AMDOCS|S1AA-0052519781|2026-07-20 00:00:00|PEN|27.23|4.90|32.13
Pago|2083307919|CLIENT_00754|914343231|860755657|AMDOCS|S9AA-0082656456|2026-07-20 00:00:00|PEN|41.47|7.46|48.93
Pago|2074819724|CLIENT_00638|60435406|584654506|AMDOCS|S9AA-0082558170|2026-07-20 00:00:00|PEN|130.15|23.43|153.58
Pago|2090709847|CLIENT_00594|00573795|638904067|AMDOCS|S9AA-0082512960|2026-07-20 00:00:00|PEN|71.13|12.80|83.93
Pago|2062397864|CLIENT_00410|87777575|561737067|AMDOCS|S3AA-0079491531|2026-07-20 00:00:00|PEN|41.47|7.46|48.93
Pago|2072615472|CLIENT_00410|87777575|763541601|AMDOCS|S3AA-0079473637|2026-07-20 00:00:00|PEN|37.32|6.72|44.03
Pago|2063121146|CLIENT_00778|47558285|767682306|AMDOCS|S9AA-0083133914|2026-06-09 00:00:00|PEN|2.18|.48|2.66
Pago|2056392513|CLIENT_00374|23831906|584819506|AMDOCS|S9AA-0082778953|2026-06-19 00:00:00|PEN|3.13|.69|3.82
Pago|2069426660|CLIENT_00374|66011906|394819506|AMDOCS|S9AA-0083067431|2026-06-19 00:00:00|PEN|6.99|1.53|8.53
Pago|2022833976|CLIENT_00994|31979006|770501506|AMDOCS|S5AA-0081003096|2026-07-03 00:00:00|PEN|95.63|20.99|116.62
Pago|2033874362|CLIENT_00792|08726575|286821993|AMDOCS|S1AA-0052901700|2026-07-21 00:00:00|PEN|33.46|6.02|39.48
Pago|2070214710|CLIENT_00242|11783575|061961093|AMDOCS|S7AA-0067169028|2026-07-02 00:00:00|PEN|7.49|1.64|9.14
Pago|2088859624|CLIENT_00594|00573795|638904067|AMDOCS|S9AA-0082055161|2026-07-02 00:00:00|PEN|48.16|10.57|58.73
Pago|2025104971|CLIENT_00371|118091211|812820337|AMDOCS|S7AA-0068953160|2026-07-26 00:00:00|PEN|21.89|3.94|25.83
Pago|2082202511|CLIENT_00338|53080816|885009606|AMDOCS|S9AA-0082804707|2026-07-24 00:00:00|PEN|104.59|18.82|123.41
Pago|2004492803|CLIENT_00211|347978331|764482857|AMDOCS|S7AA-0069235624|2026-07-10 00:00:00|PEN|6.40|1.16|7.55
Pago|2088717616|CLIENT_00246|155347221|603152937|AMDOCS|S7AA-0069301398|2026-07-14 00:00:00|PEN|1.88|.34|2.23
Pago|2046639773|CLIENT_00422|961315821|416989957|AMDOCS|S7AA-0069462100|2026-07-14 00:00:00|PEN|1.38|.25|1.62
Pago|2078183391|CLIENT_00870|132543231|421246557|AMDOCS|S7AA-0069130636|2026-07-16 00:00:00|PEN|4.14|.75|4.89
Pago|2017905347|CLIENT_00870|132543231|621246557|AMDOCS|S7AA-0069130637|2026-07-16 00:00:00|PEN|4.14|.75|4.89
Pago|2078692933|CLIENT_00993|18160985|752519306|AMDOCS|S9AA-0081875593|2026-07-24 00:00:00|PEN|47.40|8.53|55.93
Pago|2096030030|CLIENT_00475|77460395|923513406|AMDOCS|S5AA-0080511270|2026-06-01 00:00:00|PEN|98.38|21.60|119.98
Pago|1042311948|CLIENT_00722|68154575|480054063|AMDOCS|S7AA-0067846086|2026-06-04 00:00:00|PEN|30.36|6.67|37.03
Pago|2000865303|CLIENT_00788|864924721|859748657|AMDOCS|S3AA-0078220568|2026-06-04 00:00:00|PEN|51.60|11.33|62.93
Pago|2078299854|CLIENT_00460|03160295|627412406|AMDOCS|S9AA-0082299333|2026-06-04 00:00:00|PEN|45.86|10.07|55.93
Pago|2006121666|CLIENT_00662|645070911|869999637|AMDOCS|S9AA-0082449389|2026-06-04 00:00:00|PEN|177.94|39.06|217.00
Pago|2081453035|CLIENT_00662|154096131|324404857|AMDOCS|S9AA-0082486763|2026-06-04 00:00:00|PEN|51.60|11.33|62.93
Pago|2064871860|CLIENT_00662|154096131|359489557|AMDOCS|S9AA-0082486295|2026-06-04 00:00:00|PEN|51.60|11.33|62.93
Pago|2072600470|CLIENT_00662|154096131|526723757|AMDOCS|S9AA-0082486519|2026-06-04 00:00:00|PEN|51.60|11.33|62.93
Pago|2020940853|CLIENT_00662|154096131|811665457|AMDOCS|S9AA-0082486085|2026-06-04 00:00:00|PEN|46.44|10.19|56.63
Pago|2044962275|CLIENT_00662|154096131|924404857|AMDOCS|S9AA-0082486764|2026-06-04 00:00:00|PEN|51.60|11.33|62.93
Pago|2059941192|CLIENT_00662|154096131|508901557|AMDOCS|S9AA-0082486112|2026-06-04 00:00:00|PEN|51.60|11.33|62.93
Pago|2051379016|CLIENT_00444|841100701|789582817|AMDOCS|S9AA-0082456430|2026-06-11 00:00:00|PEN|33.01|7.25|40.25
Pago|2070960858|CLIENT_00456|401913421|940037957|AMDOCS|S3AA-0077600273|2026-06-04 00:00:00|PEN|49.31|10.82|60.13
Pago|2094681223|CLIENT_00456|244253411|726927957|AMDOCS|S3AA-0077969116|2026-06-04 00:00:00|PEN|49.31|10.82|60.13
Pago|2074488114|CLIENT_00456|244253411|019927957|AMDOCS|S3AA-0075827701|2026-06-04 00:00:00|PEN|3.67|.81|4.48
Pago|2085420441|CLIENT_00762|34542575|044822823|AMDOCS|S3AA-0077961005|2026-06-04 00:00:00|PEN|18.43|4.04|22.47
Pago|2039576863|CLIENT_00191|33969485|830969947|AMDOCS|S9AA-0082329838|2026-06-04 00:00:00|PEN|13.55|2.97|16.52
Pago|2001699108|CLIENT_00989|473844901|245209537|AMDOCS|S3AA-0078274613|2026-06-04 00:00:00|PEN|45.86|10.07|55.93
Pago|2029902035|CLIENT_00756|66947575|956960057|AMDOCS|S1AA-0051446705|2026-06-04 00:00:00|PEN|5.68|1.25|6.93
Pago|2096767508|CLIENT_00756|44954575|532128993|AMDOCS|S1AA-0051280615|2026-06-04 00:00:00|PEN|5157.94|1132.23|6290.17
Pago|2060225997|CLIENT_00456|401913421|319927957|AMDOCS|S3AA-0077600271|2026-06-15 00:00:00|PEN|34.38|7.55|41.93
Pago|2008268577|CLIENT_00288|58564575|085404303|AMDOCS|S1AA-0052315278|2026-06-15 00:00:00|PEN|18.37|4.03|22.40
Pago|2078921519|CLIENT_00563|11622616|307511347|AMDOCS|S5AA-0080764686|2026-06-05 00:00:00|PEN|30.08|6.60|36.68
Pago|2054510534|CLIENT_00526|97081995|653919406|AMDOCS|S9AA-0081859033|2026-06-05 00:00:00|PEN|74.62|16.38|91.00
Pago|2068445567|CLIENT_00718|789395911|782351167|AMDOCS|S1AA-0051592849|2026-06-05 00:00:00|PEN|22.93|5.03|27.97
Pago|2085992497|CLIENT_00065|19585595|563121747|AMDOCS|S9AA-0081966639|2026-06-05 00:00:00|PEN|91.78|20.15|111.93
Pago|2082815216|CLIENT_00065|85425595|356731747|AMDOCS|S9AA-0081690044|2026-06-05 00:00:00|PEN|20.95|4.60|25.55
Pago|2066708502|CLIENT_00083|06594575|903148513|AMDOCS|S3AA-0078125794|2026-06-05 00:00:00|PEN|38.69|8.49|47.18
Pago|2032184225|CLIENT_00719|77912895|333638406|AMDOCS|S9AA-0081841716|2026-06-18 00:00:00|PEN|96.37|21.16|117.53
Pago|2044630915|CLIENT_00719|49671895|943638406|AMDOCS|S9AA-0081988574|2026-06-18 00:00:00|PEN|82.08|18.02|100.10
Pago|2002302343|CLIENT_00020|281114021|509180557|AMDOCS|S9AA-0081889821|2026-06-03 00:00:00|PEN|42.76|9.39|52.15
Pago|2034169414|CLIENT_00863|673895221|139561457|AMDOCS|S9AA-0081837875|2026-06-03 00:00:00|PEN|45.86|10.07|55.93
Pago|2041116026|CLIENT_00940|77358185|871086937|AMDOCS|S5AA-0080514351|2026-06-03 00:00:00|PEN|50.45|11.08|61.53
Pago|2087955899|CLIENT_00308|51760006|693699406|AMDOCS|S9AA-0082659898|2026-07-24 00:00:00|PEN|53.33|9.60|62.93
Pago|2047587904|CLIENT_00534|10429885|107109306|AMDOCS|S9AA-0082531890|2026-07-24 00:00:00|PEN|26.64|4.80|31.43
Pago|2066842380|CLIENT_00337|051238721|086657847|AMDOCS|S7AA-0067524920|2026-06-02 00:00:00|PEN|50.45|11.08|61.53
Pago|2012793422|CLIENT_00234|60004085|215930306|AMDOCS|S5AA-0080708985|2026-06-02 00:00:00|PEN|45.40|9.97|55.37
Pago|2004495367|CLIENT_00662|567037021|867895437|AMDOCS|S5AA-0080425749|2026-06-02 00:00:00|PEN|334.58|73.45|408.03
Pago|2069121500|CLIENT_00717|05968995|550389406|AMDOCS|S5AA-0080312965|2026-06-02 00:00:00|PEN|120.20|26.38|146.58
Pago|2058571451|CLIENT_00813|047308221|730302257|AMDOCS|S7AA-0067435260|2026-06-01 00:00:00|PEN|36.10|7.93|44.03
Pago|2099090721|CLIENT_00528|77113575|259418013|AMDOCS|S3AA-0078290690|2026-06-01 00:00:00|PEN|44.71|9.82|54.53
Pago|2028110957|CLIENT_00960|98614575|683070253|AMDOCS|S3AA-0078417463|2026-06-01 00:00:00|PEN|30.36|6.67|37.03
Pago|2081477856|CLIENT_00960|98614575|483070253|AMDOCS|S3AA-0078417462|2026-06-01 00:00:00|PEN|47.58|10.45|58.03
Pago|2006563540|CLIENT_00639|34993575|933790943|AMDOCS|S3AA-0077970862|2026-06-01 00:00:00|PEN|30.65|6.73|37.38
Pago|2048074581|CLIENT_00756|010382|33988100|ISIS|FFBG-154570|2026-06-02 00:00:00|USD|55.13|12.10|67.23
Pago|2045175160|CLIENT_00740|08960575|038324703|AMDOCS|S1AA-0052281282|2026-06-11 00:00:00|PEN|161.01|35.34|196.35
Pago|2075453385|CLIENT_00684|402956121|143573067|AMDOCS|S1AA-0051762733|2026-06-11 00:00:00|PEN|51.60|11.33|62.93
Pago|2051341964|CLIENT_00219|50325575|359693401|AMDOCS|S1AA-0051763658|2026-06-11 00:00:00|PEN|9.18|2.02|11.20
Pago|2072484196|CLIENT_00219|50325575|499693401|AMDOCS|S1AA-0051763659|2026-06-11 00:00:00|PEN|9.13|2.00|11.13
Pago|2078998333|CLIENT_00893|11274285|372188857|AMDOCS|S5AA-0080766337|2026-06-11 00:00:00|PEN|74.68|16.39|91.07
Pago|2036631349|CLIENT_00307|289009821|958134057|AMDOCS|S9AA-0081490662|2026-06-15 00:00:00|PEN|74.56|16.37|90.93
Pago|2077828321|CLIENT_00307|289009821|229924057|AMDOCS|S9AA-0081490661|2026-06-15 00:00:00|PEN|62.74|13.77|76.51
Pago|2083215398|CLIENT_00564|60960575|779026201|AMDOCS|S1AA-0051763589|2026-06-15 00:00:00|PEN|134.14|29.45|163.59
Pago|2067392845|CLIENT_00917|62874416|746371067|AMDOCS|S9AA-0082271093|2026-06-05 00:00:00|PEN|91.78|20.15|111.93
Pago|2030917804|CLIENT_00917|62874416|429371067|AMDOCS|S9AA-0082271094|2026-06-05 00:00:00|PEN|91.78|20.15|111.93
Pago|2024687919|CLIENT_00136|657982821|839284947|AMDOCS|S7AA-0067579383|2026-06-05 00:00:00|PEN|14.29|3.14|17.43
Pago|2009260797|CLIENT_00136|657982821|607498947|AMDOCS|S7AA-0067579418|2026-06-05 00:00:00|PEN|14.35|3.15|17.50
Pago|2081107430|CLIENT_00534|79590575|314006827|AMDOCS|S1AA-0051718191|2026-06-18 00:00:00|PEN|45.52|9.99|55.51
Pago|2012159970|CLIENT_00023|150233121|370598537|AMDOCS|S1AA-0052079269|2026-06-18 00:00:00|PEN|45.86|10.07|55.93
Pago|2074525786|CLIENT_00733|626387331|741541857|AMDOCS|S8AA-0007554818|2026-06-18 00:00:00|PEN|80.30|17.63|97.93
Pago|2022081722|CLIENT_00733|626387331|649870857|AMDOCS|S8AA-0007554817|2026-06-18 00:00:00|PEN|63.08|13.85|76.93
Pago|2074987251|CLIENT_00276|493801631|701615167|AMDOCS|S7AA-0067926518|2026-06-18 00:00:00|PEN|54.99|12.07|67.06
Pago|2006444294|CLIENT_00359|01797306|954073506|AMDOCS|S9AA-0082126917|2026-06-18 00:00:00|PEN|115.89|25.44|141.33
Pago|2069010208|CLIENT_00359|14287306|344073506|AMDOCS|S9AA-0082394955|2026-06-18 00:00:00|PEN|115.89|25.44|141.33
Pago|2040502929|CLIENT_00235|71948185|716381306|AMDOCS|S9AA-0082186237|2026-06-18 00:00:00|PEN|92.87|20.39|113.26
Pago|2057932564|CLIENT_00902|558507131|155885457|AMDOCS|S4AA-0008036411|2026-06-23 00:00:00|PEN|51.60|11.33|62.93
Pago|2034895152|CLIENT_00378|60534585|669255306|AMDOCS|S9AA-0082091358|2026-06-23 00:00:00|PEN|69.91|15.35|85.26
Pago|2067647278|CLIENT_00078|21761575|057746343|AMDOCS|S3AA-0077669879|2026-06-03 00:00:00|PEN|27.21|5.97|33.18
Pago|2040445117|CLIENT_00255|683942421|682517257|AMDOCS|S9AA-0081924145|2026-06-03 00:00:00|PEN|54.24|11.91|66.15
Pago|2014022852|CLIENT_00255|683942421|047585957|AMDOCS|S9AA-0081925227|2026-06-03 00:00:00|PEN|77.20|16.95|94.15
Pago|2051257434|CLIENT_00942|659474221|739516837|AMDOCS|S5AA-0079981919|2026-06-02 00:00:00|PEN|66.01|14.49|80.50
Pago|2058548876|CLIENT_00683|355637921|663986157|AMDOCS|S3AA-0078073457|2026-06-02 00:00:00|PEN|50.94|11.18|62.13
Pago|2090334510|CLIENT_00875|332812621|071849547|AMDOCS|S3AA-0077878033|2026-06-02 00:00:00|PEN|102.11|22.42|124.53
Pago|2046930363|CLIENT_00514|19676295|174972406|AMDOCS|S5AA-0080614246|2026-06-01 00:00:00|PEN|48.50|10.65|59.15
Pago|2068618852|CLIENT_00078|21761575|829531213|AMDOCS|S3AA-0077669315|2026-06-01 00:00:00|PEN|41.84|9.19|51.03
Pago|2085501613|CLIENT_00078|21761575|402521183|AMDOCS|S3AA-0077670437|2026-06-01 00:00:00|PEN|41.84|9.19|51.03
Pago|2006969490|CLIENT_00418|79003575|223963533|AMDOCS|S3AA-0078494966|2026-06-01 00:00:00|PEN|30.36|6.67|37.03
Pago|2014313462|CLIENT_00756|010382|33988100|ISIS|S300-252131|2026-06-11 00:00:00|PEN|650.92|142.88|793.80
Pago|2053659424|CLIENT_00756|010382|33988100|ISIS|S300-252132|2026-06-11 00:00:00|PEN|3660.92|803.61|4464.53
Pago|2059135824|CLIENT_00447|822443901|092527847|AMDOCS|S9AA-0082286431|2026-06-15 00:00:00|PEN|38.34|8.42|46.76
Pago|2071395567|CLIENT_00118|491813321|475225047|AMDOCS|S9AA-0081991691|2026-06-15 00:00:00|PEN|67.62|14.84|82.46
Pago|2019768204|CLIENT_00118|491813321|801947067|AMDOCS|S9AA-0081994657|2026-06-15 00:00:00|PEN|20.03|4.40|24.43
Pago|2053805361|CLIENT_00167|051203231|315635557|AMDOCS|S8AA-0007627540|2026-06-15 00:00:00|PEN|22.90|5.03|27.93
Pago|2027805966|CLIENT_00167|051203231|727735557|AMDOCS|S8AA-0007627541|2026-06-15 00:00:00|PEN|22.90|5.03|27.93
Pago|2040655923|CLIENT_00296|631280821|847861947|AMDOCS|S9AA-0082355799|2026-06-15 00:00:00|PEN|22.90|5.03|27.93
Pago|2047335716|CLIENT_00296|12742185|945064957|AMDOCS|S9AA-0082227603|2026-06-15 00:00:00|PEN|51.60|11.33|62.93
Pago|2017763650|CLIENT_00236|01691195|572155447|AMDOCS|S9AA-0082130325|2026-06-05 00:00:00|PEN|53.10|11.66|64.75
Pago|2022190206|CLIENT_00446|32721575|796471423|AMDOCS|S3AA-0077776277|2026-06-06 00:00:00|PEN|29.39|6.45|35.84
Pago|2084347031|CLIENT_00887|435846421|419702347|AMDOCS|S8AA-0007577503|2026-06-06 00:00:00|PEN|97.52|21.41|118.93
Pago|2089712129|CLIENT_00887|65625575|596121473|AMDOCS|S7AA-0067575326|2026-06-06 00:00:00|PEN|114.69|25.17|139.86
Pago|2071409668|CLIENT_00887|435846421|136952347|AMDOCS|S8AA-0007577504|2026-06-06 00:00:00|PEN|109.00|23.93|132.93
Pago|2038291549|CLIENT_00887|435846421|343721347|AMDOCS|S8AA-0007577481|2026-06-06 00:00:00|PEN|229.54|50.39|279.93
Pago|2095359177|CLIENT_00639|14684316|392571257|AMDOCS|S9AA-0082399302|2026-06-18 00:00:00|PEN|40.12|8.81|48.93
Pago|2073133607|CLIENT_00035|119545331|016136757|AMDOCS|S9AA-0082140758|2026-06-18 00:00:00|PEN|45.86|10.07|55.93
Pago|2038909371|CLIENT_00713|98360385|977703306|AMDOCS|S5AA-0081554310|2026-06-23 00:00:00|PEN|75.42|16.56|91.98
Pago|2046269782|CLIENT_00179|408851011|816731717|AMDOCS|S3AA-0078572904|2026-06-23 00:00:00|PEN|24.05|5.28|29.33
Pago|2016142658|CLIENT_00521|44811516|047674606|AMDOCS|S9AA-0082421199|2026-06-23 00:00:00|PEN|53.55|11.76|65.31
Pago|2091198935|CLIENT_00319|25242575|929982823|AMDOCS|S1AA-0052084072|2026-06-23 00:00:00|PEN|19.17|4.21|23.38
Pago|2041506329|CLIENT_00468|81900195|147262847|AMDOCS|S5AA-0080816689|2026-06-08 00:00:00|PEN|51.60|11.33|62.93
Pago|2042528793|CLIENT_00468|81900195|583170547|AMDOCS|S5AA-0080816386|2026-06-08 00:00:00|PEN|56.83|12.47|69.30
Pago|2036551080|CLIENT_00678|91210795|990807406|AMDOCS|S9AA-0082204689|2026-06-08 00:00:00|PEN|40.58|8.91|49.49
Pago|2065094859|CLIENT_00678|91210795|990807406|AMDOCS|S9AA-0080937736|2026-06-08 00:00:00|PEN|40.58|8.91|49.49
Pago|2060056891|CLIENT_00140|70859285|861692306|AMDOCS|S9AA-0080832062|2026-06-08 00:00:00|PEN|60.32|13.24|73.56
Pago|2008828243|CLIENT_00140|70859285|861692306|AMDOCS|S9AA-0080832062|2026-06-08 00:00:00|PEN|3.17|.70|3.86
Pago|2025086317|CLIENT_00367|56850575|056850303|AMDOCS|S1AA-0052791377|2026-07-24 00:00:00|PEN|35.53|6.40|41.93
Pago|2000279692|CLIENT_00168|00612575|739030747|AMDOCS|S1AA-0052366065|2026-07-24 00:00:00|PEN|45.91|8.27|54.18
Pago|2052019028|CLIENT_00034|09551795|634586147|AMDOCS|S9AA-0081957185|2026-06-11 00:00:00|PEN|137.65|30.21|167.86
Pago|2066317893|CLIENT_00034|09551795|934586147|AMDOCS|S9AA-0081957186|2026-06-11 00:00:00|PEN|123.93|27.20|151.13
Pago|2079899808|CLIENT_00269|67893906|428899157|AMDOCS|S5AA-0080508132|2026-06-05 00:00:00|PEN|63.08|13.85|76.93
Pago|2011067330|CLIENT_00113|336038121|033224167|AMDOCS|S3AA-0077882468|2026-06-05 00:00:00|PEN|24.05|5.28|29.33
Pago|2088688350|CLIENT_00267|03725575|530221601|AMDOCS|S3AA-0077834218|2026-06-05 00:00:00|PEN|62.85|13.80|76.65
Pago|2045309501|CLIENT_00511|03074575|854215713|AMDOCS|S3AA-0077834517|2026-06-05 00:00:00|PEN|47.58|10.45|58.03
Pago|2017741016|CLIENT_00456|401913421|259110067|AMDOCS|S3AA-0077600342|2026-06-05 00:00:00|PEN|22.90|5.03|27.93
Pago|2059563374|CLIENT_00456|401913421|326927957|AMDOCS|S3AA-0077600270|2026-06-05 00:00:00|PEN|34.38|7.55|41.93
Pago|2047968874|CLIENT_00456|244253411|586927957|AMDOCS|S3AA-0077969117|2026-06-05 00:00:00|PEN|34.38|7.55|41.93
Pago|2036636457|CLIENT_00446|32721575|796471423|AMDOCS|S3AA-0078751781|2026-06-06 00:00:00|PEN|.95|.21|1.16
Pago|2085948228|CLIENT_00418|79003575|527733873|AMDOCS|S3AA-0079465310|2026-06-13 00:00:00|PEN|7.84|1.72|9.56
Pago|2066819656|CLIENT_00456|244253411|003946067|AMDOCS|S3AA-0078940846|2026-06-14 00:00:00|PEN|3.60|.79|4.39
Pago|2025227089|CLIENT_00456|401913421|319927957|AMDOCS|S3AA-0078579454|2026-06-15 00:00:00|PEN|11.09|2.43|13.52
Pago|1002436750|CLIENT_00326|89053195|243341406|AMDOCS|S9AA-0082031366|2026-06-18 00:00:00|PEN|93.22|20.46|113.68
Pago|2033295502|CLIENT_00513|159921021|240297637|AMDOCS|S1AA-0052079289|2026-06-18 00:00:00|PEN|10.05|2.21|12.25
Pago|2045129205|CLIENT_00513|159921021|977833337|AMDOCS|S1AA-0052079202|2026-06-18 00:00:00|PEN|21.75|4.78|26.53
Pago|2075590140|CLIENT_00719|84851895|753638406|AMDOCS|S9AA-0082455166|2026-06-18 00:00:00|PEN|124.56|27.34|151.90
Pago|2098203821|CLIENT_00718|789395911|782351167|AMDOCS|S1AA-0052953648|2026-06-05 00:00:00|PEN|2.29|.50|2.79
Pago|2031711814|CLIENT_00408|026702221|218307547|AMDOCS|S1AA-0052488357|2026-06-25 00:00:00|PEN|2.97|.65|3.62
Pago|2059259780|CLIENT_00525|556726721|908011457|AMDOCS|S1AA-0052727495|2026-06-25 00:00:00|PEN|.86|.19|1.05
Pago|2046969172|CLIENT_00607|22121575|281342233|AMDOCS|S1AA-0052649087|2026-06-25 00:00:00|PEN|.61|.13|.74
Pago|1038807829|CLIENT_00722|68154575|480054063|AMDOCS|S7AA-0068449493|2026-07-07 00:00:00|PEN|30.36|6.67|37.03
Pago|2016442878|CLIENT_00427|676676521|143879447|AMDOCS|S7AA-0068364423|2026-07-07 00:00:00|PEN|108.89|23.90|132.79
Pago|2045077530|CLIENT_00191|33969485|830969947|AMDOCS|S9AA-0082791173|2026-07-07 00:00:00|PEN|13.55|2.97|16.52
Pago|2070397154|CLIENT_00392|03511006|191196957|AMDOCS|S5AA-0081131415|2026-07-07 00:00:00|PEN|74.79|16.42|91.21
Pago|2016855055|CLIENT_00971|962386021|390794437|AMDOCS|S9AA-0083094979|2026-07-07 00:00:00|PEN|170.25|37.37|207.62
Pago|2021259203|CLIENT_00271|90443085|371530306|AMDOCS|S9AA-0080849258|2026-06-08 00:00:00|PEN|43.62|9.58|53.20
Pago|2009855734|CLIENT_00261|994451331|527059657|AMDOCS|S9AA-0081639658|2026-06-08 00:00:00|PEN|74.16|16.28|90.44
Pago|2047203767|CLIENT_00422|961315821|416989957|AMDOCS|S7AA-0067699851|2026-06-08 00:00:00|PEN|42.76|9.39|52.15
Pago|2030767470|CLIENT_00784|79916575|769740973|AMDOCS|S1AA-0051717197|2026-06-10 00:00:00|PEN|12.80|2.81|15.61
Pago|2028857166|CLIENT_00631|71720706|330886506|AMDOCS|S9AA-0037217661|2026-06-10 00:00:00|PEN|43.68|9.59|53.27
Pago|2084525225|CLIENT_00631|93250706|140886506|AMDOCS|S9AA-0036317590|2026-06-10 00:00:00|PEN|63.08|13.85|76.93
Pago|2071679522|CLIENT_00631|71720706|330886506|AMDOCS|S9AA-0037818410|2026-06-10 00:00:00|PEN|20.39|4.48|24.87
Pago|2027583654|CLIENT_00631|93250706|140886506|AMDOCS|S9AA-0038185745|2026-06-10 00:00:00|PEN|2.10|.46|2.56
Pago|2081136919|CLIENT_00294|40815595|083465406|AMDOCS|S9AA-0082074868|2026-06-10 00:00:00|PEN|102.57|22.52|125.09
Pago|2004228948|CLIENT_00018|66621985|097029306|AMDOCS|S5AA-0080430166|2026-06-03 00:00:00|PEN|119.62|26.26|145.88
Pago|2093894628|CLIENT_00356|289769331|640903857|AMDOCS|S4AA-0007514382|2026-06-02 00:00:00|PEN|3.42|.75|4.17
Pago|2081309251|CLIENT_00433|870041721|288955747|AMDOCS|S7AA-0067777675|2026-06-02 00:00:00|PEN|98.50|21.62|120.12
Pago|2022213767|CLIENT_00116|927628431|225016957|AMDOCS|S7AA-0067338450|2026-06-02 00:00:00|PEN|91.78|20.15|111.93
Pago|2013058198|CLIENT_00993|18160985|752519306|AMDOCS|S9AA-0083193624|2026-07-24 00:00:00|PEN|47.40|8.53|55.93
Pago|2057990291|CLIENT_00993|72356185|353361306|AMDOCS|S9AA-0082272610|2026-07-24 00:00:00|PEN|56.29|10.14|66.43
Pago|2026699091|CLIENT_00993|72356185|353361306|AMDOCS|S9AA-0082743493|2026-07-24 00:00:00|PEN|56.29|10.14|66.43
Pago|2030238649|CLIENT_00456|401913421|861037957|AMDOCS|S3AA-0077600274|2026-06-04 00:00:00|PEN|34.38|7.55|41.93
Pago|2026598806|CLIENT_00317|55190516|950594606|AMDOCS|S9AA-0081643443|2026-06-04 00:00:00|PEN|68.82|15.11|83.93
Pago|2070293430|CLIENT_00648|581801031|075168557|AMDOCS|S9AA-0080645234|2026-06-15 00:00:00|PEN|19.20|4.21|23.42
Pago|2032846020|CLIENT_00648|581801031|075168557|AMDOCS|S9AA-0081517449|2026-06-15 00:00:00|PEN|18.45|4.05|22.51
Pago|2045052005|CLIENT_00109|763571211|174787947|AMDOCS|S9AA-0081759577|2026-06-15 00:00:00|PEN|19.17|4.21|23.38
Pago|2026855795|CLIENT_00418|79003575|931637733|AMDOCS|S3AA-0078494991|2026-06-05 00:00:00|PEN|30.36|6.67|37.03
Pago|2005357307|CLIENT_00223|619846321|040684547|AMDOCS|S8AA-0007522628|2026-06-06 00:00:00|PEN|41.84|9.19|51.03
Pago|2012198823|CLIENT_00223|619846321|878242147|AMDOCS|S8AA-0007519413|2026-06-06 00:00:00|PEN|57.92|12.71|70.63
Pago|2003740540|CLIENT_00568|36984575|533151601|AMDOCS|S7AA-0067637750|2026-06-07 00:00:00|PEN|54.47|11.96|66.43
Pago|2015074127|CLIENT_00534|10429885|107109306|AMDOCS|S9AA-0082057060|2026-06-23 00:00:00|PEN|25.77|5.66|31.43
Pago|2019373121|CLIENT_00747|36672575|569729501|AMDOCS|S1AA-0052158546|2026-06-23 00:00:00|PEN|35.24|7.74|42.98
Pago|2031938916|CLIENT_00433|870041721|288955747|AMDOCS|S7AA-0068382566|2026-07-07 00:00:00|PEN|98.44|21.61|120.05
Pago|2078272562|CLIENT_00198|530659421|808326257|AMDOCS|S8AA-0008103598|2026-07-07 00:00:00|PEN|129.04|28.32|157.36
Pago|2000103903|CLIENT_00566|07502795|535237406|AMDOCS|S9AA-0081781161|2026-06-08 00:00:00|PEN|147.46|32.37|179.83
Pago|2084915354|CLIENT_00997|445198921|387729157|AMDOCS|S7AA-0067471700|2026-06-08 00:00:00|PEN|45.86|10.07|55.93
Pago|2030936191|CLIENT_00715|149263621|477134947|AMDOCS|S9AA-0082398847|2026-06-08 00:00:00|PEN|63.08|13.85|76.93
Pago|2074037343|CLIENT_00670|82289685|405807306|AMDOCS|S9AA-0081015288|2026-06-08 00:00:00|PEN|92.01|20.20|112.21
Pago|2013887371|CLIENT_00609|53693406|856614047|AMDOCS|S5AA-0080198018|2026-06-10 00:00:00|PEN|18.31|4.02|22.33
Pago|2091907227|CLIENT_00779|37698395|462643757|AMDOCS|S9AA-0081413432|2026-06-10 00:00:00|PEN|82.77|18.17|100.94
Pago|2080474018|CLIENT_00995|07517575|492328501|AMDOCS|S7AA-0067691926|2026-06-10 00:00:00|PEN|24.62|5.41|30.03
Pago|2071716055|CLIENT_00995|07517575|991544037|AMDOCS|S7AA-0067703256|2026-06-10 00:00:00|PEN|21.75|4.78|26.53
Pago|2082130032|CLIENT_00923|646582711|428008847|AMDOCS|S9AA-0082450708|2026-06-12 00:00:00|PEN|103.26|22.67|125.93
Pago|2059584742|CLIENT_00136|40231575|815393063|AMDOCS|S1AA-0051757659|2026-06-12 00:00:00|PEN|14.35|3.15|17.50
Pago|2085867642|CLIENT_00136|40231575|471023063|AMDOCS|S1AA-0051757652|2026-06-12 00:00:00|PEN|13.43|2.95|16.38
Pago|2065495159|CLIENT_00136|40231575|067293063|AMDOCS|S1AA-0051757655|2026-06-12 00:00:00|PEN|14.29|3.14|17.43
Pago|2068710937|CLIENT_00136|40231575|951023063|AMDOCS|S1AA-0051757651|2026-06-12 00:00:00|PEN|14.29|3.14|17.43
Pago|2006925469|CLIENT_00136|40231575|901193063|AMDOCS|S1AA-0051757653|2026-06-12 00:00:00|PEN|13.43|2.95|16.38
Pago|2014777741|CLIENT_00136|40231575|891085101|AMDOCS|S1AA-0052035860|2026-06-12 00:00:00|PEN|85.01|18.66|103.67
Pago|2070382241|CLIENT_00136|40231575|012393063|AMDOCS|S1AA-0051757658|2026-06-12 00:00:00|PEN|14.35|3.15|17.50
Pago|2056915238|CLIENT_00136|40231575|757293063|AMDOCS|S1AA-0051757654|2026-06-12 00:00:00|PEN|35.82|7.86|43.68
Pago|2057705174|CLIENT_00719|96912895|713638406|AMDOCS|S9AA-0081772648|2026-06-18 00:00:00|PEN|211.00|46.32|257.32
Pago|2005142604|CLIENT_00118|491813321|469627067|AMDOCS|S9AA-0081994630|2026-06-18 00:00:00|PEN|63.08|13.85|76.93
Pago|2050766085|CLIENT_00699|994931321|569464047|AMDOCS|S1AA-0053031913|2026-07-01 00:00:00|PEN|2.51|.55|3.07
Pago|2097350369|CLIENT_00813|047308221|730302257|AMDOCS|S7AA-0068047684|2026-07-06 00:00:00|PEN|36.16|7.94|44.10
Pago|2071854449|CLIENT_00591|92218116|435285147|AMDOCS|S5AA-0081122258|2026-07-06 00:00:00|PEN|131.73|28.92|160.65
Pago|2045989840|CLIENT_00591|92218116|435285147|AMDOCS|S5AA-0080896990|2026-06-07 00:00:00|PEN|131.73|28.92|160.65
Pago|2027491743|CLIENT_00524|79291106|840691506|AMDOCS|S9AA-0082023364|2026-06-08 00:00:00|PEN|90.06|19.77|109.83
Pago|2020585312|CLIENT_00189|415645531|921296067|AMDOCS|S6AA-0000025530|2026-06-09 00:00:00|PEN|18.14|3.98|22.12
Pago|2038386599|CLIENT_00189|415645531|416686067|AMDOCS|S6AA-0000025529|2026-06-09 00:00:00|PEN|18.14|3.98|22.12
Pago|2029921832|CLIENT_00162|431609131|255107857|AMDOCS|S1AA-0051952912|2026-06-09 00:00:00|PEN|97.52|21.41|118.93
Pago|2039863336|CLIENT_00791|676310921|898795057|AMDOCS|S8AA-0007706152|2026-06-09 00:00:00|PEN|44.37|9.74|54.11
Pago|2045742723|CLIENT_00001|777232|62197100|ISIS|FFBG-153837|2026-06-10 00:00:00|PEN|501.51|110.09|611.60
Pago|2070232761|CLIENT_00001|777232|62197100|ISIS|FFBG-153837|2026-06-10 00:00:00|PEN|68.31|14.99|83.30
Pago|2091425158|CLIENT_00367|56850575|436850303|AMDOCS|S1AA-0052172235|2026-06-12 00:00:00|PEN|39.55|8.68|48.23
Pago|2087681453|CLIENT_00859|816856611|507734337|AMDOCS|S7AA-0067233758|2026-06-12 00:00:00|PEN|37.54|8.24|45.78
Pago|2057614763|CLIENT_00859|816856611|885634337|AMDOCS|S7AA-0067233756|2026-06-12 00:00:00|PEN|37.54|8.24|45.78
Pago|2046859398|CLIENT_00764|89974616|603066606|AMDOCS|S9AA-0082032478|2026-06-12 00:00:00|PEN|51.37|11.28|62.65
Pago|2072645380|CLIENT_00764|60084616|092066606|AMDOCS|S9AA-0082092899|2026-06-12 00:00:00|PEN|22.96|5.04|28.00
Pago|2054093957|CLIENT_00971|962386021|390794437|AMDOCS|S9AA-0081775104|2026-06-12 00:00:00|PEN|170.25|37.37|207.62
Pago|2011539390|CLIENT_00971|67050575|184510003|AMDOCS|S1AA-0052246930|2026-06-12 00:00:00|PEN|15.21|3.34|18.55
Pago|2048805652|CLIENT_00880|25312706|363707506|AMDOCS|S9AA-0082490297|2026-06-16 00:00:00|PEN|109.58|24.05|133.63
Pago|2080608107|CLIENT_00240|998984531|041016067|AMDOCS|S9AA-0082046455|2026-06-16 00:00:00|PEN|109.00|23.93|132.93
Pago|2065059290|CLIENT_00015|671814511|977999537|AMDOCS|S5AA-0080506754|2026-06-16 00:00:00|PEN|103.26|22.67|125.93
Pago|2079774432|CLIENT_00562|66051116|996801606|AMDOCS|S9AA-0081747140|2026-06-16 00:00:00|PEN|45.86|10.07|55.93
Pago|2015336861|CLIENT_00247|53941575|362083123|AMDOCS|S7AA-0066468811|2026-06-17 00:00:00|PEN|18.43|4.04|22.47
Pago|2010782027|CLIENT_00247|53941575|362083123|AMDOCS|S7AA-0067385022|2026-06-17 00:00:00|PEN|18.43|4.04|22.47
Pago|2042009956|CLIENT_00165|008544621|252275647|AMDOCS|S9AA-0082052957|2026-06-19 00:00:00|PEN|34.38|7.55|41.93
Pago|2000105993|CLIENT_00255|683942421|292608067|AMDOCS|S9AA-0081925641|2026-06-19 00:00:00|PEN|54.19|11.89|66.08
Pago|2033527775|CLIENT_00367|56850575|512282403|AMDOCS|S1AA-0052172263|2026-06-19 00:00:00|PEN|44.71|9.82|54.53
Pago|2054941434|CLIENT_00458|97044575|579613733|AMDOCS|S1AA-0052274746|2026-06-20 00:00:00|PEN|38.40|8.43|46.83
Pago|2067472025|CLIENT_00049|044889811|582704137|AMDOCS|S7AA-0067432283|2026-06-20 00:00:00|PEN|66.24|14.54|80.78
Pago|2059054819|CLIENT_00448|80625606|953276506|AMDOCS|S9AA-0082109859|2026-06-20 00:00:00|PEN|55.79|12.25|68.04
Pago|2052578641|CLIENT_00448|47535606|763276506|AMDOCS|S9AA-0081816012|2026-06-20 00:00:00|PEN|40.12|8.81|48.93
Pago|2098019473|CLIENT_00448|80625606|910326947|AMDOCS|S9AA-0082113787|2026-06-20 00:00:00|PEN|17.22|3.78|21.00
Pago|2044862591|CLIENT_00895|69942575|344731601|AMDOCS|S1AA-0051702425|2026-06-20 00:00:00|PEN|16.36|3.59|19.95
Pago|2051740933|CLIENT_00895|88942575|732812923|AMDOCS|S3AA-0079379213|2026-06-20 00:00:00|PEN|27.21|5.97|33.18
Pago|2031888587|CLIENT_00895|69942575|044731601|AMDOCS|S1AA-0051702422|2026-06-20 00:00:00|PEN|16.36|3.59|19.95
Pago|2020101848|CLIENT_00179|70424285|316814657|AMDOCS|S9AA-0082106067|2026-06-08 00:00:00|PEN|40.12|8.81|48.93
Pago|2043149098|CLIENT_00027|439858611|442690737|AMDOCS|S9AA-0082336915|2026-06-08 00:00:00|PEN|72.21|15.85|88.06
Pago|2092679466|CLIENT_00431|66409995|202000506|AMDOCS|S9AA-0081347066|2026-06-08 00:00:00|PEN|64.23|14.10|78.33
Pago|2079585159|CLIENT_00559|62957795|726097406|AMDOCS|S5AA-0080872072|2026-06-08 00:00:00|PEN|107.11|23.51|130.62
Pago|2040677842|CLIENT_00666|966296531|342129067|AMDOCS|S6AA-0000043893|2026-06-09 00:00:00|PEN|19.29|4.23|23.52
Pago|2054807394|CLIENT_00152|54754575|268922001|AMDOCS|S7AA-0067475065|2026-06-09 00:00:00|PEN|38.40|8.43|46.83
Pago|2094609387|CLIENT_00152|761492421|784070847|AMDOCS|S7AA-0067678451|2026-06-09 00:00:00|PEN|137.70|30.23|167.93
Pago|2017687980|CLIENT_00002|29261506|196015506|AMDOCS|S5AA-0080622109|2026-06-09 00:00:00|PEN|65.95|14.48|80.43
Pago|2059120527|CLIENT_00870|132543231|621246557|AMDOCS|S7AA-0067355115|2026-06-09 00:00:00|PEN|22.67|4.98|27.65
Pago|2011522758|CLIENT_00870|132543231|421246557|AMDOCS|S7AA-0067355114|2026-06-09 00:00:00|PEN|22.67|4.98|27.65
Pago|2086851615|CLIENT_00905|455932421|176083247|AMDOCS|S8AA-0007641442|2026-06-12 00:00:00|PEN|38.75|8.51|47.25
Pago|2082477466|CLIENT_00905|455932421|976083247|AMDOCS|S8AA-0007641443|2026-06-12 00:00:00|PEN|38.75|8.51|47.25
Pago|2075446137|CLIENT_00905|70647575|494912237|AMDOCS|S1AA-0051813646|2026-06-12 00:00:00|PEN|39.55|8.68|48.23
Pago|2027698007|CLIENT_00990|687330621|848818657|AMDOCS|S3AA-0077411679|2026-06-12 00:00:00|PEN|34.33|7.53|41.86
Pago|2037154486|CLIENT_00895|68520506|772001167|AMDOCS|S5AA-0080590420|2026-06-12 00:00:00|PEN|17.22|3.78|21.00
Pago|2004792943|CLIENT_00818|261453231|813596557|AMDOCS|S8AA-0007664074|2026-06-16 00:00:00|PEN|103.26|22.67|125.93
Pago|2004240244|CLIENT_00422|659895821|033750167|AMDOCS|S8AA-0007647080|2026-06-16 00:00:00|PEN|48.50|10.65|59.15
Pago|2009768742|CLIENT_00967|150612921|407429857|AMDOCS|S4AA-0007726931|2026-06-16 00:00:00|PEN|45.86|10.07|55.93
Pago|2058066767|CLIENT_00743|582149431|403578957|AMDOCS|S9AA-0081916714|2026-06-16 00:00:00|PEN|77.15|16.93|94.08
Pago|2001809758|CLIENT_00443|621170631|096754167|AMDOCS|S8AA-0007558798|2026-06-17 00:00:00|PEN|58.84|12.92|71.75
Pago|2082639572|CLIENT_00284|697374231|179918557|AMDOCS|S8AA-0007770918|2026-06-17 00:00:00|PEN|25.49|5.59|31.08
Pago|2006269376|CLIENT_00367|56850575|056850303|AMDOCS|S1AA-0052172236|2026-06-17 00:00:00|PEN|34.38|7.55|41.93
Pago|2076439409|CLIENT_00154|308317231|033302657|AMDOCS|S9AA-0082071646|2026-06-19 00:00:00|PEN|97.52|21.41|118.93
Pago|2072727583|CLIENT_00076|32851575|507475917|AMDOCS|S1AA-0051881564|2026-06-19 00:00:00|PEN|30.36|6.67|37.03
Pago|2032506962|CLIENT_00076|55121185|341211306|AMDOCS|S9AA-0081641623|2026-06-19 00:00:00|PEN|48.56|10.66|59.22
Pago|2078390419|CLIENT_00444|00140116|695047857|AMDOCS|S9AA-0082054705|2026-06-19 00:00:00|PEN|34.15|7.50|41.65
Pago|2006503400|CLIENT_00037|966673111|751447357|AMDOCS|S9AA-0081777431|2026-06-19 00:00:00|PEN|160.26|35.18|195.44
Pago|2048797474|CLIENT_00043|13548316|092539657|AMDOCS|S9AA-0082313483|2026-06-19 00:00:00|PEN|40.12|8.81|48.93
Pago|2072719850|CLIENT_00681|197529901|740066937|AMDOCS|S9AA-0081965783|2026-06-20 00:00:00|PEN|72.27|15.86|88.13
Pago|2034879712|CLIENT_00302|02226995|520778757|AMDOCS|S9AA-0082218755|2026-06-20 00:00:00|PEN|36.85|8.09|44.94
Pago|2053392902|CLIENT_00867|871938221|171224937|AMDOCS|S9AA-0081853237|2026-06-20 00:00:00|PEN|48.45|10.63|59.08
Pago|2051947639|CLIENT_00103|62947575|211702203|AMDOCS|S1AA-0051893066|2026-06-20 00:00:00|PEN|82.89|18.19|101.08
Pago|2055401959|CLIENT_00083|06594575|903148513|AMDOCS|S3AA-0079093801|2026-06-22 00:00:00|PEN|38.75|8.51|47.25
Pago|2044771639|CLIENT_00338|53080816|885009606|AMDOCS|S9AA-0082343609|2026-06-22 00:00:00|PEN|101.20|22.21|123.41
Pago|2023381522|CLIENT_00756|732560421|635050247|AMDOCS|S9AA-0082363552|2026-06-22 00:00:00|PEN|72.27|15.86|88.13
Pago|2091741607|CLIENT_00756|03530816|398698606|AMDOCS|S9AA-0082300453|2026-06-22 00:00:00|PEN|450.36|98.86|549.22
Pago|2075171298|CLIENT_00756|732560421|958403347|AMDOCS|S9AA-0082363649|2026-06-22 00:00:00|PEN|137.59|30.20|167.79
Pago|2045891597|CLIENT_00718|789395911|782351167|AMDOCS|S1AA-0052334870|2026-06-05 00:00:00|PEN|5.46|1.20|6.66
Pago|2004375439|CLIENT_00427|676676521|143879447|AMDOCS|S7AA-0067759118|2026-06-09 00:00:00|PEN|108.89|23.90|132.79
Pago|2064536829|CLIENT_00259|977321531|298570067|AMDOCS|S7AA-0067790276|2026-06-09 00:00:00|PEN|77.20|16.95|94.15
Pago|2043262065|CLIENT_00259|460878221|195235937|AMDOCS|S9AA-0081732513|2026-06-09 00:00:00|PEN|123.30|27.06|150.36
Pago|2024975850|CLIENT_00259|977321531|670770067|AMDOCS|S7AA-0067790277|2026-06-09 00:00:00|PEN|54.19|11.89|66.08
Pago|2062205828|CLIENT_00440|90271406|681112857|AMDOCS|S5AA-0080751587|2026-06-09 00:00:00|PEN|51.60|11.33|62.93
Pago|2002206758|CLIENT_00645|08320895|438810857|AMDOCS|S5AA-0080538182|2026-06-09 00:00:00|PEN|90.41|19.85|110.25
Pago|2087019723|CLIENT_00085|124459521|882184547|AMDOCS|S7AA-0067262410|2026-06-09 00:00:00|PEN|97.41|21.38|118.79
Pago|2092314059|CLIENT_00618|55685575|060321093|AMDOCS|S1AA-0052105496|2026-06-09 00:00:00|PEN|29.50|6.48|35.98
Pago|2010231031|CLIENT_00392|03511006|191196957|AMDOCS|S5AA-0080906318|2026-06-09 00:00:00|PEN|69.74|15.31|85.05
Pago|2023761450|CLIENT_00148|472623421|166045247|AMDOCS|S9AA-0081819089|2026-06-09 00:00:00|PEN|40.12|8.81|48.93
Pago|2062894104|CLIENT_00158|90856906|155881537|AMDOCS|S9AA-0082120828|2026-06-10 00:00:00|PEN|118.13|25.93|144.06
Pago|2016739447|CLIENT_00734|124841421|802679857|AMDOCS|S9AA-0082227497|2026-06-10 00:00:00|PEN|51.60|11.33|62.93
Pago|2089222416|CLIENT_00734|124841421|379179857|AMDOCS|S9AA-0082227496|2026-06-10 00:00:00|PEN|51.60|11.33|62.93
Pago|2083655957|CLIENT_00734|124841421|246712247|AMDOCS|S9AA-0082225150|2026-06-10 00:00:00|PEN|26.35|5.78|32.13
Pago|2033925047|CLIENT_00905|70647575|621764157|AMDOCS|S1AA-0051815298|2026-06-12 00:00:00|PEN|17.22|3.78|21.00
Pago|2005559505|CLIENT_00406|121728021|266989637|AMDOCS|S9AA-0082224599|2026-06-13 00:00:00|PEN|86.04|18.89|104.93
Pago|2086965398|CLIENT_00456|244253411|003946067|AMDOCS|S3AA-0077969566|2026-06-14 00:00:00|PEN|22.47|4.93|27.41
Pago|2072074299|CLIENT_00284|697374231|834028557|AMDOCS|S8AA-0007770919|2026-06-17 00:00:00|PEN|25.49|5.59|31.08
Pago|2079709405|CLIENT_00167|39746895|419578406|AMDOCS|S9AA-0081980014|2026-06-17 00:00:00|PEN|22.96|5.04|28.00
Pago|2035867187|CLIENT_00674|44868985|694799306|AMDOCS|S9AA-0081154789|2026-06-17 00:00:00|PEN|99.59|21.86|121.45
Pago|2086418221|CLIENT_00674|44868985|694799306|AMDOCS|S9AA-0082420106|2026-06-17 00:00:00|PEN|99.59|21.86|121.45
Pago|2014353498|CLIENT_00269|90834906|119300257|AMDOCS|S9AA-0082122801|2026-06-17 00:00:00|PEN|63.08|13.85|76.93
Pago|2043533350|CLIENT_00895|68520506|772001167|AMDOCS|S5AA-0081538455|2026-06-12 00:00:00|PEN|1.11|.24|1.36
Pago|2051212005|CLIENT_00433|97547106|878589057|AMDOCS|S5AA-0081486324|2026-06-13 00:00:00|PEN|5.99|1.32|7.31
Pago|2033511601|CLIENT_00117|59154506|981155506|AMDOCS|S9AA-0081997480|2026-06-19 00:00:00|PEN|71.69|15.74|87.43
Pago|2024034048|CLIENT_00117|11430575|385030103|AMDOCS|S1AA-0051818125|2026-06-19 00:00:00|PEN|62.85|13.80|76.65
Pago|2045641140|CLIENT_00319|25242575|430017301|AMDOCS|S1AA-0052076755|2026-06-19 00:00:00|PEN|554.43|121.70|676.13
Pago|2051367485|CLIENT_00262|97093406|169234506|AMDOCS|S9AA-0081859198|2026-06-22 00:00:00|PEN|39.61|8.69|48.30
Pago|2053149169|CLIENT_00413|660219921|299069157|AMDOCS|S1AA-0052182920|2026-06-22 00:00:00|PEN|114.74|25.19|139.93
Pago|2048387980|CLIENT_00284|697374231|986028557|AMDOCS|S8AA-0007481309|2026-06-30 00:00:00|PEN|9.50|2.09|11.59
Pago|2049069007|CLIENT_00284|697374231|834028557|AMDOCS|S8AA-0007872312|2026-06-30 00:00:00|PEN|25.54|5.61|31.15
Pago|2050788013|CLIENT_00284|697374231|098028557|AMDOCS|S8AA-0007481310|2026-06-30 00:00:00|PEN|9.50|2.09|11.59
Pago|2091036787|CLIENT_00284|697374231|479918557|AMDOCS|S8AA-0007481305|2026-06-30 00:00:00|PEN|9.44|2.07|11.52
Pago|2059971591|CLIENT_00284|697374231|484028557|AMDOCS|S8AA-0007481308|2026-06-30 00:00:00|PEN|9.44|2.07|11.52
Pago|2013796517|CLIENT_00284|697374231|234028557|AMDOCS|S8AA-0007481306|2026-06-30 00:00:00|PEN|9.44|2.07|11.52
Pago|2042324093|CLIENT_00826|625453431|682709857|AMDOCS|S4AA-0007946304|2026-06-30 00:00:00|PEN|97.52|21.41|118.93
Pago|2085491936|CLIENT_00136|40231575|351023063|AMDOCS|S1AA-0051757649|2026-06-12 00:00:00|PEN|14.35|3.15|17.50
Pago|2038048269|CLIENT_00136|40231575|167293063|AMDOCS|S1AA-0051757656|2026-06-12 00:00:00|PEN|13.43|2.95|16.38
Pago|2044852632|CLIENT_00136|40231575|515372803|AMDOCS|S1AA-0051756959|2026-06-12 00:00:00|PEN|28.64|6.29|34.93
Pago|2038736889|CLIENT_00136|40231575|651023063|AMDOCS|S1AA-0051757650|2026-06-12 00:00:00|PEN|13.43|2.95|16.38
Pago|2009547343|CLIENT_00136|40231575|402393063|AMDOCS|S1AA-0051757657|2026-06-12 00:00:00|PEN|14.35|3.15|17.50
Pago|2065302766|CLIENT_00963|947018531|636241167|AMDOCS|S7AA-0067528807|2026-06-12 00:00:00|PEN|82.89|18.19|101.08
Pago|2079684847|CLIENT_00889|069212021|780411167|AMDOCS|S9AA-0081700958|2026-06-17 00:00:00|PEN|20.03|4.40|24.43
Pago|2071949883|CLIENT_00889|069212021|162411167|AMDOCS|S9AA-0081700959|2026-06-17 00:00:00|PEN|22.67|4.98|27.65
Pago|2092536593|CLIENT_00425|964976321|123152647|AMDOCS|S9AA-0081776366|2026-06-17 00:00:00|PEN|63.08|13.85|76.93
Pago|2007932119|CLIENT_00425|964976321|925975657|AMDOCS|S9AA-0081777861|2026-06-17 00:00:00|PEN|51.60|11.33|62.93
Pago|2070197441|CLIENT_00319|49462906|885498506|AMDOCS|S9AA-0081988902|2026-06-17 00:00:00|PEN|47.07|10.33|57.40
Pago|2057785616|CLIENT_00319|02842906|275498506|AMDOCS|S5AA-0080827954|2026-06-17 00:00:00|PEN|47.07|10.33|57.40
Pago|2005257421|CLIENT_00319|25242575|929982823|AMDOCS|S1AA-0051327251|2026-06-17 00:00:00|PEN|19.17|4.21|23.38
Pago|2016438796|CLIENT_00773|780220311|298228347|AMDOCS|S9AA-0081931647|2026-06-19 00:00:00|PEN|34.38|7.55|41.93
Pago|2018400793|CLIENT_00541|50520895|862508406|AMDOCS|S9AA-0078790685|2026-06-19 00:00:00|PEN|5.14|1.13|6.27
Pago|2051963926|CLIENT_00541|50520895|862508406|AMDOCS|S9AA-0077130981|2026-06-19 00:00:00|PEN|13.17|2.89|16.07
Pago|2083735517|CLIENT_00541|50520895|862508406|AMDOCS|S9AA-0079640822|2026-06-19 00:00:00|PEN|.92|.20|1.12
Pago|2068926847|CLIENT_00666|966296531|342129067|AMDOCS|S6AA-0000085521|2026-06-09 00:00:00|PEN|1.65|.36|2.01
Pago|2003894381|CLIENT_00189|415645531|921296067|AMDOCS|S6AA-0000060630|2026-06-09 00:00:00|PEN|.50|.11|.61
Pago|2060843312|CLIENT_00189|415645531|416686067|AMDOCS|S6AA-0000060629|2026-06-09 00:00:00|PEN|.50|.11|.61
Pago|2007101995|CLIENT_00198|530659421|808326257|AMDOCS|S8AA-0007581347|2026-06-21 00:00:00|PEN|129.04|28.32|157.36
Pago|2088835937|CLIENT_00645|08320895|438810857|AMDOCS|S5AA-0081494264|2026-06-21 00:00:00|PEN|97.01|21.29|118.30
Pago|2047695932|CLIENT_00358|34361416|154989637|AMDOCS|S5AA-0080264038|2026-06-21 00:00:00|PEN|34.38|7.55|41.93
Pago|2023962514|CLIENT_00358|34361416|154989637|AMDOCS|S5AA-0081223648|2026-06-21 00:00:00|PEN|45.86|10.07|55.93
Pago|2054554713|CLIENT_00756|010382|33988100|ISIS|FFBG-154725|2026-06-30 00:00:00|USD|118.90|26.10|145.01
Pago|2034828290|CLIENT_00756|010382|33988100|ISIS|FFBG-155045|2026-06-30 00:00:00|USD|2577.76|565.85|3143.60
Pago|2072860230|CLIENT_00756|010382|33988100|ISIS|FFBG-155670|2026-06-30 00:00:00|USD|122.76|26.95|149.71
Pago|2044084391|CLIENT_00168|00612575|012765237|AMDOCS|S1AA-0051738895|2026-06-24 00:00:00|PEN|54.82|12.03|66.85
Pago|2077532641|CLIENT_00078|21761575|488531213|AMDOCS|S3AA-0078647136|2026-06-24 00:00:00|PEN|41.84|9.19|51.03
Pago|2061123522|CLIENT_00748|15196575|052401501|AMDOCS|S1AA-0052076833|2026-06-24 00:00:00|PEN|42.76|9.39|52.15
Pago|2052121038|CLIENT_00076|32851575|196475917|AMDOCS|S1AA-0051881562|2026-06-24 00:00:00|PEN|50.23|11.03|61.25
Pago|2040929331|CLIENT_00023|150233121|370598537|AMDOCS|S1AA-0052698383|2026-07-16 00:00:00|PEN|47.40|8.53|55.93
Pago|2031742610|CLIENT_00470|889717021|409765437|AMDOCS|S3AA-0078410434|2026-06-25 00:00:00|PEN|93.61|20.55|114.16
Pago|2077987960|CLIENT_00607|22121575|281342233|AMDOCS|S1AA-0052043407|2026-06-25 00:00:00|PEN|18.37|4.03|22.40
Pago|2093458353|CLIENT_00117|11430575|385030103|AMDOCS|S1AA-0052457985|2026-07-17 00:00:00|PEN|62.23|11.20|73.43
Pago|2051182973|CLIENT_00076|32851575|507475917|AMDOCS|S1AA-0052500933|2026-07-18 00:00:00|PEN|31.38|5.65|37.03
Pago|2054454366|CLIENT_00076|55121185|341211306|AMDOCS|S9AA-0082972436|2026-07-18 00:00:00|PEN|50.18|9.03|59.22
Pago|2063701019|CLIENT_00709|505324911|249915147|AMDOCS|S9AA-0082087098|2026-06-10 00:00:00|PEN|40.12|8.81|48.93
Pago|2001085022|CLIENT_00408|026702221|599576547|AMDOCS|S1AA-0051868974|2026-06-13 00:00:00|PEN|60.21|13.22|73.43
Pago|2017938134|CLIENT_00866|439077721|866648857|AMDOCS|S7AA-0067383316|2026-06-13 00:00:00|PEN|77.20|16.95|94.15
Pago|2013024222|CLIENT_00365|640401021|123014357|AMDOCS|S9AA-0082451343|2026-06-13 00:00:00|PEN|120.20|26.38|146.58
Pago|2063150925|CLIENT_00365|640401021|887482337|AMDOCS|S9AA-0082448984|2026-06-13 00:00:00|PEN|88.68|19.47|108.15
Pago|2069333193|CLIENT_00418|79003575|527733873|AMDOCS|S3AA-0078495584|2026-06-13 00:00:00|PEN|51.20|11.24|62.44
Pago|2014754667|CLIENT_00433|97547106|878589057|AMDOCS|S5AA-0080530121|2026-06-13 00:00:00|PEN|46.49|10.21|56.70
Pago|2057311015|CLIENT_00341|982413211|001444547|AMDOCS|S9AA-0081949131|2026-06-17 00:00:00|PEN|91.78|20.15|111.93
Pago|2054265249|CLIENT_00236|642552431|314247857|AMDOCS|S9AA-0082452248|2026-06-17 00:00:00|PEN|54.24|11.91|66.15
Pago|2038298370|CLIENT_00249|100636111|727830147|AMDOCS|S9AA-0082060941|2026-06-17 00:00:00|PEN|45.86|10.07|55.93
Pago|2020514932|CLIENT_00614|33041185|632327757|AMDOCS|S9AA-0082330972|2026-06-19 00:00:00|PEN|85.70|18.81|104.51
Pago|2075231678|CLIENT_00513|159921021|882812537|AMDOCS|S1AA-0052079251|2026-06-19 00:00:00|PEN|102.11|22.42|124.53
Pago|2073748011|CLIENT_00168|00612575|012765237|AMDOCS|S1AA-0052365176|2026-07-23 00:00:00|PEN|56.60|10.19|66.78
Pago|2085588833|CLIENT_00578|67596985|512168857|AMDOCS|S5AA-0081465381|2026-06-22 00:00:00|PEN|97.52|21.41|118.93
Pago|2040008808|CLIENT_00209|30333575|044780043|AMDOCS|S3AA-0078562005|2026-06-22 00:00:00|PEN|38.40|8.43|46.83
Pago|2044479748|CLIENT_00957|412171921|610099557|AMDOCS|S3AA-0078673192|2026-06-30 00:00:00|PEN|45.92|10.08|56.00
Pago|2044791755|CLIENT_00554|16502516|980105606|AMDOCS|S9AA-0081704003|2026-06-30 00:00:00|PEN|37.02|8.13|45.15
Pago|2073232539|CLIENT_00219|50325575|736313473|AMDOCS|S1AA-0051764796|2026-06-24 00:00:00|PEN|8.64|1.90|10.54
Pago|2022938934|CLIENT_00219|50325575|736313473|AMDOCS|S1AA-0051764796|2026-06-24 00:00:00|PEN|152.48|33.47|185.95
Pago|2010009341|CLIENT_00168|00612575|739030747|AMDOCS|S1AA-0051739798|2026-06-24 00:00:00|PEN|44.49|9.77|54.25
Pago|2026884680|CLIENT_00626|264187131|478717457|AMDOCS|S3AA-0079128934|2026-07-16 00:00:00|PEN|76.11|13.70|89.81
Pago|2020052100|CLIENT_00534|79590575|314006827|AMDOCS|S1AA-0053017915|2026-07-16 00:00:00|PEN|47.04|8.47|55.51
Pago|2055225191|CLIENT_00562|66051116|996801606|AMDOCS|S9AA-0083067508|2026-07-16 00:00:00|PEN|47.40|8.53|55.93
Pago|2029074419|CLIENT_00341|982413211|001444547|AMDOCS|S9AA-0083265809|2026-07-16 00:00:00|PEN|94.86|17.07|111.93
Pago|2035835433|CLIENT_00446|32721575|796471423|AMDOCS|S3AA-0079912356|2026-06-06 00:00:00|PEN|.98|.18|1.16
Pago|2099819264|CLIENT_00418|79003575|527733873|AMDOCS|S3AA-0079670727|2026-06-13 00:00:00|PEN|1.11|.20|1.30
Pago|2035737939|CLIENT_00788|864924721|859748657|AMDOCS|S3AA-0080339191|2026-07-04 00:00:00|PEN|1.78|.32|2.10
Pago|2068981425|CLIENT_00990|687330621|848818657|AMDOCS|S3AA-0079574124|2026-07-04 00:00:00|PEN|2.67|.48|3.15
Pago|2014417729|CLIENT_00760|558077111|052291067|AMDOCS|S3AA-0080219001|2026-07-06 00:00:00|PEN|5.33|.96|6.29
Pago|2000954519|CLIENT_00989|473844901|245209537|AMDOCS|S3AA-0080391259|2026-07-06 00:00:00|PEN|4.74|.85|5.59
Pago|2002211948|CLIENT_00456|401913421|940037957|AMDOCS|S3AA-0079743031|2026-07-06 00:00:00|PEN|5.10|.92|6.01
Pago|2003284243|CLIENT_00446|32721575|796471423|AMDOCS|S3AA-0079912356|2026-07-07 00:00:00|PEN|3.07|.55|3.63
Pago|2059725559|CLIENT_00880|25312706|363707506|AMDOCS|S9AA-0082948699|2026-07-17 00:00:00|PEN|113.25|20.38|133.63
Pago|2091238265|CLIENT_00444|00140116|695047857|AMDOCS|S9AA-0082512530|2026-07-17 00:00:00|PEN|67.92|12.23|80.15
Pago|2087951015|CLIENT_00136|40231575|757293063|AMDOCS|S1AA-0052383927|2026-07-18 00:00:00|PEN|35.60|6.41|42.00
Pago|2097519862|CLIENT_00745|44242206|042162657|AMDOCS|S5AA-0080273199|2026-06-03 00:00:00|PEN|10.27|2.26|12.53
Pago|2093258591|CLIENT_00642|555856521|016720547|AMDOCS|S8AA-0007635538|2026-06-03 00:00:00|PEN|50.45|11.08|61.53
Pago|2064524697|CLIENT_00755|938349331|397562857|AMDOCS|S7AA-0069200982|2026-06-12 00:00:00|PEN|2.10|.38|2.48
Pago|2053765186|CLIENT_00416|51327575|870309501|AMDOCS|S7AA-0068976809|2026-06-23 00:00:00|PEN|2.25|.41|2.65
Pago|2051657671|CLIENT_00660|739587221|326223937|AMDOCS|S7AA-0069179715|2026-06-25 00:00:00|PEN|46.17|8.31|54.48
Pago|2034212173|CLIENT_00843|687675321|217543147|AMDOCS|S7AA-0069605782|2026-07-14 00:00:00|PEN|2.04|.36|2.40
Pago|2054854170|CLIENT_00245|98619106|681491506|AMDOCS|S5AA-0082274235|2026-07-24 00:00:00|PEN|39.15|7.05|46.20
Pago|2039137544|CLIENT_00939|28944575|696381503|AMDOCS|S1AA-0052913839|2026-07-24 00:00:00|PEN|48.88|8.80|57.68
Pago|2084074807|CLIENT_00310|50984575|888430143|AMDOCS|S1AA-0052390568|2026-07-24 00:00:00|PEN|36.48|6.57|43.05
Pago|2089275916|CLIENT_00133|404276421|621536347|AMDOCS|S8AA-0008006986|2026-07-24 00:00:00|PEN|50.30|9.05|59.36
Pago|2047769104|CLIENT_00939|28944575|486381503|AMDOCS|S1AA-0052913838|2026-07-24 00:00:00|PEN|29.96|5.39|35.35
Pago|2082156443|CLIENT_00237|09763575|528665443|AMDOCS|S1AA-0052968768|2026-07-24 00:00:00|PEN|20.35|3.66|24.01
Pago|2044789187|CLIENT_00896|678241221|028297247|AMDOCS|S1AA-0052882500|2026-07-24 00:00:00|PEN|49.65|8.94|58.59
Pago|2030739572|CLIENT_00552|429218231|161173657|AMDOCS|S5AA-0080861642|2026-06-01 00:00:00|PEN|19.11|4.20|23.31
Pago|2079287596|CLIENT_00457|567110221|286284737|AMDOCS|S3AA-0078187456|2026-06-01 00:00:00|PEN|67.62|14.84|82.46
Pago|2042005320|CLIENT_00457|567110221|394084737|AMDOCS|S3AA-0078187454|2026-06-01 00:00:00|PEN|139.83|30.69|170.52
Pago|2002509216|CLIENT_00632|416197431|803255957|AMDOCS|S5AA-0077283804|2026-06-01 00:00:00|PEN|1.78|.39|2.17
Pago|2041085342|CLIENT_00197|24077575|599021601|AMDOCS|S3AA-0077950699|2026-06-01 00:00:00|PEN|13.72|3.01|16.73
Pago|2060375617|CLIENT_00383|216638511|069594037|AMDOCS|S1AA-0051069477|2026-06-01 00:00:00|PEN|26.35|5.78|32.13
Pago|2003554480|CLIENT_00842|888406011|245345357|AMDOCS|S3AA-0078413848|2026-06-01 00:00:00|PEN|86.04|18.89|104.93
Pago|2090808430|CLIENT_00946|239140521|688755457|AMDOCS|S5AA-0080177276|2026-06-04 00:00:00|PEN|114.74|25.19|139.93
Pago|2028148322|CLIENT_00798|155368321|952262457|AMDOCS|S3AA-0078054702|2026-06-04 00:00:00|PEN|68.82|15.11|83.93
Pago|2088424166|CLIENT_00134|99112106|613011506|AMDOCS|S5AA-0080724761|2026-06-04 00:00:00|PEN|67.67|14.86|82.53
Pago|2079267257|CLIENT_00134|54902106|423011506|AMDOCS|S5AA-0080276212|2026-06-04 00:00:00|PEN|129.72|28.48|158.20
Pago|2077915427|CLIENT_00955|61239116|664412606|AMDOCS|S9AA-0082179196|2026-06-04 00:00:00|PEN|45.86|10.07|55.93
Pago|2014718111|CLIENT_00016|71975885|543768306|AMDOCS|S5AA-0080805330|2026-06-04 00:00:00|PEN|72.27|15.86|88.13
Pago|2065635379|CLIENT_00149|03536406|055284506|AMDOCS|S5AA-0080901615|2026-06-04 00:00:00|PEN|162.27|35.62|197.89
Pago|2047611797|CLIENT_00924|304266331|101118757|AMDOCS|S4AA-0008187139|2026-06-02 00:00:00|PEN|.22|.05|.27
Pago|2078922170|CLIENT_00227|741841421|209822247|AMDOCS|S3AA-0078013445|2026-06-04 00:00:00|PEN|61.65|13.53|75.18
Pago|2027570968|CLIENT_00955|27159116|814412606|AMDOCS|S9AA-0081798933|2026-06-04 00:00:00|PEN|40.12|8.81|48.93
Pago|2066657742|CLIENT_00955|76599116|854412606|AMDOCS|S9AA-0081755774|2026-06-04 00:00:00|PEN|36.10|7.93|44.03
Pago|2057452684|CLIENT_00955|24009116|624412606|AMDOCS|S9AA-0082403796|2026-06-04 00:00:00|PEN|40.12|8.81|48.93
Pago|2067346691|CLIENT_00086|199057231|028199067|AMDOCS|S9AA-0081968908|2026-06-04 00:00:00|PEN|59.93|13.15|73.08
Pago|2050348529|CLIENT_00770|96289595|664568557|AMDOCS|S9AA-0081777705|2026-06-04 00:00:00|PEN|126.11|27.68|153.79
Pago|2037867912|CLIENT_00938|17536685|598376306|AMDOCS|S5AA-0080466806|2026-06-04 00:00:00|PEN|50.74|11.14|61.88
Pago|2091609073|CLIENT_00310|50984575|398430143|AMDOCS|S1AA-0051764280|2026-06-15 00:00:00|PEN|30.36|6.67|37.03
Pago|2060838699|CLIENT_00947|680441621|385808547|AMDOCS|S9AA-0081923145|2026-06-15 00:00:00|PEN|8.01|1.76|9.77
Pago|2000734783|CLIENT_00974|13088216|131072606|AMDOCS|S9AA-0081042667|2026-06-03 00:00:00|PEN|48.56|10.66|59.22
Pago|2019351028|CLIENT_00937|30414006|230445957|AMDOCS|S5AA-0080693000|2026-06-03 00:00:00|PEN|137.24|30.13|167.37
Pago|2002061694|CLIENT_00005|09699585|602806306|AMDOCS|S5AA-0080606505|2026-06-03 00:00:00|PEN|42.99|9.44|52.43
Pago|1021589348|CLIENT_00084|686327131|176116457|AMDOCS|S5AA-0080589320|2026-06-03 00:00:00|PEN|57.34|12.59|69.93
Pago|2016631346|CLIENT_00955|47179116|434412606|AMDOCS|S5AA-0080489842|2026-06-02 00:00:00|PEN|45.86|10.07|55.93
Pago|2026173477|CLIENT_00755|938349331|397562857|AMDOCS|S7AA-0069200982|2026-07-14 00:00:00|PEN|.07|.01|.08
Pago|2050636428|CLIENT_00398|56835575|851836537|AMDOCS|S7AA-0067658554|2026-06-01 00:00:00|PEN|22.67|4.98|27.65
Pago|2001486599|CLIENT_00888|158289911|754274647|AMDOCS|S7AA-0066620675|2026-06-01 00:00:00|PEN|53.41|11.72|65.14
Pago|2058067905|CLIENT_00133|404276421|621536347|AMDOCS|S8AA-0007199340|2026-06-01 00:00:00|PEN|19.06|4.18|23.24
Pago|2074657038|CLIENT_00313|362713531|322243067|AMDOCS|S4AA-0008062477|2026-06-11 00:00:00|PEN|83.12|18.24|101.36
Pago|2028337208|CLIENT_00383|216638511|772868257|AMDOCS|S1AA-0051071368|2026-06-11 00:00:00|PEN|7.38|1.62|9.00
Pago|2001889079|CLIENT_00441|35425395|003437067|AMDOCS|S9AA-0082504529|2026-06-11 00:00:00|PEN|42.71|9.37|52.08
Pago|2039728300|CLIENT_00575|10215575|273905173|AMDOCS|S7AA-0067078493|2026-06-11 00:00:00|PEN|32.66|7.17|39.83
Pago|2032557075|CLIENT_00134|480131|09052200|ISIS|S300-251502|2026-06-12 00:00:00|PEN|528.31|115.97|644.28
Pago|2022003134|CLIENT_00197|14445206|027916737|AMDOCS|S9AA-0082397498|2026-06-15 00:00:00|PEN|33.98|7.46|41.44
Pago|2020274387|CLIENT_00535|898656221|264416447|AMDOCS|S1AA-0051725753|2026-06-15 00:00:00|PEN|57.34|12.59|69.93
Pago|2031346095|CLIENT_00535|786498921|905489157|AMDOCS|S4AA-0008136215|2026-06-15 00:00:00|PEN|17.22|3.78|21.00
Pago|2060242155|CLIENT_00535|786498921|966100257|AMDOCS|S4AA-0008136216|2026-06-15 00:00:00|PEN|1.32|.29|1.61
Pago|2073341729|CLIENT_00535|898656221|166321847|AMDOCS|S1AA-0051726215|2026-06-15 00:00:00|PEN|28.01|6.15|34.16
Pago|2044348313|CLIENT_00535|898656221|846116447|AMDOCS|S1AA-0051725751|2026-06-15 00:00:00|PEN|57.34|12.59|69.93
Pago|2040065150|CLIENT_00535|786498921|771819157|AMDOCS|S4AA-0008136214|2026-06-15 00:00:00|PEN|41.59|9.13|50.72
Pago|2011956392|CLIENT_00535|786498921|771819157|AMDOCS|S4AA-0008136214|2026-06-15 00:00:00|PEN|241.37|52.98|294.35
Pago|2084384500|CLIENT_00932|79794575|050092403|AMDOCS|S1AA-0051716116|2026-06-15 00:00:00|PEN|19.86|4.36|24.22
Pago|2072252949|CLIENT_00944|30497716|910378606|AMDOCS|S9AA-0082067104|2026-06-15 00:00:00|PEN|42.50|9.33|51.84
Pago|2079188614|CLIENT_00932|592217321|344063147|AMDOCS|S4AA-0008160420|2026-06-15 00:00:00|PEN|17.16|3.77|20.93
Pago|2079260594|CLIENT_00932|548262321|965273047|AMDOCS|S9AA-0082441003|2026-06-15 00:00:00|PEN|42.99|9.44|52.43
Pago|2000636356|CLIENT_00932|348670421|589093457|AMDOCS|S8AA-0007606060|2026-06-15 00:00:00|PEN|63.08|13.85|76.93
Pago|2043384320|CLIENT_00932|79794575|846989603|AMDOCS|S1AA-0051716189|2026-06-15 00:00:00|PEN|19.86|4.36|24.22
Pago|2024088148|CLIENT_00932|79794575|794671503|AMDOCS|S1AA-0051716141|2026-06-15 00:00:00|PEN|19.86|4.36|24.22
Pago|2082252873|CLIENT_00932|79794575|477432663|AMDOCS|S1AA-0051716975|2026-06-15 00:00:00|PEN|92.87|20.39|113.26
Pago|2059114844|CLIENT_00932|18794285|644363947|AMDOCS|S9AA-0081880372|2026-06-15 00:00:00|PEN|28.64|6.29|34.93
Pago|2091231349|CLIENT_00932|79794575|734671503|AMDOCS|S1AA-0051716139|2026-06-15 00:00:00|PEN|18.31|4.02|22.33
Pago|2094072699|CLIENT_00932|18794285|022252306|AMDOCS|S9AA-0081875200|2026-06-15 00:00:00|PEN|58.20|12.78|70.98
Pago|2057812209|CLIENT_00932|18794285|268639547|AMDOCS|S9AA-0081879990|2026-06-15 00:00:00|PEN|17.22|3.78|21.00
Pago|2027876144|CLIENT_00343|481304131|873880457|AMDOCS|S8AA-0007731001|2026-06-05 00:00:00|PEN|18.14|3.98|22.12
Pago|2086407288|CLIENT_00343|481304131|460428657|AMDOCS|S8AA-0007731403|2026-06-05 00:00:00|PEN|18.08|3.97|22.05
Pago|2093963249|CLIENT_00250|056170111|929649157|AMDOCS|S9AA-0082477077|2026-06-05 00:00:00|PEN|40.12|8.81|48.93
Pago|2028712026|CLIENT_00204|80750575|981468067|AMDOCS|S9AA-0080857085|2026-06-03 00:00:00|PEN|20.95|4.60|25.54
Pago|2035721731|CLIENT_00256|802522431|493396857|AMDOCS|S3AA-0077638559|2026-06-03 00:00:00|PEN|77.58|17.03|94.61
Pago|2039714658|CLIENT_00290|39441885|564428306|AMDOCS|S9AA-0081979255|2026-06-03 00:00:00|PEN|154.18|33.84|188.02
Pago|2069670596|CLIENT_00647|147374421|200108247|AMDOCS|S4AA-0008442727|2026-07-24 00:00:00|PEN|102.27|18.41|120.68
Pago|2096933668|CLIENT_00492|449021321|465480047|AMDOCS|S1AA-0052637396|2026-07-24 00:00:00|PEN|17.68|3.18|20.86
Pago|2021705119|CLIENT_00201|40852285|165790847|AMDOCS|S9AA-0082527947|2026-07-24 00:00:00|PEN|65.20|11.74|76.93
Pago|2030329244|CLIENT_00587|87023195|896241406|AMDOCS|S5AA-0080518486|2026-06-02 00:00:00|PEN|16.01|3.52|19.53
Pago|2014407140|CLIENT_00312|48285695|160976406|AMDOCS|S9AA-0081503683|2026-06-02 00:00:00|PEN|46.95|10.31|57.26
Pago|2027744784|CLIENT_00312|281561611|322328627|AMDOCS|S3AA-0078350940|2026-06-02 00:00:00|PEN|47.58|10.45|58.03
Pago|2000097055|CLIENT_00892|272818321|966665147|AMDOCS|S3AA-0078255975|2026-06-01 00:00:00|PEN|21.01|4.61|25.62
Pago|2083952379|CLIENT_00646|187786921|512546157|AMDOCS|S5AA-0080169665|2026-06-01 00:00:00|PEN|30.74|6.75|37.49
Pago|2012285306|CLIENT_00349|608231121|838759737|AMDOCS|S7AA-0067125885|2026-06-01 00:00:00|PEN|45.86|10.07|55.93
Pago|2067738871|CLIENT_00770|572202|12589100|ISIS|S300-251852|2026-06-01 00:00:00|PEN|901.70|197.93|1099.63
Pago|2077137087|CLIENT_00204|511200|35535000|ISIS|FFBG-153356|2026-06-02 00:00:00|USD|1096.89|240.78|1337.67
Pago|2022681851|CLIENT_00304|95901575|124451601|AMDOCS|S1AA-0052124482|2026-06-11 00:00:00|PEN|32.66|7.17|39.83
Pago|2087942739|CLIENT_00546|62835575|593354357|AMDOCS|S7AA-0067309367|2026-06-11 00:00:00|PEN|26.75|5.87|32.62
Pago|2046058498|CLIENT_00633|67570575|483029873|AMDOCS|S1AA-0052248129|2026-06-11 00:00:00|PEN|56.97|12.51|69.48
Pago|2010847166|CLIENT_00633|29517795|905297406|AMDOCS|S9AA-0081971344|2026-06-11 00:00:00|PEN|77.38|16.98|94.36
Pago|2060866344|CLIENT_00633|29517795|905297406|AMDOCS|S9AA-0081971344|2026-06-11 00:00:00|PEN|6.77|1.49|8.26
Pago|2047900546|CLIENT_00633|64907795|715297406|AMDOCS|S9AA-0082446591|2026-06-11 00:00:00|PEN|60.21|13.22|73.43
Pago|2097163646|CLIENT_00947|680441621|213708547|AMDOCS|S9AA-0081923144|2026-06-15 00:00:00|PEN|8.01|1.76|9.77
Pago|2046641579|CLIENT_00947|680441621|145349257|AMDOCS|S9AA-0081924192|2026-06-15 00:00:00|PEN|8.01|1.76|9.77
Pago|2090723596|CLIENT_00947|680441621|260018547|AMDOCS|S9AA-0081923146|2026-06-15 00:00:00|PEN|8.01|1.76|9.77
Pago|2023159281|CLIENT_00947|680441621|160708547|AMDOCS|S9AA-0081923142|2026-06-15 00:00:00|PEN|8.01|1.76|9.77
Pago|2095824297|CLIENT_00323|12282575|500535503|AMDOCS|S1AA-0051872665|2026-06-15 00:00:00|PEN|34.44|7.56|42.00
Pago|2096031193|CLIENT_00429|295240121|218685637|AMDOCS|S5AA-0080624525|2026-06-15 00:00:00|PEN|22.66|4.97|27.63
Pago|2024818183|CLIENT_00429|295240121|218685637|AMDOCS|S5AA-0080624525|2026-06-15 00:00:00|PEN|294.08|64.55|358.63
Pago|2074406544|CLIENT_00417|11041616|431716606|AMDOCS|S5AA-0080762076|2026-06-05 00:00:00|PEN|68.82|15.11|83.93
Pago|2050878096|CLIENT_00515|881907031|311976957|AMDOCS|S5AA-0080597375|2026-06-05 00:00:00|PEN|68.82|15.11|83.93
Pago|2098309864|CLIENT_00512|88463795|401447406|AMDOCS|S9AA-0081538475|2026-06-18 00:00:00|PEN|63.94|14.04|77.98
Pago|2059404091|CLIENT_00512|88463795|401447406|AMDOCS|S9AA-0081936720|2026-06-18 00:00:00|PEN|49.31|10.82|60.13
Pago|2067192688|CLIENT_00245|76218716|108582957|AMDOCS|S9AA-0081761036|2026-06-18 00:00:00|PEN|86.04|18.89|104.93
Pago|2090067728|CLIENT_00394|381932431|540017857|AMDOCS|S8AA-0007728717|2026-06-18 00:00:00|PEN|36.68|8.05|44.73
Pago|2097185694|CLIENT_00386|637797321|836051657|AMDOCS|S4AA-0007977192|2026-06-18 00:00:00|PEN|74.56|16.37|90.93
Pago|2043779813|CLIENT_00336|52770575|783042083|AMDOCS|S1AA-0051894246|2026-06-23 00:00:00|PEN|31.57|6.93|38.50
Pago|2026359884|CLIENT_00336|52770575|421568203|AMDOCS|S1AA-0051886278|2026-06-23 00:00:00|PEN|39.89|8.76|48.65
Pago|2027256336|CLIENT_00122|39071016|279689506|AMDOCS|S9AA-0081980391|2026-06-23 00:00:00|PEN|60.27|13.23|73.50
Pago|2002115898|CLIENT_00928|300615221|809268657|AMDOCS|S7AA-0067102509|2026-06-03 00:00:00|PEN|94.60|20.76|115.36
Pago|2044242578|CLIENT_00641|61758016|180317657|AMDOCS|S5AA-0080802828|2026-06-02 00:00:00|PEN|63.08|13.85|76.93
Pago|2043314925|CLIENT_00110|33002575|078349023|AMDOCS|S3AA-0077863641|2026-06-02 00:00:00|PEN|18.31|4.02|22.33
Pago|2098256262|CLIENT_00924|304266331|101118757|AMDOCS|S4AA-0007576173|2026-06-02 00:00:00|PEN|12.05|2.65|14.70
Pago|2083393986|CLIENT_00825|128846421|419521347|AMDOCS|S8AA-0007537799|2026-06-02 00:00:00|PEN|41.27|9.06|50.33
Pago|2098293784|CLIENT_00265|81864316|075729637|AMDOCS|S9AA-0080931749|2026-06-02 00:00:00|PEN|112.16|24.62|136.78
Pago|2000697092|CLIENT_00265|72959295|179303406|AMDOCS|S9AA-0081006976|2026-06-02 00:00:00|PEN|110.15|24.18|134.33
Pago|2024049593|CLIENT_00909|905887721|458829847|AMDOCS|S9AA-0080854844|2026-06-02 00:00:00|PEN|16.01|3.52|19.53
Pago|2083208524|CLIENT_00770|567857431|569905957|AMDOCS|S5AA-0080428144|2026-06-02 00:00:00|PEN|91.67|20.12|111.79
Pago|2056934422|CLIENT_00124|35686575|642991501|AMDOCS|S3AA-0078057472|2026-06-02 00:00:00|PEN|18.31|4.02|22.33
Pago|2033527809|CLIENT_00688|818737121|743971247|AMDOCS|S1AA-0052474267|2026-07-24 00:00:00|PEN|56.29|10.14|66.43
Pago|2005821957|CLIENT_00336|52770575|421568203|AMDOCS|S1AA-0052505670|2026-07-24 00:00:00|PEN|41.23|7.42|48.65
Pago|2090175159|CLIENT_00336|52770575|783042083|AMDOCS|S1AA-0052513645|2026-07-24 00:00:00|PEN|32.68|5.88|38.57
Pago|2040817262|CLIENT_00984|34230575|709365617|AMDOCS|S1AA-0052629980|2026-07-24 00:00:00|PEN|21.29|3.84|25.13
Pago|2052186925|CLIENT_00931|177250221|168760067|AMDOCS|S1AA-0052837706|2026-07-24 00:00:00|PEN|54.28|9.77|64.05
Pago|2078938243|CLIENT_00676|832104121|333717847|AMDOCS|S7AA-0067416454|2026-06-04 00:00:00|PEN|91.78|20.15|111.93
Pago|2020981449|CLIENT_00204|511200|35535000|ISIS|S300-248251|2026-06-01 00:00:00|PEN|677.32|148.68|826.00
Pago|2035136479|CLIENT_00204|511200|35535000|ISIS|S300-250712|2026-06-01 00:00:00|PEN|677.32|148.68|826.00
Pago|2079641879|CLIENT_00082|88171716|796961057|AMDOCS|S5AA-0080596210|2026-06-04 00:00:00|PEN|68.77|15.09|83.86
Pago|2066275923|CLIENT_00082|88171716|345052057|AMDOCS|S5AA-0080596220|2026-06-04 00:00:00|PEN|68.77|15.09|83.86
Pago|2009780710|CLIENT_00275|92755206|502826847|AMDOCS|S5AA-0080897623|2026-06-04 00:00:00|PEN|107.85|23.68|131.53
Pago|2013179034|CLIENT_00275|92755206|691118957|AMDOCS|S5AA-0080898914|2026-06-04 00:00:00|PEN|74.56|16.37|90.93
Pago|2082955570|CLIENT_00429|511658121|072658647|AMDOCS|S1AA-0051834982|2026-06-15 00:00:00|PEN|18.37|4.03|22.40
Pago|2096585121|CLIENT_00429|511658121|361090737|AMDOCS|S1AA-0051834170|2026-06-15 00:00:00|PEN|20.06|4.40|24.47
Pago|2056632648|CLIENT_00429|511658121|361090737|AMDOCS|S1AA-0051834170|2026-06-15 00:00:00|PEN|33.38|7.33|40.71
Pago|2019605219|CLIENT_00561|45201606|348881067|AMDOCS|S9AA-0081666202|2026-06-05 00:00:00|PEN|134.66|29.56|164.22
Pago|2080289526|CLIENT_00976|89031575|576170633|AMDOCS|S3AA-0078504721|2026-06-06 00:00:00|PEN|26.35|5.78|32.13
Pago|2012162297|CLIENT_00079|22421195|898221406|AMDOCS|S5AA-0080842089|2026-06-07 00:00:00|PEN|49.08|10.77|59.85
Pago|2025650857|CLIENT_00466|241592011|880771817|AMDOCS|S9AA-0082404669|2026-06-23 00:00:00|PEN|26.12|5.73|31.85
Pago|2018723284|CLIENT_00943|18152575|087358501|AMDOCS|S1AA-0052287845|2026-06-23 00:00:00|PEN|17.22|3.78|21.00
Pago|2015985357|CLIENT_00738|367710|14535000|ISIS|FFBG-154883|2026-06-03 00:00:00|USD|17.32|3.80|21.12
Pago|2013843524|CLIENT_00361|07433506|394923857|AMDOCS|S5AA-0081421720|2026-07-07 00:00:00|PEN|97.01|21.29|118.30
Pago|2003418714|CLIENT_00435|050793821|717556947|AMDOCS|S5AA-0081275636|2026-07-07 00:00:00|PEN|249.40|54.75|304.15
Pago|2086639401|CLIENT_00435|050793821|227556947|AMDOCS|S5AA-0081275637|2026-07-07 00:00:00|PEN|43.51|9.55|53.06
Pago|2014616173|CLIENT_00793|73449016|683211606|AMDOCS|S9AA-0082360671|2026-06-08 00:00:00|PEN|48.50|10.65|59.15
Pago|2074315436|CLIENT_00865|552905521|950958547|AMDOCS|S9AA-0081254913|2026-06-08 00:00:00|PEN|84.84|18.62|103.46
Pago|2014214756|CLIENT_00653|90142306|590243457|AMDOCS|S5AA-0080751062|2026-06-08 00:00:00|PEN|80.65|17.70|98.35
Pago|2005224522|CLIENT_00746|176314621|760595657|AMDOCS|S1AA-0052836808|2026-07-24 00:00:00|PEN|115.38|20.77|136.15
Pago|2006650953|CLIENT_00383|216638511|069594037|AMDOCS|S1AA-0052426144|2026-07-24 00:00:00|PEN|29.90|5.38|35.28
Pago|2021512749|CLIENT_00383|216638511|772868257|AMDOCS|S1AA-0052427915|2026-07-24 00:00:00|PEN|35.36|6.36|41.72
Pago|2076161475|CLIENT_00383|216638511|302025827|AMDOCS|S1AA-0052426116|2026-07-24 00:00:00|PEN|29.01|5.22|34.23
Pago|2080907196|CLIENT_00361|81125575|977872623|AMDOCS|S3AA-0079865856|2026-07-24 00:00:00|PEN|27.23|4.90|32.13
Pago|2082132796|CLIENT_00138|931871221|131645447|AMDOCS|S7AA-0067424804|2026-06-01 00:00:00|PEN|18.37|4.03|22.40
Pago|2025270501|CLIENT_00843|687675321|217543147|AMDOCS|S7AA-0067848979|2026-06-11 00:00:00|PEN|55.79|12.25|68.04
Pago|2023009780|CLIENT_00141|16530575|622547401|AMDOCS|S1AA-0051408754|2026-06-11 00:00:00|PEN|8.06|1.77|9.84
Pago|2013415082|CLIENT_00927|63888616|527196606|AMDOCS|S5AA-0080210484|2026-06-05 00:00:00|PEN|82.08|18.02|100.10
Pago|2037956919|CLIENT_00361|81125575|977872623|AMDOCS|S3AA-0077727813|2026-06-05 00:00:00|PEN|26.35|5.78|32.13
Pago|2002596408|CLIENT_00976|89031575|576170633|AMDOCS|S3AA-0079303276|2026-06-06 00:00:00|PEN|.85|.19|1.04
Pago|2043609842|CLIENT_00417|72941616|851716606|AMDOCS|S5AA-0080887117|2026-06-18 00:00:00|PEN|26.92|5.91|32.83
Pago|2070054625|CLIENT_00725|56728706|621197506|AMDOCS|S5AA-0080423461|2026-06-18 00:00:00|PEN|99.24|21.79|121.03
Pago|2011948895|CLIENT_00955|68022575|596504733|AMDOCS|S3AA-0079360182|2026-06-18 00:00:00|PEN|15.21|3.34|18.55
Pago|2000629958|CLIENT_00955|68022575|878925423|AMDOCS|S3AA-0079359992|2026-06-18 00:00:00|PEN|15.15|3.33|18.48
Pago|2094271697|CLIENT_00561|45201606|348881067|AMDOCS|S9AA-0080373208|2026-06-18 00:00:00|PEN|80.79|17.73|98.53
Pago|2047891769|CLIENT_00955|68022575|696504733|AMDOCS|S3AA-0079360183|2026-06-18 00:00:00|PEN|15.21|3.34|18.55
Pago|2061605795|CLIENT_00955|68022575|334241601|AMDOCS|S3AA-0079350099|2026-06-18 00:00:00|PEN|16.36|3.59|19.95
Pago|2091599791|CLIENT_00955|68022575|396504733|AMDOCS|S3AA-0079360181|2026-06-18 00:00:00|PEN|15.21|3.34|18.55
Pago|2051006853|CLIENT_00955|68022575|629028823|AMDOCS|S3AA-0079360068|2026-06-18 00:00:00|PEN|12.25|2.69|14.95
Pago|2007290182|CLIENT_00955|68022575|970035423|AMDOCS|S3AA-0079359994|2026-06-18 00:00:00|PEN|22.39|4.91|27.30
Pago|2058320112|CLIENT_00955|68022575|940035423|AMDOCS|S3AA-0079359993|2026-06-18 00:00:00|PEN|19.23|4.22|23.45
Pago|2012723819|CLIENT_00955|68022575|989552917|AMDOCS|S3AA-0079361702|2026-06-18 00:00:00|PEN|15.15|3.33|18.48
Pago|2001602219|CLIENT_00417|53941616|051716606|AMDOCS|S5AA-0080195652|2026-06-18 00:00:00|PEN|29.73|6.53|36.26
Pago|2063081113|CLIENT_00417|14931616|241716606|AMDOCS|S5AA-0080254579|2026-06-18 00:00:00|PEN|26.86|5.90|32.76
Pago|2020587286|CLIENT_00074|74077985|070788447|AMDOCS|S9AA-0082432843|2026-06-18 00:00:00|PEN|17.22|3.78|21.00
Pago|2011584129|CLIENT_00204|30022516|002026606|AMDOCS|S9AA-0082067056|2026-06-18 00:00:00|PEN|388.43|85.26|473.69
Pago|2073561881|CLIENT_00204|30022516|002026606|AMDOCS|S9AA-0082067056|2026-06-18 00:00:00|PEN|34.44|7.56|42.00
Pago|2016120076|CLIENT_00204|78912516|692026606|AMDOCS|S9AA-0081928819|2026-06-18 00:00:00|PEN|25.77|5.66|31.43
Pago|2056891240|CLIENT_00204|78912516|692026606|AMDOCS|S9AA-0081928819|2026-06-18 00:00:00|PEN|6.77|1.49|8.26
Pago|2027441094|CLIENT_00355|88103575|424078533|AMDOCS|S1AA-0052954998|2026-06-22 00:00:00|PEN|.44|.10|.54
Pago|2084221474|CLIENT_00931|177250221|168760067|AMDOCS|S1AA-0052837706|2026-06-25 00:00:00|PEN|1.72|.38|2.10
Pago|2038848428|CLIENT_00847|218247821|656381057|AMDOCS|S9AA-0082148410|2026-07-07 00:00:00|PEN|9.90|2.17|12.08
Pago|2073971985|CLIENT_00847|218247821|413191057|AMDOCS|S9AA-0082148413|2026-07-07 00:00:00|PEN|9.90|2.17|12.08
Pago|2031981897|CLIENT_00248|752557621|668578647|AMDOCS|S9AA-0081272491|2026-06-08 00:00:00|PEN|78.01|17.12|95.13
Pago|2089508889|CLIENT_00786|564509011|189514817|AMDOCS|S9AA-0081739500|2026-06-08 00:00:00|PEN|44.71|9.82|54.53
Pago|2015652897|CLIENT_00439|34590575|461022483|AMDOCS|S1AA-0052009969|2026-06-10 00:00:00|PEN|443.47|97.35|540.82
Pago|2023514077|CLIENT_00250|056170111|239649157|AMDOCS|S9AA-0082477078|2026-06-05 00:00:00|PEN|40.07|8.79|48.86
Pago|2025633027|CLIENT_00250|63903085|111920306|AMDOCS|S5AA-0080208713|2026-06-05 00:00:00|PEN|36.10|7.93|44.03
Pago|2016945104|CLIENT_00512|84251595|288157067|AMDOCS|S9AA-0082461075|2026-06-06 00:00:00|PEN|51.60|11.33|62.93
Pago|2090597659|CLIENT_00606|509664721|717790847|AMDOCS|S8AA-0007766858|2026-06-06 00:00:00|PEN|64.12|14.07|78.19
Pago|2050158167|CLIENT_00628|47189206|717597257|AMDOCS|S5AA-0080493522|2026-06-06 00:00:00|PEN|134.66|29.56|164.22
Pago|2096930423|CLIENT_00628|47189206|604697257|AMDOCS|S5AA-0080493523|2026-06-06 00:00:00|PEN|94.60|20.76|115.36
Pago|2074930904|CLIENT_00512|74424795|880447406|AMDOCS|S9AA-0082429280|2026-06-06 00:00:00|PEN|14.84|3.26|18.10
Pago|2061622065|CLIENT_00512|18024795|080447406|AMDOCS|S9AA-0081876218|2026-06-06 00:00:00|PEN|18.77|4.12|22.89
Pago|2093970708|CLIENT_00512|84251595|028347067|AMDOCS|S9AA-0082461065|2026-06-06 00:00:00|PEN|51.60|11.33|62.93
Pago|2017863858|CLIENT_00512|84251595|754227067|AMDOCS|S9AA-0082461058|2026-06-06 00:00:00|PEN|99.53|21.85|121.38
Pago|2008330743|CLIENT_00241|76760385|845703306|AMDOCS|S5AA-0080437164|2026-06-06 00:00:00|PEN|14.29|3.14|17.42
Pago|2038005627|CLIENT_00241|76760385|845703306|AMDOCS|S5AA-0080437164|2026-06-06 00:00:00|PEN|91.79|20.15|111.94
Pago|2093178633|CLIENT_00245|94709106|012491506|AMDOCS|S5AA-0080305608|2026-06-06 00:00:00|PEN|56.65|12.44|69.09
Pago|2077030697|CLIENT_00435|498701821|148491947|AMDOCS|S1AA-0051699251|2026-06-18 00:00:00|PEN|1.15|.25|1.40
Pago|2065446938|CLIENT_00435|498701821|148491947|AMDOCS|S1AA-0051699251|2026-06-18 00:00:00|PEN|6214.24|1364.10|7578.34
Pago|2072282953|CLIENT_00604|073927521|613780547|AMDOCS|S9AA-0081784835|2026-06-18 00:00:00|PEN|64.58|14.18|78.75
Pago|2054376441|CLIENT_00416|51327575|870309501|AMDOCS|S7AA-0067204088|2026-06-23 00:00:00|PEN|62.51|13.72|76.23
Pago|2091648036|CLIENT_00736|507047111|167051857|AMDOCS|S5AA-0080949591|2026-06-23 00:00:00|PEN|14.29|3.14|17.43
Pago|2047805549|CLIENT_00736|507047111|167051857|AMDOCS|S5AA-0080949591|2026-06-23 00:00:00|PEN|114.63|25.16|139.79
Pago|2054553077|CLIENT_00093|367707321|807053147|AMDOCS|S4AA-0008057076|2026-06-23 00:00:00|PEN|52.18|11.45|63.63
Pago|2063823142|CLIENT_00943|24907795|992587406|AMDOCS|S5AA-0080239244|2026-06-08 00:00:00|PEN|101.48|22.28|123.76
Pago|2060524559|CLIENT_00389|51654606|253425837|AMDOCS|S5AA-0080793747|2026-06-08 00:00:00|PEN|51.60|11.33|62.93
Pago|2089943246|CLIENT_00533|58807706|775657506|AMDOCS|S5AA-0080570609|2026-06-08 00:00:00|PEN|109.58|24.05|133.63
Pago|2023773061|CLIENT_00328|078823111|368150657|AMDOCS|S9AA-0081786368|2026-06-09 00:00:00|PEN|28.64|6.29|34.93
Pago|2042904180|CLIENT_00328|911133111|511291917|AMDOCS|S9AA-0082206175|2026-06-09 00:00:00|PEN|38.06|8.35|46.41
Pago|2005013369|CLIENT_00328|911133111|278052637|AMDOCS|S9AA-0082207400|2026-06-09 00:00:00|PEN|26.35|5.78|32.13
Pago|2032059550|CLIENT_00328|911133111|358052637|AMDOCS|S9AA-0082207399|2026-06-09 00:00:00|PEN|26.35|5.78|32.13
Pago|2043888748|CLIENT_00361|07433506|394923857|AMDOCS|S5AA-0080464729|2026-06-09 00:00:00|PEN|100.16|21.99|122.15
Pago|2080284452|CLIENT_00739|92131095|632865537|AMDOCS|S9AA-0082293697|2026-06-09 00:00:00|PEN|51.66|11.34|63.00
Pago|2039298496|CLIENT_00738|72783985|781749306|AMDOCS|S9AA-0082273157|2026-06-09 00:00:00|PEN|16.07|3.53|19.60
Pago|2073578104|CLIENT_00612|93327575|937709501|AMDOCS|S7AA-0067420963|2026-06-09 00:00:00|PEN|18.41|4.04|22.45
Pago|2057242540|CLIENT_00612|93327575|937709501|AMDOCS|S7AA-0067420963|2026-06-09 00:00:00|PEN|294.08|64.55|358.63
Pago|2021563134|CLIENT_00471|802909421|310955347|AMDOCS|S5AA-0080742720|2026-06-09 00:00:00|PEN|17.16|3.77|20.93
Pago|2006015508|CLIENT_00471|802909421|978687957|AMDOCS|S5AA-0080744592|2026-06-09 00:00:00|PEN|57.34|12.59|69.93
Pago|2043471913|CLIENT_00755|938349331|397562857|AMDOCS|S7AA-0067428292|2026-06-12 00:00:00|PEN|63.03|13.83|76.86
Pago|2077617839|CLIENT_00036|75015575|641879501|AMDOCS|S1AA-0052110851|2026-06-12 00:00:00|PEN|30.36|6.67|37.03
Pago|2065817304|CLIENT_00036|75015575|146223937|AMDOCS|S1AA-0052120108|2026-06-12 00:00:00|PEN|72.27|15.86|88.13
Pago|2099526768|CLIENT_00947|680441621|566939257|AMDOCS|S9AA-0081924191|2026-06-15 00:00:00|PEN|8.01|1.76|9.77
Pago|2075996388|CLIENT_00947|680441621|581708547|AMDOCS|S9AA-0081923143|2026-06-15 00:00:00|PEN|8.01|1.76|9.77
Pago|2057701757|CLIENT_00947|680441621|776879257|AMDOCS|S9AA-0081924194|2026-06-15 00:00:00|PEN|8.01|1.76|9.77
Pago|2015474561|CLIENT_00939|74464985|515459306|AMDOCS|S5AA-0080290296|2026-06-05 00:00:00|PEN|50.89|11.17|62.06
Pago|2015048988|CLIENT_00520|64524695|363979937|AMDOCS|S9AA-0081175983|2026-06-05 00:00:00|PEN|91.73|20.13|111.86
Pago|2038838681|CLIENT_00691|47304716|667540737|AMDOCS|S5AA-0080492143|2026-06-05 00:00:00|PEN|71.46|15.69|87.15
Pago|2038330759|CLIENT_00758|66433575|010936043|AMDOCS|S3AA-0078193998|2026-06-05 00:00:00|PEN|47.36|10.40|57.75
Pago|2021717009|CLIENT_00572|812660631|577754167|AMDOCS|S3AA-0077736955|2026-06-05 00:00:00|PEN|18.31|4.02|22.33
Pago|2065240167|CLIENT_00204|68012516|272026606|AMDOCS|S9AA-0081920040|2026-06-18 00:00:00|PEN|37.31|8.19|45.50
Pago|2006990882|CLIENT_00204|50691516|652026606|AMDOCS|S9AA-0082084350|2026-06-18 00:00:00|PEN|147.46|32.37|179.83
Pago|2094390376|CLIENT_00204|71891516|082026606|AMDOCS|S9AA-0082188090|2026-06-18 00:00:00|PEN|92.76|20.36|113.12
Pago|2013717956|CLIENT_00204|107079531|105523167|AMDOCS|S9AA-0082064211|2026-06-18 00:00:00|PEN|114.69|25.17|139.86
Pago|2042988719|CLIENT_00204|145255911|652803857|AMDOCS|S9AA-0082400115|2026-06-18 00:00:00|PEN|137.70|30.23|167.93
Pago|2003562934|CLIENT_00204|044705331|956325757|AMDOCS|S9AA-0082391410|2026-06-18 00:00:00|PEN|137.70|30.23|167.93
Pago|2073133965|CLIENT_00204|145255911|797497537|AMDOCS|S9AA-0082397283|2026-06-18 00:00:00|PEN|131.68|28.90|160.58
Pago|2052932985|CLIENT_00745|44242206|963991067|AMDOCS|S5AA-0080273789|2026-06-18 00:00:00|PEN|25.83|5.67|31.50
Pago|1048743727|CLIENT_00498|54325575|302964167|AMDOCS|S1AA-0052661385|2026-06-26 00:00:00|PEN|.57|.12|.69
Pago|2005827637|CLIENT_00245|94709106|012491506|AMDOCS|S5AA-0081264693|2026-07-06 00:00:00|PEN|61.93|13.60|75.53
Pago|2026009689|CLIENT_00786|564509011|189514817|AMDOCS|S9AA-0083060023|2026-07-06 00:00:00|PEN|44.71|9.82|54.53
Pago|2065299671|CLIENT_00567|457189231|138258657|AMDOCS|S5AA-0081305301|2026-07-06 00:00:00|PEN|97.01|21.29|118.30
Pago|2045782704|CLIENT_00628|47189206|717597257|AMDOCS|S5AA-0081450203|2026-07-06 00:00:00|PEN|134.66|29.56|164.22
Pago|2017352634|CLIENT_00628|47189206|604697257|AMDOCS|S5AA-0081450204|2026-07-06 00:00:00|PEN|94.60|20.76|115.36
Pago|2047636372|CLIENT_00612|93327575|247709501|AMDOCS|S7AA-0067420964|2026-06-07 00:00:00|PEN|18.36|4.03|22.39
Pago|2006290361|CLIENT_00612|93327575|247709501|AMDOCS|S7AA-0067420964|2026-06-07 00:00:00|PEN|89.38|19.62|109.00
Pago|2027994752|CLIENT_00081|502092|32850200|ISIS|FFBG-153692|2026-06-23 00:00:00|USD|52.71|11.57|64.28
Pago|2094077589|CLIENT_00758|656561531|553521067|AMDOCS|S5AA-0080362097|2026-06-08 00:00:00|PEN|63.08|13.85|76.93
Pago|2001580114|CLIENT_00016|52975885|733768306|AMDOCS|S9AA-0082255836|2026-06-08 00:00:00|PEN|72.27|15.86|88.13
Pago|2084282369|CLIENT_00074|65329185|175191306|AMDOCS|S9AA-0081650419|2026-06-08 00:00:00|PEN|65.90|14.46|80.36
Pago|2092384395|CLIENT_00738|72783985|781749306|AMDOCS|S9AA-0081006717|2026-06-08 00:00:00|PEN|16.01|3.52|19.53
Pago|2010399017|CLIENT_00723|50035295|395362406|AMDOCS|S5AA-0080702513|2026-06-08 00:00:00|PEN|63.08|13.85|76.93
Pago|2048465395|CLIENT_00206|925858421|878165347|AMDOCS|S5AA-0080897132|2026-06-08 00:00:00|PEN|83.75|18.38|102.13
Pago|2084595191|CLIENT_00613|29675885|464868306|AMDOCS|S5AA-0080621383|2026-06-08 00:00:00|PEN|92.61|20.33|112.95
Pago|2025574282|CLIENT_00237|28763575|092103733|AMDOCS|S3AA-0077364611|2026-06-09 00:00:00|PEN|17.19|3.77|20.97
Pago|2045855183|CLIENT_00181|59950906|607229506|AMDOCS|S9AA-0081997638|2026-06-09 00:00:00|PEN|140.52|30.84|171.36
Pago|2014312549|CLIENT_00141|16530575|148920103|AMDOCS|S1AA-0052145011|2026-06-09 00:00:00|PEN|80.30|17.63|97.93
Pago|2083954617|CLIENT_00984|34230575|216020103|AMDOCS|S1AA-0052008742|2026-06-12 00:00:00|PEN|21.47|4.71|26.18
Pago|2098171066|CLIENT_00522|71870606|472626506|AMDOCS|S9AA-0080920618|2026-06-12 00:00:00|PEN|25.77|5.66|31.43
Pago|2072116766|CLIENT_00888|158289911|754274647|AMDOCS|S7AA-0067533618|2026-06-23 00:00:00|PEN|57.97|12.73|70.70
Pago|2062185872|CLIENT_00774|913599321|048944447|AMDOCS|S9AA-0082208311|2026-06-23 00:00:00|PEN|56.14|12.32|68.46
Pago|1021456215|CLIENT_00498|54325575|373983473|AMDOCS|S1AA-0052030279|2026-06-23 00:00:00|PEN|34.44|7.56|42.00
Pago|1051818896|CLIENT_00498|54325575|202883473|AMDOCS|S1AA-0052030278|2026-06-23 00:00:00|PEN|22.33|4.90|27.23
Pago|1077245079|CLIENT_00498|54325575|908044473|AMDOCS|S1AA-0052030280|2026-06-23 00:00:00|PEN|22.33|4.90|27.23
Pago|2033213127|CLIENT_00483|29526575|915715893|AMDOCS|S3AA-0079418089|2026-06-23 00:00:00|PEN|18.37|4.03|22.40
Pago|2045668429|CLIENT_00383|216638511|069594037|AMDOCS|S1AA-0051827134|2026-06-01 00:00:00|PEN|5.95|1.31|7.25
Pago|2007250890|CLIENT_00567|457189231|138258657|AMDOCS|S5AA-0080354142|2026-06-09 00:00:00|PEN|96.95|21.28|118.23
Pago|2091314236|CLIENT_00770|96289595|106306406|AMDOCS|S9AA-0081772568|2026-06-09 00:00:00|PEN|76.28|16.75|93.03
Pago|2037638826|CLIENT_00969|301015531|471236067|AMDOCS|S6AA-0000021848|2026-06-09 00:00:00|PEN|21.98|4.83|26.81
Pago|2068178034|CLIENT_00379|31994606|972666506|AMDOCS|S9AA-0080885741|2026-06-09 00:00:00|PEN|50.17|11.01|61.18
Pago|2076697193|CLIENT_00379|31994606|972666506|AMDOCS|S9AA-0082153086|2026-06-09 00:00:00|PEN|52.15|11.45|63.60
Pago|2022543695|CLIENT_00820|272246321|542734957|AMDOCS|S9AA-0081804220|2026-06-09 00:00:00|PEN|12.05|2.65|14.70
Pago|2045121201|CLIENT_00767|992659121|309293737|AMDOCS|S9AA-0082043290|2026-06-09 00:00:00|PEN|54.47|11.96|66.43
Pago|2051095908|CLIENT_00767|992659121|994882957|AMDOCS|S9AA-0082046129|2026-06-09 00:00:00|PEN|62.71|13.77|76.48
Pago|2079044208|CLIENT_00991|53354695|965456406|AMDOCS|S9AA-0081076969|2026-06-10 00:00:00|PEN|38.57|8.47|47.04
Pago|2029459942|CLIENT_00434|317950531|767269957|AMDOCS|S4AA-0007905896|2026-06-12 00:00:00|PEN|77.20|16.95|94.15
Pago|2028216422|CLIENT_00862|31060575|878161103|AMDOCS|S1AA-0051797734|2026-06-13 00:00:00|PEN|60.50|13.28|73.78
Pago|2012438665|CLIENT_00737|844055821|106348157|AMDOCS|S8AA-0007620896|2026-06-13 00:00:00|PEN|108.72|23.86|132.58
Pago|2005799938|CLIENT_00146|56862575|382951601|AMDOCS|S1AA-0052172132|2026-06-13 00:00:00|PEN|5.74|1.26|7.00
Pago|2031026995|CLIENT_00400|453879131|507810557|AMDOCS|S8AA-0007642701|2026-06-13 00:00:00|PEN|97.52|21.41|118.93
Pago|2050440165|CLIENT_00596|28793006|493077857|AMDOCS|S9AA-0081890478|2026-06-14 00:00:00|PEN|97.52|21.41|118.93
Pago|2089946399|CLIENT_00596|03677575|488331601|AMDOCS|S1AA-0051920227|2026-06-14 00:00:00|PEN|19.23|4.22|23.45
Pago|2016410764|CLIENT_00596|03677575|188331601|AMDOCS|S1AA-0051920225|2026-06-14 00:00:00|PEN|19.23|4.22|23.45
Pago|2024707774|CLIENT_00596|03677575|088331601|AMDOCS|S1AA-0051920224|2026-06-14 00:00:00|PEN|13.14|2.89|16.03
Pago|2019631648|CLIENT_00596|03677575|388331601|AMDOCS|S1AA-0051920226|2026-06-14 00:00:00|PEN|16.36|3.59|19.95
Pago|2089998824|CLIENT_00610|686859901|685087617|AMDOCS|S9AA-0081920688|2026-06-14 00:00:00|PEN|1.12|.25|1.37
Pago|2013129077|CLIENT_00742|57302695|286249447|AMDOCS|S9AA-0081827992|2026-06-14 00:00:00|PEN|100.34|22.02|122.36
Pago|2000875718|CLIENT_00769|42605416|079421067|AMDOCS|S9AA-0082253765|2026-06-14 00:00:00|PEN|7.75|1.70|9.45
Pago|2063869275|CLIENT_00067|39304285|943042306|AMDOCS|S9AA-0081978876|2026-06-17 00:00:00|PEN|34.38|7.55|41.93
Pago|2050799857|CLIENT_00697|332353021|028097337|AMDOCS|S9AA-0081062135|2026-06-17 00:00:00|PEN|180.12|39.54|219.66
Pago|2049584502|CLIENT_00697|332353021|028097337|AMDOCS|S9AA-0082328129|2026-06-17 00:00:00|PEN|180.12|39.54|219.66
Pago|2067006652|CLIENT_00878|76781206|077143147|AMDOCS|S9AA-0081758584|2026-06-17 00:00:00|PEN|10.05|2.21|12.25
Pago|2023592344|CLIENT_00878|24445575|719310593|AMDOCS|S1AA-0052003400|2026-06-17 00:00:00|PEN|57.92|12.71|70.63
Pago|2063748052|CLIENT_00878|76781206|896022506|AMDOCS|S9AA-0081755444|2026-06-17 00:00:00|PEN|38.40|8.43|46.83
Pago|2007807148|CLIENT_00878|58971206|598406647|AMDOCS|S9AA-0081914563|2026-06-17 00:00:00|PEN|77.43|17.00|94.43
Pago|2097550740|CLIENT_00361|07433506|394923857|AMDOCS|S5AA-0081421720|2026-06-09 00:00:00|PEN|1.66|.37|2.03
Pago|2031756935|CLIENT_00484|83698185|359881306|AMDOCS|S9AA-0081102030|2026-06-08 00:00:00|PEN|62.85|13.80|76.65
Pago|2045771478|CLIENT_00919|53129095|970373857|AMDOCS|S9AA-0082348327|2026-06-10 00:00:00|PEN|131.96|28.97|160.93
Pago|2032006233|CLIENT_00919|53129095|370173857|AMDOCS|S9AA-0082348322|2026-06-10 00:00:00|PEN|131.96|28.97|160.93
Pago|2096770204|CLIENT_00203|30948116|012735537|AMDOCS|S5AA-0080690714|2026-06-10 00:00:00|PEN|46.78|10.27|57.05
Pago|2082900579|CLIENT_00127|630652821|744448857|AMDOCS|S8AA-0007585403|2026-06-10 00:00:00|PEN|130.36|28.61|158.97
Pago|2046868113|CLIENT_00397|37404575|331309943|AMDOCS|S7AA-0067728498|2026-06-10 00:00:00|PEN|35.30|7.75|43.05
Pago|2026850436|CLIENT_00251|348878221|093835937|AMDOCS|S5AA-0080264238|2026-06-10 00:00:00|PEN|41.67|9.15|50.82
Pago|2055088087|CLIENT_00301|05541575|654820673|AMDOCS|S1AA-0052071130|2026-06-12 00:00:00|PEN|60.21|13.22|73.43
Pago|2052036896|CLIENT_00239|020106721|899192357|AMDOCS|S9AA-0082217977|2026-06-12 00:00:00|PEN|50.45|11.08|61.53
Pago|2074129386|CLIENT_00882|33559616|745718857|AMDOCS|S9AA-0082331196|2026-06-16 00:00:00|PEN|68.82|15.11|83.93
Pago|2092012328|CLIENT_00882|33559616|175976606|AMDOCS|S9AA-0082326322|2026-06-16 00:00:00|PEN|122.72|26.94|149.66
Pago|2009904191|CLIENT_00882|88569616|365976606|AMDOCS|S9AA-0081937391|2026-06-16 00:00:00|PEN|60.27|13.23|73.50
Pago|2074399112|CLIENT_00882|72859616|555976606|AMDOCS|S9AA-0082274450|2026-06-16 00:00:00|PEN|101.02|22.18|123.20
Pago|2066355988|CLIENT_00882|72859616|555976606|AMDOCS|S9AA-0082274450|2026-06-16 00:00:00|PEN|34.44|7.56|42.00
Pago|2006910965|CLIENT_00434|317950531|499959957|AMDOCS|S4AA-0007905887|2026-06-17 00:00:00|PEN|47.24|10.37|57.61
Pago|2068242198|CLIENT_00515|127683021|469765257|AMDOCS|S9AA-0082226386|2026-06-17 00:00:00|PEN|40.12|8.81|48.93
Pago|2053746704|CLIENT_00515|32297206|245192506|AMDOCS|S9AA-0082239416|2026-06-17 00:00:00|PEN|46.72|10.26|56.98
Pago|2092368101|CLIENT_00937|96637575|020460601|AMDOCS|S1AA-0052199409|2026-06-19 00:00:00|PEN|22.90|5.03|27.93
Pago|2060569471|CLIENT_00937|49543006|179417257|AMDOCS|S9AA-0081993126|2026-06-19 00:00:00|PEN|22.90|5.03|27.93
Pago|2082431659|CLIENT_00937|96637575|811632357|AMDOCS|S1AA-0052203626|2026-06-19 00:00:00|PEN|8.61|1.89|10.50
Pago|2013054362|CLIENT_00790|219773321|126536047|AMDOCS|S9AA-0082147265|2026-06-19 00:00:00|PEN|44.43|9.75|54.18
Pago|2001109147|CLIENT_00012|43224195|276595257|AMDOCS|S9AA-0082338777|2026-06-19 00:00:00|PEN|42.71|9.37|52.08
Pago|2098283606|CLIENT_00347|49333685|454146306|AMDOCS|S9AA-0076033663|2026-06-19 00:00:00|PEN|.23|.05|.28
Pago|2065298423|CLIENT_00377|051299331|722343857|AMDOCS|S9AA-0082478071|2026-06-19 00:00:00|PEN|131.96|28.97|160.93
Pago|2053185083|CLIENT_00347|49333685|454146306|AMDOCS|S9AA-0078704932|2026-06-19 00:00:00|PEN|.17|.04|.21
Pago|2033540112|CLIENT_00347|49333685|454146306|AMDOCS|S9AA-0077996468|2026-06-19 00:00:00|PEN|.20|.04|.25
Pago|2015716355|CLIENT_00347|49333685|454146306|AMDOCS|S9AA-0077022030|2026-06-19 00:00:00|PEN|5.77|1.27|7.04
Pago|2089518379|CLIENT_00347|49333685|454146306|AMDOCS|S9AA-0079577327|2026-06-19 00:00:00|PEN|.17|.04|.21
Pago|2011752824|CLIENT_00623|634694321|742119047|AMDOCS|S9AA-0082354846|2026-06-19 00:00:00|PEN|76.69|16.83|93.52
Pago|2050321977|CLIENT_00969|301015531|471236067|AMDOCS|S6AA-0000055556|2026-06-09 00:00:00|PEN|1.92|.42|2.35
Pago|2060092251|CLIENT_00471|802909421|978687957|AMDOCS|S5AA-0080971728|2026-06-21 00:00:00|PEN|57.34|12.59|69.93
Pago|2079002997|CLIENT_00471|802909421|310955347|AMDOCS|S5AA-0080969950|2026-06-21 00:00:00|PEN|17.16|3.77|20.93
Pago|2062740957|CLIENT_00529|58262575|371999033|AMDOCS|S1AA-0052315663|2026-06-21 00:00:00|PEN|21.75|4.78|26.53
Pago|2074141005|CLIENT_00237|09763575|528665443|AMDOCS|S1AA-0052349809|2026-06-21 00:00:00|PEN|19.69|4.32|24.01
Pago|2007914919|CLIENT_00984|34230575|709365617|AMDOCS|S1AA-0052010738|2026-06-21 00:00:00|PEN|20.66|4.54|25.20
Pago|2051922762|CLIENT_00417|667421|41171200|ISIS|S300-251486|2026-06-18 00:00:00|PEN|418.45|91.85|510.30
Pago|2062451997|CLIENT_00770|572202|12589100|ISIS|S300-254118|2026-06-22 00:00:00|PEN|901.64|197.92|1099.56
Pago|2042176157|CLIENT_00570|77251595|032125406|AMDOCS|S9AA-0081841525|2026-06-10 00:00:00|PEN|87.76|19.27|107.03
Pago|2002871322|CLIENT_00570|26577195|667581406|AMDOCS|S9AA-0081711638|2026-06-10 00:00:00|PEN|121.57|26.69|148.26
Pago|2083211636|CLIENT_00723|96621595|683815406|AMDOCS|S9AA-0081772450|2026-06-10 00:00:00|PEN|97.29|21.36|118.65
Pago|2039485996|CLIENT_00766|789926621|661336167|AMDOCS|S8AA-0007741974|2026-06-10 00:00:00|PEN|1.49|.33|1.82
Pago|2021595413|CLIENT_00021|79665575|680473463|AMDOCS|S1AA-0051716949|2026-06-10 00:00:00|PEN|74.51|16.35|90.86
Pago|2000150523|CLIENT_00972|11601575|874841503|AMDOCS|S1AA-0051818243|2026-06-13 00:00:00|PEN|74.56|16.37|90.93
Pago|2066627763|CLIENT_00972|11601575|282694363|AMDOCS|S1AA-0051819060|2026-06-13 00:00:00|PEN|74.56|16.37|90.93
Pago|2041852613|CLIENT_00972|11601575|663015003|AMDOCS|S1AA-0051818119|2026-06-13 00:00:00|PEN|54.47|11.96|66.43
Pago|2052260718|CLIENT_00972|11601575|213694363|AMDOCS|S1AA-0051819061|2026-06-13 00:00:00|PEN|74.56|16.37|90.93
Pago|2027980795|CLIENT_00244|431913521|997214257|AMDOCS|S8AA-0007578315|2026-06-13 00:00:00|PEN|86.04|18.89|104.93
Pago|2011804641|CLIENT_00396|676669621|776152747|AMDOCS|S9AA-0081836947|2026-06-16 00:00:00|PEN|114.74|25.19|139.93
Pago|2042736285|CLIENT_00790|719773321|036536047|AMDOCS|S9AA-0082190701|2026-06-16 00:00:00|PEN|41.84|9.19|51.03
Pago|2057574494|CLIENT_00790|219773321|181410067|AMDOCS|S9AA-0082150092|2026-06-16 00:00:00|PEN|65.72|14.43|80.15
Pago|2045776570|CLIENT_00215|08925695|736248457|AMDOCS|S9AA-0081872535|2026-06-16 00:00:00|PEN|91.78|20.15|111.93
Pago|2014515562|CLIENT_00313|462713531|422243067|AMDOCS|S4AA-0008065617|2026-06-16 00:00:00|PEN|51.60|11.33|62.93
Pago|2053891306|CLIENT_00166|983219311|870950757|AMDOCS|S9AA-0081950759|2026-06-17 00:00:00|PEN|13.78|3.02|16.80
Pago|2096907655|CLIENT_00657|349138801|723414657|AMDOCS|S9AA-0082417187|2026-06-17 00:00:00|PEN|25.49|5.59|31.08
Pago|2093830022|CLIENT_00544|98001806|151528506|AMDOCS|S9AA-0081945796|2026-06-17 00:00:00|PEN|78.93|17.33|96.25
Pago|2043931649|CLIENT_00311|176219431|361057957|AMDOCS|S8AA-0007692410|2026-06-17 00:00:00|PEN|40.12|8.81|48.93
Pago|2086719142|CLIENT_00909|905887721|592586847|AMDOCS|S9AA-0082122335|2026-06-17 00:00:00|PEN|56.77|12.46|69.23
Pago|2076412738|CLIENT_00914|99741685|789189737|AMDOCS|S9AA-0082043342|2026-06-19 00:00:00|PEN|45.86|10.07|55.93
Pago|2088855451|CLIENT_00667|870732221|781360837|AMDOCS|S9AA-0081853074|2026-06-19 00:00:00|PEN|103.03|22.62|125.65
Pago|2000394964|CLIENT_00124|23092575|483264303|AMDOCS|S1AA-0051934009|2026-06-19 00:00:00|PEN|9.13|2.00|11.13
Pago|2087410427|CLIENT_00749|596294111|365981957|AMDOCS|S9AA-0082002918|2026-06-19 00:00:00|PEN|143.16|31.42|174.58
Pago|2036419074|CLIENT_00016|71975885|543768306|AMDOCS|S5AA-0081756813|2026-07-23 00:00:00|PEN|74.68|13.44|88.13
Pago|2075404256|CLIENT_00016|68641575|133826123|AMDOCS|S3AA-0079567250|2026-07-23 00:00:00|PEN|82.93|14.92|97.86
Pago|2013641602|CLIENT_00728|324491021|351964337|AMDOCS|S9AA-0082704558|2026-07-23 00:00:00|PEN|116.15|20.91|137.06
Pago|2025648441|CLIENT_00688|818737121|743971247|AMDOCS|S1AA-0051854877|2026-06-22 00:00:00|PEN|54.47|11.96|66.43
Pago|2066121135|CLIENT_00383|216638511|302025827|AMDOCS|S1AA-0051827104|2026-06-22 00:00:00|PEN|28.01|6.15|34.16
Pago|2081657376|CLIENT_00434|670143411|993722637|AMDOCS|S9AA-0080563553|2026-06-30 00:00:00|PEN|45.15|9.91|55.06
Pago|2031946637|CLIENT_00983|430841331|089539657|AMDOCS|S9AA-0082339360|2026-06-30 00:00:00|PEN|17.16|3.77|20.93
Pago|2015037424|CLIENT_00556|32477185|064671306|AMDOCS|S9AA-0082238127|2026-06-30 00:00:00|PEN|48.73|10.70|59.43
Pago|2093251630|CLIENT_00201|40852285|165790847|AMDOCS|S9AA-0082078987|2026-06-30 00:00:00|PEN|63.08|13.85|76.93
Pago|2064266045|CLIENT_00606|509664721|717790847|AMDOCS|S8AA-0008010385|2026-06-30 00:00:00|PEN|24.85|5.46|30.31
Pago|2091636878|CLIENT_00647|147374421|200108247|AMDOCS|S4AA-0007991432|2026-06-30 00:00:00|PEN|99.02|21.74|120.75
Pago|2070952060|CLIENT_00669|159389821|305959657|AMDOCS|S8AA-0007630728|2026-06-03 00:00:00|PEN|17.16|3.77|20.93
Pago|2057463246|CLIENT_00753|020891011|335461647|AMDOCS|S9AA-0082216979|2026-06-03 00:00:00|PEN|137.70|30.23|167.93
Pago|2008309257|CLIENT_00999|887189821|498745057|AMDOCS|S7AA-0067868543|2026-06-03 00:00:00|PEN|80.25|17.61|97.86
Pago|2036023090|CLIENT_00999|887189821|498745057|AMDOCS|S7AA-0066963090|2026-06-03 00:00:00|PEN|68.16|14.96|83.13
Pago|2012667521|CLIENT_00300|54607575|313348501|AMDOCS|S1AA-0052655203|2026-07-24 00:00:00|PEN|26.34|4.74|31.08
Pago|2056921911|CLIENT_00644|864899231|294963757|AMDOCS|S1AA-0052816522|2026-07-24 00:00:00|PEN|53.33|9.60|62.93
Pago|2007774830|CLIENT_00695|424360011|519759817|AMDOCS|S3AA-0079923437|2026-07-24 00:00:00|PEN|49.18|8.85|58.03
Pago|2044062182|CLIENT_00560|55692195|027899537|AMDOCS|S5AA-0082032511|2026-07-24 00:00:00|PEN|20.11|3.62|23.73
Pago|2057768570|CLIENT_00068|32621575|492061703|AMDOCS|S3AA-0079902774|2026-07-24 00:00:00|PEN|44.43|7.99|52.43
Pago|2044463955|CLIENT_00048|616621911|631351837|AMDOCS|S1AA-0052453497|2026-07-24 00:00:00|PEN|23.37|4.21|27.58
Pago|2013284189|CLIENT_00029|623682121|128336757|AMDOCS|S3AA-0077812981|2026-06-02 00:00:00|PEN|20.03|4.40|24.43
Pago|2014800908|CLIENT_00029|623682121|302436757|AMDOCS|S3AA-0077812982|2026-06-02 00:00:00|PEN|28.64|6.29|34.93
Pago|2076012157|CLIENT_00029|623682121|879436757|AMDOCS|S3AA-0077812983|2026-06-02 00:00:00|PEN|20.03|4.40|24.43
Pago|2036822926|CLIENT_00194|88087575|786761601|AMDOCS|S3AA-0078397326|2026-06-02 00:00:00|PEN|24.62|5.41|30.03
Pago|2082422571|CLIENT_00010|792078121|391821737|AMDOCS|S3AA-0078498096|2026-06-02 00:00:00|PEN|45.86|10.07|55.93
Pago|2078256370|CLIENT_00010|792078121|167589757|AMDOCS|S3AA-0078502396|2026-06-02 00:00:00|PEN|40.12|8.81|48.93
Pago|2004945069|CLIENT_00010|792078121|510144857|AMDOCS|S3AA-0078502576|2026-06-02 00:00:00|PEN|79.04|17.35|96.39
Pago|2059396553|CLIENT_00171|789259121|845543957|AMDOCS|S9AA-0081535841|2026-06-02 00:00:00|PEN|59.64|13.09|72.73
Pago|2049019784|CLIENT_00811|92003575|471659563|AMDOCS|S3AA-0077835302|2026-06-02 00:00:00|PEN|26.35|5.78|32.13
Pago|2030044604|CLIENT_00861|672794011|529987917|AMDOCS|S5AA-0080505632|2026-06-01 00:00:00|PEN|30.36|6.67|37.03
Pago|1003385935|CLIENT_00953|67354095|691550406|AMDOCS|S5AA-0080503773|2026-06-01 00:00:00|PEN|26.92|5.91|32.83
Pago|2038929902|CLIENT_00682|03595906|158359506|AMDOCS|S9AA-0081033928|2026-06-01 00:00:00|PEN|50.74|11.14|61.88
Pago|2059324355|CLIENT_00481|32562575|555908263|AMDOCS|S3AA-0077776823|2026-06-01 00:00:00|PEN|22.90|5.03|27.93
Pago|2052778896|CLIENT_00395|743636121|130930757|AMDOCS|S1AA-0052054409|2026-06-11 00:00:00|PEN|97.52|21.41|118.93
Pago|2076630547|CLIENT_00041|212224621|594972647|AMDOCS|S9AA-0082147831|2026-06-11 00:00:00|PEN|56.19|12.34|68.53
Pago|2070236567|CLIENT_00464|147174821|156534857|AMDOCS|S8AA-0007600567|2026-06-11 00:00:00|PEN|63.08|13.85|76.93
Pago|2042647818|CLIENT_00266|28064185|683340737|AMDOCS|S9AA-0081887736|2026-06-15 00:00:00|PEN|20.66|4.54|25.20
Pago|2092648145|CLIENT_00266|28064185|719519737|AMDOCS|S9AA-0081887803|2026-06-15 00:00:00|PEN|20.66|4.54|25.20
Pago|2028768662|CLIENT_00266|28064185|601803837|AMDOCS|S9AA-0081887844|2026-06-15 00:00:00|PEN|30.71|6.74|37.45
Pago|2083038689|CLIENT_00266|28064185|904743157|AMDOCS|S9AA-0081889332|2026-06-15 00:00:00|PEN|11.25|2.47|13.72
Pago|2096447129|CLIENT_00321|93461575|297837137|AMDOCS|S1AA-0051983765|2026-06-15 00:00:00|PEN|42.99|9.44|52.43
Pago|2019723913|CLIENT_00266|28064185|533741306|AMDOCS|S9AA-0081883725|2026-06-15 00:00:00|PEN|75.71|16.62|92.33
Pago|2004706972|CLIENT_00266|132847821|845381057|AMDOCS|S1AA-0051930790|2026-06-15 00:00:00|PEN|19.23|4.22|23.45
Pago|2014164969|CLIENT_00321|93461575|798433963|AMDOCS|S1AA-0051982536|2026-06-15 00:00:00|PEN|32.66|7.17|39.83
Pago|2067382285|CLIENT_00906|98441406|795287957|AMDOCS|S9AA-0081951360|2026-06-15 00:00:00|PEN|76.40|16.77|93.17
Pago|2030405929|CLIENT_00212|894308431|179975957|AMDOCS|S7AA-0067961596|2026-06-05 00:00:00|PEN|51.60|11.33|62.93
Pago|2041506167|CLIENT_00025|53091575|556319627|AMDOCS|S9AA-0082344815|2026-06-05 00:00:00|PEN|37.83|8.30|46.13
Pago|2018869042|CLIENT_00753|020891011|524171647|AMDOCS|S9AA-0082216982|2026-06-02 00:00:00|PEN|22.10|4.85|26.95
Pago|2078606158|CLIENT_00640|33723995|946729406|AMDOCS|S9AA-0082325697|2026-06-02 00:00:00|PEN|30.19|6.63|36.82
Pago|2022887994|CLIENT_00145|097589811|331699137|AMDOCS|S7AA-0069639515|2026-07-14 00:00:00|PEN|2.17|.39|2.56
Pago|2023281496|CLIENT_00538|80317575|834498657|AMDOCS|S3AA-0078616414|2026-07-24 00:00:00|PEN|168.83|30.39|199.22
Pago|2022997625|CLIENT_00266|132847821|845381057|AMDOCS|S1AA-0052550096|2026-07-24 00:00:00|PEN|19.82|3.57|23.38
Pago|2019512986|CLIENT_00010|792078121|391821737|AMDOCS|S3AA-0079673145|2026-07-24 00:00:00|PEN|47.40|8.53|55.93
Pago|2009602635|CLIENT_00010|792078121|608838957|AMDOCS|S3AA-0079677794|2026-07-24 00:00:00|PEN|41.47|7.46|48.93
Pago|2088175496|CLIENT_00010|792078121|167589757|AMDOCS|S3AA-0079677107|2026-07-24 00:00:00|PEN|41.47|7.46|48.93
Pago|2004469110|CLIENT_00010|792078121|510144857|AMDOCS|S3AA-0079677271|2026-07-24 00:00:00|PEN|81.63|14.69|96.32
Pago|2054205660|CLIENT_00625|03102706|853761067|AMDOCS|S5AA-0080906400|2026-06-01 00:00:00|PEN|100.34|22.02|122.36
Pago|2095609618|CLIENT_00060|65393285|295042306|AMDOCS|S9AA-0081258843|2026-06-01 00:00:00|PEN|58.20|12.78|70.98
Pago|2067016446|CLIENT_00306|98911606|581948937|AMDOCS|S9AA-0081948607|2026-06-04 00:00:00|PEN|72.27|15.86|88.13
Pago|2083750866|CLIENT_00903|556834021|971289337|AMDOCS|S9AA-0081645303|2026-06-04 00:00:00|PEN|28.07|6.16|34.23
Pago|2019876876|CLIENT_00461|428478431|585678957|AMDOCS|S7AA-0067293332|2026-06-11 00:00:00|PEN|51.60|11.33|62.93
Pago|2004268042|CLIENT_00362|57881585|601778957|AMDOCS|S5AA-0080501793|2026-06-04 00:00:00|PEN|74.56|16.37|90.93
Pago|2025216315|CLIENT_00075|18781575|491844333|AMDOCS|S3AA-0078339684|2026-06-04 00:00:00|PEN|28.07|6.16|34.23
Pago|2027087229|CLIENT_00844|822584421|871428247|AMDOCS|S3AA-0077829152|2026-06-04 00:00:00|PEN|102.46|22.49|124.95
Pago|2089056121|CLIENT_00844|603608431|305285957|AMDOCS|S9AA-0080830424|2026-06-04 00:00:00|PEN|11.77|2.58|14.35
Pago|2044662368|CLIENT_00741|866009421|231292067|AMDOCS|S8AA-0007683430|2026-06-05 00:00:00|PEN|44.71|9.82|54.53
Pago|2087352121|CLIENT_00062|79390995|426119406|AMDOCS|S9AA-0082023263|2026-06-05 00:00:00|PEN|111.90|24.56|136.47
Pago|2040201877|CLIENT_00062|79390995|426119406|AMDOCS|S9AA-0082023263|2026-06-05 00:00:00|PEN|9.67|2.12|11.80
Pago|2020143008|CLIENT_00090|215219121|412903747|AMDOCS|S3AA-0077674517|2026-06-05 00:00:00|PEN|48.50|10.65|59.15
Pago|2004965083|CLIENT_00066|702913431|910148857|AMDOCS|S3AA-0077628922|2026-06-05 00:00:00|PEN|86.04|18.89|104.93
Pago|2096148900|CLIENT_00810|45247495|092284406|AMDOCS|S9AA-0081660071|2026-06-18 00:00:00|PEN|112.16|24.62|136.78
Pago|2045498450|CLIENT_00823|43182575|699473717|AMDOCS|S1AA-0051949596|2026-06-18 00:00:00|PEN|47.58|10.45|58.03
Pago|2074423060|CLIENT_00504|557185231|456821657|AMDOCS|S9AA-0081648029|2026-06-18 00:00:00|PEN|34.04|7.47|41.51
Pago|2060200980|CLIENT_00350|62740575|718534043|AMDOCS|S1AA-0051900341|2026-06-18 00:00:00|PEN|30.36|6.67|37.03
Pago|2048258208|CLIENT_00350|62740575|354307413|AMDOCS|S1AA-0051900054|2026-06-18 00:00:00|PEN|18.31|4.02|22.33
Pago|2007494642|CLIENT_00350|62740575|340233203|AMDOCS|S1AA-0051893072|2026-06-18 00:00:00|PEN|30.36|6.67|37.03
Pago|2065158243|CLIENT_00350|62740575|304204213|AMDOCS|S1AA-0051900019|2026-06-18 00:00:00|PEN|18.31|4.02|22.33
Pago|2051593778|CLIENT_00350|62740575|132039543|AMDOCS|S1AA-0051900426|2026-06-18 00:00:00|PEN|18.31|4.02|22.33
Pago|2030002931|CLIENT_00350|62740575|616839573|AMDOCS|S1AA-0051900916|2026-06-18 00:00:00|PEN|16.01|3.52|19.53
Pago|2034744601|CLIENT_00350|62740575|530004003|AMDOCS|S1AA-0051893006|2026-06-18 00:00:00|PEN|57.34|12.59|69.93
Pago|2026212820|CLIENT_00350|62740575|074307413|AMDOCS|S1AA-0051900055|2026-06-18 00:00:00|PEN|30.36|6.67|37.03
Pago|2002327363|CLIENT_00350|62740575|850307413|AMDOCS|S1AA-0051900051|2026-06-18 00:00:00|PEN|57.34|12.59|69.93
Pago|2019530122|CLIENT_00047|166794121|681582637|AMDOCS|S1AA-0052766409|2026-06-28 00:00:00|PEN|4.68|1.03|5.71
Pago|2022413606|CLIENT_00407|449549531|006503167|AMDOCS|S1AA-0052640891|2026-06-30 00:00:00|PEN|4.58|1.01|5.59
Pago|2003540698|CLIENT_00412|69231985|026181637|AMDOCS|S5AA-0082326913|2026-07-24 00:00:00|PEN|61.04|10.99|72.03
Pago|2096145588|CLIENT_00538|80317575|834498657|AMDOCS|S3AA-0079779377|2026-07-24 00:00:00|PEN|171.56|30.88|202.44
Pago|2012434906|CLIENT_00644|864899231|403075857|AMDOCS|S1AA-0052816779|2026-07-24 00:00:00|PEN|42.80|7.71|50.51
Pago|2077608678|CLIENT_00105|15302575|622658713|AMDOCS|S1AA-0052696356|2026-07-24 00:00:00|PEN|103.10|18.56|121.66
Pago|2013870601|CLIENT_00098|37026575|484984303|AMDOCS|S1AA-0052845768|2026-07-24 00:00:00|PEN|74.45|13.40|87.85
Pago|2010945037|CLIENT_00252|95990595|683715406|AMDOCS|S9AA-0083007456|2026-07-24 00:00:00|PEN|106.01|19.08|125.09
Pago|2013383689|CLIENT_00252|95990595|158692337|AMDOCS|S9AA-0083010024|2026-07-24 00:00:00|PEN|90.71|16.32|107.03
Pago|2033591606|CLIENT_00518|75136575|305587993|AMDOCS|S1AA-0052731555|2026-07-24 00:00:00|PEN|13.29|2.39|15.68
Pago|2028080362|CLIENT_00042|347990521|964439347|AMDOCS|S3AA-0078946118|2026-07-24 00:00:00|PEN|112.65|20.28|132.93
Pago|2058246578|CLIENT_00853|28725575|710231601|AMDOCS|S1AA-0052913708|2026-07-24 00:00:00|PEN|16.85|3.03|19.88
Pago|2011902949|CLIENT_00423|219872611|979421037|AMDOCS|S7AA-0067179443|2026-06-01 00:00:00|PEN|26.35|5.78|32.13
Pago|2003216433|CLIENT_00243|477725311|184680947|AMDOCS|S3AA-0078276807|2026-06-01 00:00:00|PEN|97.24|21.34|118.58
Pago|2069534308|CLIENT_00423|219872611|715026857|AMDOCS|S7AA-0067184405|2026-06-01 00:00:00|PEN|28.64|6.29|34.93
Pago|2000248896|CLIENT_00461|428478431|977996957|AMDOCS|S7AA-0067293258|2026-06-11 00:00:00|PEN|51.60|11.33|62.93
Pago|2027729571|CLIENT_00461|428478431|524396957|AMDOCS|S7AA-0067293240|2026-06-11 00:00:00|PEN|51.60|11.33|62.93
Pago|2048519786|CLIENT_00461|428478431|112896957|AMDOCS|S7AA-0067293253|2026-06-11 00:00:00|PEN|51.60|11.33|62.93
Pago|2068705208|CLIENT_00461|428478431|979196957|AMDOCS|S7AA-0067293236|2026-06-11 00:00:00|PEN|51.60|11.33|62.93
Pago|2005320483|CLIENT_00461|428478431|264678957|AMDOCS|S7AA-0067293331|2026-06-11 00:00:00|PEN|51.60|11.33|62.93
Pago|2040270911|CLIENT_00461|428478431|050378957|AMDOCS|S7AA-0067293328|2026-06-11 00:00:00|PEN|51.60|11.33|62.93
Pago|2050562330|CLIENT_00282|398260721|394614747|AMDOCS|S8AA-0007757681|2026-06-11 00:00:00|PEN|50.45|11.08|61.53
Pago|2019866741|CLIENT_00461|428478431|873778957|AMDOCS|S7AA-0067293333|2026-06-11 00:00:00|PEN|51.60|11.33|62.93
Pago|2014005197|CLIENT_00461|428478431|132296957|AMDOCS|S7AA-0067293238|2026-06-11 00:00:00|PEN|51.60|11.33|62.93
Pago|2027679916|CLIENT_00461|428478431|415409957|AMDOCS|S7AA-0067293337|2026-06-11 00:00:00|PEN|51.60|11.33|62.93
Pago|2014332657|CLIENT_00751|723647311|693599227|AMDOCS|S9AA-0082275513|2026-06-11 00:00:00|PEN|86.04|18.89|104.93
Pago|2077586327|CLIENT_00751|04139606|534776506|AMDOCS|S9AA-0082386387|2026-06-11 00:00:00|PEN|76.86|16.87|93.73
Pago|2063906604|CLIENT_00461|428478431|009340067|AMDOCS|S7AA-0067293348|2026-06-11 00:00:00|PEN|51.60|11.33|62.93
Pago|2095488337|CLIENT_00876|299076331|524818757|AMDOCS|S9AA-0081976746|2026-06-05 00:00:00|PEN|97.52|21.41|118.93
Pago|2039104397|CLIENT_00010|792078121|608838957|AMDOCS|S3AA-0078503187|2026-06-05 00:00:00|PEN|40.12|8.81|48.93
Pago|2082824645|CLIENT_00595|79285206|022542506|AMDOCS|S9AA-0082023379|2026-06-05 00:00:00|PEN|150.79|33.10|183.89
Pago|2031091013|CLIENT_00196|71934575|783330853|AMDOCS|S3AA-0077718472|2026-06-05 00:00:00|PEN|21.75|4.78|26.53
Pago|2035352743|CLIENT_00029|623682121|302436757|AMDOCS|FJCY-00259740|2026-06-02 00:00:00|PEN|9.25|2.03|11.28
Pago|2064330333|CLIENT_00010|792078121|608838957|AMDOCS|S3AA-0079472628|2026-06-05 00:00:00|PEN|1.29|.28|1.58
Pago|2003660112|CLIENT_00090|215219121|412903747|AMDOCS|S3AA-0078652211|2026-06-05 00:00:00|PEN|1.48|.32|1.80
Pago|2034781506|CLIENT_00066|702913431|910148857|AMDOCS|S3AA-0078607544|2026-06-05 00:00:00|PEN|2.78|.61|3.39
Pago|2042623369|CLIENT_00644|864899231|258803757|AMDOCS|S1AA-0052197516|2026-06-18 00:00:00|PEN|40.12|8.81|48.93
Pago|2035559917|CLIENT_00985|33245575|563885067|AMDOCS|S1AA-0051946577|2026-06-18 00:00:00|PEN|51.60|11.33|62.93
Pago|2060773680|CLIENT_00644|864899231|516365857|AMDOCS|S1AA-0052816777|2026-06-25 00:00:00|PEN|1.33|.29|1.62
Pago|2038993702|CLIENT_00732|908895821|457589947|AMDOCS|S7AA-0067154874|2026-06-03 00:00:00|PEN|17.22|3.78|21.00
Pago|2039273114|CLIENT_00753|020891011|524171647|AMDOCS|S9AA-0080950184|2026-06-02 00:00:00|PEN|66.24|14.54|80.78
Pago|2094902246|CLIENT_00008|571644011|999010657|AMDOCS|S3AA-0078288120|2026-06-01 00:00:00|PEN|91.78|20.15|111.93
Pago|2081245613|CLIENT_00129|207627921|199681757|AMDOCS|S3AA-0077579716|2026-06-01 00:00:00|PEN|106.08|23.28|129.36
Pago|2094037394|CLIENT_00744|91516575|143072613|AMDOCS|S3AA-0077737211|2026-06-01 00:00:00|PEN|48.16|10.57|58.73
Pago|2049040396|CLIENT_00461|428478431|584878957|AMDOCS|S7AA-0067293334|2026-06-11 00:00:00|PEN|51.60|11.33|62.93
Pago|2071656712|CLIENT_00163|22415575|022430803|AMDOCS|S1AA-0052043112|2026-06-11 00:00:00|PEN|60.27|13.23|73.50
Pago|2062918925|CLIENT_00163|22415575|513696957|AMDOCS|S1AA-0052048390|2026-06-11 00:00:00|PEN|131.96|28.97|160.93
Pago|2094221976|CLIENT_00461|428478431|201678957|AMDOCS|S7AA-0067293330|2026-06-11 00:00:00|PEN|51.60|11.33|62.93
Pago|2031395900|CLIENT_00781|181668011|139106557|AMDOCS|S7AA-0067806643|2026-06-11 00:00:00|PEN|97.24|21.34|118.58
Pago|2077039355|CLIENT_00461|428478431|998378957|AMDOCS|S7AA-0067293329|2026-06-11 00:00:00|PEN|51.60|11.33|62.93
Pago|2007551801|CLIENT_00461|428478431|992088957|AMDOCS|S7AA-0067293336|2026-06-11 00:00:00|PEN|51.60|11.33|62.93
Pago|2022975433|CLIENT_00461|428478431|604240067|AMDOCS|S7AA-0067293347|2026-06-11 00:00:00|PEN|51.60|11.33|62.93
Pago|2013900489|CLIENT_00321|93461575|390109501|AMDOCS|S1AA-0051981486|2026-06-15 00:00:00|PEN|240.10|52.71|292.81
Pago|2010060777|CLIENT_00473|65329895|614898406|AMDOCS|S9AA-0081651547|2026-06-15 00:00:00|PEN|168.70|37.03|205.73
Pago|2088706641|CLIENT_00419|86356116|741551606|AMDOCS|S9AA-0081364896|2026-06-15 00:00:00|PEN|24.05|5.28|29.33
Pago|2001063341|CLIENT_00144|25693116|568911606|AMDOCS|S5AA-0080327923|2026-06-15 00:00:00|PEN|48.68|10.68|59.36
Pago|2097027071|CLIENT_00616|033164911|601371237|AMDOCS|S9AA-0082302058|2026-06-15 00:00:00|PEN|41.33|9.07|50.40
Pago|2089887205|CLIENT_00616|033164911|601371237|AMDOCS|S9AA-0022951847|2026-06-15 00:00:00|PEN|7.58|1.66|9.24
Pago|2035226116|CLIENT_00450|20276516|745365606|AMDOCS|S5AA-0080681294|2026-06-05 00:00:00|PEN|99.76|21.90|121.66
Pago|2032869030|CLIENT_00111|71597416|415225067|AMDOCS|S5AA-0080810815|2026-06-05 00:00:00|PEN|51.60|11.33|62.93
Pago|2034417319|CLIENT_00111|71597416|409515067|AMDOCS|S5AA-0080810812|2026-06-05 00:00:00|PEN|91.67|20.12|111.79
Pago|2078721881|CLIENT_00115|304118801|584937417|AMDOCS|S5AA-0080689147|2026-06-05 00:00:00|PEN|157.28|34.52|191.80
Pago|2022401934|CLIENT_00115|304118801|065285857|AMDOCS|S5AA-0080692839|2026-06-05 00:00:00|PEN|63.08|13.85|76.93
Pago|2087723848|CLIENT_00115|28353885|012548306|AMDOCS|S5AA-0080555158|2026-06-05 00:00:00|PEN|26.92|5.91|32.83
Pago|2041230831|CLIENT_00071|82071585|654625306|AMDOCS|S9AA-0082281513|2026-06-06 00:00:00|PEN|178.86|39.26|218.12
Pago|2039317482|CLIENT_00517|281018131|868793067|AMDOCS|S8AA-0007439761|2026-06-06 00:00:00|PEN|34.99|7.68|42.67
Pago|2092980165|CLIENT_00517|281018131|868793067|AMDOCS|S8AA-0007726197|2026-06-06 00:00:00|PEN|9.07|1.99|11.06
Pago|2053911269|CLIENT_00373|775403901|112767647|AMDOCS|S7AA-0067768524|2026-06-06 00:00:00|PEN|45.86|10.07|55.93
Pago|2095370945|CLIENT_00679|74084575|745279363|AMDOCS|S1AA-0052050548|2026-06-18 00:00:00|PEN|12.80|2.81|15.61
Pago|2057929173|CLIENT_00899|232251311|641460227|AMDOCS|S9AA-0082318631|2026-06-18 00:00:00|PEN|44.71|9.81|54.52
Pago|2004217145|CLIENT_00899|232251311|641460227|AMDOCS|S9AA-0082318631|2026-06-18 00:00:00|PEN|96.04|21.08|117.12
Pago|2067931553|CLIENT_00350|62740575|114204213|AMDOCS|S1AA-0051900020|2026-06-23 00:00:00|PEN|30.36|6.67|37.03
Pago|2033572812|CLIENT_00350|62740575|884509303|AMDOCS|S1AA-0051893114|2026-06-23 00:00:00|PEN|30.36|6.67|37.03
Pago|2001445858|CLIENT_00550|130243421|939589547|AMDOCS|S4AA-0006387597|2026-06-23 00:00:00|PEN|54.82|12.03|66.85
Pago|2039404189|CLIENT_00853|28725575|710231601|AMDOCS|S1AA-0052294797|2026-06-23 00:00:00|PEN|16.36|3.59|19.95
Pago|2005835327|CLIENT_00789|909214021|913776857|AMDOCS|S1AA-0051789555|2026-06-23 00:00:00|PEN|50.94|11.18|62.13
Pago|2090613378|CLIENT_00096|70024516|857192067|AMDOCS|S5AA-0080737159|2026-06-02 00:00:00|PEN|85.76|18.82|104.58
Pago|2001047693|CLIENT_00315|81792506|232316506|AMDOCS|S9AA-0080929186|2026-06-02 00:00:00|PEN|32.09|7.04|39.13
Pago|2011701911|CLIENT_00011|06538595|646495406|AMDOCS|S9AA-0081294621|2026-06-02 00:00:00|PEN|87.71|19.25|106.96
Pago|2063670829|CLIENT_00640|60803995|756729406|AMDOCS|S9AA-0080824510|2026-06-02 00:00:00|PEN|100.05|21.96|122.01
Pago|2041517697|CLIENT_00640|33723995|946729406|AMDOCS|S9AA-0081059666|2026-06-02 00:00:00|PEN|40.18|8.82|49.00
Pago|2095867314|CLIENT_00095|937784911|240322237|AMDOCS|S1AA-0052603058|2026-07-24 00:00:00|PEN|20.11|3.62|23.73
Pago|2090103192|CLIENT_00254|13083575|742969543|AMDOCS|S1AA-0052547129|2026-07-24 00:00:00|PEN|18.92|3.41|22.33
Pago|2005896521|CLIENT_00455|68763575|444338253|AMDOCS|S1AA-0052941752|2026-07-24 00:00:00|PEN|46.21|8.32|54.53
Pago|2016024370|CLIENT_00455|68763575|417909643|AMDOCS|S1AA-0052941664|2026-07-24 00:00:00|PEN|25.80|4.64|30.45
Pago|2055710938|CLIENT_00853|28725575|310231601|AMDOCS|S1AA-0052913707|2026-07-24 00:00:00|PEN|23.67|4.26|27.93
Pago|2099839122|CLIENT_00022|54290575|098678303|AMDOCS|S1AA-0052655322|2026-07-24 00:00:00|PEN|18.92|3.41|22.33
Pago|1018052829|CLIENT_00953|57782806|460217237|AMDOCS|S9AA-0081826717|2026-06-04 00:00:00|PEN|108.14|23.74|131.88
Pago|1063933116|CLIENT_00953|57782806|772628506|AMDOCS|S9AA-0081824771|2026-06-04 00:00:00|PEN|173.29|38.04|211.33
Pago|2009112149|CLIENT_00532|57157385|727473306|AMDOCS|S5AA-0080495935|2026-06-04 00:00:00|PEN|98.96|21.72|120.68
Pago|2018117869|CLIENT_00044|101568521|944913547|AMDOCS|S1AA-0051008836|2026-06-04 00:00:00|PEN|46.15|10.13|56.28
Pago|2024806001|CLIENT_00044|101568521|776498747|AMDOCS|S1AA-0051009172|2026-06-04 00:00:00|PEN|23.02|5.05|28.07
Pago|2073740377|CLIENT_00044|542323031|808662757|AMDOCS|S5AA-0080280687|2026-06-04 00:00:00|PEN|97.52|21.41|118.93
Pago|2070262664|CLIENT_00155|26655495|204464406|AMDOCS|S9AA-0081711849|2026-06-15 00:00:00|PEN|102.11|22.42|124.53
Pago|2073533879|CLIENT_00382|50266285|841297637|AMDOCS|S9AA-0082086532|2026-06-15 00:00:00|PEN|113.82|24.99|138.81
Pago|2079446949|CLIENT_00382|54366285|843962306|AMDOCS|S9AA-0082436857|2026-06-15 00:00:00|PEN|48.73|10.70|59.43
Pago|2069507116|CLIENT_00675|57902706|568656447|AMDOCS|S5AA-0080500027|2026-06-05 00:00:00|PEN|40.12|8.81|48.93
Pago|2093064195|CLIENT_00380|432668021|845233557|AMDOCS|S9AA-0082339147|2026-06-18 00:00:00|PEN|63.08|13.85|76.93
Pago|2054238271|CLIENT_00814|233955121|698491847|AMDOCS|S1AA-0051937327|2026-06-18 00:00:00|PEN|103.26|22.67|125.93
Pago|2068624950|CLIENT_00710|092002|43698100|ISIS|S300-251809|2026-06-19 00:00:00|PEN|1354.64|297.36|1652.00
Pago|2099767426|CLIENT_00108|643380|28841200|ISIS|S300-253777|2026-07-07 00:00:00|PEN|608.78|133.64|742.42
Pago|2019455714|CLIENT_00324|83418085|180180306|AMDOCS|S5AA-0081183572|2026-06-23 00:00:00|PEN|105.73|23.21|128.94
Pago|2071042073|CLIENT_00706|736720321|436205457|AMDOCS|S1AA-0051972444|2026-06-23 00:00:00|PEN|76.08|16.70|92.79
Pago|2037039972|CLIENT_00968|81193606|504736506|AMDOCS|S5AA-0081039570|2026-06-23 00:00:00|PEN|92.87|20.39|113.26
Pago|2021660305|CLIENT_00332|926238221|354697647|AMDOCS|S1AA-0051916639|2026-06-23 00:00:00|PEN|91.78|20.15|111.93
Pago|2017592496|CLIENT_00970|65013575|806844293|AMDOCS|S1AA-0052112276|2026-06-23 00:00:00|PEN|41.84|9.19|51.03
Pago|2092605112|CLIENT_00321|787092|66370200|ISIS|S300-254493|2026-06-23 00:00:00|PEN|1036.30|227.48|1263.78
Pago|2002846047|CLIENT_00694|10574185|008841306|AMDOCS|S5AA-0080672292|2026-06-08 00:00:00|PEN|39.95|8.77|48.72
Pago|2012916743|CLIENT_00424|49115295|899852406|AMDOCS|S5AA-0080636294|2026-06-08 00:00:00|PEN|57.57|12.64|70.21
Pago|2088634271|CLIENT_00692|494446131|828572067|AMDOCS|S4AA-0007187118|2026-06-08 00:00:00|PEN|.95|.21|1.16
Pago|2043300039|CLIENT_00704|009206321|745528847|AMDOCS|S9AA-0082053191|2026-06-10 00:00:00|PEN|17.22|3.78|21.00
Pago|2058020556|CLIENT_00704|92353306|783623506|AMDOCS|S9AA-0082291211|2026-06-10 00:00:00|PEN|86.04|18.89|104.93
Pago|2049508260|CLIENT_00704|009206321|070828847|AMDOCS|S9AA-0082053192|2026-06-10 00:00:00|PEN|17.22|3.78|21.00
Pago|2013919420|CLIENT_00025|53091575|056319627|AMDOCS|S9AA-0082344814|2026-06-05 00:00:00|PEN|56.14|12.32|68.46
Pago|2004412321|CLIENT_00025|176577131|451085167|AMDOCS|S9AA-0081804936|2026-06-05 00:00:00|PEN|22.67|4.98|27.65
Pago|2035741284|CLIENT_00350|62740575|730307413|AMDOCS|S1AA-0051900050|2026-06-18 00:00:00|PEN|57.34|12.59|69.93
Pago|2073480651|CLIENT_00350|62740575|270307413|AMDOCS|S1AA-0051900052|2026-06-18 00:00:00|PEN|30.36|6.67|37.03
Pago|2019376201|CLIENT_00350|62740575|337301103|AMDOCS|S1AA-0051893027|2026-06-18 00:00:00|PEN|30.36|6.67|37.03
Pago|2031200723|CLIENT_00350|62740575|390307413|AMDOCS|S1AA-0051900053|2026-06-18 00:00:00|PEN|30.36|6.67|37.03
Pago|2000303795|CLIENT_00350|62740575|101099673|AMDOCS|S1AA-0051900945|2026-06-18 00:00:00|PEN|60.73|13.33|74.06
Pago|2023340622|CLIENT_00350|62740575|281003703|AMDOCS|S1AA-0051899925|2026-06-18 00:00:00|PEN|30.36|6.67|37.03
Pago|2058224091|CLIENT_00350|62740575|416839573|AMDOCS|S1AA-0051900915|2026-06-18 00:00:00|PEN|30.36|6.67|37.03
Pago|2035600869|CLIENT_00350|62740575|498997223|AMDOCS|S1AA-0051900146|2026-06-18 00:00:00|PEN|30.36|6.67|37.03
Pago|2014521059|CLIENT_00350|62740575|210307413|AMDOCS|S1AA-0051900049|2026-06-18 00:00:00|PEN|30.36|6.67|37.03
Pago|2018260914|CLIENT_00640|60803995|756729406|AMDOCS|S9AA-0082092318|2026-06-18 00:00:00|PEN|125.13|27.47|152.60
Pago|2043910781|CLIENT_00350|62740575|232039543|AMDOCS|S1AA-0051900427|2026-06-18 00:00:00|PEN|30.36|6.67|37.03
Pago|2091018640|CLIENT_00350|62740575|316839573|AMDOCS|S1AA-0051900914|2026-06-18 00:00:00|PEN|30.36|6.67|37.03
Pago|2054871546|CLIENT_00685|27574575|591972101|AMDOCS|S1AA-0052212871|2026-06-18 00:00:00|PEN|35.76|7.85|43.61
Pago|2009085356|CLIENT_00640|33723995|946729406|AMDOCS|S9AA-0082325697|2026-06-18 00:00:00|PEN|70.20|15.41|85.61
Pago|2045813472|CLIENT_00620|516239221|578207937|AMDOCS|S9AA-0082173201|2026-06-23 00:00:00|PEN|72.21|15.85|88.06
Pago|2037024710|CLIENT_00800|29790085|913900306|AMDOCS|S9AA-0081970075|2026-06-23 00:00:00|PEN|93.22|20.46|113.69
Pago|2010006010|CLIENT_00800|29790085|913900306|AMDOCS|S9AA-0081970075|2026-06-23 00:00:00|PEN|16.98|3.73|20.71
Pago|2049530478|CLIENT_00538|80317575|834498657|AMDOCS|S3AA-0077637975|2026-06-23 00:00:00|PEN|163.36|35.86|199.22
Pago|2004941501|CLIENT_00776|050502621|445019857|AMDOCS|S8AA-0007628139|2026-06-23 00:00:00|PEN|80.36|17.64|98.00
Pago|2096049962|CLIENT_01000|66537116|705563947|AMDOCS|S5AA-0080434323|2026-06-08 00:00:00|PEN|91.78|20.15|111.93
Pago|2061098744|CLIENT_00011|56631806|827509506|AMDOCS|S5AA-0080423497|2026-06-08 00:00:00|PEN|115.89|25.44|141.33
Pago|2027821713|CLIENT_00098|19197485|937884306|AMDOCS|S5AA-0080613708|2026-06-09 00:00:00|PEN|106.13|23.30|129.43
Pago|2020933053|CLIENT_00339|38200585|336070057|AMDOCS|S5AA-0080566870|2026-06-09 00:00:00|PEN|100.16|21.99|122.15
Pago|2016730525|CLIENT_00339|38200585|708760057|AMDOCS|S5AA-0080566869|2026-06-09 00:00:00|PEN|100.16|21.99|122.15
Pago|2075370034|CLIENT_00145|097589811|331699137|AMDOCS|S7AA-0067884076|2026-06-10 00:00:00|PEN|63.08|13.85|76.93
Pago|2009527792|CLIENT_00145|32866016|450578847|AMDOCS|S5AA-0080853590|2026-06-10 00:00:00|PEN|63.08|13.85|76.93
Pago|2057229878|CLIENT_00373|775403901|520911167|AMDOCS|S7AA-0067772773|2026-06-10 00:00:00|PEN|22.90|5.03|27.93
Pago|2027184977|CLIENT_00373|775403901|369539547|AMDOCS|S7AA-0067768359|2026-06-10 00:00:00|PEN|20.95|4.60|25.55
Pago|2021055432|CLIENT_00373|775403901|157827047|AMDOCS|S7AA-0067767558|2026-06-10 00:00:00|PEN|60.16|13.20|73.36
Pago|2040601248|CLIENT_00373|775403901|447039547|AMDOCS|S7AA-0067768357|2026-06-10 00:00:00|PEN|21.01|4.61|25.62
Pago|2059220829|CLIENT_00373|775403901|137827047|AMDOCS|S7AA-0067767557|2026-06-10 00:00:00|PEN|57.34|12.59|69.93
Pago|2006235844|CLIENT_00373|775403901|002929547|AMDOCS|S7AA-0067768356|2026-06-10 00:00:00|PEN|42.71|9.37|52.08
Pago|2038022621|CLIENT_00368|024977521|645863647|AMDOCS|S9AA-0082217025|2026-06-10 00:00:00|PEN|100.34|22.02|122.36
Pago|2008371952|CLIENT_00582|002854921|077003857|AMDOCS|S1AA-0051741686|2026-06-13 00:00:00|PEN|82.60|18.13|100.73
Pago|2027249828|CLIENT_00172|175639431|395777957|AMDOCS|S8AA-0007692454|2026-06-14 00:00:00|PEN|17.22|3.78|21.00
Pago|2014689387|CLIENT_00420|813928011|843072817|AMDOCS|S5AA-0080814386|2026-06-10 00:00:00|PEN|66.01|14.49|80.50
Pago|2005150947|CLIENT_00073|15791106|738521506|AMDOCS|S9AA-0082481260|2026-06-10 00:00:00|PEN|231.15|50.74|281.89
Pago|2020144339|CLIENT_00073|44741106|548521506|AMDOCS|S9AA-0082420758|2026-06-10 00:00:00|PEN|45.86|10.07|55.93
Pago|2058824806|CLIENT_00073|44741106|548521506|AMDOCS|S9AA-0082420758|2026-06-10 00:00:00|PEN|2.81|.62|3.43
Pago|2007349265|CLIENT_00073|14781106|928521506|AMDOCS|S9AA-0082394857|2026-06-10 00:00:00|PEN|78.24|17.17|95.41
Pago|2030170496|CLIENT_00469|339091911|641226957|AMDOCS|S7AA-0067374475|2026-06-12 00:00:00|PEN|48.45|10.63|59.08
Pago|2032205889|CLIENT_00480|554573421|247116247|AMDOCS|S9AA-0081646253|2026-06-12 00:00:00|PEN|56.31|12.36|68.67
Pago|2001605530|CLIENT_00869|19017575|526082503|AMDOCS|S1AA-0051675348|2026-06-12 00:00:00|PEN|21.07|4.62|25.69
Pago|2097728332|CLIENT_00869|19017575|875082503|AMDOCS|S1AA-0051675347|2026-06-12 00:00:00|PEN|21.07|4.62|25.69
Pago|2023744492|CLIENT_00968|056068111|605125447|AMDOCS|S9AA-0082476179|2026-06-12 00:00:00|PEN|60.90|13.37|74.27
Pago|2012809849|CLIENT_00597|566665331|265726757|AMDOCS|S8AA-0007673527|2026-06-12 00:00:00|PEN|39.92|8.76|48.69
Pago|2057609277|CLIENT_00543|81355016|198140606|AMDOCS|S9AA-0082196331|2026-06-12 00:00:00|PEN|54.47|11.96|66.43
Pago|2036119586|CLIENT_00605|07063575|715016647|AMDOCS|S1AA-0051473574|2026-06-12 00:00:00|PEN|59.64|13.09|72.73
Pago|2024456400|CLIENT_00543|78285016|998140606|AMDOCS|S9AA-0081928615|2026-06-12 00:00:00|PEN|57.34|12.59|69.93
Pago|2009716777|CLIENT_00151|97228806|111598506|AMDOCS|S5AA-0078449526|2026-06-16 00:00:00|PEN|14.21|3.12|17.33
Pago|2090382584|CLIENT_00151|97228806|111598506|AMDOCS|S5AA-0080151010|2026-06-16 00:00:00|PEN|4.13|.91|5.04
Pago|2032105761|CLIENT_00151|97228806|111598506|AMDOCS|S5AA-0079268573|2026-06-16 00:00:00|PEN|14.21|3.12|17.33
Pago|2054249509|CLIENT_00899|232251311|919916247|AMDOCS|S9AA-0082320372|2026-06-16 00:00:00|PEN|33.46|7.35|40.81
Pago|2081571842|CLIENT_00996|37920575|206538401|AMDOCS|S1AA-0050805310|2026-06-17 00:00:00|PEN|31.51|6.92|38.43
Pago|2055070216|CLIENT_00419|87007116|461196257|AMDOCS|S9AA-0081854894|2026-06-19 00:00:00|PEN|40.12|8.81|48.93
Pago|2077401428|CLIENT_00419|87007116|449196257|AMDOCS|S9AA-0081854895|2026-06-19 00:00:00|PEN|40.12|8.81|48.93
Pago|2082300048|CLIENT_00419|86356116|741551606|AMDOCS|S9AA-0081764436|2026-06-19 00:00:00|PEN|28.04|6.16|34.20
Pago|2064475821|CLIENT_00583|35777616|254046606|AMDOCS|S9AA-0082499173|2026-06-19 00:00:00|PEN|51.55|11.31|62.86
Pago|1038544262|CLIENT_00966|03801575|777024503|AMDOCS|S1AA-0051920348|2026-06-19 00:00:00|PEN|37.25|8.18|45.43
Pago|1069969731|CLIENT_00966|03801575|293330473|AMDOCS|S1AA-0051921360|2026-06-19 00:00:00|PEN|14.29|3.14|17.43
Pago|2069123981|CLIENT_00352|160410421|078449147|AMDOCS|S9AA-0081706758|2026-06-19 00:00:00|PEN|57.11|12.54|69.65
Pago|2046155934|CLIENT_00493|75753575|666913643|AMDOCS|S3AA-0079075288|2026-06-21 00:00:00|PEN|44.71|9.82|54.53
Pago|2017932836|CLIENT_00414|555045021|982227757|AMDOCS|S1AA-0052109076|2026-06-21 00:00:00|PEN|111.64|24.51|136.15
Pago|2006257040|CLIENT_00405|59957575|125613147|AMDOCS|S3AA-0079449399|2026-06-21 00:00:00|PEN|50.45|11.08|61.53
Pago|2072882399|CLIENT_00032|74784575|887794303|AMDOCS|S1AA-0052668943|2026-07-23 00:00:00|PEN|53.51|9.63|63.14
Pago|2062294158|CLIENT_00047|166794121|681582637|AMDOCS|S1AA-0052766409|2026-07-23 00:00:00|PEN|26.90|4.84|31.75
Pago|2021250702|CLIENT_00176|20807106|776481506|AMDOCS|S5AA-0081649532|2026-07-23 00:00:00|PEN|64.01|11.52|75.53
Pago|2057599438|CLIENT_00321|787092|66370200|ISIS|S300-256413|2026-07-25 00:00:00|PEN|1071.06|192.79|1263.85
Pago|2028873503|CLIENT_00053|34531575|813589923|AMDOCS|S3AA-0078932639|2026-06-30 00:00:00|PEN|13.14|2.89|16.03
Pago|2025253491|CLIENT_00095|937784911|240322237|AMDOCS|S1AA-0051983775|2026-06-24 00:00:00|PEN|18.88|4.15|23.03
Pago|2015243618|CLIENT_00254|13083575|742969543|AMDOCS|S1AA-0051927754|2026-06-24 00:00:00|PEN|17.16|3.77|20.93
Pago|2098256987|CLIENT_00022|54290575|098678303|AMDOCS|S1AA-0052029251|2026-06-24 00:00:00|PEN|17.16|3.77|20.93
Pago|2060290619|CLIENT_00644|864899231|403075857|AMDOCS|S1AA-0052816779|2026-06-25 00:00:00|PEN|1.33|.29|1.62
Pago|2069541043|CLIENT_00362|57881585|601778957|AMDOCS|S5AA-0081458310|2026-07-07 00:00:00|PEN|74.56|16.37|90.93
Pago|2024229967|CLIENT_00390|07228285|616382306|AMDOCS|S5AA-0080458943|2026-06-08 00:00:00|PEN|97.24|21.34|118.58
Pago|2088342501|CLIENT_00581|171923611|616390727|AMDOCS|S9AA-0081791815|2026-06-13 00:00:00|PEN|44.66|9.80|54.46
Pago|2060519712|CLIENT_00827|67219716|446239757|AMDOCS|S9AA-0081838477|2026-06-13 00:00:00|PEN|97.01|21.29|118.30
Pago|2089896350|CLIENT_00217|38546016|135880167|AMDOCS|S9AA-0081899772|2026-06-13 00:00:00|PEN|65.95|14.48|80.43
Pago|2016722807|CLIENT_00364|64273106|509742957|AMDOCS|S9AA-0082452350|2026-06-13 00:00:00|PEN|11.42|2.51|13.93
Pago|2049841868|CLIENT_00364|838714921|300241957|AMDOCS|S9AA-0082374544|2026-06-13 00:00:00|PEN|20.03|4.40|24.43
Pago|2038826018|CLIENT_00364|838714921|210821957|AMDOCS|S9AA-0082374543|2026-06-13 00:00:00|PEN|17.16|3.77|20.93
Pago|2078168696|CLIENT_00364|64273106|709742957|AMDOCS|S9AA-0082452351|2026-06-13 00:00:00|PEN|11.42|2.51|13.93
Pago|2084072582|CLIENT_00364|838714921|965311957|AMDOCS|S9AA-0082374541|2026-06-13 00:00:00|PEN|17.16|3.77|20.93
Pago|2001510479|CLIENT_00582|002854921|077003857|AMDOCS|S1AA-0051004348|2026-06-13 00:00:00|PEN|82.60|18.13|100.73
Pago|2063005127|CLIENT_00354|84063185|476431306|AMDOCS|S5AA-0080297077|2026-06-13 00:00:00|PEN|100.97|22.16|123.13
Pago|2002866357|CLIENT_00707|833798331|322612857|AMDOCS|S8AA-0007591358|2026-06-16 00:00:00|PEN|96.89|21.27|118.16
Pago|2040866126|CLIENT_00173|226930621|956781757|AMDOCS|S9AA-0082235657|2026-06-16 00:00:00|PEN|97.52|21.41|118.93
Pago|2006917349|CLIENT_00708|365991|04193100|ISIS|FFBG-149641|2026-06-17 00:00:00|PEN|134.41|29.51|163.92
Pago|2073158456|CLIENT_00708|365991|04193100|ISIS|FFBG-149742|2026-06-17 00:00:00|PEN|312.92|68.69|381.61
Pago|2027490034|CLIENT_00174|646670821|637351947|AMDOCS|S4AA-0008007572|2026-06-16 00:00:00|PEN|48.16|10.57|58.73
Pago|2071377105|CLIENT_00477|41412616|745806606|AMDOCS|S9AA-0082161992|2026-06-17 00:00:00|PEN|195.10|42.83|237.93
Pago|2004403801|CLIENT_00180|592125221|285106657|AMDOCS|S9AA-0082002453|2026-06-17 00:00:00|PEN|108.11|23.73|131.85
Pago|2066260318|CLIENT_00101|761871711|750514047|AMDOCS|S9AA-0081758463|2026-06-19 00:00:00|PEN|16.13|3.54|19.67
Pago|2036223175|CLIENT_00279|737207511|285918547|AMDOCS|S1AA-0051971093|2026-06-19 00:00:00|PEN|21.24|4.66|25.90
Pago|2043037576|CLIENT_00102|388334821|742795067|AMDOCS|S4AA-0008125286|2026-06-19 00:00:00|PEN|51.60|11.33|62.93
Pago|2088325879|CLIENT_00287|953144321|959676167|AMDOCS|S1AA-0052756676|2026-07-23 00:00:00|PEN|23.49|4.23|27.72
Pago|2033397761|CLIENT_00841|05833575|767093043|AMDOCS|S1AA-0052689866|2026-07-23 00:00:00|PEN|24.86|4.47|29.33
Pago|2080192980|CLIENT_00518|75136575|305587993|AMDOCS|S1AA-0052119178|2026-06-21 00:00:00|PEN|15.44|3.39|18.83
Pago|2024833165|CLIENT_00853|99872785|702937306|AMDOCS|S5AA-0080724071|2026-06-30 00:00:00|PEN|62.85|13.80|76.65
Pago|2045454522|CLIENT_00853|99872785|702937306|AMDOCS|S5AA-0081627120|2026-06-30 00:00:00|PEN|62.85|13.80|76.65
Pago|2083145478|CLIENT_00692|494446131|828572067|AMDOCS|S4AA-0008159599|2026-06-30 00:00:00|PEN|20.95|4.60|25.55
Pago|2074271284|CLIENT_00038|25301575|498947501|AMDOCS|S1AA-0052076857|2026-06-30 00:00:00|PEN|40.21|8.83|49.04
Pago|2037925283|CLIENT_00384|71478395|394693406|AMDOCS|S9AA-0082187100|2026-06-30 00:00:00|PEN|114.66|25.17|139.83
Pago|2087214722|CLIENT_00048|616621911|631351837|AMDOCS|S1AA-0051840911|2026-06-24 00:00:00|PEN|20.03|4.40|24.43
Pago|2077669628|CLIENT_00032|74784575|887794303|AMDOCS|S1AA-0052049713|2026-06-24 00:00:00|PEN|51.77|11.37|63.14
Pago|2062666590|CLIENT_00169|19101575|854447403|AMDOCS|S1AA-0052349292|2026-06-24 00:00:00|PEN|29.27|6.43|35.70
Pago|2087207608|CLIENT_00455|68763575|417909643|AMDOCS|S1AA-0052322659|2026-06-24 00:00:00|PEN|24.97|5.48|30.45
Pago|2082221937|CLIENT_00364|689090331|947638657|AMDOCS|S9AA-0081526531|2026-06-24 00:00:00|PEN|31.63|6.94|38.57
Pago|2011487576|CLIENT_00046|43763575|399950973|AMDOCS|S1AA-0051948667|2026-06-24 00:00:00|PEN|16.88|3.70|20.58
Pago|2081142855|CLIENT_00560|55692195|027899537|AMDOCS|S5AA-0081310804|2026-06-23 00:00:00|PEN|19.46|4.27|23.73
Pago|2090837613|CLIENT_00803|542168021|707978437|AMDOCS|S5AA-0080278684|2026-06-23 00:00:00|PEN|377.35|82.83|460.18
Pago|2077435033|CLIENT_00650|420833431|152188857|AMDOCS|S4AA-0007940003|2026-06-23 00:00:00|PEN|86.04|18.89|104.93
Pago|2005486443|CLIENT_00650|420833431|373588857|AMDOCS|S4AA-0007940005|2026-06-23 00:00:00|PEN|86.04|18.89|104.93
Pago|2014859203|CLIENT_00650|420833431|241688857|AMDOCS|S4AA-0007940006|2026-06-23 00:00:00|PEN|86.04|18.89|104.93
Pago|2093257625|CLIENT_00650|420833431|274188857|AMDOCS|S4AA-0007940004|2026-06-23 00:00:00|PEN|86.04|18.89|104.93
Pago|2073860151|CLIENT_00080|86391895|938064857|AMDOCS|S5AA-0080450040|2026-06-08 00:00:00|PEN|108.29|23.77|132.06
Pago|2097998127|CLIENT_00891|108688031|435704357|AMDOCS|S7AA-0067083643|2026-06-09 00:00:00|PEN|80.07|17.58|97.65
Pago|2062876920|CLIENT_00061|19662695|652136406|AMDOCS|S5AA-0080614429|2026-06-09 00:00:00|PEN|162.33|35.63|197.96
Pago|2025016183|CLIENT_00105|15302575|622658713|AMDOCS|S1AA-0052077218|2026-06-12 00:00:00|PEN|99.76|21.90|121.66
Pago|2007950781|CLIENT_00069|46400575|648536703|AMDOCS|S1AA-0052165391|2026-06-12 00:00:00|PEN|18.02|3.96|21.98
Pago|2014089218|CLIENT_00069|46400575|264937833|AMDOCS|S1AA-0052165727|2026-06-12 00:00:00|PEN|23.76|5.22|28.98
Pago|2093935383|CLIENT_00069|46400575|209429993|AMDOCS|S1AA-0052166826|2026-06-12 00:00:00|PEN|18.02|3.96|21.98
Pago|2083487599|CLIENT_00850|87302575|681475163|AMDOCS|S7AA-0067773884|2026-06-12 00:00:00|PEN|30.36|6.67|37.03
Pago|2094402346|CLIENT_00137|952695231|309610657|AMDOCS|S4AA-0008049123|2026-06-12 00:00:00|PEN|97.58|21.42|119.00
Pago|2093055927|CLIENT_00174|646670821|637351947|AMDOCS|S4AA-0007709839|2026-06-16 00:00:00|PEN|48.16|10.57|58.73
Pago|2064808256|CLIENT_00329|535599421|096285957|AMDOCS|S1AA-0051960037|2026-06-16 00:00:00|PEN|86.04|18.89|104.93
Pago|2019848889|CLIENT_00982|915098421|046892647|AMDOCS|S8AA-0007531918|2026-06-16 00:00:00|PEN|40.98|9.00|49.98
Pago|2099236601|CLIENT_00350|62740575|114204213|AMDOCS|S1AA-0051169942|2026-06-17 00:00:00|PEN|21.24|4.66|25.90
Pago|2065640290|CLIENT_00350|62740575|884509303|AMDOCS|S1AA-0051162979|2026-06-17 00:00:00|PEN|21.24|4.66|25.90
Pago|2093660214|CLIENT_00375|11905906|711949506|AMDOCS|S9AA-0082135816|2026-06-19 00:00:00|PEN|90.06|19.77|109.83
Pago|2068848408|CLIENT_00004|472307131|692206457|AMDOCS|S9AA-0081820600|2026-06-19 00:00:00|PEN|63.03|13.83|76.86
Pago|2070863024|CLIENT_00753|020891011|524171647|AMDOCS|S9AA-0082216982|2026-06-19 00:00:00|PEN|85.76|18.82|104.58
Pago|2074327800|CLIENT_00822|78255606|189922057|AMDOCS|S9AA-0081932471|2026-06-19 00:00:00|PEN|100.16|21.99|122.15
Pago|2031629900|CLIENT_00822|78255606|255622057|AMDOCS|S9AA-0081932470|2026-06-19 00:00:00|PEN|88.57|19.44|108.01
Pago|2024496152|CLIENT_00315|81792506|232316506|AMDOCS|S9AA-0082196200|2026-06-19 00:00:00|PEN|45.86|10.07|55.93
Pago|2095651805|CLIENT_00455|68763575|135767343|AMDOCS|S1AA-0052322613|2026-06-19 00:00:00|PEN|12.28|2.70|14.98
Pago|2070947882|CLIENT_00260|630918131|187028557|AMDOCS|S9AA-0082356705|2026-06-20 00:00:00|PEN|99.22|21.78|121.00
Pago|2048046441|CLIENT_00064|29265706|779247506|AMDOCS|S9AA-0081971652|2026-06-22 00:00:00|PEN|165.83|36.40|202.23
Pago|2011080025|CLIENT_00710|57851575|343254133|AMDOCS|S1AA-0052240586|2026-06-22 00:00:00|PEN|24.05|5.28|29.33
Pago|2061423792|CLIENT_00710|57851575|743767433|AMDOCS|S1AA-0052240619|2026-06-22 00:00:00|PEN|191.43|42.02|233.45
Pago|2007346444|CLIENT_00407|449549531|006503167|AMDOCS|S1AA-0052021871|2026-06-30 00:00:00|PEN|22.90|5.03|27.93
Pago|2096619821|CLIENT_00477|43312495|202034406|AMDOCS|S5AA-0081155423|2026-06-30 00:00:00|PEN|141.78|31.12|172.90
Pago|2004089030|CLIENT_00695|367433111|890391917|AMDOCS|S3AA-0079133583|2026-06-30 00:00:00|PEN|52.69|11.57|64.26
Pago|2004640148|CLIENT_00695|424360011|519759817|AMDOCS|S3AA-0078763064|2026-06-30 00:00:00|PEN|47.58|10.45|58.03
Pago|2061497280|CLIENT_00329|535599421|152755957|AMDOCS|S1AA-0051960034|2026-06-24 00:00:00|PEN|74.56|16.37|90.93
Pago|2052142070|CLIENT_00503|887064611|003403727|AMDOCS|S1AA-0052337666|2026-06-24 00:00:00|PEN|25.26|5.54|30.80
Pago|2009784756|CLIENT_00094|623989711|172639657|AMDOCS|S9AA-0082270297|2026-06-09 00:00:00|PEN|17.16|3.77|20.93
Pago|2009550301|CLIENT_00094|623989711|104536927|AMDOCS|S9AA-0082267140|2026-06-09 00:00:00|PEN|13.14|2.89|16.03
Pago|2089094497|CLIENT_00230|785924131|788831457|AMDOCS|S7AA-0067860605|2026-06-09 00:00:00|PEN|65.26|14.33|79.59
Pago|2006954009|CLIENT_00108|643380|28841200|ISIS|S300-251447|2026-06-10 00:00:00|PEN|608.84|133.65|742.49
Pago|2056940528|CLIENT_00704|009206321|954881547|AMDOCS|S9AA-0082052817|2026-06-10 00:00:00|PEN|36.10|7.93|44.03
Pago|2064916349|CLIENT_00252|95990595|683715406|AMDOCS|S9AA-0081668763|2026-06-12 00:00:00|PEN|102.57|22.52|125.09
Pago|2061718037|CLIENT_00252|95990595|158692337|AMDOCS|S9AA-0081671369|2026-06-12 00:00:00|PEN|87.76|19.27|107.03
Pago|2049062431|CLIENT_00233|359002531|962071067|AMDOCS|S8AA-0007640654|2026-06-12 00:00:00|PEN|22.67|4.98|27.65
Pago|2014337859|CLIENT_00233|359002531|699571067|AMDOCS|S8AA-0007640658|2026-06-12 00:00:00|PEN|21.70|4.76|26.46
Pago|2081101283|CLIENT_00233|359002531|416571067|AMDOCS|S8AA-0007640655|2026-06-12 00:00:00|PEN|21.70|4.76|26.46
Pago|2091581783|CLIENT_00233|359002531|781671067|AMDOCS|S8AA-0007640659|2026-06-12 00:00:00|PEN|22.67|4.98|27.65
Pago|2024521359|CLIENT_00233|359002531|609571067|AMDOCS|S8AA-0007640657|2026-06-12 00:00:00|PEN|22.67|4.98|27.65
Pago|2032132416|CLIENT_00233|359002531|908571067|AMDOCS|S8AA-0007640656|2026-06-12 00:00:00|PEN|22.67|4.98|27.65
Pago|2067284827|CLIENT_00098|572674121|926932637|AMDOCS|S9AA-0081827049|2026-06-16 00:00:00|PEN|40.12|8.81|48.93
Pago|2071378241|CLIENT_00595|36468785|975397306|AMDOCS|S9AA-0081719950|2026-06-17 00:00:00|PEN|145.28|31.89|177.17
Pago|2070061501|CLIENT_00344|472278021|583040067|AMDOCS|S9AA-0081821689|2026-06-17 00:00:00|PEN|51.60|11.33|62.93
Pago|2021159453|CLIENT_00381|47003706|123027506|AMDOCS|S9AA-0081816032|2026-06-17 00:00:00|PEN|31.86|6.99|38.85
Pago|2095555582|CLIENT_00381|23594506|103755506|AMDOCS|S9AA-0082317232|2026-06-17 00:00:00|PEN|299.11|65.66|364.77
Pago|2073770482|CLIENT_00381|23594506|103755506|AMDOCS|S9AA-0082317232|2026-06-17 00:00:00|PEN|40.18|8.82|49.00
Pago|2092261710|CLIENT_00075|10668016|141580606|AMDOCS|S9AA-0082058132|2026-06-17 00:00:00|PEN|18.88|4.15|23.03
Pago|2045282054|CLIENT_00996|37920575|206538401|AMDOCS|S1AA-0051490725|2026-06-17 00:00:00|PEN|260.83|57.25|318.08
Pago|2005240343|CLIENT_00419|87007116|725096257|AMDOCS|S9AA-0081854893|2026-06-19 00:00:00|PEN|40.12|8.81|48.93
Pago|2064277467|CLIENT_00871|614056431|830533957|AMDOCS|S4AA-0007915021|2026-06-20 00:00:00|PEN|12.00|2.63|14.63
Pago|2055840070|CLIENT_00557|090702531|470491067|AMDOCS|S9AA-0081959793|2026-06-20 00:00:00|PEN|51.60|11.33|62.93
Pago|1031024653|CLIENT_00975|73812575|294918863|AMDOCS|S3AA-0078875952|2026-06-20 00:00:00|PEN|54.47|11.96|66.43
Pago|1052406684|CLIENT_00975|77371095|521620406|AMDOCS|S9AA-0081841105|2026-06-20 00:00:00|PEN|90.06|19.77|109.83
Pago|2052084350|CLIENT_00841|05833575|767093043|AMDOCS|S1AA-0052070586|2026-06-20 00:00:00|PEN|24.05|5.28|29.33
Pago|2091901431|CLIENT_00297|537599131|363980557|AMDOCS|S4AA-0007361884|2026-06-20 00:00:00|PEN|6.83|1.50|8.33
Pago|2097038334|CLIENT_00455|68763575|444338253|AMDOCS|S1AA-0052322748|2026-06-22 00:00:00|PEN|47.36|10.40|57.75
Pago|2070083854|CLIENT_00585|36732306|972913506|AMDOCS|S9AA-0081720881|2026-06-22 00:00:00|PEN|227.71|49.98|277.69
Pago|2042469848|CLIENT_00585|01742306|172913506|AMDOCS|S9AA-0082126900|2026-06-22 00:00:00|PEN|63.71|13.99|77.70
Pago|2054283108|CLIENT_00682|03595906|158359506|AMDOCS|S9AA-0082300144|2026-06-22 00:00:00|PEN|50.74|11.14|61.88
Pago|2097309788|CLIENT_00644|864899231|294963757|AMDOCS|S1AA-0052197533|2026-06-22 00:00:00|PEN|54.24|11.91|66.15
Pago|2030058585|CLIENT_00481|32562575|555908263|AMDOCS|S3AA-0078752319|2026-06-30 00:00:00|PEN|22.90|5.03|27.93
Pago|2061262175|CLIENT_00477|41412616|745806606|AMDOCS|S9AA-0082626397|2026-06-17 00:00:00|PEN|55.36|9.96|65.32
Pago|2094069953|CLIENT_00856|579701821|636832947|AMDOCS|S5AA-0080500495|2026-06-30 00:00:00|PEN|91.47|20.08|111.55
Pago|2056323517|CLIENT_00831|967913321|478601057|AMDOCS|S7AA-0068321380|2026-06-30 00:00:00|PEN|68.82|15.11|83.93
Pago|2029776817|CLIENT_00546|40894306|650890247|AMDOCS|S9AA-0080810472|2026-06-12 00:00:00|PEN|12.86|2.82|15.68
Pago|2034958413|CLIENT_00366|77661495|794524406|AMDOCS|S9AA-0081841399|2026-06-16 00:00:00|PEN|58.20|12.78|70.98
Pago|2096100663|CLIENT_00636|49400406|888284506|AMDOCS|S9AA-0081988775|2026-06-16 00:00:00|PEN|48.68|10.68|59.36
Pago|2053317671|CLIENT_00546|40894306|650890247|AMDOCS|S9AA-0082078340|2026-06-16 00:00:00|PEN|16.01|3.52|19.53
Pago|2001681016|CLIENT_00750|279309221|154375937|AMDOCS|S1AA-0052222272|2026-06-16 00:00:00|PEN|14.69|3.23|17.92
Pago|2023184952|CLIENT_00156|012480921|236896057|AMDOCS|S8AA-0007504937|2026-06-17 00:00:00|PEN|17.22|3.78|21.00
Pago|2013246233|CLIENT_00177|35434385|657250167|AMDOCS|S9AA-0082504693|2026-06-19 00:00:00|PEN|48.50|10.65|59.15
Pago|2079262721|CLIENT_00067|78225906|547183737|AMDOCS|S9AA-0081930936|2026-06-19 00:00:00|PEN|45.86|10.07|55.93
Pago|2064993907|CLIENT_00925|520152811|002776937|AMDOCS|S9AA-0082259550|2026-06-19 00:00:00|PEN|91.78|20.15|111.93
Pago|2045140447|CLIENT_00274|132079121|940635957|AMDOCS|S1AA-0051932598|2026-06-19 00:00:00|PEN|83.29|18.28|101.57
Pago|2095085624|CLIENT_00622|62804406|813516057|AMDOCS|S9AA-0082269345|2026-06-19 00:00:00|PEN|50.89|11.17|62.06
Pago|2090631860|CLIENT_00033|91561185|903611306|AMDOCS|S9AA-0082203494|2026-06-19 00:00:00|PEN|69.68|15.30|84.98
Pago|2070484656|CLIENT_00323|31282575|649532333|AMDOCS|S3AA-0078657049|2026-06-20 00:00:00|PEN|34.44|7.56|42.00
Pago|2066085589|CLIENT_00323|31282575|849532333|AMDOCS|S3AA-0078657050|2026-06-20 00:00:00|PEN|34.38|7.55|41.93
Pago|2015162146|CLIENT_00355|88103575|424078533|AMDOCS|S1AA-0052335961|2026-06-22 00:00:00|PEN|26.92|5.91|32.83
Pago|2064043539|CLIENT_00599|87516095|203070406|AMDOCS|S5AA-0081474914|2026-06-22 00:00:00|PEN|168.70|37.03|205.73
Pago|2023554395|CLIENT_00492|449021321|465480047|AMDOCS|S1AA-0052018158|2026-06-22 00:00:00|PEN|19.80|4.35|24.15
Pago|2075988423|CLIENT_00323|42920885|272418306|AMDOCS|S5AA-0081082501|2026-06-22 00:00:00|PEN|135.06|29.65|164.71
Pago|2005457279|CLIENT_00183|65071385|486109447|AMDOCS|S9AA-0081655209|2026-06-22 00:00:00|PEN|45.86|10.07|55.93
Pago|2060001107|CLIENT_00314|41317295|723314757|AMDOCS|S5AA-0080788104|2026-06-30 00:00:00|PEN|123.01|27.00|150.01
Pago|2053276369|CLIENT_00932|18794285|644363947|AMDOCS|S9AA-0083198308|2026-07-16 00:00:00|PEN|29.60|5.33|34.93
Pago|2089223048|CLIENT_00343|481304131|873880457|AMDOCS|S8AA-0007834988|2026-07-16 00:00:00|PEN|17.79|3.21|21.00
Pago|2039958572|CLIENT_00311|176219431|361057957|AMDOCS|S8AA-0008002817|2026-07-16 00:00:00|PEN|42.89|7.72|50.61
Pago|2032898406|CLIENT_00820|272246321|542734957|AMDOCS|S9AA-0083123493|2026-07-16 00:00:00|PEN|33.16|5.97|39.13
Pago|2081449108|CLIENT_00067|39304285|943042306|AMDOCS|S9AA-0083295013|2026-07-16 00:00:00|PEN|35.53|6.40|41.93
Pago|2011696539|CLIENT_00313|462713531|422243067|AMDOCS|S4AA-0008200112|2026-07-16 00:00:00|PEN|53.33|9.60|62.93
Pago|2064854539|CLIENT_00932|548262321|965273047|AMDOCS|S9AA-0082891837|2026-07-16 00:00:00|PEN|110.82|19.95|130.76
Pago|2033173917|CLIENT_00932|592217321|344063147|AMDOCS|S4AA-0008298333|2026-07-16 00:00:00|PEN|17.74|3.19|20.93
Pago|2031306667|CLIENT_00932|79794575|846989603|AMDOCS|S1AA-0053015934|2026-07-16 00:00:00|PEN|20.52|3.70|24.22
Pago|2035042156|CLIENT_00932|79794575|477432663|AMDOCS|S1AA-0053016713|2026-07-16 00:00:00|PEN|89.46|16.10|105.56
Pago|2089177863|CLIENT_00932|348670421|589093457|AMDOCS|S8AA-0007903080|2026-07-16 00:00:00|PEN|65.14|11.73|76.86
Pago|2063658080|CLIENT_00932|79794575|050092403|AMDOCS|S1AA-0053015861|2026-07-16 00:00:00|PEN|20.52|3.70|24.22
Pago|2009237313|CLIENT_00932|79794575|794671503|AMDOCS|S1AA-0053015886|2026-07-16 00:00:00|PEN|20.52|3.70|24.22
Pago|2060820201|CLIENT_00932|79794575|734671503|AMDOCS|S1AA-0053015884|2026-07-16 00:00:00|PEN|18.92|3.41|22.33
Pago|2033242029|CLIENT_00932|18794285|022252306|AMDOCS|S9AA-0083193235|2026-07-16 00:00:00|PEN|60.45|10.88|71.33
Pago|2029560414|CLIENT_00016|68641575|133826123|AMDOCS|S3AA-0079359936|2026-06-25 00:00:00|PEN|72.61|15.94|88.55
Pago|2073188024|CLIENT_00204|145255911|751494247|AMDOCS|S9AA-0082398039|2026-06-25 00:00:00|PEN|109.00|23.93|132.93
Pago|2004776287|CLIENT_00878|60291206|096022506|AMDOCS|S5AA-0080952399|2026-06-30 00:00:00|PEN|67.10|14.73|81.83
Pago|2069148589|CLIENT_00878|43445575|885512673|AMDOCS|S3AA-0078857096|2026-06-30 00:00:00|PEN|45.58|10.00|55.58
Pago|2045697330|CLIENT_00878|43445575|985512673|AMDOCS|S3AA-0078857097|2026-06-30 00:00:00|PEN|42.99|9.44|52.43
Pago|2093840379|CLIENT_00878|49235575|459592673|AMDOCS|S3AA-0079436766|2026-06-30 00:00:00|PEN|37.25|8.18|45.43
Pago|2003858294|CLIENT_00954|763272331|857541757|AMDOCS|S1AA-0052190744|2026-06-24 00:00:00|PEN|17.22|3.78|21.00
Pago|2042409836|CLIENT_00954|763272331|108431757|AMDOCS|S1AA-0052190743|2026-06-24 00:00:00|PEN|17.22|3.78|21.00
Pago|2031438684|CLIENT_00878|76781206|077143147|AMDOCS|S9AA-0083078733|2026-07-16 00:00:00|PEN|10.33|1.86|12.18
Pago|2017965085|CLIENT_00878|24445575|719310593|AMDOCS|S1AA-0052622667|2026-07-16 00:00:00|PEN|59.79|10.77|70.56
Pago|2084632629|CLIENT_00878|76781206|896022506|AMDOCS|S9AA-0083075650|2026-07-16 00:00:00|PEN|39.68|7.14|46.83
Pago|2040954053|CLIENT_00878|58971206|598406647|AMDOCS|S9AA-0083231921|2026-07-16 00:00:00|PEN|80.02|14.41|94.43
Pago|2014074393|CLIENT_00750|279309221|154375937|AMDOCS|S1AA-0052841407|2026-07-16 00:00:00|PEN|15.18|2.73|17.92
Pago|2088087892|CLIENT_00301|05541575|654820673|AMDOCS|S1AA-0052690417|2026-07-16 00:00:00|PEN|49.77|8.96|58.73
Pago|2079513695|CLIENT_00366|77661495|794524406|AMDOCS|S9AA-0083160043|2026-07-16 00:00:00|PEN|60.15|10.83|70.98
Pago|2059564423|CLIENT_00991|53354695|965456406|AMDOCS|S9AA-0082342870|2026-07-16 00:00:00|PEN|53.27|9.59|62.86
Pago|2072255562|CLIENT_00204|80750575|306216173|AMDOCS|S9AA-0082573475|2026-07-16 00:00:00|PEN|24.62|4.43|29.05
Pago|2015879685|CLIENT_00204|00750575|083214193|AMDOCS|S1AA-0052364346|2026-07-16 00:00:00|PEN|1559.16|280.65|1839.81
Pago|2026766395|CLIENT_00204|00750575|083214193|AMDOCS|S1AA-0052364346|2026-07-16 00:00:00|PEN|44.49|8.01|52.50
Pago|2069496201|CLIENT_00976|89031575|576170633|AMDOCS|S3AA-0079679605|2026-06-06 00:00:00|PEN|.88|.15|1.04
Pago|2062751591|CLIENT_00535|312562221|643610937|AMDOCS|S3AA-0079822602|2026-06-26 00:00:00|PEN|51.78|9.32|61.10
Pago|2075869143|CLIENT_00535|312562221|643610937|AMDOCS|S3AA-0079822602|2026-06-26 00:00:00|PEN|21.99|3.96|25.96
Pago|2047042192|CLIENT_00205|85213575|952910863|AMDOCS|S3AA-0080230144|2026-07-08 00:00:00|PEN|3.45|.62|4.07
Pago|2028784908|CLIENT_00976|89031575|576170633|AMDOCS|S3AA-0079679605|2026-07-09 00:00:00|PEN|4.57|.83|5.39
Pago|2054685113|CLIENT_00790|719773321|036536047|AMDOCS|S9AA-0082637623|2026-07-17 00:00:00|PEN|43.25|7.78|51.03
Pago|2040771515|CLIENT_00790|219773321|181410067|AMDOCS|S9AA-0082614642|2026-07-17 00:00:00|PEN|65.20|11.74|76.93
Pago|2066496152|CLIENT_00086|199057231|028199067|AMDOCS|S9AA-0083285133|2026-07-18 00:00:00|PEN|65.20|11.74|76.93
Pago|2050493498|CLIENT_00197|14445206|027916737|AMDOCS|S9AA-0082857624|2026-07-18 00:00:00|PEN|35.53|6.40|41.93
Pago|2062849152|CLIENT_00955|68022575|878925423|AMDOCS|S3AA-0079567305|2026-07-18 00:00:00|PEN|15.07|2.72|17.78
Pago|2096448602|CLIENT_00955|68022575|970035423|AMDOCS|S3AA-0079567307|2026-07-18 00:00:00|PEN|22.13|3.98|26.11
Pago|2086511522|CLIENT_00955|68022575|334241601|AMDOCS|S3AA-0079557596|2026-07-18 00:00:00|PEN|16.85|3.03|19.88
Pago|2004004649|CLIENT_00955|68022575|629028823|AMDOCS|S3AA-0079567376|2026-07-18 00:00:00|PEN|12.64|2.28|14.91
Pago|2063168958|CLIENT_00955|68022575|940035423|AMDOCS|S3AA-0079567306|2026-07-18 00:00:00|PEN|18.98|3.42|22.40
Pago|2014305682|CLIENT_00955|68022575|396504733|AMDOCS|S3AA-0079567489|2026-07-18 00:00:00|PEN|15.66|2.82|18.48
Pago|2073927130|CLIENT_00955|68022575|596504733|AMDOCS|S3AA-0079567490|2026-07-18 00:00:00|PEN|15.66|2.82|18.48
Pago|2052499438|CLIENT_00955|68022575|696504733|AMDOCS|S3AA-0079567491|2026-07-18 00:00:00|PEN|15.66|2.82|18.48
Pago|2021652039|CLIENT_00067|78225906|547183737|AMDOCS|S9AA-0083247921|2026-07-18 00:00:00|PEN|50.13|9.02|59.15
Pago|2043565357|CLIENT_00955|68022575|989552917|AMDOCS|S3AA-0079568997|2026-07-18 00:00:00|PEN|15.66|2.82|18.48
Pago|2098965055|CLIENT_00623|634694321|742119047|AMDOCS|S9AA-0082815738|2026-07-18 00:00:00|PEN|81.92|14.75|96.67
Pago|2080300027|CLIENT_00295|23092285|887922306|AMDOCS|S9AA-0082315873|2026-06-12 00:00:00|PEN|67.85|14.89|82.74
Pago|2051349743|CLIENT_00257|859428801|295046857|AMDOCS|S7AA-0063830685|2026-06-16 00:00:00|PEN|1.00|.22|1.23
Pago|2088594219|CLIENT_00472|867231521|618532957|AMDOCS|S1AA-0048175042|2026-06-16 00:00:00|PEN|23.09|5.07|28.16
Pago|2056548183|CLIENT_00472|867231521|618532957|AMDOCS|S1AA-0049369719|2026-06-16 00:00:00|PEN|2.63|.58|3.21
Pago|2068228602|CLIENT_00472|867231521|748632957|AMDOCS|S1AA-0048175044|2026-06-16 00:00:00|PEN|23.09|5.07|28.16
Pago|2002535668|CLIENT_00472|867231521|930832957|AMDOCS|S1AA-0048175050|2026-06-16 00:00:00|PEN|12.92|2.84|15.75
Pago|2099351244|CLIENT_00472|867231521|431732957|AMDOCS|S1AA-0049369722|2026-06-16 00:00:00|PEN|2.66|.58|3.25
Pago|2048977232|CLIENT_00472|867231521|930832957|AMDOCS|S1AA-0049369726|2026-06-16 00:00:00|PEN|10.38|2.28|12.66
Pago|2047333948|CLIENT_00472|867231521|377732957|AMDOCS|S1AA-0048175049|2026-06-16 00:00:00|PEN|23.09|5.07|28.16
Pago|2076058637|CLIENT_00472|867231521|748632957|AMDOCS|S1AA-0049369721|2026-06-16 00:00:00|PEN|2.63|.58|3.21
Pago|2074830026|CLIENT_00472|867231521|431732957|AMDOCS|S1AA-0048175046|2026-06-16 00:00:00|PEN|24.35|5.35|29.70
Pago|2064659206|CLIENT_00472|867231521|377732957|AMDOCS|S1AA-0049369725|2026-06-16 00:00:00|PEN|2.63|.58|3.21
Pago|2050799108|CLIENT_00728|324491021|351964337|AMDOCS|S9AA-0082241592|2026-06-19 00:00:00|PEN|81.85|17.97|99.82
Pago|2051086708|CLIENT_00237|478999431|480988957|AMDOCS|S9AA-0081821679|2026-06-19 00:00:00|PEN|29.04|6.38|35.42
Pago|2088958700|CLIENT_00840|212507011|617670157|AMDOCS|S9AA-0082148512|2026-06-19 00:00:00|PEN|54.19|11.89|66.08
Pago|2022589688|CLIENT_00286|87163575|710826857|AMDOCS|S1AA-0052272807|2026-06-22 00:00:00|PEN|40.12|8.81|48.93
Pago|2042836144|CLIENT_00920|42960185|336501306|AMDOCS|S5AA-0081081953|2026-06-22 00:00:00|PEN|159.46|35.00|194.46
Pago|2050748661|CLIENT_00587|87023195|896241406|AMDOCS|S5AA-0081474963|2026-06-22 00:00:00|PEN|16.07|3.53|19.60
Pago|2053362929|CLIENT_00361|81125575|977872623|AMDOCS|S3AA-0078704413|2026-06-22 00:00:00|PEN|28.99|6.36|35.35
Pago|2029619768|CLIENT_00671|76871695|674491857|AMDOCS|S5AA-0081399983|2026-06-22 00:00:00|PEN|20.61|4.52|25.13
Pago|2033497467|CLIENT_00671|76871695|001126406|AMDOCS|S5AA-0081395326|2026-06-22 00:00:00|PEN|68.33|15.00|83.34
Pago|2012093924|CLIENT_00770|567857431|569905957|AMDOCS|S5AA-0081385589|2026-06-22 00:00:00|PEN|91.67|20.12|111.79
Pago|2032390419|CLIENT_00641|61758016|180317657|AMDOCS|S5AA-0081029270|2026-06-30 00:00:00|PEN|63.08|13.85|76.93
Pago|2007125725|CLIENT_00268|979877511|135400357|AMDOCS|S1AA-0052278375|2026-06-24 00:00:00|PEN|41.47|9.10|50.58
Pago|2010593599|CLIENT_00383|216638511|069594037|AMDOCS|S1AA-0051827134|2026-06-24 00:00:00|PEN|23.02|5.05|28.07
Pago|2003837536|CLIENT_00746|176314621|760595657|AMDOCS|S1AA-0052217759|2026-06-24 00:00:00|PEN|109.00|23.93|132.93
Pago|2068641471|CLIENT_00978|71690575|434683033|AMDOCS|S3AA-0078694924|2026-06-24 00:00:00|PEN|24.62|5.41|30.03
Pago|2080221882|CLIENT_00896|678241221|028297247|AMDOCS|S1AA-0052249788|2026-06-24 00:00:00|PEN|48.04|10.55|58.59
Pago|2016551847|CLIENT_00343|481304131|475148957|AMDOCS|S8AA-0007445581|2026-06-28 00:00:00|PEN|21.12|4.64|25.76
Pago|2020563570|CLIENT_00515|894070|72188100|ISIS|S300-253761|2026-06-24 00:00:00|PEN|223.86|49.14|273.00
Pago|2055190170|CLIENT_00596|70524006|464911506|AMDOCS|S9AA-0076164576|2026-06-25 00:00:00|PEN|5.45|1.20|6.65
Pago|2044882835|CLIENT_00596|28793006|654911506|AMDOCS|S9AA-0076904724|2026-06-25 00:00:00|PEN|1.55|.34|1.89
Pago|2078929230|CLIENT_00522|71870606|472626506|AMDOCS|S9AA-0082187705|2026-07-17 00:00:00|PEN|26.64|4.80|31.43
Pago|2005676902|CLIENT_00394|381932431|540017857|AMDOCS|S8AA-0007832605|2026-06-18 00:00:00|PEN|.64|.14|.78
Pago|2001938901|CLIENT_00457|567110221|394084737|AMDOCS|S3AA-0079154254|2026-06-29 00:00:00|PEN|139.77|30.68|170.45
Pago|2030295098|CLIENT_00457|567110221|286284737|AMDOCS|S3AA-0079154256|2026-06-29 00:00:00|PEN|67.62|14.84|82.46
Pago|2055526321|CLIENT_00661|319461331|702459657|AMDOCS|S7AA-0068693925|2026-06-29 00:00:00|PEN|29.27|6.43|35.70
Pago|2036111296|CLIENT_00310|50984575|898430143|AMDOCS|S1AA-0051764282|2026-06-19 00:00:00|PEN|38.40|8.43|46.83
Pago|2057227210|CLIENT_00864|14483575|809755127|AMDOCS|S1AA-0051997261|2026-06-19 00:00:00|PEN|17.22|3.78|21.00
Pago|2088193400|CLIENT_00310|50984575|598430143|AMDOCS|S1AA-0051764281|2026-06-19 00:00:00|PEN|32.66|7.17|39.83
Pago|2093011881|CLIENT_00864|14483575|445755127|AMDOCS|S1AA-0051997260|2026-06-19 00:00:00|PEN|19.66|4.32|23.98
Pago|2053438912|CLIENT_00864|14483575|291076643|AMDOCS|S1AA-0051995838|2026-06-19 00:00:00|PEN|86.04|18.89|104.93
Pago|2027028908|CLIENT_00864|65023575|737533733|AMDOCS|S1AA-0052111384|2026-06-19 00:00:00|PEN|17.22|3.78|21.00
Pago|2053231689|CLIENT_00864|14483575|885741393|AMDOCS|S1AA-0051996616|2026-06-19 00:00:00|PEN|17.22|3.78|21.00
Pago|2057822132|CLIENT_00808|18529606|321431757|AMDOCS|S9AA-0081881457|2026-06-22 00:00:00|PEN|51.60|11.33|62.93
Pago|2088927583|CLIENT_00245|98619106|681491506|AMDOCS|S5AA-0081555274|2026-06-22 00:00:00|PEN|37.88|8.32|46.20
Pago|2041646501|CLIENT_00878|49235575|778592673|AMDOCS|S3AA-0079436765|2026-06-30 00:00:00|PEN|19.23|4.22|23.45
Pago|1049488348|CLIENT_00084|686327131|176116457|AMDOCS|S5AA-0081537460|2026-06-30 00:00:00|PEN|57.34|12.59|69.93
Pago|2044133904|CLIENT_00571|792185621|712965647|AMDOCS|S4AA-0008166991|2026-06-24 00:00:00|PEN|91.78|20.15|111.93
Pago|2080371937|CLIENT_00343|481304131|460428657|AMDOCS|S8AA-0007835377|2026-07-16 00:00:00|PEN|17.79|3.21|21.00
Pago|2088426754|CLIENT_00204|511200|35535000|ISIS|S300-253147|2026-07-17 00:00:00|PEN|700.00|126.00|826.00
Pago|2039889808|CLIENT_00627|379204421|531906457|AMDOCS|S4AA-0008092813|2026-06-28 00:00:00|PEN|54.24|11.91|66.15
Pago|2023928319|CLIENT_00396|676669621|776152747|AMDOCS|S9AA-0083155681|2026-07-17 00:00:00|PEN|118.59|21.34|139.93
Pago|2082378549|CLIENT_00977|247828421|766824347|AMDOCS|S8AA-0008327116|2026-07-06 00:00:00|PEN|32.10|5.78|37.88
Pago|2060865410|CLIENT_00737|844055821|106348157|AMDOCS|S8AA-0008346193|2026-07-18 00:00:00|PEN|6.72|1.21|7.93
Pago|2027996349|CLIENT_00133|404276421|621536347|AMDOCS|S8AA-0008213397|2026-07-24 00:00:00|PEN|6.78|1.22|8.00
Pago|2085674560|CLIENT_00248|752557621|668578647|AMDOCS|S9AA-0082994391|2026-07-28 00:00:00|PEN|103.46|18.62|122.08
Pago|1099203495|CLIENT_00498|54325575|302964167|AMDOCS|S1AA-0052035602|2026-06-26 00:00:00|PEN|27.67|6.07|33.74
Pago|2088135573|CLIENT_00248|752557621|668578647|AMDOCS|S9AA-0081681314|2026-06-26 00:00:00|PEN|97.52|21.41|118.93
Pago|2017737753|CLIENT_00535|312562221|643610937|AMDOCS|S3AA-0078660354|2026-06-26 00:00:00|PEN|1256.44|275.80|1532.24
Pago|2063647943|CLIENT_00535|312562221|643610937|AMDOCS|S3AA-0078660354|2026-06-26 00:00:00|PEN|664.05|145.77|809.82
Pago|2085725997|CLIENT_00535|312562221|682205447|AMDOCS|S3AA-0078661177|2026-06-26 00:00:00|PEN|24.62|5.41|30.03
Pago|2036611304|CLIENT_00535|312562221|564211837|AMDOCS|S3AA-0078660245|2026-06-26 00:00:00|PEN|41.84|9.19|51.03
Pago|2092905350|CLIENT_00612|93327575|247709501|AMDOCS|S7AA-0068033722|2026-07-09 00:00:00|PEN|18.98|3.42|22.40
Pago|2044398991|CLIENT_00770|96289595|106306406|AMDOCS|S9AA-0083092479|2026-07-09 00:00:00|PEN|78.84|14.19|93.03
Pago|2088510466|CLIENT_00021|79665575|680473463|AMDOCS|S1AA-0053016687|2026-07-09 00:00:00|PEN|77.06|13.87|90.93
Pago|2090698075|CLIENT_00122|39071016|279689506|AMDOCS|S9AA-0083296491|2026-07-09 00:00:00|PEN|62.29|11.21|73.50
Pago|2018414664|CLIENT_00400|453879131|507810557|AMDOCS|S8AA-0007937027|2026-07-11 00:00:00|PEN|100.79|18.14|118.93
Pago|2016183079|CLIENT_00947|680441621|566939257|AMDOCS|S9AA-0083241307|2026-07-12 00:00:00|PEN|41.47|7.46|48.93
Pago|2023790162|CLIENT_00947|680441621|581708547|AMDOCS|S9AA-0083240298|2026-07-12 00:00:00|PEN|41.47|7.46|48.93
Pago|2024249457|CLIENT_00947|680441621|160708547|AMDOCS|S9AA-0083240297|2026-07-12 00:00:00|PEN|41.47|7.46|48.93
Pago|2034394741|CLIENT_00947|680441621|260018547|AMDOCS|S9AA-0083240301|2026-07-12 00:00:00|PEN|41.47|7.46|48.93
Pago|2026518440|CLIENT_00947|680441621|213708547|AMDOCS|S9AA-0083240299|2026-07-12 00:00:00|PEN|41.47|7.46|48.93
Pago|2022007312|CLIENT_00947|680441621|385808547|AMDOCS|S9AA-0083240300|2026-07-12 00:00:00|PEN|41.47|7.46|48.93
Pago|2076627493|CLIENT_00738|367710|14535000|ISIS|FFBG-155819|2026-06-25 00:00:00|USD|29.79|5.36|35.15
Pago|2070850811|CLIENT_00738|367710|14535000|ISIS|FFBG-154883|2026-06-30 00:00:00|USD|155.59|34.15|189.74
Pago|2034994857|CLIENT_00519|58380706|338325537|AMDOCS|S5AA-0080572908|2026-06-30 00:00:00|PEN|97.92|21.50|119.42
Pago|2026220978|CLIENT_00434|670143411|993722637|AMDOCS|S9AA-0081436803|2026-06-30 00:00:00|PEN|16.27|3.57|19.85
Pago|2008212698|CLIENT_00588|13862575|299513263|AMDOCS|S7AA-0068838148|2026-06-29 00:00:00|PEN|27.78|6.10|33.88
Pago|2012813785|CLIENT_00576|74098785|971697306|AMDOCS|S5AA-0081249387|2026-06-30 00:00:00|PEN|81.62|17.92|99.54
Pago|2078309796|CLIENT_00256|802522431|493396857|AMDOCS|S3AA-0078616964|2026-06-30 00:00:00|PEN|80.30|17.63|97.93
Pago|2046751787|CLIENT_00193|929969021|420311537|AMDOCS|S1AA-0051915765|2026-06-24 00:00:00|PEN|20.03|4.40|24.43
Pago|2014375111|CLIENT_00310|50984575|888430143|AMDOCS|S1AA-0051764279|2026-06-24 00:00:00|PEN|32.66|7.17|39.83
Pago|2034116142|CLIENT_00939|28944575|696381503|AMDOCS|S1AA-0052294981|2026-06-24 00:00:00|PEN|44.71|9.82|54.53
Pago|2034730482|CLIENT_00939|28944575|486381503|AMDOCS|S1AA-0052294980|2026-06-24 00:00:00|PEN|26.35|5.78|32.13
Pago|2076692873|CLIENT_00636|49400406|888284506|AMDOCS|S9AA-0083304733|2026-07-16 00:00:00|PEN|50.30|9.05|59.36
Pago|2004334581|CLIENT_00204|01421516|462026606|AMDOCS|S9AA-0082127312|2026-06-25 00:00:00|PEN|34.21|7.51|41.72
Pago|2092225331|CLIENT_00660|739587221|326223937|AMDOCS|S7AA-0066490280|2026-06-25 00:00:00|PEN|62.85|13.80|76.65
Pago|2012158092|CLIENT_00660|739587221|326223937|AMDOCS|S7AA-0067406029|2026-06-25 00:00:00|PEN|60.21|13.22|73.43
Pago|2096861768|CLIENT_00429|511658121|361090737|AMDOCS|S1AA-0052446773|2026-07-17 00:00:00|PEN|20.69|3.72|24.42
Pago|2070767627|CLIENT_00429|511658121|361090737|AMDOCS|S1AA-0052446773|2026-07-17 00:00:00|PEN|34.48|6.20|40.68
Pago|2000662988|CLIENT_00429|511658121|072658647|AMDOCS|S1AA-0052447567|2026-07-17 00:00:00|PEN|18.98|3.42|22.40
Pago|2023405246|CLIENT_00909|905887721|458829847|AMDOCS|S9AA-0082587507|2026-07-17 00:00:00|PEN|57.13|10.28|67.41
Pago|2014647743|CLIENT_00166|983219311|870950757|AMDOCS|S9AA-0083267389|2026-07-17 00:00:00|PEN|14.24|2.56|16.80
Pago|2023898118|CLIENT_00737|844055821|106348157|AMDOCS|S8AA-0007918086|2026-07-18 00:00:00|PEN|109.63|19.73|129.36
Pago|2011119672|CLIENT_00938|17536685|598376306|AMDOCS|S5AA-0081423862|2026-07-25 00:00:00|PEN|52.44|9.44|61.88
Pago|2080201420|CLIENT_00938|17536685|598376306|AMDOCS|S5AA-0082144317|2026-07-25 00:00:00|PEN|52.44|9.44|61.88
Pago|2077301564|CLIENT_00937|30414006|230445957|AMDOCS|S5AA-0081661243|2026-07-25 00:00:00|PEN|165.57|29.81|195.37
Pago|2064422879|CLIENT_00937|96637575|811632357|AMDOCS|S1AA-0052822626|2026-07-25 00:00:00|PEN|8.90|1.60|10.50
Pago|2040229066|CLIENT_00138|931871221|131645447|AMDOCS|S7AA-0068037491|2026-07-25 00:00:00|PEN|12.01|2.16|14.18
Pago|2073093583|CLIENT_00184|347052821|679224947|AMDOCS|S7AA-0068073837|2026-06-27 00:00:00|PEN|36.16|7.94|44.10
Pago|2067033955|CLIENT_00323|12282575|500535503|AMDOCS|S1AA-0052492064|2026-07-10 00:00:00|PEN|35.53|6.40|41.93
Pago|2040488038|CLIENT_00808|18529606|321431757|AMDOCS|S9AA-0083199341|2026-07-10 00:00:00|PEN|50.72|9.13|59.85
Pago|2077677778|CLIENT_00434|670143411|993722637|AMDOCS|S9AA-0083154556|2026-07-10 00:00:00|PEN|100.73|18.13|118.86
Pago|2062644804|CLIENT_00156|012480921|236896057|AMDOCS|S8AA-0008026217|2026-07-13 00:00:00|PEN|20.52|3.70|24.22
Pago|2085620853|CLIENT_00972|11601575|282694363|AMDOCS|S1AA-0052458910|2026-07-13 00:00:00|PEN|77.06|13.87|90.93
Pago|2049725545|CLIENT_00156|012480921|578796057|AMDOCS|S8AA-0007504936|2026-07-13 00:00:00|PEN|47.46|8.54|56.00
Pago|2088537697|CLIENT_00972|11601575|874841503|AMDOCS|S1AA-0052458100|2026-07-13 00:00:00|PEN|77.06|13.87|90.93
Pago|2050411839|CLIENT_00972|11601575|213694363|AMDOCS|S1AA-0052458911|2026-07-13 00:00:00|PEN|77.06|13.87|90.93
Pago|2041052666|CLIENT_00972|11601575|663015003|AMDOCS|S1AA-0052457979|2026-07-13 00:00:00|PEN|56.29|10.14|66.43
Pago|2037329435|CLIENT_00774|913599321|048944447|AMDOCS|S9AA-0082654893|2026-07-13 00:00:00|PEN|58.08|10.45|68.53
Pago|2027355887|CLIENT_00755|938349331|397562857|AMDOCS|S7AA-0068040833|2026-06-12 00:00:00|PEN|2.03|.45|2.48
Pago|2042990974|CLIENT_00416|51327575|870309501|AMDOCS|S7AA-0068705013|2026-06-23 00:00:00|PEN|11.59|2.54|14.13
Pago|2035992313|CLIENT_00793|73449016|683211606|AMDOCS|S9AA-0082821440|2026-07-09 00:00:00|PEN|47.40|8.53|55.93
Pago|2029126226|CLIENT_00304|95901575|124451601|AMDOCS|S1AA-0052750424|2026-07-09 00:00:00|PEN|33.75|6.08|39.83
Pago|2052787622|CLIENT_00646|187786921|512546157|AMDOCS|S5AA-0081500897|2026-07-09 00:00:00|PEN|66.91|12.05|78.96
Pago|2081433309|CLIENT_00612|93327575|937709501|AMDOCS|S7AA-0068033721|2026-07-09 00:00:00|PEN|303.91|54.71|358.62
Pago|2048229346|CLIENT_00612|93327575|937709501|AMDOCS|S7AA-0068033721|2026-07-09 00:00:00|PEN|18.98|3.42|22.39
Pago|2014579954|CLIENT_00512|84251595|754227067|AMDOCS|S9AA-0082919980|2026-07-09 00:00:00|PEN|121.49|21.87|143.36
Pago|2033399849|CLIENT_00512|84251595|028347067|AMDOCS|S9AA-0082919986|2026-07-09 00:00:00|PEN|53.33|9.60|62.93
Pago|2046973002|CLIENT_00512|74424795|880447406|AMDOCS|S9AA-0082905783|2026-07-09 00:00:00|PEN|28.48|5.12|33.60
Pago|2050521866|CLIENT_00976|89031575|576170633|AMDOCS|S3AA-0079303276|2026-07-09 00:00:00|PEN|29.07|5.24|34.30
Pago|2009379699|CLIENT_00512|84251595|288157067|AMDOCS|S9AA-0082919993|2026-07-09 00:00:00|PEN|53.33|9.60|62.93
Pago|2014797914|CLIENT_00512|18024795|080447406|AMDOCS|S9AA-0083194236|2026-07-09 00:00:00|PEN|19.40|3.49|22.89
Pago|2099531591|CLIENT_00529|58262575|371999033|AMDOCS|S1AA-0052934638|2026-07-10 00:00:00|PEN|22.48|4.05|26.53
Pago|2082231687|CLIENT_00914|99741685|789189737|AMDOCS|S9AA-0083349818|2026-07-11 00:00:00|PEN|50.13|9.02|59.15
Pago|2030249779|CLIENT_00177|35434385|657250167|AMDOCS|S9AA-0082962712|2026-07-11 00:00:00|PEN|56.00|10.08|66.08
Pago|2040276207|CLIENT_00386|637797321|796625147|AMDOCS|S4AA-0007674790|2026-07-11 00:00:00|PEN|21.68|3.90|25.59
Pago|2060903984|CLIENT_00434|317950531|767269957|AMDOCS|S4AA-0008356893|2026-07-14 00:00:00|PEN|77.06|13.87|90.93
Pago|2095069469|CLIENT_00328|911133111|358052637|AMDOCS|S9AA-0082654010|2026-07-14 00:00:00|PEN|27.23|4.90|32.13
Pago|2058024554|CLIENT_00604|073927521|613780547|AMDOCS|S9AA-0083104534|2026-07-14 00:00:00|PEN|64.01|11.52|75.53
Pago|2027313428|CLIENT_00755|938349331|397562857|AMDOCS|S7AA-0068040833|2026-07-14 00:00:00|PEN|65.82|11.85|77.67
Pago|2068741039|CLIENT_00328|078823111|368150657|AMDOCS|S9AA-0083106013|2026-07-14 00:00:00|PEN|29.54|5.32|34.86
Pago|2036792220|CLIENT_00328|911133111|511291917|AMDOCS|S9AA-0082652820|2026-07-14 00:00:00|PEN|39.33|7.08|46.41
Pago|1064650265|CLIENT_00498|54325575|302964167|AMDOCS|S1AA-0052661385|2026-07-14 00:00:00|PEN|19.82|3.57|23.38
Pago|2075223983|CLIENT_00843|687675321|217543147|AMDOCS|S7AA-0068452314|2026-07-14 00:00:00|PEN|63.77|11.48|75.25
Pago|2059631813|CLIENT_00016|52975885|733768306|AMDOCS|S9AA-0082727019|2026-07-14 00:00:00|PEN|74.68|13.44|88.13
Pago|2073587550|CLIENT_00790|219773321|126536047|AMDOCS|S9AA-0082611929|2026-07-14 00:00:00|PEN|45.98|8.27|54.25
Pago|2017768500|CLIENT_00417|14931616|241716606|AMDOCS|S5AA-0081207047|2026-07-15 00:00:00|PEN|27.83|5.01|32.83
Pago|2081729466|CLIENT_00417|72941616|851716606|AMDOCS|S5AA-0081105273|2026-07-15 00:00:00|PEN|27.83|5.01|32.83
Pago|2064353372|CLIENT_00417|53941616|051716606|AMDOCS|S5AA-0081163383|2026-07-15 00:00:00|PEN|30.73|5.53|36.26
Pago|2015337700|CLIENT_00215|08925695|736248457|AMDOCS|S9AA-0083190588|2026-07-15 00:00:00|PEN|94.86|17.07|111.93
Pago|2000172680|CLIENT_00937|96637575|020460601|AMDOCS|S1AA-0052818483|2026-07-15 00:00:00|PEN|23.67|4.26|27.93
Pago|2003957097|CLIENT_00416|51327575|870309501|AMDOCS|S7AA-0068705013|2026-07-15 00:00:00|PEN|24.50|4.41|28.91
Pago|2086276931|CLIENT_00417|667421|41171200|ISIS|S300-253813|2026-07-15 00:00:00|PEN|432.46|77.84|510.30
Pago|2077664976|CLIENT_00134|480131|09052200|ISIS|S300-253827|2026-07-10 00:00:00|PEN|546.00|98.28|644.28
Pago|2086021462|CLIENT_00730|91494575|917654173|AMDOCS|S3AA-0078714403|2026-07-01 00:00:00|PEN|30.36|6.67|37.03
Pago|2052573387|CLIENT_00197|24077575|599021601|AMDOCS|S3AA-0078922518|2026-07-01 00:00:00|PEN|13.78|3.02|16.80
Pago|2051127548|CLIENT_00931|177250221|168760067|AMDOCS|S1AA-0052218735|2026-06-25 00:00:00|PEN|54.19|11.89|66.08
Pago|2058367129|CLIENT_00948|219821911|952536137|AMDOCS|S3AA-0078649746|2026-06-25 00:00:00|PEN|142.75|31.34|174.09
Pago|2036930354|CLIENT_00520|64524695|363979937|AMDOCS|S9AA-0082900414|2026-07-17 00:00:00|PEN|118.52|21.34|139.86
Pago|2021187015|CLIENT_00146|56862575|382951601|AMDOCS|S1AA-0052791274|2026-07-17 00:00:00|PEN|5.93|1.06|7.00
Pago|2017146912|CLIENT_00882|33559616|175976606|AMDOCS|S9AA-0082787717|2026-07-17 00:00:00|PEN|126.77|22.82|149.59
Pago|2023718093|CLIENT_00882|88569616|365976606|AMDOCS|S9AA-0083254229|2026-07-17 00:00:00|PEN|62.29|11.21|73.50
Pago|2083888988|CLIENT_00882|72859616|555976606|AMDOCS|S9AA-0082745303|2026-07-17 00:00:00|PEN|104.41|18.80|123.20
Pago|2089500839|CLIENT_00882|72859616|555976606|AMDOCS|S9AA-0082745303|2026-07-17 00:00:00|PEN|35.60|6.41|42.00
Pago|2030096823|CLIENT_00515|127683021|469765257|AMDOCS|S9AA-0082689632|2026-07-17 00:00:00|PEN|41.47|7.46|48.93
Pago|2003597947|CLIENT_00882|33559616|745718857|AMDOCS|S9AA-0082792472|2026-07-17 00:00:00|PEN|71.13|12.80|83.93
Pago|2013714372|CLIENT_00515|32297206|245192506|AMDOCS|S9AA-0082702406|2026-07-17 00:00:00|PEN|48.29|8.69|56.98
Pago|2082005953|CLIENT_00725|56728706|621197506|AMDOCS|S5AA-0081381008|2026-07-24 00:00:00|PEN|102.57|18.47|121.03
Pago|2031850278|CLIENT_00571|792185621|712965647|AMDOCS|S4AA-0008304911|2026-07-24 00:00:00|PEN|94.86|17.07|111.93
Pago|2090896108|CLIENT_00183|65071385|486109447|AMDOCS|S9AA-0082985769|2026-07-24 00:00:00|PEN|48.83|8.79|57.61
Pago|2069061373|CLIENT_00483|29526575|915715893|AMDOCS|S3AA-0079624303|2026-07-24 00:00:00|PEN|18.98|3.42|22.40
Pago|2021869954|CLIENT_00918|20363306|979623506|AMDOCS|S5AA-0080923376|2026-07-25 00:00:00|PEN|52.74|9.49|62.23
Pago|2044483432|CLIENT_00386|637797321|836051657|AMDOCS|S4AA-0008428382|2026-07-25 00:00:00|PEN|77.06|13.87|90.93
Pago|2026562260|CLIENT_00100|97851885|747228306|AMDOCS|S9AA-0081858291|2026-06-26 00:00:00|PEN|61.25|13.44|74.69
Pago|2063572374|CLIENT_00924|304266331|101118757|AMDOCS|S4AA-0008187139|2026-06-26 00:00:00|PEN|19.63|4.31|23.94
Pago|2099426885|CLIENT_00520|64524695|363979937|AMDOCS|S9AA-0082449722|2026-06-26 00:00:00|PEN|114.69|25.17|139.86
Pago|2097776066|CLIENT_00250|056170111|929649157|AMDOCS|S9AA-0082935734|2026-07-09 00:00:00|PEN|41.41|7.46|48.86
Pago|2059872907|CLIENT_00250|056170111|239649157|AMDOCS|S9AA-0082935735|2026-07-09 00:00:00|PEN|41.47|7.46|48.93
Pago|2053471587|CLIENT_00865|552905521|950958547|AMDOCS|S9AA-0081646602|2026-07-10 00:00:00|PEN|89.87|16.18|106.05
Pago|2044793109|CLIENT_00310|50984575|398430143|AMDOCS|S1AA-0052390569|2026-07-13 00:00:00|PEN|33.16|5.97|39.13
Pago|2035255056|CLIENT_00575|10215575|273905173|AMDOCS|S7AA-0068590951|2026-07-13 00:00:00|PEN|33.75|6.08|39.83
Pago|2032515508|CLIENT_00546|40894306|650890247|AMDOCS|S9AA-0082527322|2026-07-14 00:00:00|PEN|17.05|3.07|20.13
Pago|2054391545|CLIENT_00742|57302695|286249447|AMDOCS|S9AA-0083146877|2026-07-22 00:00:00|PEN|103.75|18.68|122.43
Pago|2058417810|CLIENT_00250|63903085|111920306|AMDOCS|S5AA-0081169041|2026-06-30 00:00:00|PEN|36.16|7.94|44.10
Pago|2091061273|CLIENT_00653|90142306|590243457|AMDOCS|S5AA-0080978174|2026-07-01 00:00:00|PEN|100.16|21.99|122.15
Pago|2094257130|CLIENT_00079|22421195|898221406|AMDOCS|S5AA-0081068059|2026-07-01 00:00:00|PEN|46.44|10.19|56.63
Pago|2074066059|CLIENT_00398|56835575|851836537|AMDOCS|S7AA-0068266161|2026-07-01 00:00:00|PEN|20.03|4.40|24.43
Pago|2056212239|CLIENT_00766|789926621|661336167|AMDOCS|S8AA-0007845825|2026-07-20 00:00:00|PEN|23.67|4.26|27.93
Pago|2072791809|CLIENT_00770|567857431|569905957|AMDOCS|S5AA-0082106437|2026-07-20 00:00:00|PEN|118.47|21.32|139.79
Pago|2039071279|CLIENT_00736|507047111|167051857|AMDOCS|S5AA-0081675440|2026-07-20 00:00:00|PEN|14.77|2.66|17.43
Pago|2080783088|CLIENT_00736|507047111|167051857|AMDOCS|S5AA-0081675440|2026-07-20 00:00:00|PEN|118.47|21.32|139.79
Pago|2092010368|CLIENT_00983|430841331|089539657|AMDOCS|S9AA-0082800489|2026-07-20 00:00:00|PEN|13.94|2.51|16.45
Pago|2066627197|CLIENT_00770|572202|12589100|ISIS|S300-256044|2026-07-20 00:00:00|PEN|931.83|167.73|1099.56
Pago|2006351062|CLIENT_00012|43224195|276595257|AMDOCS|S9AA-0082799929|2026-07-15 00:00:00|PEN|44.20|7.96|52.15
Pago|2024916491|CLIENT_00984|34230575|216020103|AMDOCS|S1AA-0052628025|2026-07-15 00:00:00|PEN|22.25|4.00|26.25
Pago|2017603942|CLIENT_00535|898656221|846116447|AMDOCS|S1AA-0053025431|2026-07-15 00:00:00|PEN|59.26|10.67|69.93
Pago|2001957086|CLIENT_00535|786498921|905489157|AMDOCS|S4AA-0008274029|2026-07-15 00:00:00|PEN|17.79|3.21|21.00
Pago|2004193113|CLIENT_00535|786498921|771819157|AMDOCS|S4AA-0008274028|2026-07-15 00:00:00|PEN|34.94|6.29|41.23
Pago|2092780966|CLIENT_00535|898656221|166321847|AMDOCS|S1AA-0053025885|2026-07-15 00:00:00|PEN|27.83|5.01|32.83
Pago|2030170517|CLIENT_00535|898656221|264416447|AMDOCS|S1AA-0053025433|2026-07-15 00:00:00|PEN|59.26|10.67|69.93
Pago|2000318628|CLIENT_00237|478999431|480988957|AMDOCS|S9AA-0083140640|2026-07-22 00:00:00|PEN|23.43|4.21|27.65
Pago|2078483220|CLIENT_00515|894070|72188100|ISIS|S300-255693|2026-07-24 00:00:00|PEN|231.36|41.64|273.00
Pago|2005813847|CLIENT_00245|76218716|108582957|AMDOCS|S9AA-0083081056|2026-07-19 00:00:00|PEN|88.92|16.01|104.93
Pago|2010797294|CLIENT_00909|905887721|592586847|AMDOCS|S9AA-0082587462|2026-07-19 00:00:00|PEN|58.67|10.56|69.23
Pago|2097534487|CLIENT_00856|579701821|636832947|AMDOCS|S5AA-0081457085|2026-07-19 00:00:00|PEN|97.59|17.56|115.15
Pago|2015614473|CLIENT_00310|50984575|898430143|AMDOCS|S1AA-0052390571|2026-07-19 00:00:00|PEN|39.68|7.14|46.83
Pago|2083730888|CLIENT_00310|50984575|598430143|AMDOCS|S1AA-0052390570|2026-07-19 00:00:00|PEN|33.75|6.08|39.83
Pago|2056743890|CLIENT_00925|520152811|002776937|AMDOCS|S9AA-0082730674|2026-07-19 00:00:00|PEN|97.59|17.56|115.15
Pago|2086553315|CLIENT_00141|16530575|148920103|AMDOCS|S1AA-0052764092|2026-07-19 00:00:00|PEN|82.99|14.94|97.93
Pago|2051640218|CLIENT_00596|03677575|088331601|AMDOCS|S1AA-0052539571|2026-07-20 00:00:00|PEN|13.59|2.44|16.03
Pago|2002608797|CLIENT_00596|03677575|188331601|AMDOCS|S1AA-0052539572|2026-07-20 00:00:00|PEN|19.82|3.57|23.38
Pago|2082067439|CLIENT_00596|03677575|488331601|AMDOCS|S1AA-0052539574|2026-07-20 00:00:00|PEN|19.82|3.57|23.38
Pago|2024425530|CLIENT_00124|23092575|483264303|AMDOCS|S1AA-0052553363|2026-07-20 00:00:00|PEN|9.49|1.71|11.20
Pago|2021499369|CLIENT_00596|03677575|388331601|AMDOCS|S1AA-0052539573|2026-07-20 00:00:00|PEN|16.85|3.03|19.88
Pago|2066717944|CLIENT_00082|88171716|796961057|AMDOCS|S5AA-0082270609|2026-07-20 00:00:00|PEN|71.13|12.80|83.93
Pago|2013394699|CLIENT_00204|30022516|002026606|AMDOCS|S9AA-0082516249|2026-07-20 00:00:00|PEN|402.62|72.47|475.09
Pago|2052730712|CLIENT_00204|30022516|002026606|AMDOCS|S9AA-0082516249|2026-07-20 00:00:00|PEN|35.60|6.41|42.00
Pago|2015934494|CLIENT_00204|78912516|692026606|AMDOCS|S9AA-0083245828|2026-07-20 00:00:00|PEN|26.64|4.80|31.43
Pago|2084940243|CLIENT_00204|78912516|692026606|AMDOCS|S9AA-0083245828|2026-07-20 00:00:00|PEN|7.00|1.26|8.26
Pago|2045771985|CLIENT_00204|68012516|272026606|AMDOCS|S9AA-0083237256|2026-07-20 00:00:00|PEN|38.50|6.93|45.43
Pago|2058697638|CLIENT_00082|88171716|345052057|AMDOCS|S5AA-0082270619|2026-07-20 00:00:00|PEN|71.13|12.80|83.93
Pago|2067912703|CLIENT_00808|18529606|321431757|AMDOCS|S9AA-0083199341|2026-06-22 00:00:00|PEN|5.16|1.13|6.29
Pago|2089393813|CLIENT_00983|430841331|089539657|AMDOCS|S9AA-0082800489|2026-06-30 00:00:00|PEN|6.29|1.38|7.67
Pago|2048093846|CLIENT_00082|88171716|345052057|AMDOCS|S5AA-0081551565|2026-07-03 00:00:00|PEN|68.82|15.11|83.93
Pago|2003528782|CLIENT_00082|88171716|796961057|AMDOCS|S5AA-0081551554|2026-07-03 00:00:00|PEN|68.82|15.11|83.93
Pago|2029512487|CLIENT_00825|128846421|419521347|AMDOCS|S8AA-0008059525|2026-07-03 00:00:00|PEN|41.27|9.06|50.33
Pago|2019158786|CLIENT_00769|42605416|934274606|AMDOCS|S9AA-0082248450|2026-07-03 00:00:00|PEN|50.23|11.03|61.25
Pago|2037238377|CLIENT_00204|80750575|306216173|AMDOCS|S9AA-0082108076|2026-07-03 00:00:00|PEN|23.76|5.22|28.98
Pago|2002864650|CLIENT_00204|01421516|462026606|AMDOCS|S9AA-0082592372|2026-07-03 00:00:00|PEN|34.15|7.50|41.65
Pago|2049358018|CLIENT_00204|00750575|083214193|AMDOCS|S1AA-0051738053|2026-07-03 00:00:00|PEN|.56|.12|.69
Pago|2097314646|CLIENT_00429|295240121|218685637|AMDOCS|S5AA-0081579578|2026-07-01 00:00:00|PEN|19.42|4.26|23.69
Pago|2031202430|CLIENT_00429|295240121|218685637|AMDOCS|S5AA-0081579578|2026-07-01 00:00:00|PEN|294.09|64.56|358.65
Pago|2032219340|CLIENT_00596|28793006|493077857|AMDOCS|S9AA-0083208190|2026-07-20 00:00:00|PEN|100.79|18.14|118.93
Pago|2045150123|CLIENT_00633|29517795|905297406|AMDOCS|S9AA-0083287622|2026-07-20 00:00:00|PEN|79.97|14.39|94.36
Pago|2088871438|CLIENT_00633|29517795|905297406|AMDOCS|S9AA-0083287622|2026-07-20 00:00:00|PEN|7.00|1.26|8.26
Pago|2083049624|CLIENT_00633|64907795|715297406|AMDOCS|S9AA-0082897336|2026-07-20 00:00:00|PEN|62.17|11.19|73.36
Pago|2084570901|CLIENT_00633|67570575|483029873|AMDOCS|S1AA-0052880870|2026-07-20 00:00:00|PEN|62.23|11.20|73.43
Pago|2057701516|CLIENT_00862|31060575|878161103|AMDOCS|S1AA-0052430809|2026-07-20 00:00:00|PEN|59.86|10.77|70.63
Pago|2090223377|CLIENT_00596|28793006|654911506|AMDOCS|S9AA-0077880751|2026-07-20 00:00:00|PEN|3.14|.57|3.71
Pago|2060332425|CLIENT_00596|70524006|464911506|AMDOCS|S9AA-0077150487|2026-07-20 00:00:00|PEN|10.95|1.97|12.92
Pago|2005364955|CLIENT_00074|74077985|070788447|AMDOCS|S9AA-0082909286|2026-07-20 00:00:00|PEN|17.79|3.21|21.00
Pago|2082318567|CLIENT_00377|051299331|722343857|AMDOCS|S9AA-0082936676|2026-07-20 00:00:00|PEN|139.11|25.04|164.15
Pago|2057807995|CLIENT_00439|34590575|461022483|AMDOCS|S1AA-0052629229|2026-07-20 00:00:00|PEN|458.33|82.50|540.82
Pago|2046086984|CLIENT_00671|76871695|674491857|AMDOCS|S5AA-0082120681|2026-07-20 00:00:00|PEN|21.29|3.84|25.13
Pago|2068003607|CLIENT_00671|76871695|001126406|AMDOCS|S5AA-0082116113|2026-07-20 00:00:00|PEN|71.13|12.80|83.93
Pago|2078828821|CLIENT_00435|498701821|148491947|AMDOCS|S1AA-0052998865|2026-07-20 00:00:00|PEN|6402.27|1152.41|7554.68
Pago|2012916927|CLIENT_00909|905887721|458829847|AMDOCS|S9AA-0082587507|2026-06-02 00:00:00|PEN|26.29|5.77|32.06
Pago|2097870567|CLIENT_00561|45201606|348881067|AMDOCS|S9AA-0082971036|2026-06-05 00:00:00|PEN|10.90|2.39|13.29
Pago|2018520480|CLIENT_00379|31994606|972666506|AMDOCS|S9AA-0082617671|2026-06-09 00:00:00|PEN|1.37|.30|1.67
Pago|2078953582|CLIENT_00546|40894306|650890247|AMDOCS|S9AA-0082527322|2026-06-16 00:00:00|PEN|2.14|.47|2.61
Pago|2042055015|CLIENT_00676|832104121|333717847|AMDOCS|S7AA-0068029340|2026-07-03 00:00:00|PEN|91.78|20.15|111.93
Pago|2085977967|CLIENT_00758|66433575|010936043|AMDOCS|S3AA-0079160653|2026-07-03 00:00:00|PEN|47.36|10.40|57.75
Pago|2041050721|CLIENT_00798|155368321|584076147|AMDOCS|S3AA-0079021884|2026-07-03 00:00:00|PEN|18.77|4.12|22.89
Pago|2047556488|CLIENT_00798|155368321|952262457|AMDOCS|S3AA-0079024315|2026-07-03 00:00:00|PEN|68.82|15.11|83.93
Pago|2083207615|CLIENT_00005|09699585|602806306|AMDOCS|S5AA-0081561770|2026-07-04 00:00:00|PEN|42.99|9.44|52.43
Pago|2065720994|CLIENT_00016|71975885|543768306|AMDOCS|S5AA-0081031829|2026-07-04 00:00:00|PEN|72.27|15.86|88.13
Pago|2054885131|CLIENT_00758|656561531|553521067|AMDOCS|S5AA-0081320406|2026-07-04 00:00:00|PEN|65.72|14.43|80.15
Pago|2094607578|CLIENT_00434|317950531|587859957|AMDOCS|S4AA-0007905884|2026-07-21 00:00:00|PEN|64.22|11.56|75.78
Pago|2046533596|CLIENT_00434|317950531|587859957|AMDOCS|S4AA-0008356881|2026-07-21 00:00:00|PEN|71.13|12.80|83.93
Pago|2051903442|CLIENT_00767|992659121|309293737|AMDOCS|S9AA-0083349770|2026-07-21 00:00:00|PEN|56.29|10.14|66.43
Pago|2057105203|CLIENT_00767|992659121|994882957|AMDOCS|S9AA-0083352496|2026-07-21 00:00:00|PEN|65.20|11.74|76.93
Pago|2002834370|CLIENT_00074|65329185|175191306|AMDOCS|S9AA-0082981069|2026-07-21 00:00:00|PEN|68.10|12.26|80.36
Pago|2023523525|CLIENT_00954|763272331|108431757|AMDOCS|S1AA-0052809793|2026-07-21 00:00:00|PEN|17.79|3.21|21.00
Pago|2096733170|CLIENT_00954|763272331|857541757|AMDOCS|S1AA-0052809794|2026-07-21 00:00:00|PEN|17.79|3.21|21.00
Pago|2002082803|CLIENT_00749|596294111|365981957|AMDOCS|S9AA-0083318547|2026-07-21 00:00:00|PEN|147.95|26.63|174.58
Pago|2052088912|CLIENT_00864|14483575|445755127|AMDOCS|S1AA-0052616533|2026-07-21 00:00:00|PEN|17.79|3.21|21.00
Pago|2079968373|CLIENT_00864|14483575|291076643|AMDOCS|S1AA-0052615131|2026-07-21 00:00:00|PEN|88.92|16.01|104.93
Pago|2079986984|CLIENT_00313|39440095|357310406|AMDOCS|S5AA-0079508235|2026-07-08 00:00:00|PEN|.01|.00|.01
Pago|2066367236|CLIENT_00937|49543006|779417257|AMDOCS|S9AA-0081993127|2026-07-09 00:00:00|PEN|30.93|5.57|36.51
Pago|2043125950|CLIENT_00937|49543006|779417257|AMDOCS|S9AA-0083308989|2026-07-09 00:00:00|PEN|17.38|3.13|20.51
Pago|2046802064|CLIENT_00892|272818321|459006847|AMDOCS|S3AA-0079222474|2026-07-09 00:00:00|PEN|34.94|6.29|41.23
Pago|2013492248|CLIENT_00251|348878221|093835937|AMDOCS|S5AA-0081223842|2026-07-09 00:00:00|PEN|45.98|8.27|54.25
Pago|2093811058|CLIENT_00441|35425395|003437067|AMDOCS|S9AA-0082962582|2026-07-10 00:00:00|PEN|41.47|7.46|48.93
Pago|2008101879|CLIENT_00723|96621595|683815406|AMDOCS|S9AA-0083092366|2026-07-10 00:00:00|PEN|100.55|18.10|118.65
Pago|2094850485|CLIENT_00239|020106721|899192357|AMDOCS|S9AA-0082681339|2026-07-10 00:00:00|PEN|52.14|9.39|61.53
Pago|2094335954|CLIENT_00544|98001806|151528506|AMDOCS|S9AA-0083262534|2026-07-13 00:00:00|PEN|48.88|8.80|57.68
Pago|2080903280|CLIENT_00036|75015575|641879501|AMDOCS|S1AA-0052729960|2026-07-13 00:00:00|PEN|31.38|5.65|37.03
Pago|2002854935|CLIENT_00036|75015575|146223937|AMDOCS|S1AA-0052732470|2026-07-13 00:00:00|PEN|74.68|13.44|88.13
Pago|2022095080|CLIENT_00127|630652821|744448857|AMDOCS|S8AA-0007882067|2026-07-13 00:00:00|PEN|136.38|24.55|160.93
Pago|2014716920|CLIENT_00769|42605416|079421067|AMDOCS|S9AA-0082716416|2026-07-13 00:00:00|PEN|88.92|16.01|104.93
Pago|2073015704|CLIENT_00769|42605416|934274606|AMDOCS|S9AA-0082711274|2026-07-13 00:00:00|PEN|33.82|6.09|39.90
Pago|2069567013|CLIENT_00265|72959295|179303406|AMDOCS|S9AA-0082273410|2026-07-13 00:00:00|PEN|113.84|20.49|134.33
Pago|2029557389|CLIENT_00265|81864316|075729637|AMDOCS|S9AA-0082198704|2026-07-13 00:00:00|PEN|115.91|20.87|136.78
Pago|2096570347|CLIENT_00265|72959295|179303406|AMDOCS|S9AA-0082744275|2026-07-13 00:00:00|PEN|113.84|20.49|134.33
Pago|2071140335|CLIENT_00265|81864316|075729637|AMDOCS|S9AA-0082645487|2026-07-13 00:00:00|PEN|115.91|20.87|136.78
Pago|2007930066|CLIENT_00244|431913521|997214257|AMDOCS|S8AA-0008100531|2026-07-14 00:00:00|PEN|88.92|16.01|104.93
Pago|2069240757|CLIENT_00193|929969021|420311537|AMDOCS|S1AA-0052535118|2026-07-15 00:00:00|PEN|23.43|4.21|27.65
Pago|2010805330|CLIENT_00314|41317295|723314757|AMDOCS|S5AA-0081014728|2026-07-15 00:00:00|PEN|127.13|22.88|150.01
Pago|1054565272|CLIENT_00498|54325575|373983473|AMDOCS|S1AA-0052656336|2026-07-22 00:00:00|PEN|35.53|6.40|41.93
Pago|1013794712|CLIENT_00498|54325575|202883473|AMDOCS|S1AA-0052656335|2026-07-22 00:00:00|PEN|23.08|4.15|27.23
Pago|1011628152|CLIENT_00498|54325575|908044473|AMDOCS|S1AA-0052656337|2026-07-22 00:00:00|PEN|23.08|4.15|27.23
Pago|2062752059|CLIENT_00745|44242206|963991067|AMDOCS|S5AA-0081962977|2026-06-18 00:00:00|PEN|2.67|.48|3.15
Pago|2009518002|CLIENT_00613|29675885|464868306|AMDOCS|S5AA-0082295242|2026-07-08 00:00:00|PEN|3.58|.64|4.22
Pago|2088840937|CLIENT_00241|76760385|845703306|AMDOCS|S5AA-0081394604|2026-07-08 00:00:00|PEN|14.29|3.14|17.42
Pago|2016359452|CLIENT_00241|76760385|845703306|AMDOCS|S5AA-0081394604|2026-07-08 00:00:00|PEN|91.79|20.15|111.94
Pago|2005670715|CLIENT_00313|39440095|357310406|AMDOCS|S5AA-0079380968|2026-07-08 00:00:00|PEN|56.77|12.46|69.23
Pago|2019305208|CLIENT_00570|77251595|032125406|AMDOCS|S9AA-0083160169|2026-07-08 00:00:00|PEN|87.76|19.27|107.03
Pago|2094764273|CLIENT_00570|26577195|667581406|AMDOCS|S9AA-0083032662|2026-07-08 00:00:00|PEN|122.61|26.91|149.52
Pago|2024991600|CLIENT_00919|53129095|970373857|AMDOCS|S9AA-0082809308|2026-07-07 00:00:00|PEN|131.96|28.97|160.93
Pago|2002521427|CLIENT_00919|53129095|370173857|AMDOCS|S9AA-0082809303|2026-07-07 00:00:00|PEN|131.96|28.97|160.93
Pago|2067610928|CLIENT_00651|491668521|301333547|AMDOCS|S8AA-0007864989|2026-06-19 00:00:00|PEN|5.72|1.25|6.97
Pago|2032914744|CLIENT_00442|622439031|682444357|AMDOCS|S8AA-0008075975|2026-06-27 00:00:00|PEN|6.26|1.37|7.63
Pago|2042422772|CLIENT_00369|64027706|811187506|AMDOCS|S9AA-0082446917|2026-06-22 00:00:00|PEN|31.57|6.93|38.50
Pago|2046904969|CLIENT_00369|77627706|621187506|AMDOCS|S9AA-0081842011|2026-06-22 00:00:00|PEN|15.90|3.49|19.39
Pago|2009771315|CLIENT_00369|86640595|770715406|AMDOCS|S9AA-0081763816|2026-06-22 00:00:00|PEN|87.76|19.27|107.03
Pago|2097455584|CLIENT_00369|03027706|011187506|AMDOCS|S9AA-0082300067|2026-06-22 00:00:00|PEN|31.57|6.93|38.50
Pago|2007356917|CLIENT_00369|16957706|431187506|AMDOCS|S9AA-0081703726|2026-06-22 00:00:00|PEN|40.18|8.82|49.00
Pago|2004755252|CLIENT_00017|07004575|131851673|AMDOCS|S3AA-0079199301|2026-06-22 00:00:00|PEN|86.73|19.04|105.77
Pago|2069165375|CLIENT_00868|34761575|612551803|AMDOCS|S1AA-0052008914|2026-06-22 00:00:00|PEN|44.71|9.82|54.53
Pago|2055411982|CLIENT_00868|34761575|411551803|AMDOCS|S1AA-0052008913|2026-06-22 00:00:00|PEN|68.83|15.11|83.94
Pago|2053799818|CLIENT_00868|34761575|411551803|AMDOCS|S1AA-0052008913|2026-06-22 00:00:00|PEN|92.69|20.35|113.04
Pago|2050476342|CLIENT_00868|34761575|690551803|AMDOCS|S1AA-0052008912|2026-06-22 00:00:00|PEN|66.53|14.60|81.13
Pago|2092777400|CLIENT_00868|34761575|085092723|AMDOCS|S1AA-0052009093|2026-06-22 00:00:00|PEN|63.66|13.97|77.63
Pago|2027954672|CLIENT_00868|34761575|119794447|AMDOCS|S1AA-0052011629|2026-06-22 00:00:00|PEN|17.16|3.77|20.93
Pago|2048571914|CLIENT_00868|34761575|588967523|AMDOCS|S1AA-0052009073|2026-06-22 00:00:00|PEN|80.30|17.63|97.93
Pago|2069655698|CLIENT_00548|09574085|139540306|AMDOCS|S5AA-0081561360|2026-06-30 00:00:00|PEN|100.51|22.06|122.57
Pago|2082043891|CLIENT_00584|38282575|323625283|AMDOCS|S3AA-0079332203|2026-06-30 00:00:00|PEN|65.95|14.48|80.43
Pago|2001272251|CLIENT_00584|38282575|885925783|AMDOCS|S3AA-0079332302|2026-06-30 00:00:00|PEN|47.58|10.45|58.03
Pago|2014546847|CLIENT_00584|38282575|410910233|AMDOCS|S3AA-0079331506|2026-06-30 00:00:00|PEN|52.18|11.45|63.63
Pago|2068100781|CLIENT_00901|97653575|642431601|AMDOCS|S3AA-0079274092|2026-06-30 00:00:00|PEN|32.66|7.17|39.83
Pago|2086601259|CLIENT_00901|97653575|345764593|AMDOCS|S3AA-0079284921|2026-06-30 00:00:00|PEN|32.66|7.17|39.83
Pago|2018324047|CLIENT_00901|97653575|792551783|AMDOCS|S3AA-0079284781|2026-06-30 00:00:00|PEN|27.21|5.97|33.18
Pago|2007015227|CLIENT_00901|97653575|442431601|AMDOCS|S3AA-0079274091|2026-06-30 00:00:00|PEN|32.66|7.17|39.83
Pago|2076939161|CLIENT_00387|95100575|148103303|AMDOCS|S1AA-0052124577|2026-06-24 00:00:00|PEN|62.85|13.80|76.65
Pago|2029043337|CLIENT_00428|581765021|189262437|AMDOCS|S9AA-0083230672|2026-07-16 00:00:00|PEN|122.09|21.97|144.06
Pago|2022935188|CLIENT_00157|862543011|165703427|AMDOCS|S5AA-0081404666|2026-06-28 00:00:00|PEN|47.58|10.45|58.03
Pago|2016889615|CLIENT_00442|622439031|682444357|AMDOCS|S8AA-0008278877|2026-06-27 00:00:00|PEN|1.38|.25|1.63
Pago|2024675926|CLIENT_00467|994684231|107638557|AMDOCS|S8AA-0008196174|2026-07-20 00:00:00|PEN|2.37|.43|2.80
Pago|2099870926|CLIENT_00868|99425785|516467306|AMDOCS|S9AA-0083346263|2026-07-28 00:00:00|PEN|62.83|11.31|74.13
Pago|2065910252|CLIENT_00157|862543011|165703427|AMDOCS|S5AA-0082125384|2026-07-28 00:00:00|PEN|49.18|8.85|58.03
Pago|2044236396|CLIENT_00833|871323321|472868847|AMDOCS|S7AA-0069537461|2026-07-28 00:00:00|PEN|38.26|6.89|45.15
Pago|2031884114|CLIENT_00187|55310385|834003306|AMDOCS|S9AA-0082972615|2026-07-09 00:00:00|PEN|93.08|16.75|109.83
Pago|2085300720|CLIENT_00565|67507116|333625947|AMDOCS|S5AA-0081464367|2026-07-09 00:00:00|PEN|5.93|1.06|7.00
Pago|2062100732|CLIENT_00486|838010221|945824757|AMDOCS|S1AA-0052598940|2026-07-09 00:00:00|PEN|146.91|26.45|173.36
Pago|2056979329|CLIENT_00039|46110895|104211757|AMDOCS|S9AA-0083055217|2026-07-09 00:00:00|PEN|88.92|16.01|104.93
Pago|2035057342|CLIENT_00486|838010221|049034837|AMDOCS|S1AA-0052596467|2026-07-09 00:00:00|PEN|150.71|27.13|177.84
Pago|2069128399|CLIENT_00486|838010221|686858247|AMDOCS|S1AA-0052596815|2026-07-09 00:00:00|PEN|145.82|26.25|172.06
Pago|2044541341|CLIENT_00399|457788421|681996457|AMDOCS|S9AA-0082970047|2026-07-11 00:00:00|PEN|47.82|8.61|56.42
Pago|2051560969|CLIENT_00910|655842121|682586637|AMDOCS|S3AA-0079068483|2026-07-12 00:00:00|PEN|57.18|10.29|67.48
Pago|2091617136|CLIENT_00837|74471575|147616463|AMDOCS|S3AA-0078980466|2026-06-25 00:00:00|PEN|18.37|4.03|22.40
Pago|2055063637|CLIENT_00837|74471575|233972773|AMDOCS|S3AA-0078980657|2026-06-25 00:00:00|PEN|18.37|4.03|22.40
Pago|2048585675|CLIENT_00837|74471575|068080793|AMDOCS|S3AA-0078980981|2026-06-25 00:00:00|PEN|18.37|4.03|22.40
Pago|2041204651|CLIENT_00837|74471575|478329283|AMDOCS|S3AA-0078980759|2026-06-25 00:00:00|PEN|18.37|4.03|22.40
Pago|2011927420|CLIENT_00837|74471575|522164293|AMDOCS|S3AA-0078980907|2026-06-25 00:00:00|PEN|18.37|4.03|22.40
Pago|2018211886|CLIENT_00837|74471575|848434793|AMDOCS|S3AA-0078980991|2026-06-25 00:00:00|PEN|18.37|4.03|22.40
Pago|2030667979|CLIENT_00837|74471575|786140983|AMDOCS|S3AA-0078980845|2026-06-25 00:00:00|PEN|41.84|9.19|51.03
Pago|2005062507|CLIENT_00837|74471575|650399393|AMDOCS|S3AA-0078980927|2026-06-25 00:00:00|PEN|36.97|8.11|45.08
Pago|2073203512|CLIENT_00486|838010221|686858247|AMDOCS|S1AA-0051977522|2026-06-25 00:00:00|PEN|144.71|31.76|176.47
Pago|2027124128|CLIENT_00486|838010221|049034837|AMDOCS|S1AA-0051977165|2026-06-25 00:00:00|PEN|149.58|32.84|182.42
Pago|2049110379|CLIENT_00486|838010221|945824757|AMDOCS|S1AA-0051979746|2026-06-25 00:00:00|PEN|145.85|32.02|177.87
Pago|2001476166|CLIENT_00915|271943|30729200|ISIS|FHTP-33372|2026-07-17 00:00:00|PEN|41552.20|7479.40|49031.60
Pago|2079494682|CLIENT_00959|149869031|118805357|AMDOCS|S9AA-0082859508|2026-07-17 00:00:00|PEN|109.63|19.73|129.36
Pago|2078726535|CLIENT_00097|43899716|793398606|AMDOCS|S9AA-0082796175|2026-07-18 00:00:00|PEN|74.68|13.44|88.13
Pago|2009173747|CLIENT_00445|92763575|582891443|AMDOCS|S7AA-0068829129|2026-07-18 00:00:00|PEN|24.47|4.40|28.88
Pago|2093305474|CLIENT_00330|82736316|703553606|AMDOCS|S9AA-0082719687|2026-07-25 00:00:00|PEN|249.15|44.85|294.00
Pago|2010053943|CLIENT_00298|22329095|011101406|AMDOCS|S9AA-0082693153|2026-07-25 00:00:00|PEN|113.25|20.38|133.63
Pago|2000782800|CLIENT_00886|92995216|483063606|AMDOCS|S9AA-0082753608|2026-07-25 00:00:00|PEN|18.72|3.37|22.09
Pago|2081272040|CLIENT_00839|122471211|461935027|AMDOCS|S5AA-0081787446|2026-07-25 00:00:00|PEN|53.92|9.71|63.63
Pago|2056088591|CLIENT_00160|113719411|897018447|AMDOCS|S1AA-0052460990|2026-07-25 00:00:00|PEN|30.37|5.47|35.84
Pago|2096959477|CLIENT_00690|516245631|439561267|AMDOCS|S1AA-0052457695|2026-07-25 00:00:00|PEN|16.73|3.01|19.74
Pago|2064574452|CLIENT_00897|318317521|645640547|AMDOCS|S4AA-0007903945|2026-06-27 00:00:00|PEN|114.63|25.16|139.79
Pago|2037074157|CLIENT_00442|622439031|682444357|AMDOCS|S8AA-0007554066|2026-06-27 00:00:00|PEN|36.02|7.91|43.93
Pago|2055919929|CLIENT_00330|82736316|703553606|AMDOCS|S9AA-0082282944|2026-06-27 00:00:00|PEN|241.08|52.92|294.00
Pago|2032560960|CLIENT_00761|12041575|516592593|AMDOCS|S3AA-0078733924|2026-06-27 00:00:00|PEN|28.64|6.29|34.93
Pago|2069871010|CLIENT_00298|22329095|011101406|AMDOCS|S9AA-0082229979|2026-06-27 00:00:00|PEN|109.58|24.05|133.63
Pago|2075863671|CLIENT_00860|56562795|551637406|AMDOCS|S9AA-0083058642|2026-07-10 00:00:00|PEN|44.25|7.97|52.22
Pago|2062114181|CLIENT_00860|56562795|551637406|AMDOCS|S9AA-0081738098|2026-07-10 00:00:00|PEN|44.25|7.97|52.22
Pago|2006570106|CLIENT_00907|01754575|535241403|AMDOCS|S1AA-0052417276|2026-07-10 00:00:00|PEN|68.75|12.38|81.13
Pago|2072637379|CLIENT_00907|41460516|337385957|AMDOCS|S9AA-0082631480|2026-07-10 00:00:00|PEN|77.06|13.87|90.93
Pago|2019367288|CLIENT_00907|01754575|035241403|AMDOCS|S1AA-0052417275|2026-07-10 00:00:00|PEN|46.21|8.32|54.53
Pago|2088982083|CLIENT_00445|92763575|382891443|AMDOCS|S7AA-0068829128|2026-07-13 00:00:00|PEN|24.47|4.40|28.88
Pago|2040543120|CLIENT_00369|03027706|011187506|AMDOCS|S9AA-0082761955|2026-07-13 00:00:00|PEN|32.63|5.87|38.50
Pago|2011906495|CLIENT_00369|16957706|431187506|AMDOCS|S9AA-0083024835|2026-07-13 00:00:00|PEN|41.52|7.48|49.00
Pago|2055000451|CLIENT_00369|64027706|811187506|AMDOCS|S9AA-0082897655|2026-07-13 00:00:00|PEN|32.63|5.87|38.50
Pago|2065416602|CLIENT_00369|77627706|621187506|AMDOCS|S9AA-0083160649|2026-07-13 00:00:00|PEN|16.43|2.95|19.39
Pago|2068120686|CLIENT_00369|86640595|770715406|AMDOCS|S9AA-0083083887|2026-07-13 00:00:00|PEN|90.71|16.32|107.03
Pago|2013936757|CLIENT_00868|34761575|588967523|AMDOCS|S1AA-0052628353|2026-07-17 00:00:00|PEN|81.57|14.69|96.25
Pago|2040653327|CLIENT_00868|34761575|119794447|AMDOCS|S1AA-0052630846|2026-07-17 00:00:00|PEN|17.74|3.19|20.93
Pago|2009670437|CLIENT_00213|57359006|139090506|AMDOCS|S9AA-0083143488|2026-07-17 00:00:00|PEN|94.86|17.07|111.93
Pago|2034327592|CLIENT_00868|34761575|690551803|AMDOCS|S1AA-0052628192|2026-07-17 00:00:00|PEN|68.75|12.38|81.13
Pago|2025755033|CLIENT_00088|46817685|210386306|AMDOCS|S9AA-0083049335|2026-07-17 00:00:00|PEN|71.13|12.80|83.93
Pago|2018747210|CLIENT_00014|58660575|620373103|AMDOCS|S1AA-0052934187|2026-07-17 00:00:00|PEN|29.01|5.22|34.23
Pago|2090276302|CLIENT_00771|843878221|842535937|AMDOCS|S9AA-0082917123|2026-07-17 00:00:00|PEN|15.18|2.73|17.92
Pago|2082499938|CLIENT_00210|37890575|820315303|AMDOCS|S3AA-0080369283|2026-07-24 00:00:00|PEN|33.75|6.08|39.83
Pago|2042840517|CLIENT_00226|040742521|560084557|AMDOCS|S3AA-0080077495|2026-07-24 00:00:00|PEN|47.40|8.53|55.93
Pago|2043002123|CLIENT_00226|040742521|511774557|AMDOCS|S3AA-0080077494|2026-07-24 00:00:00|PEN|23.67|4.26|27.93
Pago|2054980634|CLIENT_00226|040742521|970084557|AMDOCS|S3AA-0080077496|2026-07-24 00:00:00|PEN|23.67|4.26|27.93
Pago|2013973967|CLIENT_00812|25776706|184557506|AMDOCS|S9AA-0082948713|2026-07-25 00:00:00|PEN|102.03|18.37|120.40
Pago|2090359358|CLIENT_00253|371954321|306028357|AMDOCS|S1AA-0052849917|2026-07-25 00:00:00|PEN|56.06|10.09|66.15
Pago|2062828754|CLIENT_00442|91425575|793447523|AMDOCS|S3AA-0078713774|2026-06-26 00:00:00|PEN|74.56|16.37|90.93
Pago|2004058715|CLIENT_00442|72425575|073241401|AMDOCS|S1AA-0051899756|2026-06-26 00:00:00|PEN|59.01|12.95|71.96
Pago|2057769086|CLIENT_00950|82037575|767789501|AMDOCS|S1AA-0052866086|2026-07-09 00:00:00|PEN|18.63|3.35|21.98
Pago|2001303110|CLIENT_00731|82013506|297748447|AMDOCS|S5AA-0081115204|2026-07-09 00:00:00|PEN|36.37|6.55|42.91
Pago|2056304873|CLIENT_00072|213179011|948557757|AMDOCS|S9AA-0082614110|2026-07-09 00:00:00|PEN|106.72|19.21|125.93
Pago|2026874104|CLIENT_00981|53769395|551404406|AMDOCS|S9AA-0082342636|2026-07-10 00:00:00|PEN|76.59|13.78|90.37
Pago|2088843323|CLIENT_00630|60778085|575780306|AMDOCS|S9AA-0082091072|2026-07-10 00:00:00|PEN|39.57|7.13|46.69
Pago|2020228816|CLIENT_00854|59662385|127846257|AMDOCS|S9AA-0082001864|2026-07-10 00:00:00|PEN|47.40|8.53|55.93
Pago|2061989491|CLIENT_00986|38443785|347547306|AMDOCS|S9AA-0083210563|2026-07-13 00:00:00|PEN|86.55|15.58|102.13
Pago|2001919358|CLIENT_00658|058707021|650322737|AMDOCS|S1AA-0052691703|2026-07-13 00:00:00|PEN|52.14|9.39|61.53
Pago|2033627328|CLIENT_00799|37534575|185213753|AMDOCS|S7AA-0068334589|2026-07-13 00:00:00|PEN|70.60|12.71|83.30
Pago|2040275140|CLIENT_00421|53591575|786920023|AMDOCS|S1AA-0052574010|2026-07-14 00:00:00|PEN|9.49|1.71|11.20
Pago|2096247949|CLIENT_00334|014420021|698221337|AMDOCS|S9AA-0082594110|2026-07-14 00:00:00|PEN|65.14|11.73|76.86
Pago|2059315520|CLIENT_00186|86662495|155261957|AMDOCS|S5AA-0080450168|2026-07-01 00:00:00|PEN|55.48|12.18|67.66
Pago|2083627939|CLIENT_00277|06703575|437263783|AMDOCS|S3AA-0079104314|2026-07-01 00:00:00|PEN|32.66|7.17|39.83
Pago|2039530710|CLIENT_00063|66883006|651430506|AMDOCS|S9AA-0081746749|2026-07-01 00:00:00|PEN|91.78|20.15|111.93
Pago|2054497672|CLIENT_00063|85883006|081430506|AMDOCS|S9AA-0081686163|2026-07-01 00:00:00|PEN|98.38|21.60|119.98
Pago|2074438410|CLIENT_00063|80290575|900256073|AMDOCS|S1AA-0051778350|2026-07-01 00:00:00|PEN|76.92|16.88|93.80
Pago|2081753655|CLIENT_00063|74454006|461430506|AMDOCS|S9AA-0082429375|2026-07-01 00:00:00|PEN|91.78|20.15|111.93
Pago|2004451246|CLIENT_00063|09924006|041430506|AMDOCS|S9AA-0081954051|2026-07-01 00:00:00|PEN|57.40|12.60|70.00
Pago|2007354673|CLIENT_00063|80290575|421513101|AMDOCS|S1AA-0051777155|2026-07-01 00:00:00|PEN|2298.53|504.55|2803.08
Pago|2036309198|CLIENT_00063|80290575|200705357|AMDOCS|S1AA-0051781467|2026-07-01 00:00:00|PEN|86.04|18.89|104.93
Pago|2055828601|CLIENT_00063|80290575|478621057|AMDOCS|S1AA-0051780967|2026-07-01 00:00:00|PEN|460.23|101.03|561.26
Pago|2099276688|CLIENT_00303|22518216|653521337|AMDOCS|S9AA-0082695896|2026-07-20 00:00:00|PEN|71.13|12.80|83.93
Pago|2099709047|CLIENT_00026|245225901|553500617|AMDOCS|S5AA-0081214907|2026-06-29 00:00:00|PEN|446.26|97.96|544.22
Pago|2005695803|CLIENT_00026|245225901|553500617|AMDOCS|S5AA-0081214907|2026-06-29 00:00:00|PEN|159.60|35.03|194.64
Pago|2097514450|CLIENT_00445|92763575|382891443|AMDOCS|S7AA-0068829128|2026-06-13 00:00:00|PEN|.71|.15|.86
Pago|2090094032|CLIENT_00445|92763575|582891443|AMDOCS|S7AA-0068829129|2026-06-13 00:00:00|PEN|.71|.15|.86
Pago|2054722964|CLIENT_00836|38117575|720665817|AMDOCS|S7AA-0068424268|2026-06-23 00:00:00|PEN|3.69|.81|4.50
Pago|2015499295|CLIENT_00346|282744421|826967057|AMDOCS|S9AA-0083207050|2026-07-10 00:00:00|PEN|14.00|2.52|16.52
Pago|2013352894|CLIENT_00346|282744421|197187057|AMDOCS|S9AA-0083207056|2026-07-10 00:00:00|PEN|14.00|2.52|16.52
Pago|2079015638|CLIENT_00600|46729795|798244957|AMDOCS|S9AA-0083055708|2026-07-11 00:00:00|PEN|41.47|7.46|48.93
Pago|2097749056|CLIENT_00600|15637585|704385306|AMDOCS|S5AA-0079093949|2026-07-11 00:00:00|PEN|.95|.17|1.12
Pago|2039186250|CLIENT_00600|15637585|704385306|AMDOCS|S5AA-0078233180|2026-07-11 00:00:00|PEN|3.29|.60|3.89
Pago|2030649540|CLIENT_00600|46729795|798244957|AMDOCS|S9AA-0081735166|2026-07-11 00:00:00|PEN|41.47|7.46|48.93
Pago|2090674309|CLIENT_00855|10261906|298836047|AMDOCS|S9AA-0082535663|2026-07-11 00:00:00|PEN|67.15|12.09|79.24
Pago|2068760918|CLIENT_00496|219732621|662884257|AMDOCS|S8AA-0008032519|2026-07-14 00:00:00|PEN|88.92|16.01|104.93
Pago|2049111828|CLIENT_00759|274096121|010266957|AMDOCS|S7AA-0068315133|2026-07-14 00:00:00|PEN|53.33|9.60|62.93
Pago|2004214943|CLIENT_00303|80790575|138430103|AMDOCS|S1AA-0052403575|2026-07-14 00:00:00|PEN|24.56|4.42|28.98
Pago|2046606377|CLIENT_00303|80790575|115374103|AMDOCS|S1AA-0052403595|2026-07-14 00:00:00|PEN|31.14|5.61|36.75
Pago|2045107949|CLIENT_00795|47443006|541430506|AMDOCS|S9AA-0083134931|2026-07-15 00:00:00|PEN|280.00|50.40|330.40
Pago|2025057727|CLIENT_00839|34610495|721314406|AMDOCS|S9AA-0082871568|2026-07-15 00:00:00|PEN|16.55|2.98|19.53
Pago|2078694927|CLIENT_00385|159200|74268100|ISIS|S300-253195|2026-07-09 00:00:00|PEN|861.00|154.98|1015.98
Pago|2011994495|CLIENT_00175|047088821|554325057|AMDOCS|S5AA-0080250523|2026-07-01 00:00:00|PEN|114.40|25.11|139.51
Pago|2082724368|CLIENT_00874|244414621|676462647|AMDOCS|S8AA-0007899035|2026-07-01 00:00:00|PEN|30.36|6.67|37.03
Pago|2068288805|CLIENT_00494|01762006|068427837|AMDOCS|S5AA-0080984028|2026-07-01 00:00:00|PEN|134.60|29.55|164.15
Pago|2053030835|CLIENT_00494|01762006|960103047|AMDOCS|S5AA-0080984121|2026-07-01 00:00:00|PEN|125.99|27.66|153.65
Pago|2066104589|CLIENT_00649|764058921|644919157|AMDOCS|S8AA-0007678951|2026-07-01 00:00:00|PEN|21.12|4.64|25.76
Pago|2030047572|CLIENT_00031|120124111|039509527|AMDOCS|S5AA-0081063399|2026-07-01 00:00:00|PEN|24.05|5.28|29.33
Pago|2084840269|CLIENT_00584|50111885|145028306|AMDOCS|S5AA-0080944422|2026-07-01 00:00:00|PEN|42.82|9.40|52.22
Pago|2020666780|CLIENT_00584|88271306|903771957|AMDOCS|S5AA-0081552568|2026-07-01 00:00:00|PEN|91.78|20.15|111.93
Pago|2036252758|CLIENT_00485|97971595|652425406|AMDOCS|S9AA-0083177163|2026-07-20 00:00:00|PEN|101.79|18.33|120.12
Pago|2068227546|CLIENT_00527|688513121|214988537|AMDOCS|S1AA-0052943387|2026-07-20 00:00:00|PEN|69.05|12.43|81.48
Pago|2026955949|CLIENT_00277|06703575|437263783|AMDOCS|S3AA-0080258476|2026-07-20 00:00:00|PEN|33.75|6.08|39.83
Pago|2022643357|CLIENT_00298|41329095|201101406|AMDOCS|S5AA-0081009958|2026-07-20 00:00:00|PEN|23.91|4.31|28.21
Pago|2044349038|CLIENT_00549|217765221|450638837|AMDOCS|S1AA-0052426361|2026-07-20 00:00:00|PEN|33.16|5.97|39.13
Pago|2077611740|CLIENT_00656|944798511|464331147|AMDOCS|S9AA-0082925961|2026-07-20 00:00:00|PEN|47.40|8.53|55.93
Pago|2000252800|CLIENT_00467|994684231|107638557|AMDOCS|S8AA-0007819761|2026-07-20 00:00:00|PEN|20.52|3.70|24.22
Pago|2038291285|CLIENT_00531|148721331|275898657|AMDOCS|S3AA-0078930050|2026-07-20 00:00:00|PEN|59.26|10.67|69.93
Pago|2082735250|CLIENT_00885|33520195|186240957|AMDOCS|S9AA-0082792552|2026-06-09 00:00:00|PEN|1.34|.29|1.64
Pago|2043898920|CLIENT_00213|31059006|519090506|AMDOCS|S9AA-0082617503|2026-06-17 00:00:00|PEN|3.05|.67|3.72
Pago|2085158571|CLIENT_00933|23560575|143172533|AMDOCS|S1AA-0052553769|2026-07-13 00:00:00|PEN|30.32|5.46|35.77
Pago|2085272252|CLIENT_00908|935732531|860232067|AMDOCS|S9AA-0082843786|2026-07-13 00:00:00|PEN|88.92|16.01|104.93
Pago|2031643257|CLIENT_00833|871323321|472868847|AMDOCS|S7AA-0068382846|2026-07-13 00:00:00|PEN|38.26|6.89|45.15
Pago|2045373291|CLIENT_00621|24489306|850504506|AMDOCS|S9AA-0082863522|2026-07-15 00:00:00|PEN|82.99|14.94|97.93
Pago|2060410578|CLIENT_00712|14866506|155649847|AMDOCS|S5AA-0081932984|2026-07-22 00:00:00|PEN|65.20|11.74|76.93
Pago|2037012707|CLIENT_00385|10560575|747353583|AMDOCS|S1AA-0052370932|2026-07-22 00:00:00|PEN|71.13|12.80|83.93
Pago|2087002564|CLIENT_00385|10560575|334412823|AMDOCS|S1AA-0052370006|2026-07-22 00:00:00|PEN|391.11|70.40|461.51
Pago|2060345914|CLIENT_00442|72425575|073241401|AMDOCS|S1AA-0052519138|2026-07-22 00:00:00|PEN|59.62|10.73|70.35
Pago|2096093742|CLIENT_00442|622439031|682444357|AMDOCS|S8AA-0008075975|2026-07-22 00:00:00|PEN|30.82|5.55|36.37
Pago|2076326253|CLIENT_00442|72425575|624630313|AMDOCS|S1AA-0052866423|2026-07-22 00:00:00|PEN|76.59|13.78|90.37
Pago|2021603724|CLIENT_00442|91425575|793447523|AMDOCS|S3AA-0079875008|2026-07-22 00:00:00|PEN|77.06|13.87|90.93
Pago|2021770000|CLIENT_00139|018002321|394901657|AMDOCS|S3AA-0079797728|2026-07-19 00:00:00|PEN|100.79|18.14|118.93
Pago|2010915266|CLIENT_00499|07661185|996162347|AMDOCS|S5AA-0082140593|2026-07-19 00:00:00|PEN|88.92|16.01|104.93
Pago|2097934449|CLIENT_00499|07661185|233405737|AMDOCS|S5AA-0082140138|2026-07-19 00:00:00|PEN|109.68|19.74|129.43
Pago|2050821032|CLIENT_00569|514240531|757049957|AMDOCS|S5AA-0081747453|2026-07-20 00:00:00|PEN|77.06|13.87|90.93
Pago|2092500350|CLIENT_00569|514240531|266739957|AMDOCS|S5AA-0081747452|2026-07-20 00:00:00|PEN|77.06|13.87|90.93
Pago|2067918276|CLIENT_00569|514240531|215849957|AMDOCS|S5AA-0081747454|2026-07-20 00:00:00|PEN|77.06|13.87|90.93
Pago|2030808313|CLIENT_00059|72611706|235286506|AMDOCS|S9AA-0082744938|2026-07-20 00:00:00|PEN|74.98|13.50|88.48
Pago|2007974676|CLIENT_00385|69590106|725011506|AMDOCS|S9AA-0083321617|2026-07-20 00:00:00|PEN|29.66|5.34|35.00
Pago|2056686999|CLIENT_00385|25590106|915011506|AMDOCS|S9AA-0082948512|2026-07-20 00:00:00|PEN|172.92|31.13|204.05
Pago|2067480851|CLIENT_00224|726970231|557591557|AMDOCS|S9AA-0082749477|2026-06-20 00:00:00|PEN|1.72|.38|2.10
Pago|2060547488|CLIENT_00577|76921016|561996457|AMDOCS|S9AA-0083080366|2026-06-20 00:00:00|PEN|3.63|.80|4.43
Pago|2043401229|CLIENT_00886|02379285|301892306|AMDOCS|S9AA-0082675774|2026-06-21 00:00:00|PEN|1.74|.38|2.13
Pago|2010885913|CLIENT_00886|92995216|483063606|AMDOCS|S9AA-0082753608|2026-06-21 00:00:00|PEN|.53|.12|.65
Pago|2068213151|CLIENT_00351|176473121|523999537|AMDOCS|S9AA-0083111985|2026-06-22 00:00:00|PEN|3.81|.84|4.64
Pago|2051774992|CLIENT_00815|10405516|642196857|AMDOCS|S9AA-0082063328|2026-07-03 00:00:00|PEN|24.74|5.43|30.17
Pago|2029838667|CLIENT_00775|261240031|663722257|AMDOCS|S5AA-0081362991|2026-07-03 00:00:00|PEN|51.60|11.33|62.93
Pago|2084940263|CLIENT_00801|319222|89986100|ISIS|FFBG-155662|2026-07-21 00:00:00|USD|38.03|6.85|44.88
Pago|2053720489|CLIENT_00915|271943|30729200|ISIS|FHTP-33372|2026-07-21 00:00:00|PEN|5666.44|1019.96|6686.40
Pago|2004899141|CLIENT_00494|01762006|068427837|AMDOCS|S5AA-0081709540|2026-07-21 00:00:00|PEN|139.11|25.04|164.15
Pago|2091782843|CLIENT_00494|01762006|960103047|AMDOCS|S5AA-0081709631|2026-07-21 00:00:00|PEN|130.21|23.44|153.65
Pago|2021938344|CLIENT_00494|01762006|709596837|AMDOCS|S5AA-0081709538|2026-07-21 00:00:00|PEN|139.11|25.04|164.15
Pago|2015981837|CLIENT_00056|56710416|853352847|AMDOCS|S9AA-0083062598|2026-07-21 00:00:00|PEN|44.20|7.96|52.15
Pago|2068676525|CLIENT_00088|27841006|947620506|AMDOCS|S5AA-0082152158|2026-07-21 00:00:00|PEN|7.53|1.36|8.89
Pago|2089525123|CLIENT_00088|08841006|147620506|AMDOCS|S5AA-0082209498|2026-07-21 00:00:00|PEN|27.83|5.01|32.83
Pago|2018849431|CLIENT_00586|190804531|883884067|AMDOCS|S2AA-0000216181|2026-07-21 00:00:00|PEN|106.84|19.23|126.07
Pago|2053317276|CLIENT_00589|493603511|560891157|AMDOCS|S9AA-0083308762|2026-07-21 00:00:00|PEN|41.47|7.46|48.93
Pago|2062176867|CLIENT_00150|455224321|452647047|AMDOCS|S4AA-0008483359|2026-07-20 00:00:00|PEN|136.33|24.54|160.86
Pago|2083660133|CLIENT_00935|203984621|629993647|AMDOCS|S9AA-0082544792|2026-07-20 00:00:00|PEN|43.18|7.77|50.96
Pago|2012744508|CLIENT_00935|203984621|006104647|AMDOCS|S9AA-0082544793|2026-07-20 00:00:00|PEN|83.41|15.02|98.42
Pago|2015104553|CLIENT_00804|730587531|356540167|AMDOCS|S9AA-0082827020|2026-07-20 00:00:00|PEN|310.49|55.89|366.38
Pago|2001300260|CLIENT_00351|176473121|523999537|AMDOCS|S9AA-0083111985|2026-07-20 00:00:00|PEN|38.12|6.86|44.98
Pago|2043108067|CLIENT_00772|95734385|204243306|AMDOCS|S5AA-0077629836|2026-07-20 00:00:00|PEN|7.41|1.34|8.75
Pago|2097164679|CLIENT_00772|95734385|204243306|AMDOCS|S5AA-0078294559|2026-07-20 00:00:00|PEN|2.37|.43|2.80
Pago|2040956704|CLIENT_00677|64288416|896318457|AMDOCS|S9AA-0082902206|2026-07-20 00:00:00|PEN|53.33|9.60|62.93
Pago|2037545493|CLIENT_00796|44436575|800127001|AMDOCS|S1AA-0052634708|2026-07-20 00:00:00|PEN|21.95|3.95|25.90
Pago|2018749026|CLIENT_00499|96123575|721918001|AMDOCS|S3AA-0079178991|2026-07-03 00:00:00|PEN|52.18|11.45|63.63
Pago|2088496065|CLIENT_00580|138337721|340321067|AMDOCS|S3AA-0078836208|2026-07-03 00:00:00|PEN|123.18|27.04|150.22
Pago|2020520778|CLIENT_00099|93455606|848147506|AMDOCS|S5AA-0081192223|2026-07-03 00:00:00|PEN|94.65|20.78|115.43
Pago|2081101271|CLIENT_00815|10405516|624523957|AMDOCS|S9AA-0082538132|2026-07-03 00:00:00|PEN|32.09|7.04|39.13
Pago|2041539406|CLIENT_00077|64519885|230808857|AMDOCS|S5AA-0081247480|2026-07-04 00:00:00|PEN|40.87|8.97|49.84
Pago|2050364733|CLIENT_00579|52112216|827423606|AMDOCS|S5AA-0081090705|2026-07-04 00:00:00|PEN|53.10|11.66|64.75
Pago|2099723990|CLIENT_00659|56917616|167977537|AMDOCS|S9AA-0081740811|2026-07-05 00:00:00|PEN|41.27|9.06|50.33
Pago|2071671933|CLIENT_00690|516245631|439561267|AMDOCS|FQAK-00008632|2026-07-05 00:00:00|PEN|.57|.13|.70
Pago|2016631943|CLIENT_00263|270249021|473250537|AMDOCS|S5AA-0081434230|2026-07-05 00:00:00|PEN|44.71|9.82|54.53
Pago|2049770281|CLIENT_00663|788183431|166539857|AMDOCS|S8AA-0007845003|2026-07-05 00:00:00|PEN|163.42|35.87|199.29
Pago|2091024518|CLIENT_00292|88402006|478720506|AMDOCS|S9AA-0083253659|2026-07-21 00:00:00|PEN|72.02|12.96|84.98
Pago|2086726498|CLIENT_00956|13550895|003107947|AMDOCS|S9AA-0082774113|2026-07-21 00:00:00|PEN|115.38|20.77|136.15
Pago|2063862131|CLIENT_00721|297043021|341943067|AMDOCS|S3AA-0079425402|2026-07-02 00:00:00|PEN|22.90|5.03|27.93
Pago|2090518652|CLIENT_00721|297043021|536553067|AMDOCS|S3AA-0079425404|2026-07-02 00:00:00|PEN|22.90|5.03|27.93
Pago|2005907618|CLIENT_00721|297043021|435943067|AMDOCS|S3AA-0079425403|2026-07-02 00:00:00|PEN|22.90|5.03|27.93
Pago|2027717139|CLIENT_00761|12041575|202389647|AMDOCS|S3AA-0078737609|2026-07-02 00:00:00|PEN|53.27|11.69|64.96
Pago|2045415095|CLIENT_00922|23224575|205311463|AMDOCS|S3AA-0078837958|2026-07-02 00:00:00|PEN|18.31|4.02|22.33
Pago|2027819218|CLIENT_00785|177349331|280533857|AMDOCS|S7AA-0067717260|2026-07-02 00:00:00|PEN|78.26|17.18|95.45
Pago|2060867056|CLIENT_00523|162487121|820342757|AMDOCS|S5AA-0081356244|2026-07-02 00:00:00|PEN|100.16|21.99|122.15
Pago|2038964821|CLIENT_00507|12872575|654768543|AMDOCS|S3AA-0078733151|2026-07-02 00:00:00|PEN|36.05|7.91|43.96
Pago|2008421735|CLIENT_00507|12872575|854768543|AMDOCS|S3AA-0078733152|2026-07-02 00:00:00|PEN|36.05|7.91|43.96
Pago|1033919058|CLIENT_00092|05551575|781721923|AMDOCS|S3AA-0078999004|2026-07-02 00:00:00|PEN|38.40|8.43|46.83
Pago|2079649915|CLIENT_00479|220136621|618805067|AMDOCS|S3AA-0078750720|2026-07-02 00:00:00|PEN|97.58|21.42|119.00
Pago|2041949510|CLIENT_00693|27750575|492499483|AMDOCS|S1AA-0052840179|2026-07-08 00:00:00|PEN|18.37|4.03|22.40
Pago|2006013765|CLIENT_00815|46031575|868897423|AMDOCS|S1AA-0052784854|2026-07-08 00:00:00|PEN|31.28|6.87|38.15
Pago|2042893140|CLIENT_00665|739641521|713310447|AMDOCS|S9AA-0081098029|2026-07-08 00:00:00|PEN|.14|.03|.18
Pago|2004599839|CLIENT_00665|739641521|713310447|AMDOCS|S9AA-0080220556|2026-07-08 00:00:00|PEN|.26|.06|.32
Pago|2047640143|CLIENT_00114|25359406|006456757|AMDOCS|S5AA-0081290928|2026-07-08 00:00:00|PEN|97.52|21.41|118.93
Pago|2012952033|CLIENT_00988|615858811|305722857|AMDOCS|S3AA-0078692786|2026-07-17 00:00:00|PEN|59.83|10.77|70.60
Pago|2034936943|CLIENT_00342|503427421|984532347|AMDOCS|S9AA-0082553028|2026-07-17 00:00:00|PEN|50.13|9.02|59.15
Pago|2061945294|CLIENT_00854|59662385|127846257|AMDOCS|S9AA-0083317545|2026-07-18 00:00:00|PEN|61.99|11.16|73.15
Pago|2043698639|CLIENT_00322|38331516|680339747|AMDOCS|S9AA-0083215130|2026-07-18 00:00:00|PEN|88.92|16.01|104.93
Pago|2095584810|CLIENT_00070|702465221|633428837|AMDOCS|S9AA-0082569290|2026-07-18 00:00:00|PEN|73.79|13.29|87.08
Pago|2087771636|CLIENT_00070|702465221|263158937|AMDOCS|S9AA-0082569413|2026-07-18 00:00:00|PEN|115.26|20.75|136.01
Pago|2095429301|CLIENT_00224|726970231|557591557|AMDOCS|S9AA-0082749477|2026-07-18 00:00:00|PEN|54.28|9.77|64.05
Pago|2023358876|CLIENT_00868|34761575|411551803|AMDOCS|S1AA-0052628193|2026-06-22 00:00:00|PEN|.50|.09|.59
Pago|2039642219|CLIENT_00868|34761575|411551803|AMDOCS|S1AA-0052628193|2026-06-22 00:00:00|PEN|.68|.12|.80
Pago|2045594617|CLIENT_00868|34761575|588967523|AMDOCS|S1AA-0052628353|2026-06-22 00:00:00|PEN|1.37|.25|1.62
Pago|2016472229|CLIENT_00849|962311511|318031527|AMDOCS|S5AA-0081412009|2026-07-09 00:00:00|PEN|120.66|21.72|142.38
Pago|2032321899|CLIENT_00907|01754575|127596503|AMDOCS|S1AA-0052417313|2026-07-10 00:00:00|PEN|82.99|14.94|97.93
Pago|2084435395|CLIENT_00837|22696485|744180937|AMDOCS|S9AA-0082233408|2026-07-10 00:00:00|PEN|41.97|7.55|49.53
Pago|2090639529|CLIENT_00837|22696485|744180937|AMDOCS|S9AA-0082696512|2026-07-10 00:00:00|PEN|40.01|7.20|47.22
Pago|2079431606|CLIENT_00125|29031575|043130263|AMDOCS|S7AA-0068502552|2026-07-10 00:00:00|PEN|88.92|16.01|104.93
Pago|2087799939|CLIENT_00195|799221901|475125457|AMDOCS|S7AA-0068552123|2026-07-13 00:00:00|PEN|44.20|7.96|52.15
Pago|2007682544|CLIENT_00590|671923611|716981067|AMDOCS|S9AA-0083157642|2026-07-13 00:00:00|PEN|100.79|18.14|118.93
Pago|2083295497|CLIENT_00376|304933921|324580157|AMDOCS|S8AA-0007782540|2026-07-13 00:00:00|PEN|12.31|2.21|14.53
Pago|2064887435|CLIENT_00142|416418121|785016857|AMDOCS|S1AA-0052442584|2026-07-13 00:00:00|PEN|71.13|12.80|83.93
Pago|2073777784|CLIENT_00280|359903621|757001647|AMDOCS|S5AA-0081296910|2026-07-13 00:00:00|PEN|126.24|22.72|148.96
Pago|2054219699|CLIENT_00072|900003531|833523067|AMDOCS|S4AA-0008344388|2026-07-13 00:00:00|PEN|82.99|14.94|97.93
Pago|2011477272|CLIENT_00677|64288416|286845057|AMDOCS|S9AA-0082901639|2026-07-14 00:00:00|PEN|26.40|4.75|31.15
Pago|2057519764|CLIENT_00677|64288416|144113047|AMDOCS|S9AA-0082900468|2026-07-14 00:00:00|PEN|74.68|13.44|88.13
Pago|2013986061|CLIENT_00837|22696485|647974306|AMDOCS|S9AA-0082692744|2026-07-15 00:00:00|PEN|64.96|11.69|76.65
Pago|2027354004|CLIENT_00836|38117575|720665817|AMDOCS|S7AA-0068424268|2026-07-15 00:00:00|PEN|24.74|4.45|29.19
Pago|2037203715|CLIENT_00836|96503306|987333506|AMDOCS|S9AA-0083092707|2026-07-15 00:00:00|PEN|59.26|10.67|69.93
Pago|2081081601|CLIENT_00009|528629521|044878157|AMDOCS|S4AA-0008393243|2026-07-22 00:00:00|PEN|88.92|16.01|104.93
Pago|2037102312|CLIENT_00077|88238406|285908857|AMDOCS|S9AA-0083259161|2026-07-22 00:00:00|PEN|53.33|9.60|62.93
Pago|2097918284|CLIENT_00077|64519885|230808857|AMDOCS|S5AA-0081955563|2026-07-22 00:00:00|PEN|53.33|9.60|62.93
Pago|2088657378|CLIENT_00901|19701506|266683067|AMDOCS|S5AA-0081574626|2026-07-01 00:00:00|PEN|80.30|17.63|97.93
Pago|2007077915|CLIENT_00901|19701506|266683067|AMDOCS|S5AA-0080619597|2026-07-01 00:00:00|PEN|66.81|14.67|81.48
Pago|2042761198|CLIENT_00731|82013506|297748447|AMDOCS|S5AA-0081839205|2026-06-17 00:00:00|PEN|3.16|.57|3.72
Pago|2074640301|CLIENT_00901|19701506|266683067|AMDOCS|S5AA-0082293293|2026-07-01 00:00:00|PEN|2.77|.50|3.26
Pago|2010652060|CLIENT_00114|25359406|006456757|AMDOCS|S5AA-0082012859|2026-07-08 00:00:00|PEN|3.37|.61|3.97
Pago|2035367634|CLIENT_00331|79186895|296968406|AMDOCS|S9AA-0083330083|2026-07-08 00:00:00|PEN|125.99|27.66|153.65
Pago|2028628577|CLIENT_00851|29951606|705738957|AMDOCS|S5AA-0081581821|2026-07-07 00:00:00|PEN|91.67|20.12|111.79
Pago|2017611744|CLIENT_00465|333088111|164708037|AMDOCS|S7AA-0067983002|2026-07-07 00:00:00|PEN|137.65|30.21|167.86
Pago|2045297496|CLIENT_00763|236245531|636986067|AMDOCS|S7AA-0067988818|2026-07-08 00:00:00|PEN|17.22|3.78|21.00
Pago|2098992430|CLIENT_00763|236245531|804686067|AMDOCS|S7AA-0067988817|2026-07-08 00:00:00|PEN|17.22|3.78|21.00
Pago|2078301959|CLIENT_00763|236245531|585196067|AMDOCS|S7AA-0067988824|2026-07-08 00:00:00|PEN|17.22|3.78|21.00
Pago|2024556861|CLIENT_00763|236245531|788986067|AMDOCS|S7AA-0067988819|2026-07-08 00:00:00|PEN|17.22|3.78|21.00
Pago|2059339357|CLIENT_00763|236245531|924196067|AMDOCS|S7AA-0067988823|2026-07-08 00:00:00|PEN|17.22|3.78|21.00
Pago|2090196666|CLIENT_00763|236245531|860296067|AMDOCS|S7AA-0067988825|2026-07-08 00:00:00|PEN|17.22|3.78|21.00
Pago|2005032708|CLIENT_00834|86639085|370390306|AMDOCS|S5AA-0081401579|2026-07-08 00:00:00|PEN|54.47|11.96|66.43
Pago|2022142260|CLIENT_00797|830413321|863394047|AMDOCS|S9AA-0082832614|2026-07-06 00:00:00|PEN|45.86|10.07|55.93
Pago|2081251090|CLIENT_00501|256149711|404955927|AMDOCS|S3AA-0079029646|2026-07-06 00:00:00|PEN|33.87|7.43|41.30
Pago|2045624873|CLIENT_00185|624034821|708531067|AMDOCS|S8AA-0008077079|2026-07-06 00:00:00|PEN|86.04|18.89|104.93
Pago|2014147511|CLIENT_00409|84576485|211774306|AMDOCS|S9AA-0082454277|2026-07-06 00:00:00|PEN|121.17|26.60|147.77
Pago|2099005182|CLIENT_00548|09574085|139540306|AMDOCS|S5AA-0082280318|2026-07-27 00:00:00|PEN|103.75|18.68|122.43
Pago|2079362481|CLIENT_00175|047088821|554325057|AMDOCS|S5AA-0081202982|2026-07-30 00:00:00|PEN|112.00|20.16|132.16
Pago|2010168292|CLIENT_00026|245225901|553500617|AMDOCS|S5AA-0081937800|2026-07-30 00:00:00|PEN|439.57|79.12|518.69
Pago|2021648962|CLIENT_00026|245225901|553500617|AMDOCS|S5AA-0081937800|2026-07-30 00:00:00|PEN|103.71|18.67|122.37
Pago|2028766741|CLIENT_00077|88238406|285908857|AMDOCS|S9AA-0083964057|2026-07-22 00:00:00|PEN|1.72|.31|2.03
Pago|2097410254|CLIENT_00451|671355911|675360267|AMDOCS|S9AA-0083872649|2026-07-24 00:00:00|PEN|5.73|1.03|6.76
Pago|2007442327|CLIENT_00253|371954321|306028357|AMDOCS|S1AA-0053534257|2026-07-25 00:00:00|PEN|1.72|.31|2.03
Pago|2032559986|CLIENT_00160|113719411|897018447|AMDOCS|S1AA-0053120274|2026-07-25 00:00:00|PEN|.99|.18|1.16
Pago|2061689230|CLIENT_00690|516245631|439561267|AMDOCS|S1AA-0053137093|2026-07-25 00:00:00|PEN|.48|.08|.56
Pago|2014633151|CLIENT_00387|95100575|148103303|AMDOCS|S1AA-0053428664|2026-07-31 00:00:00|PEN|14.05|2.53|16.58
Pago|2048024193|CLIENT_00846|97022606|136314957|AMDOCS|S5AA-0081487287|2026-07-07 00:00:00|PEN|74.56|16.37|90.93
Pago|2088089421|CLIENT_00726|72537285|297272306|AMDOCS|S9AA-0082272719|2026-07-07 00:00:00|PEN|65.35|14.35|79.70
Pago|2059508137|CLIENT_00794|05428495|209194406|AMDOCS|S9AA-0082931169|2026-07-27 00:00:00|PEN|94.79|17.07|111.86
Pago|2097064625|CLIENT_00135|92388716|062288606|AMDOCS|S9AA-0082753773|2026-07-27 00:00:00|PEN|99.60|17.93|117.53
Pago|2015924484|CLIENT_00897|318317521|645640547|AMDOCS|S4AA-0008355058|2026-07-30 00:00:00|PEN|118.47|21.32|139.79
Pago|2013067913|CLIENT_00030|237869921|212960257|AMDOCS|S4AA-0008415234|2026-07-30 00:00:00|PEN|41.47|7.46|48.93
Pago|2053555214|CLIENT_00159|963595521|059748447|AMDOCS|S8AA-0008397827|2026-07-30 00:00:00|PEN|43.25|7.78|51.03
Pago|2040984243|CLIENT_00159|963595521|864148447|AMDOCS|S8AA-0008397826|2026-07-30 00:00:00|PEN|43.25|7.78|51.03
Pago|2057735831|CLIENT_00185|624034821|708531067|AMDOCS|S8AA-0008279923|2026-07-30 00:00:00|PEN|88.92|16.01|104.93
Pago|2016965059|CLIENT_00391|543454421|354077447|AMDOCS|S3AA-0080122088|2026-07-30 00:00:00|PEN|64.01|11.52|75.53
Pago|2048226249|CLIENT_00600|46729795|798244957|AMDOCS|S9AA-0083763075|2026-07-11 00:00:00|PEN|1.34|.24|1.58
Pago|2025118840|CLIENT_00912|193190921|923907057|AMDOCS|S8AA-0007856209|2026-07-12 00:00:00|PEN|53.33|9.60|62.93
Pago|2097480168|CLIENT_00884|54809606|577529657|AMDOCS|S5AA-0081240030|2026-07-12 00:00:00|PEN|53.33|9.60|62.93
Pago|2083300829|CLIENT_00278|460158211|980490627|AMDOCS|S9AA-0083052067|2026-07-12 00:00:00|PEN|44.20|7.96|52.15
Pago|2086658236|CLIENT_00278|270555321|398451247|AMDOCS|S8AA-0008000763|2026-07-12 00:00:00|PEN|27.23|4.90|32.13
Pago|2049855626|CLIENT_00411|53765985|348469306|AMDOCS|S9AA-0082803436|2026-07-14 00:00:00|PEN|51.43|9.25|60.69
Pago|2095922298|CLIENT_00360|87495595|310285406|AMDOCS|S9AA-0083168672|2026-07-14 00:00:00|PEN|71.13|12.80|83.93
Pago|2035734946|CLIENT_00898|53205575|967384283|AMDOCS|S1AA-0052574955|2026-07-14 00:00:00|PEN|118.59|21.34|139.93
Pago|2012895360|CLIENT_00264|516755121|384214637|AMDOCS|S5AA-0077998387|2026-07-14 00:00:00|PEN|19.10|3.44|22.54
Pago|2001795605|CLIENT_00264|516755121|384214637|AMDOCS|S5AA-0078788021|2026-07-14 00:00:00|PEN|21.71|3.91|25.62
Pago|2000829287|CLIENT_00703|645411321|943050047|AMDOCS|S9AA-0082900433|2026-07-14 00:00:00|PEN|151.03|27.19|178.22
Pago|2071502889|CLIENT_00952|37201595|079615406|AMDOCS|S5AA-0081438785|2026-07-14 00:00:00|PEN|216.71|39.00|255.71
Pago|2078757032|CLIENT_00293|31688106|712075857|AMDOCS|S5AA-0081007704|2026-07-22 00:00:00|PEN|134.63|24.23|158.87
Pago|2064668113|CLIENT_00159|963595521|059748447|AMDOCS|S8AA-0007985395|2026-07-01 00:00:00|PEN|41.84|9.19|51.03
Pago|2013969774|CLIENT_00159|963595521|864148447|AMDOCS|S8AA-0007985394|2026-07-01 00:00:00|PEN|41.84|9.19|51.03
Pago|2074419825|CLIENT_00922|23224575|630266753|AMDOCS|S3AA-0078837867|2026-07-01 00:00:00|PEN|18.31|4.02|22.33
Pago|2088420576|CLIENT_00216|35646575|197032201|AMDOCS|S3AA-0079026969|2026-07-01 00:00:00|PEN|20.43|4.49|24.92
Pago|2010230003|CLIENT_00216|35646575|410047257|AMDOCS|S3AA-0079042915|2026-07-01 00:00:00|PEN|40.12|8.81|48.93
Pago|2080820342|CLIENT_00099|01841575|067892113|AMDOCS|S1AA-0052417415|2026-07-21 00:00:00|PEN|18.92|3.41|22.33
Pago|2056348868|CLIENT_00218|33435575|927408427|AMDOCS|S1AA-0051942804|2026-07-02 00:00:00|PEN|292.22|64.15|356.37
Pago|2009785405|CLIENT_00403|535621511|489253857|AMDOCS|S5AA-0081167490|2026-07-02 00:00:00|PEN|68.82|15.11|83.93
Pago|2023438934|CLIENT_00961|34087016|775850606|AMDOCS|S5AA-0081221350|2026-07-02 00:00:00|PEN|20.03|4.40|24.43
Pago|2066202065|CLIENT_00218|33435575|927408427|AMDOCS|FJCY-00259881|2026-07-02 00:00:00|PEN|29.77|6.54|36.31
Pago|2035716449|CLIENT_00794|05428495|209194406|AMDOCS|S9AA-0082472406|2026-07-08 00:00:00|PEN|64.23|14.10|78.33
Pago|2067621835|CLIENT_00690|516245631|149281267|AMDOCS|FQAK-00008647|2026-07-08 00:00:00|PEN|.57|.13|.70
Pago|2027049929|CLIENT_00795|184910|10058100|ISIS|S300-253482|2026-07-06 00:00:00|PEN|49.89|8.98|58.87
Pago|2086892693|CLIENT_00795|184910|23101200|ISIS|S300-253483|2026-07-06 00:00:00|PEN|6.29|1.13|7.42
Pago|2024539936|CLIENT_00335|97222706|791917506|AMDOCS|S5AA-0081482727|2026-07-07 00:00:00|PEN|16.07|3.53|19.60
Pago|2097086011|CLIENT_00624|169283021|651258157|AMDOCS|S5AA-0081355687|2026-07-07 00:00:00|PEN|42.76|9.39|52.15
Pago|2006725331|CLIENT_00672|11187395|135583406|AMDOCS|S5AA-0080988418|2026-07-07 00:00:00|PEN|49.31|10.82|60.13
Pago|2091696217|CLIENT_00523|162487121|833476857|AMDOCS|S5AA-0081356439|2026-07-07 00:00:00|PEN|97.52|21.41|118.93
Pago|2041264624|CLIENT_00040|34954575|546690601|AMDOCS|S3AA-0080089337|2026-07-29 00:00:00|PEN|33.75|6.08|39.83
Pago|2087036280|CLIENT_00222|80203575|686639433|AMDOCS|S3AA-0079772573|2026-07-31 00:00:00|PEN|77.06|13.87|90.93
Pago|2056421346|CLIENT_00316|89282285|907190747|AMDOCS|S9AA-0083342266|2026-07-31 00:00:00|PEN|65.20|11.74|76.93
Pago|2070071208|CLIENT_00387|95100575|148103303|AMDOCS|S1AA-0052750517|2026-07-31 00:00:00|PEN|64.96|11.69|76.65
Pago|2066834685|CLIENT_00430|138477221|459982937|AMDOCS|S7AA-0069127604|2026-07-31 00:00:00|PEN|86.49|15.57|102.06
Pago|2073797693|CLIENT_00207|14288385|567995647|AMDOCS|S9AA-0082858590|2026-07-31 00:00:00|PEN|72.02|12.96|84.98
Pago|2001434210|CLIENT_00207|14288385|367995647|AMDOCS|S9AA-0082858589|2026-07-31 00:00:00|PEN|120.96|21.77|142.73
Pago|2018926826|CLIENT_00207|14288385|267995647|AMDOCS|S9AA-0082858588|2026-07-31 00:00:00|PEN|72.02|12.96|84.98
Pago|2062560891|CLIENT_00207|14288385|626783306|AMDOCS|S9AA-0082853972|2026-07-31 00:00:00|PEN|28.36|5.10|33.46
Pago|2098868455|CLIENT_00837|74471575|478329283|AMDOCS|S3AA-0080137175|2026-07-31 00:00:00|PEN|18.98|3.42|22.40
Pago|2006359878|CLIENT_00837|74471575|147616463|AMDOCS|S3AA-0080136884|2026-07-31 00:00:00|PEN|18.98|3.42|22.40
Pago|2022834796|CLIENT_00837|74471575|786140983|AMDOCS|S3AA-0080137262|2026-07-31 00:00:00|PEN|43.25|7.78|51.03
Pago|2062119832|CLIENT_00837|74471575|848434793|AMDOCS|S3AA-0080137406|2026-07-31 00:00:00|PEN|18.92|3.41|22.33
Pago|2076813949|CLIENT_00837|74471575|522164293|AMDOCS|S3AA-0080137324|2026-07-31 00:00:00|PEN|18.98|3.42|22.40
Pago|2041913863|CLIENT_00837|74471575|068080793|AMDOCS|S3AA-0080137397|2026-07-31 00:00:00|PEN|18.98|3.42|22.40
Pago|2080745216|CLIENT_00837|74471575|233972773|AMDOCS|S3AA-0080137074|2026-07-31 00:00:00|PEN|18.98|3.42|22.40
Pago|2093193714|CLIENT_00837|74471575|871233003|AMDOCS|S3AA-0078970054|2026-07-31 00:00:00|PEN|24.44|4.40|28.84
Pago|2051217352|CLIENT_00415|735052901|336779447|AMDOCS|S7AA-0068019964|2026-07-31 00:00:00|PEN|45.62|8.21|53.83
Pago|2042893932|CLIENT_00415|735052901|336779447|AMDOCS|S7AA-0069180508|2026-07-31 00:00:00|PEN|22.84|4.11|26.95
Pago|2048938122|CLIENT_00785|177349331|280533857|AMDOCS|S7AA-0068305772|2026-07-31 00:00:00|PEN|118.23|21.28|139.51
Pago|2052959836|CLIENT_00142|416418121|785016857|AMDOCS|S1AA-0051809684|2026-07-13 00:00:00|PEN|43.60|7.85|51.44
Pago|2060526612|CLIENT_00316|89282285|907190747|AMDOCS|S9AA-0083342266|2026-06-19 00:00:00|PEN|4.51|.99|5.50
Pago|2080580035|CLIENT_00442|91425575|562588501|AMDOCS|S3AA-0078703989|2026-07-03 00:00:00|PEN|29.79|6.54|36.33
Pago|2090514425|CLIENT_00664|762647921|859207157|AMDOCS|S3AA-0079175703|2026-07-03 00:00:00|PEN|72.73|15.96|88.69
Pago|2078965242|CLIENT_00922|23224575|021311463|AMDOCS|S3AA-0078837957|2026-07-03 00:00:00|PEN|21.70|4.76|26.46
Pago|2001914360|CLIENT_00161|784058921|020819157|AMDOCS|S3AA-0079375227|2026-07-04 00:00:00|PEN|171.91|37.74|209.65
Pago|2032066182|CLIENT_00207|95119385|958593247|AMDOCS|S5AA-0081340224|2026-07-04 00:00:00|PEN|97.52|21.41|118.93
Pago|2052959804|CLIENT_00207|95119385|436783306|AMDOCS|S5AA-0081336469|2026-07-04 00:00:00|PEN|65.98|14.48|80.47
Pago|2017937229|CLIENT_00299|23295216|010749757|AMDOCS|S5AA-0081145626|2026-07-04 00:00:00|PEN|51.60|11.33|62.93
Pago|2090077848|CLIENT_00372|642452221|040421837|AMDOCS|S9AA-0082900207|2026-07-04 00:00:00|PEN|123.93|27.20|151.13
Pago|2065581182|CLIENT_00019|04635706|036467506|AMDOCS|S9AA-0082846738|2026-07-04 00:00:00|PEN|109.00|23.93|132.93
Pago|2042601129|CLIENT_00965|784214511|997616837|AMDOCS|S9AA-0083248035|2026-07-04 00:00:00|PEN|53.10|11.66|64.75
Pago|2045781314|CLIENT_00615|879575901|179990617|AMDOCS|S9AA-0083169933|2026-07-04 00:00:00|PEN|19.69|4.32|24.01
Pago|2047447729|CLIENT_00806|02261985|628642937|AMDOCS|S9AA-0082679673|2026-07-21 00:00:00|PEN|74.68|13.44|88.13
Pago|2001171079|CLIENT_00345|84006595|696175406|AMDOCS|S5AA-0081257270|2026-07-21 00:00:00|PEN|163.49|29.43|192.92
Pago|2049199295|CLIENT_00421|53591575|766920023|AMDOCS|S1AA-0052574009|2026-07-21 00:00:00|PEN|19.82|3.57|23.38
Pago|2046194578|CLIENT_00761|34903895|113738406|AMDOCS|S9AA-0082871883|2026-07-21 00:00:00|PEN|42.36|7.62|49.98
Pago|2061611588|CLIENT_00499|96123575|721918001|AMDOCS|S3AA-0080331825|2026-07-21 00:00:00|PEN|56.65|10.20|66.85
Pago|2033758105|CLIENT_00921|165043021|799167337|AMDOCS|S1AA-0052766358|2026-07-21 00:00:00|PEN|2.20|.40|2.59
Pago|2000894625|CLIENT_00816|938353231|032636557|AMDOCS|S5AA-0081919229|2026-07-21 00:00:00|PEN|53.33|9.60|62.93
Pago|2006455456|CLIENT_00465|900914431|762299857|AMDOCS|S9AA-0080856506|2026-07-21 00:00:00|PEN|18.72|3.37|22.09
Pago|2088784000|CLIENT_00465|900914431|762299857|AMDOCS|S9AA-0082588997|2026-07-21 00:00:00|PEN|8.04|1.45|9.49
Pago|2053134775|CLIENT_00465|900914431|762299857|AMDOCS|S9AA-0082123951|2026-07-21 00:00:00|PEN|18.72|3.37|22.09
Pago|2042005584|CLIENT_00724|248370221|763934357|AMDOCS|S3AA-0078938585|2026-07-02 00:00:00|PEN|40.12|8.81|48.93
Pago|2035758466|CLIENT_00415|735052901|318794547|AMDOCS|S7AA-0068020056|2026-07-02 00:00:00|PEN|102.11|22.42|124.53
Pago|2097167838|CLIENT_00136|40231575|951023063|AMDOCS|S1AA-0052383924|2026-07-18 00:00:00|PEN|14.83|2.67|17.50
Pago|2041213605|CLIENT_00136|40231575|471023063|AMDOCS|S1AA-0052383925|2026-07-18 00:00:00|PEN|13.94|2.51|16.45
Pago|2070863914|CLIENT_00521|71440575|218426103|AMDOCS|S1AA-0051845396|2026-06-22 00:00:00|PEN|10.05|2.21|12.25
Pago|2071804326|CLIENT_00521|71440575|539301103|AMDOCS|S1AA-0051845375|2026-06-22 00:00:00|PEN|9.99|2.19|12.18
Pago|2016738253|CLIENT_00320|30344575|277349343|AMDOCS|S3AA-0078562065|2026-06-30 00:00:00|PEN|26.35|5.78|32.13
Pago|2074885080|CLIENT_00308|51760006|693699406|AMDOCS|S9AA-0082170178|2026-06-30 00:00:00|PEN|51.60|11.33|62.93
Pago|2084279674|CLIENT_00091|904772311|252552227|AMDOCS|S7AA-0068653783|2026-06-30 00:00:00|PEN|142.75|31.34|174.09
Pago|2098720538|CLIENT_00619|72894406|536244506|AMDOCS|S5AA-0081104934|2026-06-30 00:00:00|PEN|16.01|3.52|19.53
Pago|2078666012|CLIENT_00619|70805406|916244506|AMDOCS|S5AA-0080959674|2026-06-30 00:00:00|PEN|77.43|17.00|94.43
Pago|2041143318|CLIENT_00619|85115406|726244506|AMDOCS|S5AA-0081330126|2026-06-30 00:00:00|PEN|56.77|12.46|69.23
Pago|2008935428|CLIENT_00164|087471221|336668737|AMDOCS|S3AA-0079296802|2026-06-30 00:00:00|PEN|68.82|15.11|83.93
Pago|2069376951|CLIENT_00700|47259185|616591306|AMDOCS|S5AA-0080488479|2026-06-24 00:00:00|PEN|25.77|5.66|31.43
Pago|2004760000|CLIENT_00957|79692575|647072453|AMDOCS|S1AA-0051716798|2026-06-24 00:00:00|PEN|17.22|3.78|21.00
Pago|2007534004|CLIENT_00715|149263621|898524947|AMDOCS|S9AA-0082398846|2026-06-24 00:00:00|PEN|137.70|30.23|167.93
Pago|2056182207|CLIENT_00614|33041185|632327757|AMDOCS|S9AA-0079021581|2026-06-24 00:00:00|PEN|19.75|4.33|24.08
Pago|2030541106|CLIENT_00113|336038121|033224167|AMDOCS|S3AA-0078855554|2026-06-24 00:00:00|PEN|22.67|4.98|27.65
Pago|2005948741|CLIENT_00662|51834206|732033837|AMDOCS|S5AA-0081020328|2026-06-24 00:00:00|PEN|54.47|11.96|66.43
Pago|2087866233|CLIENT_00662|51834206|691032506|AMDOCS|S5AA-0081017765|2026-06-24 00:00:00|PEN|68.82|15.11|83.93
Pago|2019210260|CLIENT_00852|06932575|927387803|AMDOCS|S1AA-0052138182|2026-06-24 00:00:00|PEN|44.71|9.82|54.53
Pago|2015428590|CLIENT_00696|637943|51439200|ISIS|S300-254879|2026-06-24 00:00:00|PEN|206.64|45.36|252.00
Pago|2097025095|CLIENT_00408|026702221|218307547|AMDOCS|S1AA-0051868976|2026-06-25 00:00:00|PEN|88.91|19.52|108.43
Pago|2077915409|CLIENT_00992|708407031|813111357|AMDOCS|S8AA-0007496018|2026-06-25 00:00:00|PEN|6.08|1.34|7.42
Pago|2061379977|CLIENT_00662|567037021|867895437|AMDOCS|S5AA-0081383270|2026-06-25 00:00:00|PEN|334.64|73.46|408.10
Pago|2017075761|CLIENT_00777|048725131|863543457|AMDOCS|S4AA-0007989403|2026-06-25 00:00:00|PEN|109.00|23.93|132.93
Pago|2050443372|CLIENT_00639|14684316|392571257|AMDOCS|S9AA-0082859384|2026-07-17 00:00:00|PEN|41.47|7.46|48.93
Pago|1074435315|CLIENT_00326|89053195|243341406|AMDOCS|S9AA-0083338057|2026-07-17 00:00:00|PEN|96.34|17.34|113.68
Pago|2078091809|CLIENT_00662|645070911|256970267|AMDOCS|S9AA-0082912280|2026-07-17 00:00:00|PEN|77.06|13.87|90.93
Pago|2008000425|CLIENT_00443|621170631|096754167|AMDOCS|S8AA-0008077519|2026-07-17 00:00:00|PEN|44.14|7.95|52.08
Pago|2090454335|CLIENT_00734|124841421|246712247|AMDOCS|S9AA-0082688426|2026-07-17 00:00:00|PEN|27.17|4.89|32.06
Pago|2067790069|CLIENT_00734|124841421|802679857|AMDOCS|S9AA-0082690694|2026-07-17 00:00:00|PEN|53.33|9.60|62.93
Pago|2065565343|CLIENT_00734|124841421|379179857|AMDOCS|S9AA-0082690693|2026-07-17 00:00:00|PEN|53.33|9.60|62.93
Pago|2003318690|CLIENT_00733|626387331|741541857|AMDOCS|S8AA-0008076684|2026-06-18 00:00:00|PEN|5.18|1.14|6.32
Pago|2045947496|CLIENT_00733|626387331|649870857|AMDOCS|S8AA-0008076683|2026-06-18 00:00:00|PEN|4.07|.89|4.96
Pago|2000414951|CLIENT_00221|305626821|438010057|AMDOCS|S8AA-0008004484|2026-06-22 00:00:00|PEN|2.78|.61|3.39
Pago|2024168687|CLIENT_00698|40347606|568656547|AMDOCS|S9AA-0082078680|2026-06-29 00:00:00|PEN|97.52|21.41|118.93
Pago|2096452817|CLIENT_00208|27153575|315572113|AMDOCS|S3AA-0079207712|2026-06-29 00:00:00|PEN|32.66|7.17|39.83
Pago|2040443627|CLIENT_00393|05650016|114999506|AMDOCS|S9AA-0082473015|2026-06-29 00:00:00|PEN|200.79|44.07|244.86
Pago|2029298623|CLIENT_00662|073792|43581200|ISIS|FFBG-149740|2026-06-26 00:00:00|PEN|187.91|41.25|229.16
Pago|2071284875|CLIENT_00662|073792|43581200|ISIS|FFBG-153906|2026-06-26 00:00:00|PEN|150.42|33.02|183.44
Pago|2070345089|CLIENT_00895|69942575|934731601|AMDOCS|S1AA-0051702421|2026-06-20 00:00:00|PEN|16.30|3.58|19.88
Pago|2012613090|CLIENT_00895|69942575|834731601|AMDOCS|S1AA-0051702420|2026-06-20 00:00:00|PEN|16.36|3.59|19.95
Pago|2017613369|CLIENT_00895|69942575|244731601|AMDOCS|S1AA-0051702424|2026-06-20 00:00:00|PEN|22.33|4.90|27.23
Pago|2038638425|CLIENT_00895|69942575|144731601|AMDOCS|S1AA-0051702423|2026-06-20 00:00:00|PEN|16.30|3.58|19.88
Pago|2050504401|CLIENT_00673|462851321|152941047|AMDOCS|S1AA-0052167846|2026-06-20 00:00:00|PEN|18.31|4.02|22.33
Pago|2026613493|CLIENT_00916|13004575|815730513|AMDOCS|S1AA-0051927381|2026-06-22 00:00:00|PEN|42.13|9.25|51.38
Pago|2016185603|CLIENT_00221|305626821|438010057|AMDOCS|S8AA-0007782391|2026-06-22 00:00:00|PEN|17.22|3.78|21.00
Pago|2026242865|CLIENT_00930|09330575|601590817|AMDOCS|S1AA-0043459333|2026-06-30 00:00:00|PEN|19.12|4.20|23.32
Pago|2079138145|CLIENT_00735|305198111|487299237|AMDOCS|S5AA-0080690568|2026-06-30 00:00:00|PEN|97.52|21.41|118.93
Pago|2096223281|CLIENT_00078|21761575|402521183|AMDOCS|S3AA-0078648207|2026-06-30 00:00:00|PEN|41.79|9.17|50.96
Pago|2087848319|CLIENT_00078|21761575|829531213|AMDOCS|S3AA-0078647137|2026-06-30 00:00:00|PEN|41.84|9.19|51.03
Pago|2030034533|CLIENT_00408|026702221|599576547|AMDOCS|S1AA-0052488355|2026-07-16 00:00:00|PEN|62.23|11.20|73.43
Pago|2014172361|CLIENT_00870|132543231|421246557|AMDOCS|S7AA-0068843749|2026-07-16 00:00:00|PEN|41.47|7.46|48.93
Pago|2015382195|CLIENT_00870|132543231|621246557|AMDOCS|S7AA-0068843750|2026-07-16 00:00:00|PEN|41.47|7.46|48.93
Pago|2088975463|CLIENT_00662|154096131|102596067|AMDOCS|S9AA-0081222642|2026-06-25 00:00:00|PEN|45.86|10.07|55.93
Pago|2062681011|CLIENT_00662|154096131|102596067|AMDOCS|S9AA-0080346986|2026-06-25 00:00:00|PEN|45.86|10.07|55.93
Pago|2010817981|CLIENT_00662|154096131|102596067|AMDOCS|S9AA-0082487246|2026-06-25 00:00:00|PEN|51.60|11.33|62.93
Pago|2080244968|CLIENT_00525|556726721|908011457|AMDOCS|S1AA-0052108397|2026-06-25 00:00:00|PEN|51.43|11.29|62.72
Pago|2090070978|CLIENT_00034|09551795|934586147|AMDOCS|S9AA-0083273727|2026-07-17 00:00:00|PEN|128.08|23.05|151.13
Pago|2073539293|CLIENT_00034|09551795|634586147|AMDOCS|S9AA-0083273726|2026-07-17 00:00:00|PEN|142.32|25.62|167.93
Pago|2057269192|CLIENT_00221|305626821|438010057|AMDOCS|S8AA-0008004484|2026-07-24 00:00:00|PEN|17.65|3.18|20.83
Pago|2007644534|CLIENT_00717|05968995|550389406|AMDOCS|S5AA-0081994117|2026-07-24 00:00:00|PEN|124.22|22.36|146.58
Pago|2000179815|CLIENT_00859|816856611|885634337|AMDOCS|S7AA-0068733970|2026-07-24 00:00:00|PEN|40.04|7.21|47.25
Pago|2002271273|CLIENT_00273|226188921|562791557|AMDOCS|S5AA-0081797176|2026-07-24 00:00:00|PEN|85.90|15.46|101.36
Pago|2004921630|CLIENT_00338|61032716|467886606|AMDOCS|S5AA-0081750405|2026-07-24 00:00:00|PEN|100.79|18.14|118.93
Pago|2004849183|CLIENT_00378|60534585|669255306|AMDOCS|S9AA-0082557070|2026-07-24 00:00:00|PEN|73.50|13.23|86.73
Pago|2081485489|CLIENT_00747|36672575|569729501|AMDOCS|S1AA-0052777639|2026-07-24 00:00:00|PEN|33.75|6.08|39.83
Pago|2063540669|CLIENT_00684|402956121|143573067|AMDOCS|S1AA-0052388802|2026-07-24 00:00:00|PEN|53.33|9.60|62.93
Pago|2037233873|CLIENT_00078|21761575|488531213|AMDOCS|S3AA-0079800389|2026-07-25 00:00:00|PEN|43.25|7.78|51.03
Pago|2009654336|CLIENT_00607|22121575|281342233|AMDOCS|S1AA-0052649087|2026-07-25 00:00:00|PEN|21.00|3.78|24.78
Pago|2058153118|CLIENT_00729|853875821|741139947|AMDOCS|S8AA-0007651167|2026-06-26 00:00:00|PEN|38.75|8.51|47.25
Pago|2064819637|CLIENT_00608|97637616|815771557|AMDOCS|S9AA-0081863840|2026-06-26 00:00:00|PEN|57.34|12.59|69.93
Pago|2066839079|CLIENT_00338|61032716|467886606|AMDOCS|S5AA-0081025362|2026-06-26 00:00:00|PEN|97.52|21.41|118.93
Pago|2070698896|CLIENT_00456|244253411|019927957|AMDOCS|S3AA-0077969118|2026-06-26 00:00:00|PEN|65.24|14.32|79.56
Pago|2048043106|CLIENT_00456|244253411|586927957|AMDOCS|S3AA-0078940450|2026-06-26 00:00:00|PEN|36.97|8.11|45.08
Pago|2070463215|CLIENT_00078|21761575|061187963|AMDOCS|S3AA-0078648030|2026-07-10 00:00:00|PEN|27.17|4.89|32.06
Pago|2064447144|CLIENT_00541|08389795|252508406|AMDOCS|S9AA-0081468922|2026-07-10 00:00:00|PEN|41.64|7.50|49.14
Pago|2079928492|CLIENT_00284|697374231|179918557|AMDOCS|S8AA-0007872311|2026-06-30 00:00:00|PEN|25.54|5.61|31.15
Pago|2064617159|CLIENT_00426|63245985|612469306|AMDOCS|S5AA-0081169775|2026-06-30 00:00:00|PEN|51.32|11.26|62.58
Pago|2080971084|CLIENT_00348|512985521|966312157|AMDOCS|S3AA-0078681463|2026-06-30 00:00:00|PEN|86.04|18.89|104.93
Pago|2002042551|CLIENT_00727|920370711|389442827|AMDOCS|S5AA-0081121496|2026-06-24 00:00:00|PEN|30.36|6.67|37.03
Pago|2032717708|CLIENT_00214|30601716|148582057|AMDOCS|S5AA-0080691901|2026-06-24 00:00:00|PEN|91.78|20.15|111.93
Pago|2052062948|CLIENT_00219|50325575|359693401|AMDOCS|S1AA-0052389951|2026-07-16 00:00:00|PEN|18.98|3.42|22.40
Pago|2023513125|CLIENT_00219|50325575|499693401|AMDOCS|S1AA-0052389952|2026-07-16 00:00:00|PEN|18.92|3.41|22.33
Pago|2078554375|CLIENT_00997|445198921|387729157|AMDOCS|S7AA-0068083319|2026-07-16 00:00:00|PEN|47.40|8.53|55.93
Pago|2099609997|CLIENT_00740|08960575|038324703|AMDOCS|S1AA-0052900309|2026-07-16 00:00:00|PEN|158.21|28.48|186.69
Pago|2055450128|CLIENT_00425|964976321|123152647|AMDOCS|S9AA-0083096213|2026-07-16 00:00:00|PEN|65.14|11.73|76.86
Pago|2055363619|CLIENT_00425|964976321|925975657|AMDOCS|S9AA-0083097657|2026-07-16 00:00:00|PEN|53.33|9.60|62.93
Pago|2008699347|CLIENT_00733|626387331|741541857|AMDOCS|S8AA-0008076684|2026-07-16 00:00:00|PEN|80.35|14.46|94.82
Pago|2050704962|CLIENT_00733|626387331|649870857|AMDOCS|S8AA-0008076683|2026-07-16 00:00:00|PEN|63.71|11.47|75.18
Pago|2057051686|CLIENT_00236|01691195|572155447|AMDOCS|S9AA-0082595329|2026-07-17 00:00:00|PEN|52.14|9.39|61.53
Pago|2027417003|CLIENT_00118|491813321|475225047|AMDOCS|S9AA-0083307593|2026-07-17 00:00:00|PEN|69.88|12.58|82.46
Pago|2002919804|CLIENT_00118|491813321|801947067|AMDOCS|S9AA-0083310428|2026-07-17 00:00:00|PEN|20.76|3.74|24.50
Pago|2009733296|CLIENT_00118|491813321|469627067|AMDOCS|S9AA-0083310404|2026-07-17 00:00:00|PEN|65.20|11.74|76.93
Pago|2059026768|CLIENT_00729|853875821|741139947|AMDOCS|S8AA-0007948791|2026-07-17 00:00:00|PEN|32.15|5.79|37.94
Pago|2000932163|CLIENT_00456|401913421|389927957|AMDOCS|S3AA-0077600272|2026-07-17 00:00:00|PEN|25.51|4.59|30.10
Pago|2050859606|CLIENT_00296|12742185|945064957|AMDOCS|S9AA-0082690796|2026-07-17 00:00:00|PEN|53.33|9.60|62.93
Pago|2087465692|CLIENT_00296|631280821|847861947|AMDOCS|S9AA-0082816665|2026-07-17 00:00:00|PEN|23.73|4.27|28.00
Pago|2014622738|CLIENT_00043|13548316|092539657|AMDOCS|S9AA-0082775106|2026-07-17 00:00:00|PEN|42.80|7.71|50.51
Pago|2096022549|CLIENT_00221|305626821|438010057|AMDOCS|S8AA-0008198557|2026-06-22 00:00:00|PEN|2.87|.52|3.39
Pago|2083494282|CLIENT_00443|621170631|096754167|AMDOCS|S8AA-0008280310|2026-07-17 00:00:00|PEN|1.38|.25|1.62
Pago|2046441775|CLIENT_00221|305626821|438010057|AMDOCS|S8AA-0008198557|2026-07-24 00:00:00|PEN|1.88|.34|2.21
Pago|2056941306|CLIENT_00957|412171921|610099557|AMDOCS|S3AA-0079835145|2026-07-28 00:00:00|PEN|47.40|8.53|55.93
Pago|2031035137|CLIENT_00208|27153575|315572113|AMDOCS|S3AA-0080360026|2026-07-28 00:00:00|PEN|33.75|6.08|39.83
Pago|2001720617|CLIENT_00817|60420995|160129406|AMDOCS|S9AA-0082092314|2026-06-26 00:00:00|PEN|131.42|28.85|160.27
Pago|2065010802|CLIENT_00191|316013031|656135257|AMDOCS|S5AA-0081007064|2026-06-26 00:00:00|PEN|17.22|3.78|21.00
Pago|2045272455|CLIENT_00240|998984531|041016067|AMDOCS|S9AA-0083352800|2026-07-11 00:00:00|PEN|112.65|20.28|132.93
Pago|2076815007|CLIENT_00152|54754575|268922001|AMDOCS|S7AA-0068095466|2026-07-12 00:00:00|PEN|39.68|7.14|46.83
Pago|2018600493|CLIENT_00152|761492421|784070847|AMDOCS|S7AA-0068285570|2026-07-12 00:00:00|PEN|142.25|25.61|167.86
Pago|2092036701|CLIENT_00223|619846321|878242147|AMDOCS|S8AA-0008040899|2026-07-12 00:00:00|PEN|59.86|10.77|70.63
Pago|2064492291|CLIENT_00223|619846321|040684547|AMDOCS|S8AA-0008044159|2026-07-12 00:00:00|PEN|43.25|7.78|51.03
Pago|2055129772|CLIENT_00018|66621985|097029306|AMDOCS|S5AA-0081387654|2026-07-12 00:00:00|PEN|123.63|22.25|145.88
Pago|2031569282|CLIENT_00055|76618995|143360947|AMDOCS|S5AA-0081398969|2026-07-14 00:00:00|PEN|94.86|17.07|111.93
Pago|2069458837|CLIENT_00566|07502795|535237406|AMDOCS|S9AA-0083100917|2026-07-14 00:00:00|PEN|152.40|27.43|179.83
Pago|2024786435|CLIENT_00136|40231575|012393063|AMDOCS|S1AA-0052383931|2026-07-18 00:00:00|PEN|14.77|2.66|17.43
Pago|2013701003|CLIENT_00136|40231575|167293063|AMDOCS|S1AA-0052383929|2026-07-18 00:00:00|PEN|13.94|2.51|16.45
Pago|2090519269|CLIENT_00136|40231575|402393063|AMDOCS|S1AA-0052383930|2026-07-18 00:00:00|PEN|.60|.11|.70
Pago|2045057525|CLIENT_00136|40231575|402393063|AMDOCS|S1AA-0052383930|2026-07-18 00:00:00|PEN|14.77|2.66|17.43
Pago|2001633537|CLIENT_00136|40231575|815393063|AMDOCS|S1AA-0052383932|2026-07-18 00:00:00|PEN|14.77|2.66|17.43
Pago|2036576688|CLIENT_00136|40231575|067293063|AMDOCS|S1AA-0052383928|2026-07-18 00:00:00|PEN|14.83|2.67|17.50
Pago|2006623817|CLIENT_00136|40231575|351023063|AMDOCS|S1AA-0052383922|2026-07-18 00:00:00|PEN|14.77|2.66|17.43
Pago|2045512855|CLIENT_00136|40231575|891085101|AMDOCS|S1AA-0052641520|2026-07-18 00:00:00|PEN|87.91|15.83|103.74
Pago|2019149973|CLIENT_00136|40231575|901193063|AMDOCS|S1AA-0052383926|2026-07-18 00:00:00|PEN|13.94|2.51|16.45
Pago|2041801342|CLIENT_00136|40231575|515372803|AMDOCS|S1AA-0052383246|2026-07-18 00:00:00|PEN|29.60|5.33|34.93
Pago|2062171269|CLIENT_00136|40231575|651023063|AMDOCS|S1AA-0052383923|2026-07-18 00:00:00|PEN|13.94|2.51|16.45
Pago|2037026251|CLIENT_00235|71948185|716381306|AMDOCS|S9AA-0082633245|2026-07-18 00:00:00|PEN|95.98|17.28|113.26
Pago|2090860139|CLIENT_00859|816856611|507734337|AMDOCS|S7AA-0068733972|2026-07-18 00:00:00|PEN|39.98|7.20|47.18
Pago|2074789528|CLIENT_00143|80572906|782449506|AMDOCS|S9AA-0082575324|2026-07-18 00:00:00|PEN|116.21|20.92|137.13
Pago|2022185321|CLIENT_00889|069212021|780411167|AMDOCS|S9AA-0083022148|2026-07-18 00:00:00|PEN|20.71|3.72|24.43
Pago|2031700404|CLIENT_00818|261453231|813596557|AMDOCS|S8AA-0007961873|2026-07-18 00:00:00|PEN|106.72|19.21|125.93
Pago|2064484778|CLIENT_00367|56850575|512282403|AMDOCS|S1AA-0052791403|2026-07-18 00:00:00|PEN|46.21|8.32|54.53
Pago|2039216584|CLIENT_00936|568000|31686100|ISIS|S300-253089|2026-07-13 00:00:00|PEN|1015.00|182.70|1197.70
Pago|2016614847|CLIENT_00756|010382|33988100|ISIS|FFBG-155932|2026-07-13 00:00:00|USD|2664.07|479.54|3143.60
Pago|2025684544|CLIENT_00756|010382|33988100|ISIS|FFBG-155045|2026-06-02 00:00:00|USD|363.28|65.39|428.67
Pago|2093350451|CLIENT_00756|010382|33988100|ISIS|FFBG-155670|2026-06-23 00:00:00|USD|17.30|3.12|20.41
Pago|2099654854|CLIENT_00756|010382|33988100|ISIS|FFBG-155932|2026-06-25 00:00:00|USD|362.17|65.19|427.36
Pago|2035424665|CLIENT_00748|15196575|052401501|AMDOCS|S1AA-0052696004|2026-06-24 00:00:00|PEN|.34|.06|.41
Pago|2016704268|CLIENT_00609|53693406|856614047|AMDOCS|S5AA-0081165701|2026-07-09 00:00:00|PEN|21.60|3.89|25.48
Pago|2034521350|CLIENT_00681|197529901|740066937|AMDOCS|S9AA-0083282165|2026-07-10 00:00:00|PEN|74.87|13.48|88.34
Pago|2024654901|CLIENT_00714|89444995|119649406|AMDOCS|S5AA-0080717539|2026-07-13 00:00:00|PEN|74.98|13.50|88.48
Pago|2034832319|CLIENT_00714|86944575|807012493|AMDOCS|S1AA-0052813089|2026-07-13 00:00:00|PEN|198.54|35.74|234.28
Pago|2071631844|CLIENT_00714|86944575|807012493|AMDOCS|S1AA-0052813089|2026-07-13 00:00:00|PEN|181.30|32.63|213.93
Pago|2044270078|CLIENT_00714|09444995|309649406|AMDOCS|S5AA-0080607243|2026-07-13 00:00:00|PEN|45.17|8.13|53.31
Pago|2073392407|CLIENT_00714|89444995|469140847|AMDOCS|S5AA-0080721103|2026-07-13 00:00:00|PEN|43.18|7.77|50.96
Pago|2062726840|CLIENT_00714|09444995|309649406|AMDOCS|S5AA-0081562490|2026-07-13 00:00:00|PEN|45.62|8.21|53.83
Pago|2069954105|CLIENT_00714|86944575|807012493|AMDOCS|S1AA-0052193973|2026-07-13 00:00:00|PEN|198.53|35.74|234.26
Pago|2060898767|CLIENT_00714|86944575|807012493|AMDOCS|S1AA-0052193973|2026-07-13 00:00:00|PEN|181.31|32.63|213.95
Pago|2064978878|CLIENT_00714|89444995|119649406|AMDOCS|S5AA-0081620551|2026-07-13 00:00:00|PEN|74.98|13.50|88.48
Pago|2097036312|CLIENT_00714|89444995|469140847|AMDOCS|S5AA-0081624061|2026-07-13 00:00:00|PEN|43.25|7.78|51.03
Pago|2023069392|CLIENT_00714|591213821|578815947|AMDOCS|S9AA-0083317129|2026-07-13 00:00:00|PEN|113.84|20.49|134.33
Pago|2089103917|CLIENT_00714|591213821|578815947|AMDOCS|S9AA-0082001432|2026-07-13 00:00:00|PEN|113.78|20.48|134.26
Pago|2077901447|CLIENT_00608|97637616|815771557|AMDOCS|S9AA-0083182070|2026-07-25 00:00:00|PEN|59.26|10.67|69.93
Pago|2066869475|CLIENT_00359|01797306|954073506|AMDOCS|S9AA-0082591983|2026-07-25 00:00:00|PEN|119.77|21.56|141.33
Pago|2091779601|CLIENT_00113|336038121|033224167|AMDOCS|S3AA-0080014069|2026-07-25 00:00:00|PEN|20.71|3.72|24.43
Pago|2044448274|CLIENT_00359|14287306|344073506|AMDOCS|S9AA-0082855115|2026-07-25 00:00:00|PEN|119.77|21.56|141.33
Pago|2047556447|CLIENT_00117|59154506|981155506|AMDOCS|S9AA-0083313272|2026-07-25 00:00:00|PEN|74.10|13.34|87.43
Pago|2075726195|CLIENT_00525|556726721|908011457|AMDOCS|S1AA-0052727495|2026-07-25 00:00:00|PEN|51.43|9.25|60.69
Pago|2049319424|CLIENT_00718|789395911|782351167|AMDOCS|S1AA-0052334870|2026-06-27 00:00:00|PEN|20.06|4.40|24.47
Pago|2006209623|CLIENT_00603|723882231|320925557|AMDOCS|S3AA-0078796651|2026-06-27 00:00:00|PEN|36.10|7.93|44.03
Pago|2004233029|CLIENT_00670|82289685|405807306|AMDOCS|S9AA-0082281660|2026-07-10 00:00:00|PEN|95.15|17.13|112.28
Pago|2033412319|CLIENT_00995|07517575|492328501|AMDOCS|S7AA-0068316384|2026-07-10 00:00:00|PEN|25.45|4.58|30.03
Pago|2002939178|CLIENT_00995|07517575|991544037|AMDOCS|S7AA-0068327460|2026-07-10 00:00:00|PEN|22.48|4.05|26.53
Pago|2071025820|CLIENT_00367|56850575|436850303|AMDOCS|S1AA-0052791376|2026-07-13 00:00:00|PEN|40.87|7.36|48.23
Pago|2089172204|CLIENT_00709|505324911|249915147|AMDOCS|S9AA-0082552885|2026-07-13 00:00:00|PEN|41.47|7.46|48.93
Pago|2067431205|CLIENT_00936|87475006|795560506|AMDOCS|S5AA-0081475381|2026-07-13 00:00:00|PEN|364.24|65.56|429.80
Pago|2098929554|CLIENT_00413|660219921|299069157|AMDOCS|S1AA-0052801951|2026-07-13 00:00:00|PEN|118.59|21.34|139.93
Pago|2035438267|CLIENT_00916|13004575|815730513|AMDOCS|S1AA-0052546760|2026-07-13 00:00:00|PEN|43.54|7.84|51.38
Pago|2020947684|CLIENT_00923|646582711|428008847|AMDOCS|S9AA-0082901391|2026-07-13 00:00:00|PEN|106.72|19.21|125.93
Pago|2014968629|CLIENT_00674|44868985|694799306|AMDOCS|S9AA-0082879794|2026-07-13 00:00:00|PEN|121.08|21.79|142.87
Pago|2072175636|CLIENT_00148|472623421|166045247|AMDOCS|S9AA-0083138140|2026-07-15 00:00:00|PEN|41.47|7.46|48.93
Pago|2031601836|CLIENT_00967|150612921|407429857|AMDOCS|S4AA-0008475840|2026-07-15 00:00:00|PEN|61.99|11.16|73.15
Pago|2025320535|CLIENT_00967|150612921|407429857|AMDOCS|S4AA-0008024589|2026-07-15 00:00:00|PEN|59.26|10.67|69.93
Pago|2033171926|CLIENT_00917|62874416|429371067|AMDOCS|S9AA-0082741917|2026-07-15 00:00:00|PEN|94.86|17.07|111.93
Pago|2004540046|CLIENT_00773|780220311|298228347|AMDOCS|S9AA-0083248612|2026-07-15 00:00:00|PEN|38.26|6.89|45.15
Pago|2098926617|CLIENT_00564|60960575|779026201|AMDOCS|S1AA-0052389895|2026-07-15 00:00:00|PEN|138.64|24.96|163.59
Pago|2003430437|CLIENT_00319|25242575|929982823|AMDOCS|S1AA-0052703319|2026-07-22 00:00:00|PEN|19.87|3.58|23.45
Pago|2006893837|CLIENT_00319|49462906|885498506|AMDOCS|S9AA-0083304854|2026-07-22 00:00:00|PEN|48.64|8.76|57.40
Pago|2038928991|CLIENT_00756|010382|33988100|ISIS|S300-254343|2026-07-24 00:00:00|PEN|672.71|121.09|793.80
Pago|2067048159|CLIENT_00756|010382|33988100|ISIS|S300-254344|2026-07-24 00:00:00|PEN|3035.92|546.47|3582.39
Pago|2051920244|CLIENT_00696|637943|51439200|ISIS|S300-256790|2026-07-22 00:00:00|PEN|213.56|38.44|252.00
Pago|2017464265|CLIENT_00852|06932575|927387803|AMDOCS|S1AA-0052757497|2026-07-19 00:00:00|PEN|48.88|8.80|57.68
Pago|2006706420|CLIENT_00618|55685575|060321093|AMDOCS|S1AA-0052724666|2026-07-19 00:00:00|PEN|27.83|5.01|32.83
Pago|2057406621|CLIENT_00578|67596985|512168857|AMDOCS|S5AA-0082185332|2026-07-20 00:00:00|PEN|100.79|18.14|118.93
Pago|2032318459|CLIENT_00719|96912895|713638406|AMDOCS|S9AA-0083092559|2026-07-20 00:00:00|PEN|218.01|39.24|257.25
Pago|2017849630|CLIENT_00719|84851895|753638406|AMDOCS|S9AA-0082914229|2026-07-20 00:00:00|PEN|128.73|23.17|151.90
Pago|2063947811|CLIENT_00719|77912895|333638406|AMDOCS|S9AA-0083160358|2026-07-20 00:00:00|PEN|99.60|17.93|117.53
Pago|2051776888|CLIENT_00719|49671895|943638406|AMDOCS|S9AA-0083304537|2026-07-20 00:00:00|PEN|84.83|15.27|100.10
Pago|2085852773|CLIENT_00167|39746895|419578406|AMDOCS|S9AA-0083296123|2026-07-20 00:00:00|PEN|23.73|4.27|28.00
Pago|2003629858|CLIENT_00541|08389795|252508406|AMDOCS|S9AA-0081867679|2026-07-10 00:00:00|PEN|15.60|2.81|18.41
Pago|2074429660|CLIENT_00541|50520895|354842347|AMDOCS|S9AA-0080819445|2026-07-10 00:00:00|PEN|22.01|3.96|25.97
Pago|2090822671|CLIENT_00189|415645531|416686067|AMDOCS|S6AA-0000060629|2026-07-10 00:00:00|PEN|18.21|3.28|21.49
Pago|2005922741|CLIENT_00422|659895821|033750167|AMDOCS|S8AA-0007944445|2026-07-14 00:00:00|PEN|56.00|10.08|66.08
Pago|2093993320|CLIENT_00458|97044575|579613733|AMDOCS|S1AA-0052893795|2026-07-22 00:00:00|PEN|39.68|7.14|46.83
Pago|2059379298|CLIENT_00700|47259185|616591306|AMDOCS|S5AA-0081445279|2026-07-22 00:00:00|PEN|26.64|4.80|31.43
Pago|2076636069|CLIENT_00748|15196575|052401501|AMDOCS|S1AA-0052696004|2026-07-22 00:00:00|PEN|43.84|7.89|51.73
Pago|2010229419|CLIENT_00940|77358185|871086937|AMDOCS|S5AA-0081470770|2026-06-30 00:00:00|PEN|50.45|11.08|61.53
Pago|2034595224|CLIENT_00511|03074575|854215713|AMDOCS|S3AA-0078808770|2026-07-01 00:00:00|PEN|50.17|11.01|61.18
Pago|2077186469|CLIENT_00475|77460395|923513406|AMDOCS|S5AA-0081467737|2026-07-01 00:00:00|PEN|98.38|21.60|119.98
Pago|2049811464|CLIENT_00358|34361416|154989637|AMDOCS|S5AA-0081946418|2026-07-20 00:00:00|PEN|47.40|8.53|55.93
Pago|2024280784|CLIENT_00727|920370711|389442827|AMDOCS|S5AA-0081845434|2026-07-20 00:00:00|PEN|31.38|5.65|37.03
Pago|2089003491|CLIENT_00889|069212021|162411167|AMDOCS|S9AA-0083022149|2026-07-20 00:00:00|PEN|20.71|3.72|24.43
Pago|2009499251|CLIENT_00103|62947575|211702203|AMDOCS|S1AA-0052512455|2026-07-20 00:00:00|PEN|82.99|14.94|97.93
Pago|2075680458|CLIENT_00219|50325575|736313473|AMDOCS|S1AA-0052391081|2026-07-20 00:00:00|PEN|20.52|3.70|24.21
Pago|2083511593|CLIENT_00219|50325575|736313473|AMDOCS|S1AA-0052391081|2026-07-20 00:00:00|PEN|157.63|28.37|186.00
Pago|2040613653|CLIENT_00126|433871231|043944167|AMDOCS|S5AA-0081160815|2026-07-20 00:00:00|PEN|30.02|5.40|35.42
Pago|2011082543|CLIENT_00782|590073821|956616947|AMDOCS|S4AA-0008161055|2026-07-20 00:00:00|PEN|8.87|1.60|10.47
Pago|2047197553|CLIENT_00756|03530816|398698606|AMDOCS|S9AA-0082762329|2026-07-20 00:00:00|PEN|465.50|83.79|549.29
Pago|2070274235|CLIENT_00756|732560421|635050247|AMDOCS|S9AA-0082824265|2026-07-20 00:00:00|PEN|74.68|13.44|88.13
Pago|2078662307|CLIENT_00756|732560421|958403347|AMDOCS|S9AA-0082824362|2026-07-20 00:00:00|PEN|142.20|25.60|167.79
Pago|2016116403|CLIENT_00162|431609131|255107857|AMDOCS|S1AA-0052572067|2026-07-20 00:00:00|PEN|100.79|18.14|118.93
Pago|2054331893|CLIENT_00448|80625606|953276506|AMDOCS|S9AA-0082575222|2026-07-20 00:00:00|PEN|57.66|10.38|68.04
Pago|2054946566|CLIENT_00448|47535606|763276506|AMDOCS|S9AA-0083135118|2026-07-20 00:00:00|PEN|41.47|7.46|48.93
Pago|2024283985|CLIENT_00448|80625606|910326947|AMDOCS|S9AA-0082579074|2026-07-20 00:00:00|PEN|18.80|3.38|22.19
Pago|2086383004|CLIENT_00639|34993575|933790943|AMDOCS|S3AA-0078942297|2026-07-03 00:00:00|PEN|28.07|6.16|34.23
Pago|2025302023|CLIENT_00267|03725575|530221601|AMDOCS|S3AA-0078808517|2026-07-03 00:00:00|PEN|62.85|13.80|76.65
Pago|2042666574|CLIENT_00418|79003575|931637733|AMDOCS|S3AA-0079464719|2026-07-03 00:00:00|PEN|33.01|7.25|40.25
Pago|2030916898|CLIENT_00528|77113575|259418013|AMDOCS|S3AA-0079255266|2026-07-03 00:00:00|PEN|44.71|9.82|54.53
Pago|2044945705|CLIENT_00960|98614575|683070253|AMDOCS|S3AA-0079388836|2026-07-03 00:00:00|PEN|30.36|6.67|37.03
Pago|2028013190|CLIENT_00683|355637921|663986157|AMDOCS|S3AA-0079042659|2026-07-03 00:00:00|PEN|51.60|11.33|62.93
Pago|2057192823|CLIENT_00456|401913421|326927957|AMDOCS|S3AA-0078579453|2026-07-03 00:00:00|PEN|36.97|8.11|45.08
Pago|2057218132|CLIENT_00960|98614575|483070253|AMDOCS|S3AA-0079388835|2026-07-03 00:00:00|PEN|47.58|10.45|58.03
Pago|2022564061|CLIENT_00456|401913421|389927957|AMDOCS|S3AA-0076468218|2026-07-03 00:00:00|PEN|.20|.04|.25
Pago|2010615288|CLIENT_00456|401913421|861037957|AMDOCS|S3AA-0078579456|2026-07-03 00:00:00|PEN|34.38|7.55|41.93
Pago|2054712522|CLIENT_00762|34542575|447425313|AMDOCS|S3AA-0078932212|2026-07-03 00:00:00|PEN|21.70|4.76|26.46
Pago|2079453728|CLIENT_00456|401913421|319927957|AMDOCS|S3AA-0078579454|2026-07-03 00:00:00|PEN|25.92|5.69|31.61
Pago|2024619182|CLIENT_00963|947018531|636241167|AMDOCS|S7AA-0068130260|2026-06-12 00:00:00|PEN|2.59|.57|3.16
Pago|2062411125|CLIENT_00866|439077721|866648857|AMDOCS|S7AA-0067996872|2026-06-13 00:00:00|PEN|6.30|1.38|7.69
Pago|2072514770|CLIENT_00247|53941575|362083123|AMDOCS|S7AA-0049651803|2026-06-17 00:00:00|PEN|2.38|.52|2.90
Pago|2032867412|CLIENT_00447|822443901|092527847|AMDOCS|S9AA-0082723109|2026-07-09 00:00:00|PEN|39.68|7.14|46.83
Pago|2093286159|CLIENT_00895|68520506|772001167|AMDOCS|S5AA-0081538455|2026-07-09 00:00:00|PEN|19.31|3.47|22.79
Pago|2069318000|CLIENT_00116|927628431|225016957|AMDOCS|S7AA-0068836224|2026-07-09 00:00:00|PEN|94.86|17.07|111.93
Pago|2066690205|CLIENT_00259|977321531|670770067|AMDOCS|S7AA-0068394829|2026-07-09 00:00:00|PEN|53.33|9.60|62.93
Pago|2082754557|CLIENT_00259|977321531|298570067|AMDOCS|S7AA-0068394828|2026-07-09 00:00:00|PEN|77.06|13.87|90.93
Pago|2065481852|CLIENT_00259|460878221|195235937|AMDOCS|S9AA-0083053159|2026-07-09 00:00:00|PEN|127.42|22.94|150.36
Pago|2087310649|CLIENT_00784|79916575|769740973|AMDOCS|S1AA-0053016934|2026-07-09 00:00:00|PEN|13.23|2.38|15.61
Pago|2077903772|CLIENT_00666|966296531|342129067|AMDOCS|S6AA-0000085521|2026-07-09 00:00:00|PEN|18.21|3.28|21.49
Pago|2042941665|CLIENT_00271|90443085|371530306|AMDOCS|S9AA-0082116900|2026-07-10 00:00:00|PEN|45.12|8.12|53.24
Pago|2080461271|CLIENT_00261|994451331|527059657|AMDOCS|S9AA-0082045672|2026-07-10 00:00:00|PEN|76.62|13.79|90.41
Pago|2096681107|CLIENT_00211|347978331|764482857|AMDOCS|S7AA-0067464355|2026-07-10 00:00:00|PEN|7.11|1.28|8.39
Pago|2059219948|CLIENT_00211|347978331|764482857|AMDOCS|S7AA-0067464355|2026-07-10 00:00:00|PEN|56.83|10.23|67.07
Pago|2041773118|CLIENT_00211|347978331|764482857|AMDOCS|S7AA-0068076076|2026-07-10 00:00:00|PEN|56.83|10.23|67.06
Pago|2007485251|CLIENT_00764|60084616|092066606|AMDOCS|S9AA-0082558571|2026-07-14 00:00:00|PEN|23.73|4.27|28.00
Pago|2013044194|CLIENT_00764|89974616|603066606|AMDOCS|S9AA-0083339145|2026-07-14 00:00:00|PEN|53.10|9.56|62.65
Pago|2063656328|CLIENT_00246|155347221|603152937|AMDOCS|S7AA-0068142859|2026-07-14 00:00:00|PEN|56.77|10.22|66.99
Pago|2073586679|CLIENT_00875|332812621|071849547|AMDOCS|S3AA-0078851427|2026-07-14 00:00:00|PEN|105.53|19.00|124.53
Pago|2030078470|CLIENT_00905|455932421|976083247|AMDOCS|S8AA-0007935817|2026-07-14 00:00:00|PEN|37.32|6.72|44.03
Pago|2036291323|CLIENT_00905|455932421|176083247|AMDOCS|S8AA-0007932775|2026-07-14 00:00:00|PEN|37.32|6.72|44.03
Pago|2015692561|CLIENT_00905|70647575|494912237|AMDOCS|S1AA-0052358259|2026-07-14 00:00:00|PEN|40.87|7.36|48.23
Pago|2033801557|CLIENT_00905|70647575|621764157|AMDOCS|S1AA-0052359844|2026-07-14 00:00:00|PEN|17.79|3.21|21.00
Pago|2061327685|CLIENT_00015|671814511|178426527|AMDOCS|S5AA-0081462800|2026-07-15 00:00:00|PEN|92.75|16.70|109.45
Pago|2060405597|CLIENT_00167|051203231|727735557|AMDOCS|S8AA-0007924838|2026-07-15 00:00:00|PEN|23.67|4.26|27.93
Pago|2030380577|CLIENT_00167|051203231|315635557|AMDOCS|S8AA-0007924837|2026-07-15 00:00:00|PEN|23.67|4.26|27.93
Pago|2066544689|CLIENT_00288|58564575|085404303|AMDOCS|S1AA-0052934252|2026-07-15 00:00:00|PEN|18.98|3.42|22.40
Pago|2040860442|CLIENT_00783|704649321|001375157|AMDOCS|S1AA-0051815329|2026-07-01 00:00:00|PEN|45.86|10.07|55.93
Pago|2020328731|CLIENT_00418|79003575|223963533|AMDOCS|S3AA-0079464694|2026-07-01 00:00:00|PEN|32.09|7.04|39.13
Pago|2008344430|CLIENT_00699|994931321|569464047|AMDOCS|S1AA-0051732253|2026-07-01 00:00:00|PEN|19.17|4.21|23.38
Pago|2047909598|CLIENT_00269|90834906|119300257|AMDOCS|S9AA-0082587909|2026-07-20 00:00:00|PEN|65.14|11.73|76.86
Pago|2000873711|CLIENT_00049|044889811|582704137|AMDOCS|S7AA-0068044811|2026-07-20 00:00:00|PEN|70.71|12.73|83.44
Pago|2092799884|CLIENT_00674|44868985|694799306|AMDOCS|S9AA-0082879794|2026-06-17 00:00:00|PEN|8.49|1.86|10.35
Pago|2028901029|CLIENT_00037|966673111|751447357|AMDOCS|S9AA-0083097245|2026-06-19 00:00:00|PEN|4.85|1.06|5.92
Pago|2009872591|CLIENT_00043|13548316|092539657|AMDOCS|S9AA-0082775106|2026-06-19 00:00:00|PEN|1.33|.29|1.62
Pago|2059056062|CLIENT_00456|401913421|259110067|AMDOCS|S3AA-0078579520|2026-07-03 00:00:00|PEN|25.54|5.61|31.15
Pago|2031734441|CLIENT_00717|05968995|550389406|AMDOCS|S5AA-0081271954|2026-07-03 00:00:00|PEN|120.20|26.38|146.58
Pago|2015955796|CLIENT_00568|36984575|533151601|AMDOCS|S7AA-0068245735|2026-07-03 00:00:00|PEN|54.47|11.96|66.43
Pago|2000467776|CLIENT_00136|657982821|839284947|AMDOCS|S7AA-0068188662|2026-07-03 00:00:00|PEN|14.35|3.15|17.50
Pago|2086433692|CLIENT_00136|657982821|607498947|AMDOCS|S7AA-0068188698|2026-07-03 00:00:00|PEN|14.29|3.14|17.43
Pago|2043334184|CLIENT_00662|154096131|359489557|AMDOCS|S9AA-0082944793|2026-07-03 00:00:00|PEN|51.60|11.33|62.93
Pago|2088776603|CLIENT_00662|154096131|526723757|AMDOCS|S9AA-0082945007|2026-07-03 00:00:00|PEN|51.60|11.33|62.93
Pago|2030866005|CLIENT_00662|154096131|924404857|AMDOCS|S9AA-0082945228|2026-07-03 00:00:00|PEN|51.60|11.33|62.93
Pago|2009279182|CLIENT_00662|154096131|324404857|AMDOCS|S9AA-0082945227|2026-07-03 00:00:00|PEN|51.60|11.33|62.93
Pago|2068334049|CLIENT_00662|154096131|811665457|AMDOCS|S9AA-0082944593|2026-07-03 00:00:00|PEN|46.44|10.19|56.63
Pago|2057980795|CLIENT_00662|645070911|869999637|AMDOCS|S9AA-0082900094|2026-07-03 00:00:00|PEN|177.94|39.06|217.00
Pago|2086798985|CLIENT_00662|154096131|102596067|AMDOCS|S9AA-0082945663|2026-07-03 00:00:00|PEN|40.47|8.88|49.35
Pago|2098337123|CLIENT_00365|640401021|887482337|AMDOCS|S9AA-0082899689|2026-07-04 00:00:00|PEN|86.04|18.89|104.93
Pago|2018493281|CLIENT_00365|640401021|123014357|AMDOCS|S9AA-0082902014|2026-07-04 00:00:00|PEN|117.56|25.80|143.36
Pago|2064193979|CLIENT_00887|435846421|419702347|AMDOCS|S8AA-0008099743|2026-07-04 00:00:00|PEN|97.52|21.41|118.93
Pago|2074489080|CLIENT_00887|65625575|596121473|AMDOCS|S7AA-0068184699|2026-07-04 00:00:00|PEN|114.69|25.17|139.86
Pago|2076391207|CLIENT_00887|435846421|136952347|AMDOCS|S8AA-0008099744|2026-07-04 00:00:00|PEN|109.00|23.93|132.93
Pago|2087414110|CLIENT_00526|97081995|653919406|AMDOCS|S9AA-0083177379|2026-07-04 00:00:00|PEN|74.56|16.37|90.93
Pago|2076613247|CLIENT_00440|90271406|681112857|AMDOCS|S5AA-0080978671|2026-07-04 00:00:00|PEN|54.24|11.91|66.15
Pago|2007306359|CLIENT_00438|71762285|031722306|AMDOCS|S5AA-0080804890|2026-07-05 00:00:00|PEN|22.30|4.90|27.20
Pago|2042305136|CLIENT_00438|71762285|031722306|AMDOCS|S5AA-0079687035|2026-07-05 00:00:00|PEN|111.61|24.50|136.12
Pago|2008485481|CLIENT_00614|33041185|632327757|AMDOCS|S9AA-0082792265|2026-07-21 00:00:00|PEN|88.57|15.95|104.51
Pago|2014709746|CLIENT_00875|332812621|071849547|AMDOCS|S3AA-0080010165|2026-07-21 00:00:00|PEN|105.53|19.00|124.53
Pago|2040757877|CLIENT_00307|289009821|958134057|AMDOCS|S9AA-0083206995|2026-07-21 00:00:00|PEN|77.06|13.87|90.93
Pago|2070570413|CLIENT_00307|289009821|229924057|AMDOCS|S9AA-0083206994|2026-07-21 00:00:00|PEN|64.84|11.67|76.51
Pago|2031808793|CLIENT_00307|289009821|958134057|AMDOCS|S9AA-0081889220|2026-07-21 00:00:00|PEN|77.06|13.87|90.93
Pago|2093972164|CLIENT_00307|289009821|229924057|AMDOCS|S9AA-0081889219|2026-07-21 00:00:00|PEN|64.90|11.68|76.58
Pago|2070011235|CLIENT_00666|966296531|342129067|AMDOCS|S6AA-0000136406|2026-06-09 00:00:00|PEN|1.18|.21|1.39
Pago|2047770405|CLIENT_00867|871938221|171224937|AMDOCS|S9AA-0081454415|2026-06-20 00:00:00|PEN|3.05|.67|3.72
Pago|2066387109|CLIENT_00337|051238721|086657847|AMDOCS|S7AA-0068135405|2026-07-02 00:00:00|PEN|50.45|11.08|61.53
Pago|2091534039|CLIENT_00872|397147921|239879657|AMDOCS|S3AA-0079433644|2026-07-02 00:00:00|PEN|112.33|24.66|136.99
Pago|2091865038|CLIENT_00872|397147921|239879657|AMDOCS|S3AA-0079433644|2026-07-02 00:00:00|PEN|5.68|1.25|6.93
Pago|2050502220|CLIENT_00468|81900195|147262847|AMDOCS|S5AA-0081042963|2026-07-08 00:00:00|PEN|51.60|11.33|62.93
Pago|2006724655|CLIENT_00143|80572906|782449506|AMDOCS|S9AA-0082109963|2026-07-08 00:00:00|PEN|89.95|19.74|109.69
Pago|2077792360|CLIENT_00468|81900195|583170547|AMDOCS|S5AA-0081042665|2026-07-08 00:00:00|PEN|56.83|12.47|69.30
Pago|2003970000|CLIENT_00085|124459521|882184547|AMDOCS|S7AA-0068762011|2026-07-08 00:00:00|PEN|97.41|21.38|118.79
Pago|2010061458|CLIENT_00524|79291106|840691506|AMDOCS|S9AA-0083330198|2026-07-06 00:00:00|PEN|90.06|19.77|109.83
Pago|2061195913|CLIENT_00760|558077111|052291067|AMDOCS|S3AA-0079064216|2026-07-06 00:00:00|PEN|51.60|11.33|62.93
Pago|2089127811|CLIENT_00456|244253411|726927957|AMDOCS|S3AA-0078940449|2026-07-03 00:00:00|PEN|49.31|10.82|60.13
Pago|2045728618|CLIENT_00788|864924721|859748657|AMDOCS|S3AA-0079186557|2026-07-04 00:00:00|PEN|54.24|11.91|66.15
Pago|2029016932|CLIENT_00317|55190516|950594606|AMDOCS|S9AA-0082974230|2026-07-04 00:00:00|PEN|68.82|15.11|83.93
Pago|2008533135|CLIENT_00273|226188921|562791557|AMDOCS|S5AA-0081072718|2026-07-04 00:00:00|PEN|83.12|18.24|101.36
Pago|2076050582|CLIENT_00189|415645531|921296067|AMDOCS|S6AA-0000060630|2026-07-04 00:00:00|PEN|17.62|3.87|21.49
Pago|2038360014|CLIENT_00418|79003575|527733873|AMDOCS|S3AA-0079465310|2026-07-04 00:00:00|PEN|26.89|5.90|32.80
Pago|2091452099|CLIENT_00990|687330621|848818657|AMDOCS|S3AA-0079366990|2026-07-04 00:00:00|PEN|90.06|19.77|109.83
Pago|2006280346|CLIENT_00431|66409995|202000506|AMDOCS|S9AA-0081746741|2026-07-04 00:00:00|PEN|64.29|14.11|78.40
Pago|2025620699|CLIENT_00513|159921021|882812537|AMDOCS|S1AA-0052698365|2026-07-21 00:00:00|PEN|105.53|19.00|124.53
Pago|2047073420|CLIENT_00249|100636111|727830147|AMDOCS|S9AA-0082535710|2026-07-21 00:00:00|PEN|47.40|8.53|55.93
Pago|2020614360|CLIENT_00393|05650016|114999506|AMDOCS|S9AA-0082931764|2026-07-21 00:00:00|PEN|207.57|37.37|244.93
Pago|2084701120|CLIENT_00513|159921021|240297637|AMDOCS|S1AA-0052698401|2026-07-21 00:00:00|PEN|10.33|1.86|12.18
Pago|2045013020|CLIENT_00513|159921021|977833337|AMDOCS|S1AA-0052698317|2026-07-21 00:00:00|PEN|22.48|4.05|26.53
Pago|2053094555|CLIENT_00779|37698395|462643757|AMDOCS|S9AA-0081812496|2026-07-21 00:00:00|PEN|99.84|17.97|117.81
Pago|2052340677|CLIENT_00779|37698395|462643757|AMDOCS|S9AA-0083131607|2026-07-21 00:00:00|PEN|109.57|19.73|129.29
Pago|2045269682|CLIENT_00521|44811516|047674606|AMDOCS|S9AA-0082880873|2026-07-21 00:00:00|PEN|55.35|9.96|65.31
Pago|2076429162|CLIENT_00521|71440575|539301103|AMDOCS|S1AA-0052464803|2026-07-21 00:00:00|PEN|10.33|1.86|12.18
Pago|2015757865|CLIENT_00521|71440575|218426103|AMDOCS|S1AA-0052464824|2026-07-21 00:00:00|PEN|10.33|1.86|12.18
Pago|2052571507|CLIENT_00076|32851575|196475917|AMDOCS|S1AA-0052500932|2026-07-21 00:00:00|PEN|51.91|9.35|61.25
Pago|2083394317|CLIENT_00713|98360385|977703306|AMDOCS|S5AA-0082273292|2026-07-21 00:00:00|PEN|77.95|14.03|91.98
Pago|2060124626|CLIENT_00673|462851321|152941047|AMDOCS|S1AA-0052787094|2026-07-21 00:00:00|PEN|18.92|3.41|22.33
Pago|2065741511|CLIENT_00662|51834206|732033837|AMDOCS|S5AA-0081745437|2026-07-21 00:00:00|PEN|56.29|10.14|66.43
Pago|2073666914|CLIENT_00895|69942575|344731601|AMDOCS|S1AA-0053002143|2026-07-21 00:00:00|PEN|16.85|3.03|19.88
Pago|2081557271|CLIENT_00895|69942575|244731601|AMDOCS|S1AA-0053002142|2026-07-21 00:00:00|PEN|23.08|4.15|27.23
Pago|2088837644|CLIENT_00895|69942575|144731601|AMDOCS|S1AA-0053002141|2026-07-21 00:00:00|PEN|16.91|3.05|19.95
Pago|2096905451|CLIENT_00895|69942575|044731601|AMDOCS|S1AA-0053002140|2026-07-21 00:00:00|PEN|16.85|3.03|19.88
Pago|2085866987|CLIENT_00895|88942575|732812923|AMDOCS|S3AA-0079586178|2026-07-21 00:00:00|PEN|28.18|5.07|33.25
Pago|2019557133|CLIENT_00895|69942575|834731601|AMDOCS|S1AA-0053002138|2026-07-21 00:00:00|PEN|16.85|3.03|19.88
Pago|2040023821|CLIENT_00895|69942575|934731601|AMDOCS|S1AA-0053002139|2026-07-21 00:00:00|PEN|16.91|3.05|19.95
Pago|2014704106|CLIENT_00936|568000|31686100|ISIS|S300-255043|2026-07-22 00:00:00|PEN|1015.00|182.70|1197.70
Pago|2062849793|CLIENT_00574|549491531|861761067|AMDOCS|S7AA-0068103176|2026-07-02 00:00:00|PEN|40.12|8.81|48.93
Pago|2088121602|CLIENT_00904|478016031|086489257|AMDOCS|S4AA-0008095706|2026-07-02 00:00:00|PEN|77.60|17.04|94.64
Pago|2002459973|CLIENT_00887|435846421|343721347|AMDOCS|S8AA-0008099721|2026-07-06 00:00:00|PEN|229.54|50.39|279.93
Pago|2096761566|CLIENT_00511|04656085|572360306|AMDOCS|S9AA-0075486333|2026-07-06 00:00:00|PEN|4.56|1.00|5.57
Pago|2012621430|CLIENT_00065|85425595|356731747|AMDOCS|S9AA-0083002962|2026-07-06 00:00:00|PEN|20.89|4.59|25.48
Pago|2008557127|CLIENT_00065|19585595|563121747|AMDOCS|S9AA-0083283001|2026-07-06 00:00:00|PEN|91.78|20.15|111.93
Pago|2060463438|CLIENT_00559|62957795|726097406|AMDOCS|S5AA-0081097699|2026-07-07 00:00:00|PEN|107.40|23.57|130.97
Pago|2001341850|CLIENT_00681|197529901|740066937|AMDOCS|S9AA-0083282165|2026-06-20 00:00:00|PEN|2.41|.53|2.94
Pago|2072160389|CLIENT_00662|154096131|102596067|AMDOCS|S9AA-0082945663|2026-06-25 00:00:00|PEN|13.76|3.02|16.79
Pago|2072690831|CLIENT_00802|150349921|892599157|AMDOCS|S8AA-0007927477|2026-07-03 00:00:00|PEN|100.34|22.02|122.36
Pago|2041410754|CLIENT_00802|150349921|892599157|AMDOCS|S8AA-0007630119|2026-07-03 00:00:00|PEN|100.34|22.02|122.36
Pago|2093220275|CLIENT_00756|44954575|532128993|AMDOCS|S1AA-0052017166|2026-07-03 00:00:00|PEN|5169.50|1134.77|6304.27
Pago|2056144451|CLIENT_00756|66947575|956960057|AMDOCS|S1AA-0052182638|2026-07-03 00:00:00|PEN|5.68|1.25|6.93
Pago|2030350128|CLIENT_00209|30333575|044780043|AMDOCS|S3AA-0079726019|2026-07-20 00:00:00|PEN|39.68|7.14|46.83
Pago|2027762883|CLIENT_00236|642552431|314247857|AMDOCS|S9AA-0082902881|2026-07-21 00:00:00|PEN|53.33|9.60|62.93
Pago|2043698608|CLIENT_00037|966673111|751447357|AMDOCS|S9AA-0083097245|2026-07-21 00:00:00|PEN|165.66|29.82|195.48
Pago|2018351055|CLIENT_00743|582149431|403578957|AMDOCS|S9AA-0083233988|2026-07-21 00:00:00|PEN|77.06|13.87|90.93
Pago|2030500532|CLIENT_00078|21761575|057746343|AMDOCS|S3AA-0078647652|2026-07-21 00:00:00|PEN|28.18|5.07|33.25
Pago|2031084574|CLIENT_00078|21761575|057746343|AMDOCS|S3AA-0079810115|2026-07-21 00:00:00|PEN|25.45|4.58|30.03
Pago|2001825805|CLIENT_00348|512985521|966312157|AMDOCS|S3AA-0079843296|2026-07-21 00:00:00|PEN|88.92|16.01|104.93
Pago|2075420312|CLIENT_00020|281114021|509180557|AMDOCS|S9AA-0083207571|2026-07-21 00:00:00|PEN|41.47|7.46|48.93
Pago|2024298306|CLIENT_00511|04656085|572360306|AMDOCS|S9AA-0076488657|2026-07-21 00:00:00|PEN|34.06|6.13|40.19
Pago|2031203897|CLIENT_00762|34542575|044822823|AMDOCS|S3AA-0078932584|2026-07-02 00:00:00|PEN|18.43|4.04|22.47
Pago|2062557489|CLIENT_00942|659474221|739516837|AMDOCS|S5AA-0081318222|2026-07-08 00:00:00|PEN|154.81|33.98|188.79
Pago|2000300509|CLIENT_00917|62874416|746371067|AMDOCS|S9AA-0082741916|2026-07-08 00:00:00|PEN|91.78|20.15|111.93
Pago|2015554649|CLIENT_00514|19676295|174972406|AMDOCS|S5AA-0081569408|2026-07-07 00:00:00|PEN|45.86|10.07|55.93
Pago|2052310426|CLIENT_00027|439858611|442690737|AMDOCS|S9AA-0082798123|2026-07-07 00:00:00|PEN|72.27|15.86|88.13
Pago|2087460452|CLIENT_00460|03160295|627412406|AMDOCS|S9AA-0082761240|2026-07-07 00:00:00|PEN|45.86|10.07|55.93
Pago|2014556610|CLIENT_00214|30601716|148582057|AMDOCS|S5AA-0080934200|2026-07-07 00:00:00|PEN|91.73|20.13|111.86
Pago|2082057839|CLIENT_00554|16502516|980105606|AMDOCS|S9AA-0083025105|2026-07-29 00:00:00|PEN|38.68|6.96|45.64
Pago|2072209233|CLIENT_00904|478016031|086489257|AMDOCS|S4AA-0008236597|2026-07-30 00:00:00|PEN|103.31|18.59|121.91
Pago|2015439664|CLIENT_00418|79003575|931637733|AMDOCS|S3AA-0079670139|2026-07-30 00:00:00|PEN|34.11|6.14|40.25
Pago|2082618416|CLIENT_00083|06594575|903148513|AMDOCS|S3AA-0080248237|2026-07-30 00:00:00|PEN|37.32|6.72|44.03
Pago|2023148141|CLIENT_00320|30344575|277349343|AMDOCS|S3AA-0079726079|2026-07-30 00:00:00|PEN|27.23|4.90|32.13
Pago|2031560741|CLIENT_00902|558507131|155885457|AMDOCS|S4AA-0008487714|2026-07-31 00:00:00|PEN|53.33|9.60|62.93
Pago|2058216703|CLIENT_00762|34542575|447425313|AMDOCS|S3AA-0080089516|2026-07-31 00:00:00|PEN|25.21|4.54|29.75
Pago|2009056636|CLIENT_00705|185578121|008521737|AMDOCS|S3AA-0073654748|2026-07-31 00:00:00|PEN|59.41|10.70|70.11
Pago|2066854509|CLIENT_00619|70805406|916244506|AMDOCS|S5AA-0081685463|2026-07-31 00:00:00|PEN|80.21|14.43|94.64
Pago|2021730606|CLIENT_00619|72894406|536244506|AMDOCS|S5AA-0081829052|2026-07-31 00:00:00|PEN|16.61|2.99|19.60
Pago|2010394010|CLIENT_00619|85115406|726244506|AMDOCS|S5AA-0082051697|2026-07-31 00:00:00|PEN|58.67|10.56|69.23
Pago|2043923625|CLIENT_00164|087471221|336668737|AMDOCS|S3AA-0079514670|2026-07-31 00:00:00|PEN|71.13|12.80|83.93
Pago|2084499858|CLIENT_00232|441453231|918290957|AMDOCS|S8AA-0007906861|2026-07-16 00:00:00|PEN|103.52|18.63|122.15
Pago|2037757541|CLIENT_00199|43669685|809287957|AMDOCS|S9AA-0082340037|2026-07-16 00:00:00|PEN|83.76|15.08|98.84
Pago|2089216910|CLIENT_00949|729370231|598302557|AMDOCS|S5AA-0080890970|2026-06-14 00:00:00|PEN|100.16|21.99|122.15
Pago|2088485339|CLIENT_00716|323244011|578646717|AMDOCS|S9AA-0082240529|2026-06-14 00:00:00|PEN|38.40|8.43|46.83
Pago|2014166280|CLIENT_00551|77576606|346056506|AMDOCS|S9AA-0081841956|2026-06-14 00:00:00|PEN|88.97|19.53|108.50
Pago|2010425479|CLIENT_00707|833798331|800712857|AMDOCS|S8AA-0007591360|2026-06-14 00:00:00|PEN|97.52|21.41|118.93
Pago|2058345149|CLIENT_00232|441453231|918290957|AMDOCS|S8AA-0007609857|2026-06-16 00:00:00|PEN|77.20|16.95|94.15
Pago|2010659997|CLIENT_00381|73724206|715942506|AMDOCS|S9AA-0082360366|2026-06-17 00:00:00|PEN|22.96|5.04|28.00
Pago|2007646081|CLIENT_00381|73724206|715942506|AMDOCS|S9AA-0082360366|2026-06-17 00:00:00|PEN|40.18|8.82|49.00
Pago|2076023400|CLIENT_00381|74034206|525942506|AMDOCS|S9AA-0082429455|2026-06-17 00:00:00|PEN|31.34|6.88|38.22
Pago|2017913151|CLIENT_00482|626911331|242968657|AMDOCS|S8AA-0007554582|2026-06-17 00:00:00|PEN|22.47|4.93|27.41
Pago|2007494049|CLIENT_00339|38200585|336070057|AMDOCS|S5AA-0081515447|2026-06-09 00:00:00|PEN|3.15|.69|3.84
Pago|2099665368|CLIENT_00339|38200585|708760057|AMDOCS|S5AA-0081515446|2026-06-09 00:00:00|PEN|3.15|.69|3.84
Pago|2094430823|CLIENT_00949|729370231|598302557|AMDOCS|S5AA-0081109046|2026-06-14 00:00:00|PEN|18.88|4.14|23.02
Pago|2059791752|CLIENT_00929|75231785|312517857|AMDOCS|S9AA-0081683069|2026-06-19 00:00:00|PEN|119.22|26.17|145.39
Pago|2065722978|CLIENT_00478|403044421|164577247|AMDOCS|S4AA-0008188592|2026-06-19 00:00:00|PEN|48.04|10.55|58.59
Pago|2029084727|CLIENT_00710|57851575|343254133|AMDOCS|S1AA-0051504778|2026-06-19 00:00:00|PEN|24.05|5.28|29.33
Pago|2010280211|CLIENT_00710|57851575|743767433|AMDOCS|S1AA-0051504812|2026-06-19 00:00:00|PEN|191.49|42.03|233.52
Pago|2089935977|CLIENT_00509|351242611|058866937|AMDOCS|S5AA-0080337763|2026-06-19 00:00:00|PEN|51.60|11.33|62.93
Pago|2066331018|CLIENT_00601|73991575|475838023|AMDOCS|S1AA-0051968280|2026-06-19 00:00:00|PEN|68.82|15.11|83.93
Pago|2024177972|CLIENT_00132|00147116|380284537|AMDOCS|S9AA-0082051698|2026-06-22 00:00:00|PEN|63.08|13.85|76.93
Pago|2080713308|CLIENT_00225|26052575|075594063|AMDOCS|S3AA-0079122964|2026-06-22 00:00:00|PEN|24.05|5.28|29.33
Pago|2026522410|CLIENT_00068|32621575|492061703|AMDOCS|S3AA-0078742044|2026-06-22 00:00:00|PEN|42.99|9.44|52.43
Pago|2048747968|CLIENT_00130|72759006|089316647|AMDOCS|S5AA-0081108156|2026-06-24 00:00:00|PEN|108.89|23.90|132.79
Pago|2054335919|CLIENT_00098|37026575|484984303|AMDOCS|S1AA-0052226690|2026-06-24 00:00:00|PEN|72.04|15.81|87.85
Pago|2020787796|CLIENT_00011|56631806|827509506|AMDOCS|S5AA-0081381043|2026-06-24 00:00:00|PEN|118.47|26.01|144.48
Pago|2071082447|CLIENT_00987|34612575|745692323|AMDOCS|S1AA-0052009056|2026-06-24 00:00:00|PEN|17.16|3.77|20.93
Pago|2031664944|CLIENT_00853|28725575|310231601|AMDOCS|S1AA-0052294796|2026-06-24 00:00:00|PEN|22.90|5.03|27.93
Pago|2056163476|CLIENT_00980|285796721|710425847|AMDOCS|S4AA-0008120190|2026-06-24 00:00:00|PEN|103.26|22.67|125.93
Pago|2012170806|CLIENT_00350|62740575|210307413|AMDOCS|S1AA-0052519441|2026-07-16 00:00:00|PEN|31.38|5.65|37.03
Pago|2098010004|CLIENT_00350|62740575|316839573|AMDOCS|S1AA-0052520298|2026-07-16 00:00:00|PEN|31.38|5.65|37.03
Pago|2098818821|CLIENT_00350|62740575|416839573|AMDOCS|S1AA-0052520299|2026-07-16 00:00:00|PEN|31.38|5.65|37.03
Pago|2072853719|CLIENT_00350|62740575|101099673|AMDOCS|S1AA-0052520327|2026-07-16 00:00:00|PEN|62.76|11.30|74.06
Pago|2038144396|CLIENT_00350|62740575|498997223|AMDOCS|S1AA-0052519537|2026-07-16 00:00:00|PEN|31.38|5.65|37.03
Pago|2098324947|CLIENT_00350|62740575|232039543|AMDOCS|S1AA-0052519813|2026-07-16 00:00:00|PEN|31.38|5.65|37.03
Pago|2092693113|CLIENT_00172|175639431|395777957|AMDOCS|S8AA-0008002857|2026-07-16 00:00:00|PEN|17.79|3.21|21.00
Pago|2081733189|CLIENT_00101|638249611|470724827|AMDOCS|S3AA-0077904455|2026-06-28 00:00:00|PEN|31.37|6.89|38.26
Pago|2001432018|CLIENT_00741|866009421|419573947|AMDOCS|S8AA-0007089655|2026-07-17 00:00:00|PEN|8.16|1.47|9.63
Pago|2003257995|CLIENT_00741|866009421|231292067|AMDOCS|S8AA-0007981343|2026-07-17 00:00:00|PEN|53.33|9.60|62.93
Pago|2094579959|CLIENT_00350|62740575|354307413|AMDOCS|S1AA-0052519446|2026-07-16 00:00:00|PEN|20.11|3.62|23.73
Pago|2083625607|CLIENT_00352|160410421|078449147|AMDOCS|S9AA-0083027830|2026-07-16 00:00:00|PEN|59.02|10.63|69.65
Pago|2079947829|CLIENT_00350|62740575|132039543|AMDOCS|S1AA-0052519812|2026-07-16 00:00:00|PEN|18.92|3.41|22.33
Pago|2021165059|CLIENT_00350|62740575|718534043|AMDOCS|S1AA-0052519730|2026-07-16 00:00:00|PEN|31.38|5.65|37.03
Pago|2038779803|CLIENT_00350|62740575|304204213|AMDOCS|S1AA-0052519411|2026-07-16 00:00:00|PEN|20.11|3.62|23.73
Pago|2071872293|CLIENT_00350|62740575|616839573|AMDOCS|S1AA-0052520300|2026-07-16 00:00:00|PEN|16.55|2.98|19.53
Pago|2070942382|CLIENT_00382|54366285|843962306|AMDOCS|S9AA-0082887763|2026-07-16 00:00:00|PEN|50.37|9.07|59.43
Pago|2030497303|CLIENT_00382|50266285|841297637|AMDOCS|S9AA-0082552325|2026-07-16 00:00:00|PEN|117.64|21.18|138.81
Pago|2091691985|CLIENT_00508|77873195|129741406|AMDOCS|S9AA-0081841193|2026-07-16 00:00:00|PEN|52.41|9.44|61.85
Pago|2051257023|CLIENT_00508|77873195|129741406|AMDOCS|S9AA-0083159839|2026-07-16 00:00:00|PEN|53.92|9.71|63.63
Pago|2072827495|CLIENT_00321|13461575|528114673|AMDOCS|S7AA-0068838324|2026-07-16 00:00:00|PEN|33.75|6.08|39.83
Pago|2080121177|CLIENT_00321|93461575|390109501|AMDOCS|S1AA-0052600792|2026-07-16 00:00:00|PEN|248.14|44.67|292.81
Pago|2002282707|CLIENT_00321|13461575|777122357|AMDOCS|S7AA-0068843213|2026-07-16 00:00:00|PEN|23.67|4.26|27.93
Pago|2016581558|CLIENT_00321|93461575|297837137|AMDOCS|S1AA-0052603048|2026-07-16 00:00:00|PEN|44.43|7.99|52.43
Pago|2003613503|CLIENT_00321|93461575|798433963|AMDOCS|S1AA-0052601834|2026-07-16 00:00:00|PEN|33.75|6.08|39.83
Pago|2080890125|CLIENT_00321|13461575|371977173|AMDOCS|S7AA-0068838267|2026-07-16 00:00:00|PEN|33.75|6.08|39.83
Pago|2095493323|CLIENT_00350|62740575|530004003|AMDOCS|S1AA-0052512395|2026-07-16 00:00:00|PEN|59.26|10.67|69.93
Pago|2013354671|CLIENT_00350|62740575|340233203|AMDOCS|S1AA-0052512461|2026-07-16 00:00:00|PEN|31.38|5.65|37.03
Pago|2047993973|CLIENT_00350|62740575|074307413|AMDOCS|S1AA-0052519447|2026-07-16 00:00:00|PEN|31.38|5.65|37.03
Pago|2021494556|CLIENT_00350|62740575|850307413|AMDOCS|S1AA-0052519443|2026-07-16 00:00:00|PEN|59.26|10.67|69.93
Pago|2007591006|CLIENT_00011|06538595|646495406|AMDOCS|S9AA-0083016103|2026-07-16 00:00:00|PEN|149.16|26.85|176.02
Pago|2064561415|CLIENT_00350|62740575|270307413|AMDOCS|S1AA-0052519444|2026-07-16 00:00:00|PEN|31.38|5.65|37.03
Pago|2024271553|CLIENT_00350|62740575|730307413|AMDOCS|S1AA-0052519442|2026-07-16 00:00:00|PEN|59.26|10.67|69.93
Pago|2052675109|CLIENT_00350|62740575|337301103|AMDOCS|S1AA-0052512416|2026-07-16 00:00:00|PEN|31.38|5.65|37.03
Pago|2048019998|CLIENT_00350|62740575|281003703|AMDOCS|S1AA-0052519321|2026-07-16 00:00:00|PEN|31.38|5.65|37.03
Pago|2013719711|CLIENT_00350|62740575|390307413|AMDOCS|S1AA-0052519445|2026-07-16 00:00:00|PEN|31.38|5.65|37.03
Pago|2059325040|CLIENT_00090|215219121|412903747|AMDOCS|S3AA-0079814597|2026-06-05 00:00:00|PEN|1.53|.27|1.80
Pago|2063970218|CLIENT_00090|215219121|412903747|AMDOCS|S3AA-0079814597|2026-07-07 00:00:00|PEN|4.80|.86|5.66
Pago|2079875023|CLIENT_00282|398260721|394614747|AMDOCS|S8AA-0007862059|2026-07-17 00:00:00|PEN|52.14|9.39|61.53
Pago|2018501249|CLIENT_00107|642694521|347199547|AMDOCS|S3AA-0078975021|2026-07-17 00:00:00|PEN|82.75|14.90|97.65
Pago|2024916697|CLIENT_00704|009206321|954881547|AMDOCS|S9AA-0082510713|2026-07-18 00:00:00|PEN|37.32|6.72|44.03
Pago|2028736891|CLIENT_00704|009206321|070828847|AMDOCS|S9AA-0082511073|2026-07-18 00:00:00|PEN|17.79|3.21|21.00
Pago|2026740451|CLIENT_00704|009206321|745528847|AMDOCS|S9AA-0082511072|2026-07-18 00:00:00|PEN|17.79|3.21|21.00
Pago|2073592711|CLIENT_00704|92353306|783623506|AMDOCS|S9AA-0082753260|2026-07-18 00:00:00|PEN|88.92|16.01|104.93
Pago|2001030392|CLIENT_00266|28064185|601803837|AMDOCS|S9AA-0083205668|2026-07-18 00:00:00|PEN|29.07|5.24|34.30
Pago|2045970194|CLIENT_00344|472278021|583040067|AMDOCS|S9AA-0083140650|2026-07-18 00:00:00|PEN|53.33|9.60|62.93
Pago|2047531680|CLIENT_00595|36468785|975397306|AMDOCS|S9AA-0083040811|2026-07-18 00:00:00|PEN|150.09|27.01|177.10
Pago|2058880468|CLIENT_00644|864899231|159084857|AMDOCS|S1AA-0052197791|2026-06-24 00:00:00|PEN|40.12|8.81|48.93
Pago|2033935445|CLIENT_00287|953144321|959676167|AMDOCS|S1AA-0052137700|2026-06-24 00:00:00|PEN|30.36|6.67|37.03
Pago|2048682270|CLIENT_00300|54607575|313348501|AMDOCS|S1AA-0052029133|2026-06-24 00:00:00|PEN|25.49|5.59|31.08
Pago|2075075409|CLIENT_00644|864899231|516365857|AMDOCS|S1AA-0052197801|2026-06-25 00:00:00|PEN|42.76|9.39|52.15
Pago|2060928654|CLIENT_00894|359175021|685159947|AMDOCS|S1AA-0052094207|2026-06-25 00:00:00|PEN|23.25|5.10|28.35
Pago|2024906192|CLIENT_00412|69231985|026181637|AMDOCS|S5AA-0081608651|2026-06-25 00:00:00|PEN|59.06|12.97|72.03
Pago|2080131663|CLIENT_00176|20807106|776481506|AMDOCS|S5AA-0080923335|2026-06-25 00:00:00|PEN|61.93|13.60|75.53
Pago|2080054700|CLIENT_00644|864899231|403075857|AMDOCS|S1AA-0052197803|2026-06-25 00:00:00|PEN|42.76|9.39|52.15
Pago|2045222802|CLIENT_00803|542168021|707978437|AMDOCS|S5AA-0081238108|2026-07-17 00:00:00|PEN|389.98|70.20|460.18
Pago|2083512319|CLIENT_00482|626911331|242968657|AMDOCS|S8AA-0008076462|2026-07-17 00:00:00|PEN|26.34|4.74|31.08
Pago|2033817024|CLIENT_00437|974724031|772417257|AMDOCS|S8AA-0007813176|2026-06-26 00:00:00|PEN|5.00|1.10|6.10
Pago|2057366638|CLIENT_00047|166794121|681582637|AMDOCS|S1AA-0052147349|2026-06-28 00:00:00|PEN|28.07|6.16|34.23
Pago|2042555399|CLIENT_00032|74784575|139197047|AMDOCS|S1AA-0052052232|2026-06-29 00:00:00|PEN|84.03|18.45|102.48
Pago|2048973513|CLIENT_00999|887189821|498745057|AMDOCS|S7AA-0068471446|2026-06-03 00:00:00|PEN|4.74|1.04|5.78
Pago|2082309425|CLIENT_00395|743636121|130930757|AMDOCS|S1AA-0052673525|2026-07-09 00:00:00|PEN|100.79|18.14|118.93
Pago|2056218495|CLIENT_00461|428478431|524396957|AMDOCS|S7AA-0068792060|2026-07-09 00:00:00|PEN|56.06|10.09|66.15
Pago|2065235262|CLIENT_00461|428478431|977996957|AMDOCS|S7AA-0068792075|2026-07-09 00:00:00|PEN|56.06|10.09|66.15
Pago|2080767438|CLIENT_00461|428478431|979196957|AMDOCS|S7AA-0068792056|2026-07-09 00:00:00|PEN|56.06|10.09|66.15
Pago|2021938090|CLIENT_00461|428478431|112896957|AMDOCS|S7AA-0068792072|2026-07-09 00:00:00|PEN|56.06|10.09|66.15
Pago|2091247087|CLIENT_00461|428478431|415409957|AMDOCS|S7AA-0068792150|2026-07-09 00:00:00|PEN|56.06|10.09|66.15
Pago|2048448035|CLIENT_00461|428478431|132296957|AMDOCS|S7AA-0068792058|2026-07-09 00:00:00|PEN|56.06|10.09|66.15
Pago|2020895487|CLIENT_00461|428478431|584878957|AMDOCS|S7AA-0068792147|2026-07-09 00:00:00|PEN|56.06|10.09|66.15
Pago|2076908848|CLIENT_00461|428478431|201678957|AMDOCS|S7AA-0068792143|2026-07-09 00:00:00|PEN|56.00|10.08|66.08
Pago|2019359725|CLIENT_00461|428478431|992088957|AMDOCS|S7AA-0068792149|2026-07-09 00:00:00|PEN|56.06|10.09|66.15
Pago|2045189107|CLIENT_00461|428478431|998378957|AMDOCS|S7AA-0068792142|2026-07-09 00:00:00|PEN|56.06|10.09|66.15
Pago|2049722831|CLIENT_00461|428478431|604240067|AMDOCS|S7AA-0068792159|2026-07-09 00:00:00|PEN|56.06|10.09|66.15
Pago|2011860305|CLIENT_00461|428478431|264678957|AMDOCS|S7AA-0068792144|2026-07-09 00:00:00|PEN|56.06|10.09|66.15
Pago|2002202614|CLIENT_00461|428478431|585678957|AMDOCS|S7AA-0068792145|2026-07-09 00:00:00|PEN|56.06|10.09|66.15
Pago|2013895458|CLIENT_00461|428478431|050378957|AMDOCS|S7AA-0068792141|2026-07-09 00:00:00|PEN|56.06|10.09|66.15
Pago|2031184677|CLIENT_00461|428478431|873778957|AMDOCS|S7AA-0068792146|2026-07-09 00:00:00|PEN|56.06|10.09|66.15
Pago|2042173402|CLIENT_00461|428478431|009340067|AMDOCS|S7AA-0068792160|2026-07-09 00:00:00|PEN|56.00|10.08|66.08
Pago|2051242860|CLIENT_00461|428478431|460205067|AMDOCS|S7AA-0067293608|2026-07-09 00:00:00|PEN|24.77|4.46|29.23
Pago|2021524934|CLIENT_00373|775403901|369539547|AMDOCS|S7AA-0068373463|2026-07-10 00:00:00|PEN|18.98|3.42|22.40
Pago|2032373916|CLIENT_00373|775403901|447039547|AMDOCS|S7AA-0068373461|2026-07-10 00:00:00|PEN|18.98|3.42|22.40
Pago|2084796342|CLIENT_00373|775403901|002929547|AMDOCS|S7AA-0068373460|2026-07-10 00:00:00|PEN|41.47|7.46|48.93
Pago|2064994430|CLIENT_00373|775403901|137827047|AMDOCS|S7AA-0068372682|2026-07-10 00:00:00|PEN|59.26|10.67|69.93
Pago|2096974863|CLIENT_00477|41412616|745806606|AMDOCS|S9AA-0082626397|2026-07-16 00:00:00|PEN|146.26|26.33|172.59
Pago|2077292308|CLIENT_00945|380329421|311026347|AMDOCS|S8AA-0007726931|2026-06-25 00:00:00|PEN|17.51|3.84|21.35
Pago|2063051543|CLIENT_00629|90065095|504460406|AMDOCS|S9AA-0082117647|2026-06-25 00:00:00|PEN|69.68|15.30|84.98
Pago|2041417017|CLIENT_00679|74084575|745279363|AMDOCS|S1AA-0052669769|2026-07-17 00:00:00|PEN|13.23|2.38|15.61
Pago|2071586209|CLIENT_00004|472307131|692206457|AMDOCS|S9AA-0083139603|2026-07-17 00:00:00|PEN|67.92|12.23|80.15
Pago|2092096147|CLIENT_00180|592125221|285106657|AMDOCS|S9AA-0083318105|2026-07-17 00:00:00|PEN|112.65|20.28|132.93
Pago|2082219164|CLIENT_00707|833798331|322612857|AMDOCS|S8AA-0007888120|2026-07-17 00:00:00|PEN|103.52|18.63|122.15
Pago|2024668089|CLIENT_00504|557185231|456821657|AMDOCS|S9AA-0082978695|2026-07-18 00:00:00|PEN|35.18|6.33|41.51
Pago|2084267597|CLIENT_00173|226930621|956781757|AMDOCS|S9AA-0082698687|2026-07-18 00:00:00|PEN|100.79|18.14|118.93
Pago|2099786996|CLIENT_00380|432668021|845233557|AMDOCS|S9AA-0082800286|2026-07-18 00:00:00|PEN|65.20|11.74|76.93
Pago|2006409163|CLIENT_00297|537599131|363980557|AMDOCS|S4AA-0008425026|2026-07-25 00:00:00|PEN|32.39|5.83|38.22
Pago|2025402020|CLIENT_00130|72759006|089316647|AMDOCS|S5AA-0081832224|2026-07-25 00:00:00|PEN|112.53|20.26|132.79
Pago|2063665041|CLIENT_00437|974724031|772417257|AMDOCS|S8AA-0007813176|2026-07-25 00:00:00|PEN|15.34|2.76|18.10
Pago|2009118790|CLIENT_00144|25693116|568911606|AMDOCS|S5AA-0081286725|2026-07-25 00:00:00|PEN|50.37|9.07|59.43
Pago|2019093346|CLIENT_00644|864899231|159084857|AMDOCS|S1AA-0052816768|2026-07-25 00:00:00|PEN|44.20|7.96|52.15
Pago|2044512050|CLIENT_00980|285796721|605420857|AMDOCS|S4AA-0008121495|2026-06-27 00:00:00|PEN|131.96|28.97|160.93
Pago|2004670915|CLIENT_00592|88502895|956438406|AMDOCS|S5AA-0080592444|2026-06-27 00:00:00|PEN|111.82|24.54|136.36
Pago|2045425222|CLIENT_00363|847321321|306770047|AMDOCS|S1AA-0050634980|2026-06-27 00:00:00|PEN|3.16|.69|3.85
Pago|2033345034|CLIENT_00363|847321321|306770047|AMDOCS|S1AA-0051308930|2026-06-27 00:00:00|PEN|2.58|.57|3.15
Pago|2029288163|CLIENT_00999|887189821|498745057|AMDOCS|S7AA-0068471446|2026-06-27 00:00:00|PEN|98.21|21.56|119.77
Pago|2019184037|CLIENT_00710|092002|43698100|ISIS|S300-254084|2026-07-08 00:00:00|PEN|1400.00|252.00|1652.00
Pago|2075982270|CLIENT_00094|623989711|104536927|AMDOCS|S9AA-0082738128|2026-07-10 00:00:00|PEN|13.59|2.44|16.03
Pago|2098903730|CLIENT_00094|623989711|172639657|AMDOCS|S9AA-0082741172|2026-07-10 00:00:00|PEN|17.74|3.19|20.93
Pago|2086372778|CLIENT_00850|87302575|681475163|AMDOCS|S7AA-0068378848|2026-07-13 00:00:00|PEN|34.11|6.14|40.25
Pago|2093423627|CLIENT_00543|78285016|998140606|AMDOCS|S9AA-0083245629|2026-07-13 00:00:00|PEN|59.26|10.67|69.93
Pago|2045816597|CLIENT_00543|81355016|198140606|AMDOCS|S9AA-0082643163|2026-07-13 00:00:00|PEN|56.29|10.14|66.43
Pago|2056936489|CLIENT_00469|339091911|641226957|AMDOCS|S7AA-0067988183|2026-07-13 00:00:00|PEN|50.13|9.02|59.15
Pago|2054806583|CLIENT_00137|952695231|309610657|AMDOCS|S4AA-0008500449|2026-07-15 00:00:00|PEN|100.79|18.14|118.93
Pago|2026947472|CLIENT_00644|864899231|258803757|AMDOCS|S1AA-0052816504|2026-07-15 00:00:00|PEN|41.47|7.46|48.93
Pago|2025281432|CLIENT_00306|98911606|581948937|AMDOCS|S9AA-0083265300|2026-07-15 00:00:00|PEN|74.68|13.44|88.13
Pago|2023046832|CLIENT_00968|81193606|504736506|AMDOCS|S5AA-0081771675|2026-07-22 00:00:00|PEN|95.98|17.28|113.26
Pago|2072611215|CLIENT_00350|62740575|114204213|AMDOCS|S1AA-0052519412|2026-07-22 00:00:00|PEN|34.11|6.14|40.25
Pago|2011267113|CLIENT_00350|62740575|884509303|AMDOCS|S1AA-0052512503|2026-07-22 00:00:00|PEN|34.11|6.14|40.25
Pago|2082946463|CLIENT_00503|887064611|003403727|AMDOCS|S1AA-0052956677|2026-07-22 00:00:00|PEN|28.83|5.19|34.02
Pago|2087299864|CLIENT_00151|97228806|111598506|AMDOCS|S5AA-0081482782|2026-07-22 00:00:00|PEN|5.04|.91|5.95
Pago|2013259361|CLIENT_00169|19101575|854447403|AMDOCS|S1AA-0052975133|2026-07-22 00:00:00|PEN|32.98|5.94|38.92
Pago|2027755534|CLIENT_00163|22415575|022430803|AMDOCS|S1AA-0052648794|2026-07-22 00:00:00|PEN|62.23|11.20|73.43
Pago|2023560840|CLIENT_00707|833798331|800712857|AMDOCS|S8AA-0007888122|2026-07-16 00:00:00|PEN|100.79|18.14|118.93
Pago|2033687087|CLIENT_00266|28064185|533741306|AMDOCS|S9AA-0083201610|2026-07-16 00:00:00|PEN|78.25|14.08|92.33
Pago|2016961431|CLIENT_00266|28064185|683340737|AMDOCS|S9AA-0083205565|2026-07-16 00:00:00|PEN|18.68|3.36|22.05
Pago|1029634589|CLIENT_00966|03801575|293330473|AMDOCS|S1AA-0052540695|2026-07-16 00:00:00|PEN|14.83|2.67|17.50
Pago|1035693468|CLIENT_00966|03801575|777024503|AMDOCS|S1AA-0052539695|2026-07-16 00:00:00|PEN|38.56|6.94|45.50
Pago|2062344705|CLIENT_00266|28064185|719519737|AMDOCS|S9AA-0083205629|2026-07-16 00:00:00|PEN|18.68|3.36|22.05
Pago|2019606099|CLIENT_00266|28064185|904743157|AMDOCS|S9AA-0083207102|2026-07-16 00:00:00|PEN|8.90|1.60|10.50
Pago|2074167428|CLIENT_00982|915098421|046892647|AMDOCS|S8AA-0008053550|2026-07-16 00:00:00|PEN|42.41|7.64|50.05
Pago|2021006699|CLIENT_00354|84063185|476431306|AMDOCS|S5AA-0081256282|2026-06-25 00:00:00|PEN|101.02|22.18|123.20
Pago|2020725590|CLIENT_00706|736720321|436205457|AMDOCS|S1AA-0052591688|2026-07-24 00:00:00|PEN|77.06|13.87|90.93
Pago|2030814352|CLIENT_00987|34612575|745692323|AMDOCS|S1AA-0052628336|2026-07-24 00:00:00|PEN|20.41|3.68|24.08
Pago|2093402197|CLIENT_00225|26052575|075594063|AMDOCS|S3AA-0080276843|2026-07-25 00:00:00|PEN|24.86|4.47|29.33
Pago|2065171858|CLIENT_00064|29265706|779247506|AMDOCS|S9AA-0083287926|2026-07-25 00:00:00|PEN|171.38|30.85|202.23
Pago|2022229326|CLIENT_00405|59957575|125613147|AMDOCS|S3AA-0079655037|2026-07-25 00:00:00|PEN|52.14|9.39|61.53
Pago|2072848608|CLIENT_00545|54962575|830335233|AMDOCS|S3AA-0078951568|2026-06-26 00:00:00|PEN|20.15|4.42|24.57
Pago|2073554752|CLIENT_00325|13671295|591722406|AMDOCS|S5AA-0081133516|2026-06-26 00:00:00|PEN|49.31|10.82|60.13
Pago|2000142910|CLIENT_00850|87302575|836762623|AMDOCS|S7AA-0068378447|2026-06-26 00:00:00|PEN|38.40|8.43|46.83
Pago|2031222928|CLIENT_00751|04139606|534776506|AMDOCS|S9AA-0082846711|2026-07-10 00:00:00|PEN|79.20|14.26|93.45
Pago|2031011311|CLIENT_00751|723647311|693599227|AMDOCS|S9AA-0082746353|2026-07-10 00:00:00|PEN|88.92|16.01|104.93
Pago|2038531961|CLIENT_00551|77576606|346056506|AMDOCS|S9AA-0083160596|2026-07-10 00:00:00|PEN|91.95|16.55|108.50
Pago|2003283347|CLIENT_00732|908895821|457589947|AMDOCS|S7AA-0068656826|2026-07-13 00:00:00|PEN|17.79|3.21|21.00
Pago|2048306935|CLIENT_00452|726703631|730638167|AMDOCS|S8AA-0008080799|2026-07-13 00:00:00|PEN|28.65|5.16|33.81
Pago|2079150546|CLIENT_00464|147174821|156534857|AMDOCS|S8AA-0007897451|2026-07-13 00:00:00|PEN|65.20|11.74|76.93
Pago|2068519226|CLIENT_00968|056068111|605125447|AMDOCS|S9AA-0082934867|2026-07-14 00:00:00|PEN|63.00|11.34|74.34
Pago|2066606978|CLIENT_00180|51668695|822986406|AMDOCS|S5AA-0081742769|2026-07-22 00:00:00|PEN|190.13|34.22|224.35
Pago|2074109467|CLIENT_00822|78255606|255622057|AMDOCS|S9AA-0083249405|2026-07-22 00:00:00|PEN|91.60|16.49|108.08
Pago|2035388936|CLIENT_00822|78255606|189922057|AMDOCS|S9AA-0083249406|2026-07-22 00:00:00|PEN|103.52|18.63|122.15
Pago|2096791924|CLIENT_00329|535599421|096285957|AMDOCS|S1AA-0052579199|2026-07-22 00:00:00|PEN|88.92|16.01|104.93
Pago|2021407426|CLIENT_00046|43763575|399950973|AMDOCS|S1AA-0052567946|2026-07-22 00:00:00|PEN|20.17|3.63|23.80
Pago|2036887290|CLIENT_00053|34531575|800355723|AMDOCS|S3AA-0078932565|2026-06-30 00:00:00|PEN|13.14|2.89|16.03
Pago|2078282578|CLIENT_00053|34531575|210355723|AMDOCS|S3AA-0078932566|2026-06-30 00:00:00|PEN|12.28|2.70|14.98
Pago|2069603721|CLIENT_00053|34531575|010924823|AMDOCS|S3AA-0078932588|2026-06-30 00:00:00|PEN|12.28|2.70|14.98
Pago|2098217998|CLIENT_00516|43944106|598141506|AMDOCS|S5AA-0080187807|2026-07-01 00:00:00|PEN|72.55|15.93|88.48
Pago|2082216787|CLIENT_00620|516239221|578207937|AMDOCS|S9AA-0082662869|2026-07-20 00:00:00|PEN|67.45|12.14|79.59
Pago|2083350224|CLIENT_00329|535599421|152755957|AMDOCS|S1AA-0052579196|2026-07-20 00:00:00|PEN|79.79|14.36|94.15
Pago|2019882871|CLIENT_00970|65013575|806844293|AMDOCS|S1AA-0052745087|2026-07-20 00:00:00|PEN|43.25|7.78|51.03
Pago|2008433315|CLIENT_00996|37920575|206538401|AMDOCS|S1AA-0052845654|2026-07-20 00:00:00|PEN|762.88|137.32|900.20
Pago|2054536431|CLIENT_00373|775403901|520911167|AMDOCS|S7AA-0068377597|2026-07-10 00:00:00|PEN|23.67|4.26|27.93
Pago|2077333854|CLIENT_00373|775403901|157827047|AMDOCS|S7AA-0068372683|2026-07-10 00:00:00|PEN|62.23|11.20|73.43
Pago|2052506338|CLIENT_00373|775403901|112767647|AMDOCS|S7AA-0068373624|2026-07-10 00:00:00|PEN|47.40|8.53|55.93
Pago|2002572752|CLIENT_00827|67219716|446239757|AMDOCS|S9AA-0083157161|2026-07-11 00:00:00|PEN|100.79|18.14|118.93
Pago|2015128482|CLIENT_00217|38546016|135880167|AMDOCS|S9AA-0083217285|2026-07-11 00:00:00|PEN|80.02|14.41|94.43
Pago|2057477356|CLIENT_00364|64273106|509742957|AMDOCS|S9AA-0082902975|2026-07-11 00:00:00|PEN|11.80|2.12|13.93
Pago|2032481677|CLIENT_00364|838714921|210821957|AMDOCS|S9AA-0082835029|2026-07-11 00:00:00|PEN|17.74|3.19|20.93
Pago|2013695930|CLIENT_00364|838714921|965311957|AMDOCS|S9AA-0082835027|2026-07-11 00:00:00|PEN|17.74|3.19|20.93
Pago|2050757607|CLIENT_00364|64273106|709742957|AMDOCS|S9AA-0082902976|2026-07-11 00:00:00|PEN|11.80|2.12|13.93
Pago|2094642946|CLIENT_00364|838714921|300241957|AMDOCS|S9AA-0082835031|2026-07-11 00:00:00|PEN|20.76|3.74|24.50
Pago|2067001579|CLIENT_00073|15791106|738521506|AMDOCS|S9AA-0082939903|2026-07-14 00:00:00|PEN|238.89|43.00|281.89
Pago|2046619764|CLIENT_00073|14781106|928521506|AMDOCS|S9AA-0082855018|2026-07-14 00:00:00|PEN|80.86|14.55|95.41
Pago|2042373611|CLIENT_00073|44741106|548521506|AMDOCS|S9AA-0082880436|2026-07-14 00:00:00|PEN|47.40|8.53|55.93
Pago|2074312323|CLIENT_00073|44741106|548521506|AMDOCS|S9AA-0082880436|2026-07-14 00:00:00|PEN|2.91|.53|3.43
Pago|2038650999|CLIENT_00069|46400575|264937833|AMDOCS|S1AA-0052784998|2026-07-15 00:00:00|PEN|24.56|4.42|28.98
Pago|2075013058|CLIENT_00069|46400575|648536703|AMDOCS|S1AA-0052784667|2026-07-15 00:00:00|PEN|18.68|3.36|22.05
Pago|2039966009|CLIENT_00069|46400575|209429993|AMDOCS|S1AA-0052786089|2026-07-15 00:00:00|PEN|18.68|3.36|22.05
Pago|2073217406|CLIENT_00032|74784575|139197047|AMDOCS|S1AA-0052671422|2026-07-15 00:00:00|PEN|86.85|15.63|102.48
Pago|2008784318|CLIENT_00550|130243421|793537857|AMDOCS|S4AA-0007961892|2026-07-01 00:00:00|PEN|94.60|20.76|115.36
Pago|2007328292|CLIENT_00066|702913431|910148857|AMDOCS|S3AA-0078607544|2026-07-01 00:00:00|PEN|85.90|18.86|104.76
Pago|2035080236|CLIENT_00196|71934575|783330853|AMDOCS|S3AA-0078695272|2026-07-01 00:00:00|PEN|24.34|5.34|29.68
Pago|2076142431|CLIENT_00318|87046995|126079406|AMDOCS|S5AA-0081475352|2026-07-01 00:00:00|PEN|69.68|15.30|84.98
Pago|2070385582|CLIENT_00318|07046995|926079406|AMDOCS|S5AA-0081416997|2026-07-01 00:00:00|PEN|57.29|12.57|69.86
Pago|2085792850|CLIENT_00060|65393285|295042306|AMDOCS|S9AA-0081650469|2026-07-01 00:00:00|PEN|58.20|12.78|70.98
Pago|2027780158|CLIENT_00538|80317575|542639501|AMDOCS|S3AA-0078599486|2026-07-01 00:00:00|PEN|47.58|10.45|58.03
Pago|2007602207|CLIENT_00823|43182575|699473717|AMDOCS|S1AA-0052568862|2026-07-20 00:00:00|PEN|49.18|8.85|58.03
Pago|2097061252|CLIENT_00368|024977521|645863647|AMDOCS|S9AA-0082680424|2026-07-20 00:00:00|PEN|103.70|18.67|122.36
Pago|2000629040|CLIENT_00053|97156695|991195657|AMDOCS|S9AA-0080592655|2026-07-20 00:00:00|PEN|48.85|8.79|57.65
Pago|2047345079|CLIENT_00455|68763575|135767343|AMDOCS|S1AA-0052941619|2026-07-20 00:00:00|PEN|12.70|2.29|14.98
Pago|2057966462|CLIENT_00011|06538595|646495406|AMDOCS|S9AA-0083016103|2026-06-02 00:00:00|PEN|31.12|6.83|37.95
Pago|2051853374|CLIENT_00171|789259121|845543957|AMDOCS|S9AA-0083250808|2026-06-02 00:00:00|PEN|26.47|5.81|32.28
Pago|2061659174|CLIENT_00929|75231785|312517857|AMDOCS|S9AA-0082996069|2026-07-03 00:00:00|PEN|82.89|18.19|101.08
Pago|2012144384|CLIENT_00424|49115295|899852406|AMDOCS|S5AA-0081591199|2026-07-04 00:00:00|PEN|57.51|12.63|70.14
Pago|2033411826|CLIENT_00583|35777616|254046606|AMDOCS|S9AA-0082957405|2026-07-04 00:00:00|PEN|51.60|11.33|62.93
Pago|1001951138|CLIENT_00953|57782806|460217237|AMDOCS|S9AA-0083145631|2026-07-04 00:00:00|PEN|108.08|23.73|131.81
Pago|1041175895|CLIENT_00953|57782806|772628506|AMDOCS|S9AA-0083143721|2026-07-04 00:00:00|PEN|173.29|38.04|211.33
Pago|2047100108|CLIENT_00873|535179911|913417657|AMDOCS|S9AA-0082348004|2026-07-04 00:00:00|PEN|38.06|8.35|46.41
Pago|2094583557|CLIENT_00163|22415575|513696957|AMDOCS|S1AA-0052653895|2026-07-22 00:00:00|PEN|136.38|24.55|160.93
Pago|2083425528|CLIENT_00324|83418085|180180306|AMDOCS|S5AA-0081906811|2026-07-22 00:00:00|PEN|108.79|19.59|128.38
Pago|2030874114|CLIENT_00776|050502621|445019857|AMDOCS|S8AA-0007925397|2026-07-19 00:00:00|PEN|106.78|19.22|126.00
Pago|2062851893|CLIENT_00381|73724206|715942506|AMDOCS|S9AA-0082821141|2026-07-20 00:00:00|PEN|23.73|4.27|28.00
Pago|2055170831|CLIENT_00381|73724206|715942506|AMDOCS|S9AA-0082821141|2026-07-20 00:00:00|PEN|41.52|7.48|49.00
Pago|2090121553|CLIENT_00381|23594506|103755506|AMDOCS|S9AA-0082778814|2026-07-20 00:00:00|PEN|308.53|55.54|364.07
Pago|2083482879|CLIENT_00381|23594506|103755506|AMDOCS|S9AA-0082778814|2026-07-20 00:00:00|PEN|41.52|7.48|49.00
Pago|2021873800|CLIENT_00381|47003706|123027506|AMDOCS|S9AA-0083135138|2026-07-20 00:00:00|PEN|32.98|5.94|38.92
Pago|2058651200|CLIENT_00381|74034206|525942506|AMDOCS|S9AA-0082905957|2026-07-20 00:00:00|PEN|32.39|5.83|38.22
Pago|2095400018|CLIENT_00075|10668016|141580606|AMDOCS|S9AA-0082532948|2026-07-20 00:00:00|PEN|19.46|3.50|22.96
Pago|2029724403|CLIENT_00557|090702531|470491067|AMDOCS|S9AA-0083276218|2026-06-20 00:00:00|PEN|1.72|.38|2.10
Pago|2032335674|CLIENT_00620|516239221|578207937|AMDOCS|S9AA-0082662869|2026-06-23 00:00:00|PEN|9.64|2.12|11.75
Pago|2051609298|CLIENT_00844|822584421|871428247|AMDOCS|S3AA-0078803604|2026-07-03 00:00:00|PEN|105.90|23.25|129.15
Pago|2051804602|CLIENT_00482|626911331|596078657|AMDOCS|S8AA-0007554583|2026-07-03 00:00:00|PEN|11.65|2.56|14.21
Pago|2029499004|CLIENT_00582|002854921|077003857|AMDOCS|S1AA-0052367845|2026-06-13 00:00:00|PEN|2.76|.61|3.37
Pago|2040008810|CLIENT_00098|572674121|926932637|AMDOCS|S9AA-0083145952|2026-07-21 00:00:00|PEN|41.47|7.46|48.93
Pago|2089204866|CLIENT_00199|43669685|809287957|AMDOCS|S9AA-0082801131|2026-07-21 00:00:00|PEN|82.99|14.94|97.93
Pago|2007283332|CLIENT_00493|75753575|666913643|AMDOCS|S3AA-0080239358|2026-07-21 00:00:00|PEN|46.21|8.32|54.53
Pago|2047628658|CLIENT_00682|03595906|158359506|AMDOCS|S9AA-0082762031|2026-07-21 00:00:00|PEN|52.44|9.44|61.88
Pago|2038381948|CLIENT_00585|36732306|972913506|AMDOCS|S9AA-0083041729|2026-07-21 00:00:00|PEN|235.33|42.36|277.69
Pago|2038672950|CLIENT_00585|01742306|172913506|AMDOCS|S9AA-0082591965|2026-07-21 00:00:00|PEN|65.91|11.87|77.77
Pago|2045732831|CLIENT_00053|97156695|305866406|AMDOCS|S9AA-0081858948|2026-07-02 00:00:00|PEN|67.85|14.89|82.74
Pago|2019952558|CLIENT_00171|789259121|845543957|AMDOCS|S9AA-0083250808|2026-07-08 00:00:00|PEN|122.75|26.95|149.70
Pago|2081561372|CLIENT_00949|729370231|598302557|AMDOCS|S5AA-0081109046|2026-07-07 00:00:00|PEN|81.28|17.84|99.12
Pago|2092184886|CLIENT_00339|38200585|708760057|AMDOCS|S5AA-0081515446|2026-07-07 00:00:00|PEN|96.95|21.28|118.23
Pago|2021451684|CLIENT_00339|38200585|336070057|AMDOCS|S5AA-0081515447|2026-07-07 00:00:00|PEN|96.95|21.28|118.23
Pago|2057163719|CLIENT_00090|215219121|412903747|AMDOCS|S3AA-0078652211|2026-07-07 00:00:00|PEN|47.01|10.32|57.33
Pago|2083236096|CLIENT_00044|101568521|944913547|AMDOCS|S1AA-0051746274|2026-07-07 00:00:00|PEN|43.82|9.62|53.45
Pago|2056782836|CLIENT_00044|101568521|776498747|AMDOCS|S1AA-0051746603|2026-07-07 00:00:00|PEN|20.76|4.56|25.31
Pago|2005363927|CLIENT_00044|542323031|808662757|AMDOCS|S5AA-0081240053|2026-07-07 00:00:00|PEN|97.52|21.41|118.93
Pago|2038523791|CLIENT_00595|79285206|022542506|AMDOCS|S9AA-0083330213|2026-07-07 00:00:00|PEN|150.79|33.10|183.89
Pago|2031708273|CLIENT_00450|20276516|745365606|AMDOCS|S5AA-0080923735|2026-07-07 00:00:00|PEN|99.76|21.90|121.66
Pago|2092484736|CLIENT_00115|304118801|584937417|AMDOCS|S5AA-0080931515|2026-07-07 00:00:00|PEN|151.94|33.35|185.29
Pago|2022417559|CLIENT_00115|304118801|065285857|AMDOCS|S5AA-0080935105|2026-07-07 00:00:00|PEN|63.08|13.85|76.93
Pago|2056903478|CLIENT_00115|28353885|012548306|AMDOCS|S5AA-0081503801|2026-07-07 00:00:00|PEN|26.92|5.91|32.83
Pago|2027825543|CLIENT_00857|256943|51339200|ISIS|FFBG-155146|2026-06-03 00:00:00|USD|24.85|4.47|29.32
Pago|2025096906|CLIENT_00850|87302575|836762623|AMDOCS|S7AA-0069533150|2026-07-29 00:00:00|PEN|39.68|7.14|46.83
Pago|2044654769|CLIENT_00315|81792506|232316506|AMDOCS|S9AA-0082643031|2026-07-20 00:00:00|PEN|47.40|8.53|55.93
Pago|2052527620|CLIENT_00899|232251311|641460227|AMDOCS|S9AA-0082780190|2026-07-20 00:00:00|PEN|46.21|8.32|54.53
Pago|2000073282|CLIENT_00899|232251311|641460227|AMDOCS|S9AA-0082780190|2026-07-20 00:00:00|PEN|99.25|17.86|117.11
Pago|2006529827|CLIENT_00899|232251311|919916247|AMDOCS|S9AA-0082781905|2026-07-20 00:00:00|PEN|34.64|6.24|40.88
Pago|2025964864|CLIENT_00744|91516575|143072613|AMDOCS|S3AA-0078713571|2026-07-03 00:00:00|PEN|48.16|10.57|58.73
Pago|2060844098|CLIENT_00980|285796721|605420857|AMDOCS|S4AA-0007824083|2026-07-03 00:00:00|PEN|25.54|5.61|31.15
Pago|2008753723|CLIENT_00008|571644011|999010657|AMDOCS|S3AA-0079252704|2026-07-03 00:00:00|PEN|91.78|20.15|111.93
Pago|2031307595|CLIENT_00876|299076331|524818757|AMDOCS|S9AA-0083292875|2026-07-03 00:00:00|PEN|97.52|21.41|118.93
Pago|2079897130|CLIENT_01000|66537116|705563947|AMDOCS|S5AA-0081391718|2026-07-03 00:00:00|PEN|91.78|20.15|111.93
Pago|2089940468|CLIENT_00098|19197485|937884306|AMDOCS|S5AA-0081568879|2026-07-04 00:00:00|PEN|108.77|23.88|132.65
Pago|2019726332|CLIENT_00111|71597416|415225067|AMDOCS|S5AA-0081037114|2026-07-04 00:00:00|PEN|51.60|11.33|62.93
Pago|2086524379|CLIENT_00111|71597416|409515067|AMDOCS|S5AA-0081037111|2026-07-04 00:00:00|PEN|114.69|25.17|139.86
Pago|2080444231|CLIENT_00903|556834021|971289337|AMDOCS|S9AA-0082976064|2026-07-05 00:00:00|PEN|28.07|6.16|34.23
Pago|1018362944|CLIENT_00953|67354095|691550406|AMDOCS|S5AA-0081460333|2026-07-02 00:00:00|PEN|26.92|5.91|32.83
Pago|2073280868|CLIENT_00423|219872611|979421037|AMDOCS|S7AA-0068680752|2026-07-02 00:00:00|PEN|26.35|5.78|32.13
Pago|2017149376|CLIENT_00423|219872611|715026857|AMDOCS|S7AA-0068685545|2026-07-02 00:00:00|PEN|28.64|6.29|34.93
Pago|2005008354|CLIENT_00194|88087575|786761601|AMDOCS|S3AA-0079369122|2026-07-02 00:00:00|PEN|24.62|5.41|30.03
Pago|2024608360|CLIENT_00050|588201921|115337057|AMDOCS|S4AA-0008129798|2026-07-02 00:00:00|PEN|19.29|4.23|23.52
Pago|2081002248|CLIENT_00075|18781575|491844333|AMDOCS|S3AA-0079312767|2026-07-02 00:00:00|PEN|28.07|6.16|34.23
Pago|2093306348|CLIENT_00694|10574185|008841306|AMDOCS|S5AA-0080914876|2026-07-08 00:00:00|PEN|39.95|8.77|48.72
Pago|2078802407|CLIENT_00592|88502895|956438406|AMDOCS|S5AA-0081547860|2026-07-08 00:00:00|PEN|111.82|24.54|136.36
Pago|2019166681|CLIENT_00891|108688031|435704357|AMDOCS|S7AA-0068595973|2026-07-06 00:00:00|PEN|86.04|18.89|104.93
Pago|2068789568|CLIENT_00153|94825706|282781957|AMDOCS|S9AA-0082469555|2026-07-06 00:00:00|PEN|40.12|8.81|48.93
Pago|2045549632|CLIENT_00906|98441406|795287957|AMDOCS|S9AA-0083267965|2026-07-06 00:00:00|PEN|77.43|17.00|94.43
Pago|2063036368|CLIENT_00951|70819185|439191306|AMDOCS|S5AA-0080958515|2026-07-06 00:00:00|PEN|78.58|17.25|95.83
Pago|2065992014|CLIENT_00894|359175021|685159947|AMDOCS|S1AA-0052713221|2026-07-27 00:00:00|PEN|25.60|4.61|30.21
Pago|2003747640|CLIENT_00869|19017575|526082503|AMDOCS|S1AA-0052975151|2026-07-27 00:00:00|PEN|21.77|3.92|25.69
Pago|2077626325|CLIENT_00869|19017575|875082503|AMDOCS|S1AA-0052975150|2026-07-27 00:00:00|PEN|21.77|3.92|25.69
Pago|2044369199|CLIENT_00980|285796721|605420857|AMDOCS|S4AA-0008259269|2026-07-30 00:00:00|PEN|139.11|25.04|164.15
Pago|2024257504|CLIENT_00509|351242611|058866937|AMDOCS|S5AA-0081296441|2026-07-30 00:00:00|PEN|53.33|9.60|62.93
Pago|2088971140|CLIENT_00516|43944106|598141506|AMDOCS|S5AA-0081155651|2026-07-30 00:00:00|PEN|72.46|13.04|85.51
Pago|2047439188|CLIENT_00050|588201921|115337057|AMDOCS|S4AA-0008267582|2026-07-30 00:00:00|PEN|31.21|5.61|36.82
Pago|2099379204|CLIENT_00644|864899231|516365857|AMDOCS|S1AA-0052816777|2026-07-30 00:00:00|PEN|42.80|7.71|50.51
Pago|2024181924|CLIENT_00232|441453231|918290957|AMDOCS|S8AA-0008335016|2026-07-30 00:00:00|PEN|103.52|18.63|122.15
Pago|2075153392|CLIENT_00321|93461575|390109501|AMDOCS|S1AA-0053293234|2026-07-16 00:00:00|PEN|1.46|.27|1.73
Pago|2006877596|CLIENT_00996|37920575|206538401|AMDOCS|S1AA-0053530075|2026-07-20 00:00:00|PEN|4.20|.76|4.96
Pago|2070280442|CLIENT_00996|37920575|206538401|AMDOCS|S1AA-0053530075|2026-07-20 00:00:00|PEN|11.07|2.00|13.07
Pago|2042099296|CLIENT_00132|00147116|380284537|AMDOCS|S9AA-0082509635|2026-07-18 00:00:00|PEN|65.20|11.74|76.93
Pago|2051455406|CLIENT_00692|494446131|828572067|AMDOCS|S4AA-0008297410|2026-06-30 00:00:00|PEN|.60|.11|.70
Pago|2082291437|CLIENT_00230|785924131|788831457|AMDOCS|S7AA-0068463661|2026-07-09 00:00:00|PEN|65.20|11.74|76.93
Pago|2087028740|CLIENT_00487|80293606|450746506|AMDOCS|S9AA-0082109848|2026-07-10 00:00:00|PEN|26.64|4.80|31.43
Pago|2020804664|CLIENT_00487|49604606|830746506|AMDOCS|S9AA-0083304774|2026-07-10 00:00:00|PEN|23.73|4.27|28.00
Pago|2056939646|CLIENT_00487|80293606|450746506|AMDOCS|S9AA-0082575211|2026-07-10 00:00:00|PEN|26.64|4.80|31.43
Pago|2087690717|CLIENT_00487|49604606|830746506|AMDOCS|S9AA-0081988817|2026-07-10 00:00:00|PEN|23.73|4.27|28.00
Pago|2086876191|CLIENT_00025|53091575|056319627|AMDOCS|S9AA-0082805897|2026-07-10 00:00:00|PEN|46.21|8.32|54.53
Pago|2034786001|CLIENT_00025|176577131|451085167|AMDOCS|S9AA-0083124060|2026-07-10 00:00:00|PEN|17.74|3.19|20.93
Pago|2052608690|CLIENT_00581|171923611|616390727|AMDOCS|S9AA-0083111377|2026-07-13 00:00:00|PEN|46.21|8.32|54.53
Pago|2025867811|CLIENT_00597|566665331|265726757|AMDOCS|S8AA-0007971461|2026-07-13 00:00:00|PEN|41.47|7.46|48.93
Pago|2074811055|CLIENT_00871|614056431|830533957|AMDOCS|S4AA-0008366057|2026-07-13 00:00:00|PEN|12.40|2.23|14.63
Pago|2010136133|CLIENT_00057|04605595|996312737|AMDOCS|S5AA-0081201788|2026-07-15 00:00:00|PEN|37.91|6.83|44.73
Pago|2097363595|CLIENT_00716|323244011|578646717|AMDOCS|S9AA-0082703512|2026-07-15 00:00:00|PEN|39.68|7.14|46.83
Pago|2062873732|CLIENT_00153|94825706|282781957|AMDOCS|S9AA-0082928306|2026-07-15 00:00:00|PEN|59.26|10.67|69.93
Pago|2079795130|CLIENT_00710|57851575|343254133|AMDOCS|S1AA-0052859782|2026-07-22 00:00:00|PEN|24.86|4.47|29.33
Pago|2089490419|CLIENT_00710|57851575|743767433|AMDOCS|S1AA-0052859815|2026-07-22 00:00:00|PEN|197.90|35.62|233.52
Pago|2072848023|CLIENT_00945|380329421|311026347|AMDOCS|S8AA-0007830906|2026-07-22 00:00:00|PEN|15.84|2.85|18.69
Pago|2080859744|CLIENT_00318|07046995|926079406|AMDOCS|S5AA-0082137559|2026-07-22 00:00:00|PEN|59.21|10.65|69.86
Pago|2034905952|CLIENT_00046|43763575|145111473|AMDOCS|S1AA-0052567853|2026-07-22 00:00:00|PEN|17.44|3.14|20.58
Pago|2097790348|CLIENT_00243|477725311|184680947|AMDOCS|S3AA-0079241650|2026-07-01 00:00:00|PEN|94.60|20.76|115.36
Pago|2083037709|CLIENT_00861|672794011|529987917|AMDOCS|S5AA-0082182165|2026-07-11 00:00:00|PEN|2.09|.38|2.47
Pago|2025606787|CLIENT_00057|04605595|996312737|AMDOCS|S5AA-0040413241|2026-07-15 00:00:00|PEN|9.16|1.65|10.82
Pago|2093200767|CLIENT_00680|71589195|163702406|AMDOCS|S5AA-0064666244|2026-07-08 00:00:00|PEN|150.88|33.12|184.00
Pago|2043152767|CLIENT_00680|71589195|163702406|AMDOCS|S5AA-0065801543|2026-07-08 00:00:00|PEN|43.51|9.55|53.06
Pago|2060627595|CLIENT_00757|58054575|975284063|AMDOCS|S7AA-0067837094|2026-07-06 00:00:00|PEN|24.83|5.45|30.28
Pago|2046766017|CLIENT_00089|35476406|118810067|AMDOCS|S5AA-0081298433|2026-07-06 00:00:00|PEN|51.60|11.33|62.93
Pago|2043325056|CLIENT_00080|86391895|938064857|AMDOCS|S5AA-0081407252|2026-07-07 00:00:00|PEN|108.72|23.86|132.58
Pago|2054958528|CLIENT_00390|07228285|616382306|AMDOCS|S5AA-0081416081|2026-07-07 00:00:00|PEN|100.11|21.97|122.08
Pago|2045629206|CLIENT_00414|555045021|982227757|AMDOCS|S1AA-0052728132|2026-07-27 00:00:00|PEN|112.65|20.28|132.93
Pago|2072200035|CLIENT_00550|130243421|793537857|AMDOCS|S4AA-0008413089|2026-07-27 00:00:00|PEN|100.14|18.03|118.16
Pago|2097297745|CLIENT_00129|207627921|199681757|AMDOCS|S3AA-0079723387|2026-07-27 00:00:00|PEN|109.63|19.73|129.36
Pago|2014761347|CLIENT_00980|285796721|710425847|AMDOCS|S4AA-0008258038|2026-07-30 00:00:00|PEN|106.72|19.21|125.93
Pago|2052946285|CLIENT_00050|588201921|115337057|AMDOCS|DJFF-00593541|2026-07-30 00:00:00|PEN|.83|.15|.98
Pago|2019082094|CLIENT_00071|82071585|654625306|AMDOCS|S9AA-0082718292|2026-07-30 00:00:00|PEN|184.85|33.27|218.12
Pago|2032805428|CLIENT_00508|77873195|129741406|AMDOCS|S9AA-0083865971|2026-07-16 00:00:00|PEN|10.44|1.88|12.32
Pago|2017973675|CLIENT_00266|28064185|601803837|AMDOCS|S9AA-0083911179|2026-07-18 00:00:00|PEN|2.87|.52|3.39
Pago|2024716687|CLIENT_00644|864899231|159084857|AMDOCS|S1AA-0053501227|2026-07-25 00:00:00|PEN|1.34|.24|1.58
Pago|2031727959|CLIENT_00894|359175021|685159947|AMDOCS|S1AA-0053391508|2026-07-27 00:00:00|PEN|1.50|.27|1.77
Pago|2048828836|CLIENT_00869|19017575|526082503|AMDOCS|S1AA-0053645304|2026-07-27 00:00:00|PEN|2.11|.38|2.49
Pago|2016085237|CLIENT_00869|19017575|875082503|AMDOCS|S1AA-0053645303|2026-07-27 00:00:00|PEN|2.11|.38|2.49
Pago|2072757645|CLIENT_00414|555045021|982227757|AMDOCS|S1AA-0053406244|2026-07-27 00:00:00|PEN|6.31|1.13|7.44
Pago|2037736349|CLIENT_00644|864899231|516365857|AMDOCS|S1AA-0053501235|2026-07-30 00:00:00|PEN|6.65|1.20|7.85
Pago|2033148578|CLIENT_00407|449549531|006503167|AMDOCS|S1AA-0053332998|2026-07-31 00:00:00|PEN|.60|.11|.71
Pago|2012873242|CLIENT_00822|78255606|255622057|AMDOCS|S9AA-0083954381|2026-07-22 00:00:00|PEN|2.58|.46|3.05
Pago|2036383753|CLIENT_00822|78255606|189922057|AMDOCS|S9AA-0083954382|2026-07-22 00:00:00|PEN|3.82|.69|4.51
Pago|2028604054|CLIENT_00041|212224621|594972647|AMDOCS|S9AA-0082612484|2026-07-17 00:00:00|PEN|58.08|10.45|68.53
Pago|2097713662|CLIENT_00685|27574575|591972101|AMDOCS|S1AA-0052838781|2026-07-17 00:00:00|PEN|36.96|6.65|43.61
Pago|2021496960|CLIENT_00814|233955121|698491847|AMDOCS|S1AA-0052556630|2026-07-17 00:00:00|PEN|106.72|19.21|125.93
Pago|2094696862|CLIENT_00437|974724031|772417257|AMDOCS|S8AA-0008134295|2026-06-26 00:00:00|PEN|5.17|.93|6.10
Pago|2038829028|CLIENT_00282|398260721|394614747|AMDOCS|S8AA-0008176826|2026-07-17 00:00:00|PEN|1.74|.32|2.05
Pago|2070826704|CLIENT_00741|866009421|231292067|AMDOCS|S8AA-0008412094|2026-07-17 00:00:00|PEN|1.78|.32|2.10
Pago|2056638752|CLIENT_00482|626911331|242968657|AMDOCS|S8AA-0008279343|2026-07-17 00:00:00|PEN|.79|.14|.93
Pago|2009661024|CLIENT_00707|833798331|322612857|AMDOCS|S8AA-0008316357|2026-07-17 00:00:00|PEN|3.37|.61|3.97
Pago|2014431588|CLIENT_00437|974724031|772417257|AMDOCS|S8AA-0008134295|2026-07-25 00:00:00|PEN|.18|.03|.20
Pago|2098129302|CLIENT_00243|477725311|184680947|AMDOCS|S3AA-0080393339|2026-07-28 00:00:00|PEN|97.76|17.60|115.36
Pago|2043210243|CLIENT_00437|974724031|772417257|AMDOCS|S8AA-0007715522|2026-06-26 00:00:00|PEN|24.40|5.36|29.75
Pago|2023717722|CLIENT_00180|51668695|822986406|AMDOCS|S5AA-0081017624|2026-06-26 00:00:00|PEN|183.91|40.37|224.28
Pago|2065371644|CLIENT_00061|19662695|652136406|AMDOCS|S5AA-0081569591|2026-06-26 00:00:00|PEN|162.33|35.63|197.96
Pago|2092890011|CLIENT_00062|79390995|426119406|AMDOCS|S9AA-0083330097|2026-07-09 00:00:00|PEN|115.71|20.83|136.54
Pago|2008030239|CLIENT_00062|79390995|426119406|AMDOCS|S9AA-0083330097|2026-07-09 00:00:00|PEN|10.00|1.80|11.80
Pago|2057450768|CLIENT_00279|737207511|285918547|AMDOCS|S1AA-0052590384|2026-07-09 00:00:00|PEN|22.01|3.96|25.97
Pago|2076370545|CLIENT_00420|813928011|843072817|AMDOCS|S5AA-0081040708|2026-07-09 00:00:00|PEN|68.22|12.28|80.50
Pago|2096140200|CLIENT_00861|672794011|529987917|AMDOCS|S5AA-0081462151|2026-07-11 00:00:00|PEN|31.38|5.65|37.03
Pago|2058871699|CLIENT_00781|181668011|139106557|AMDOCS|S7AA-0068410884|2026-07-12 00:00:00|PEN|100.49|18.09|118.58
Pago|2081439712|CLIENT_00557|090702531|470491067|AMDOCS|S9AA-0083276218|2026-07-12 00:00:00|PEN|54.22|9.76|63.98
Pago|2070148979|CLIENT_00202|499743311|678194227|AMDOCS|S7AA-0068521431|2026-07-12 00:00:00|PEN|31.38|5.65|37.03
Pago|2028493115|CLIENT_00145|097589811|331699137|AMDOCS|S7AA-0068486663|2026-07-14 00:00:00|PEN|65.14|11.73|76.86
Pago|2005504989|CLIENT_00145|32866016|450578847|AMDOCS|S5AA-0081079413|2026-07-14 00:00:00|PEN|65.20|11.74|76.93
Pago|2067617220|CLIENT_00473|65329895|614898406|AMDOCS|S9AA-0082982176|2026-07-14 00:00:00|PEN|174.29|31.37|205.66
Pago|2002351928|CLIENT_00155|26655495|204464406|AMDOCS|S9AA-0083032870|2026-07-14 00:00:00|PEN|105.53|19.00|124.53
Pago|2015560174|CLIENT_00237|28763575|092103733|AMDOCS|S3AA-0079322063|2026-07-27 00:00:00|PEN|18.87|3.40|22.26
Pago|2087103833|CLIENT_00457|567110221|286284737|AMDOCS|S3AA-0080307532|2026-07-27 00:00:00|PEN|71.07|12.80|83.86
Pago|2029599576|CLIENT_00206|925858421|878165347|AMDOCS|S5AA-0081846304|2026-07-27 00:00:00|PEN|89.22|16.06|105.28
Pago|2043752246|CLIENT_00457|567110221|394084737|AMDOCS|S3AA-0080307530|2026-07-27 00:00:00|PEN|145.70|26.23|171.92
Pago|2075957069|CLIENT_00305|045109311|536052327|AMDOCS|S3AA-0078915060|2026-07-03 00:00:00|PEN|47.58|10.45|58.03
Pago|2079337413|CLIENT_00955|76599116|854412606|AMDOCS|S9AA-0083075975|2026-07-03 00:00:00|PEN|36.10|7.93|44.03
Pago|2055245197|CLIENT_00955|24009116|624412606|AMDOCS|S9AA-0082863790|2026-07-03 00:00:00|PEN|40.12|8.81|48.93
Pago|2045595578|CLIENT_00955|27159116|814412606|AMDOCS|S9AA-0083118357|2026-07-03 00:00:00|PEN|40.12|8.81|48.93
Pago|2036167394|CLIENT_00955|61239116|664412606|AMDOCS|S9AA-0082668754|2026-07-03 00:00:00|PEN|45.86|10.07|55.93
Pago|2020993563|CLIENT_00227|741841421|209822247|AMDOCS|S3AA-0078983941|2026-07-03 00:00:00|PEN|61.71|13.55|75.25
Pago|2083889630|CLIENT_00124|35686575|642991501|AMDOCS|S3AA-0079027018|2026-07-03 00:00:00|PEN|18.31|4.02|22.33
Pago|2025066134|CLIENT_00134|99112106|613011506|AMDOCS|S5AA-0081627800|2026-07-03 00:00:00|PEN|67.67|14.86|82.53
Pago|2081094311|CLIENT_00134|54902106|423011506|AMDOCS|S5AA-0081235668|2026-07-03 00:00:00|PEN|129.72|28.48|158.20
Pago|2075900120|CLIENT_00723|50035295|395362406|AMDOCS|S5AA-0080944710|2026-07-03 00:00:00|PEN|65.72|14.43|80.15
Pago|2068144577|CLIENT_00928|300615221|809268657|AMDOCS|S7AA-0068587917|2026-07-03 00:00:00|PEN|94.65|20.78|115.43
Pago|2017071399|CLIENT_00290|39441885|564428306|AMDOCS|S9AA-0083295377|2026-07-03 00:00:00|PEN|154.23|33.86|188.09
Pago|2077196496|CLIENT_00275|92755206|502826847|AMDOCS|S5AA-0081122868|2026-07-03 00:00:00|PEN|107.85|23.68|131.53
Pago|2008026908|CLIENT_00275|92755206|691118957|AMDOCS|S5AA-0081124100|2026-07-03 00:00:00|PEN|74.56|16.37|90.93
Pago|2047081406|CLIENT_00312|281561611|322328627|AMDOCS|S3AA-0079323744|2026-07-04 00:00:00|PEN|47.58|10.45|58.03
Pago|2069544043|CLIENT_00312|48285695|160976406|AMDOCS|S9AA-0081902158|2026-07-04 00:00:00|PEN|46.95|10.31|57.26
Pago|2061703324|CLIENT_00946|239140521|688755457|AMDOCS|S5AA-0081145202|2026-07-05 00:00:00|PEN|114.74|25.19|139.93
Pago|2041579828|CLIENT_00978|71690575|434683033|AMDOCS|S3AA-0079856483|2026-07-21 00:00:00|PEN|25.45|4.58|30.03
Pago|2070882981|CLIENT_00355|88103575|424078533|AMDOCS|S1AA-0052954998|2026-07-21 00:00:00|PEN|26.96|4.85|31.82
Pago|2010411369|CLIENT_00552|429218231|161173657|AMDOCS|S5AA-0081811671|2026-07-21 00:00:00|PEN|20.05|3.61|23.66
Pago|2085385975|CLIENT_00204|511200|35535000|ISIS|FFBG-154854|2026-07-22 00:00:00|USD|887.69|159.78|1047.47
Pago|2072297311|CLIENT_00204|511200|35535000|ISIS|FFBG-155792|2026-07-22 00:00:00|USD|1124.67|202.44|1327.11
Pago|2066850166|CLIENT_00918|20363306|979623506|AMDOCS|S5AA-0080680919|2026-07-02 00:00:00|PEN|42.88|9.41|52.29
Pago|2002205885|CLIENT_00974|13088216|131072606|AMDOCS|S9AA-0082308808|2026-07-02 00:00:00|PEN|48.56|10.66|59.22
Pago|2037323316|CLIENT_00110|33002575|078349023|AMDOCS|S3AA-0078837319|2026-07-02 00:00:00|PEN|19.46|4.27|23.73
Pago|2022677765|CLIENT_00939|74464985|515459306|AMDOCS|S5AA-0081249494|2026-07-02 00:00:00|PEN|49.02|10.76|59.78
Pago|2004806981|CLIENT_00932|18794285|268639547|AMDOCS|S9AA-0083197942|2026-07-08 00:00:00|PEN|17.22|3.78|21.00
Pago|2007198446|CLIENT_00203|30948116|012735537|AMDOCS|S5AA-0080933034|2026-07-08 00:00:00|PEN|59.01|12.95|71.96
Pago|2006233400|CLIENT_00205|85213575|952910863|AMDOCS|S3AA-0079084995|2026-07-08 00:00:00|PEN|41.39|9.08|50.47
Pago|2091546391|CLIENT_00295|23092285|887922306|AMDOCS|S9AA-0082777480|2026-07-06 00:00:00|PEN|67.90|14.91|82.81
Pago|2066685881|CLIENT_00643|50088206|789082506|AMDOCS|S9AA-0082549712|2026-07-06 00:00:00|PEN|43.45|9.54|52.99
Pago|2018193712|CLIENT_00643|50088206|789082506|AMDOCS|S9AA-0082083871|2026-07-06 00:00:00|PEN|43.51|9.55|53.06
Pago|2062908470|CLIENT_00466|241592011|880771817|AMDOCS|S9AA-0082864650|2026-07-06 00:00:00|PEN|28.93|6.35|35.28
Pago|2069774720|CLIENT_00149|03536406|055284506|AMDOCS|S5AA-0081126850|2026-07-06 00:00:00|PEN|162.27|35.62|197.89
Pago|2026743546|CLIENT_00858|88997885|610098306|AMDOCS|S9AA-0081936104|2026-07-06 00:00:00|PEN|65.95|14.48|80.43
Pago|2012033056|CLIENT_00661|319461331|702459657|AMDOCS|S7AA-0068974547|2026-07-29 00:00:00|PEN|30.20|5.44|35.63
Pago|2092445984|CLIENT_00519|58380706|338325537|AMDOCS|S5AA-0081528630|2026-07-30 00:00:00|PEN|105.53|19.00|124.53
Pago|2049766978|CLIENT_00394|381932431|540017857|AMDOCS|S8AA-0007832605|2026-07-30 00:00:00|PEN|14.48|2.60|17.08
Pago|2070129626|CLIENT_00728|324491021|351964337|AMDOCS|S9AA-0083416363|2026-07-23 00:00:00|PEN|3.40|.61|4.00
Pago|2070792163|CLIENT_00435|498701821|148491947|AMDOCS|S1AA-0053675680|2026-07-20 00:00:00|PEN|172.33|31.02|203.35
Pago|2036095379|CLIENT_00937|96637575|811632357|AMDOCS|S1AA-0053507115|2026-07-25 00:00:00|PEN|.29|.05|.34
Pago|2000507960|CLIENT_00943|18152575|087358501|AMDOCS|S1AA-0053584239|2026-07-26 00:00:00|PEN|1.15|.21|1.36
Pago|2088902674|CLIENT_00599|87516095|203070406|AMDOCS|S5AA-0082194744|2026-07-27 00:00:00|PEN|174.35|31.38|205.73
Pago|2011033410|CLIENT_00556|659007621|374887647|AMDOCS|S8AA-0007644793|2026-07-27 00:00:00|PEN|12.31|2.21|14.53
Pago|2047173348|CLIENT_00627|379204421|531906457|AMDOCS|S4AA-0008233694|2026-07-27 00:00:00|PEN|53.33|9.60|62.93
Pago|2004090558|CLIENT_00948|219821911|952536137|AMDOCS|S3AA-0079812172|2026-07-30 00:00:00|PEN|147.53|26.56|174.09
Pago|2047712096|CLIENT_00535|312562221|682205447|AMDOCS|S3AA-0079823396|2026-07-30 00:00:00|PEN|25.45|4.58|30.03
Pago|2057887821|CLIENT_00535|312562221|564211837|AMDOCS|S3AA-0079822496|2026-07-30 00:00:00|PEN|43.25|7.78|51.03
Pago|2096378809|CLIENT_00535|312562221|643610937|AMDOCS|S3AA-0079822602|2026-07-30 00:00:00|PEN|1173.60|211.25|1384.85
Pago|2041026984|CLIENT_00535|312562221|643610937|AMDOCS|S3AA-0079822602|2026-07-30 00:00:00|PEN|498.54|89.74|588.28
Pago|2050978158|CLIENT_00100|97851885|747228306|AMDOCS|S9AA-0083176643|2026-07-30 00:00:00|PEN|63.36|11.40|74.76
Pago|2091569790|CLIENT_00265|72959295|179303406|AMDOCS|S9AA-0083438836|2026-07-13 00:00:00|PEN|11.02|1.98|13.00
Pago|2089575150|CLIENT_00265|81864316|075729637|AMDOCS|S9AA-0083374773|2026-07-13 00:00:00|PEN|10.55|1.90|12.45
Pago|2086870606|CLIENT_00742|57302695|286249447|AMDOCS|S9AA-0083853148|2026-07-22 00:00:00|PEN|3.06|.55|3.61
Pago|2021925388|CLIENT_00947|680441621|776879257|AMDOCS|S9AA-0083241310|2026-07-12 00:00:00|PEN|41.47|7.46|48.93
Pago|2075287873|CLIENT_00947|680441621|145349257|AMDOCS|S9AA-0083241308|2026-07-12 00:00:00|PEN|41.47|7.46|48.93
Pago|2068263724|CLIENT_00962|951540421|442485357|AMDOCS|S4AA-0005262707|2026-07-12 00:00:00|PEN|8.89|1.60|10.49
Pago|2075074187|CLIENT_00962|951540421|442485357|AMDOCS|S4AA-0005262707|2026-07-12 00:00:00|PEN|.01|.00|.01
Pago|2033085175|CLIENT_00962|951540421|442485357|AMDOCS|S4AA-0004095773|2026-07-12 00:00:00|PEN|8.90|1.60|10.50
Pago|2082336420|CLIENT_00962|951540421|442485357|AMDOCS|S4AA-0003738380|2026-07-12 00:00:00|PEN|8.89|1.60|10.49
Pago|2062587468|CLIENT_00962|951540421|442485357|AMDOCS|S4AA-0003738380|2026-07-12 00:00:00|PEN|41.44|7.46|48.90
Pago|2094789451|CLIENT_00962|951540421|442485357|AMDOCS|S4AA-0004808192|2026-07-12 00:00:00|PEN|8.89|1.60|10.49
Pago|2077391259|CLIENT_00962|951540421|442485357|AMDOCS|S4AA-0004808192|2026-07-12 00:00:00|PEN|.01|.00|.01
Pago|2054326175|CLIENT_00962|951540421|442485357|AMDOCS|S4AA-0004475620|2026-07-12 00:00:00|PEN|8.89|1.60|10.49
Pago|2083182156|CLIENT_00962|951540421|442485357|AMDOCS|S4AA-0004475620|2026-07-12 00:00:00|PEN|6.71|1.20|7.92
Pago|2057924409|CLIENT_00962|951540421|442485357|AMDOCS|S4AA-0005481179|2026-07-12 00:00:00|PEN|8.89|1.60|10.49
Pago|2065832543|CLIENT_00962|951540421|442485357|AMDOCS|S4AA-0005481179|2026-07-12 00:00:00|PEN|.01|.00|.01
Pago|2011456069|CLIENT_00313|362713531|322243067|AMDOCS|S4AA-0008196967|2026-07-14 00:00:00|PEN|85.90|15.46|101.36
Pago|2050569390|CLIENT_00944|30497716|910378606|AMDOCS|S9AA-0082516296|2026-07-14 00:00:00|PEN|47.40|8.53|55.93
Pago|2013889548|CLIENT_00739|92131095|632865537|AMDOCS|S9AA-0082755704|2026-07-22 00:00:00|PEN|53.45|9.62|63.07
Pago|2009186668|CLIENT_00274|132079121|940635957|AMDOCS|S1AA-0052551812|2026-07-22 00:00:00|PEN|85.96|15.47|101.43
Pago|2027880355|CLIENT_00141|16530575|622547401|AMDOCS|S1AA-0052764026|2026-07-22 00:00:00|PEN|71.07|12.80|83.86
Pago|2047862846|CLIENT_00286|87163575|710826857|AMDOCS|S1AA-0052891745|2026-07-22 00:00:00|PEN|41.47|7.46|48.93
Pago|2042702801|CLIENT_00657|349138801|723414657|AMDOCS|S9AA-0082876863|2026-07-22 00:00:00|PEN|23.67|4.26|27.93
Pago|2076795630|CLIENT_00969|301015531|471236067|AMDOCS|S6AA-0000055556|2026-07-22 00:00:00|PEN|11.07|2.00|13.06
Pago|2085882667|CLIENT_00093|367707321|807053147|AMDOCS|S4AA-0008191655|2026-07-22 00:00:00|PEN|53.92|9.71|63.63
Pago|2096010597|CLIENT_00892|272818321|966665147|AMDOCS|S3AA-0079221295|2026-07-01 00:00:00|PEN|18.37|4.03|22.40
Pago|2045418905|CLIENT_00576|74098785|971697306|AMDOCS|S5AA-0080290186|2026-07-01 00:00:00|PEN|83.80|18.40|102.20
Pago|2050334437|CLIENT_00131|852548521|080575747|AMDOCS|S8AA-0007948577|2026-07-01 00:00:00|PEN|107.85|23.68|131.53
Pago|2014659912|CLIENT_00842|888406011|245345357|AMDOCS|S3AA-0079385239|2026-07-01 00:00:00|PEN|86.04|18.89|104.93
Pago|2083762878|CLIENT_00204|00750575|083214193|AMDOCS|S1AA-0051738053|2026-07-03 00:00:00|PEN|174.82|38.37|213.19
Pago|2099428390|CLIENT_00204|00750575|083214193|AMDOCS|S1AA-0051738053|2026-07-03 00:00:00|PEN|1565.82|343.72|1909.54
Pago|2071743172|CLIENT_00958|96171575|849726333|AMDOCS|S7AA-0068316750|2026-07-03 00:00:00|PEN|19.46|4.27|23.73
Pago|2076736664|CLIENT_00515|881907031|311976957|AMDOCS|S5AA-0081552642|2026-07-03 00:00:00|PEN|99.19|21.77|120.96
Pago|2004857443|CLIENT_00204|511200|35535000|ISIS|FFBG-154854|2026-06-02 00:00:00|USD|98.24|17.68|115.92
Pago|2029154054|CLIENT_00204|511200|35535000|ISIS|FFBG-155792|2026-06-25 00:00:00|USD|124.88|22.48|147.36
Pago|2091334908|CLIENT_00667|870732221|781360837|AMDOCS|S9AA-0083171505|2026-07-21 00:00:00|PEN|106.48|19.17|125.65
Pago|2011028078|CLIENT_00840|212507011|617670157|AMDOCS|S9AA-0082613136|2026-07-21 00:00:00|PEN|56.06|10.09|66.15
Pago|2031634796|CLIENT_00149|03536406|055284506|AMDOCS|S5AA-0081850746|2026-07-21 00:00:00|PEN|167.71|30.18|197.89
Pago|2070361408|CLIENT_00920|42960185|336501306|AMDOCS|S5AA-0081806396|2026-07-21 00:00:00|PEN|164.79|29.67|194.46
Pago|2093540049|CLIENT_00323|31282575|649532333|AMDOCS|S3AA-0079819342|2026-07-21 00:00:00|PEN|35.53|6.40|41.93
Pago|2085396305|CLIENT_00323|31282575|849532333|AMDOCS|S3AA-0079819343|2026-07-21 00:00:00|PEN|35.53|6.40|41.93
Pago|2065404784|CLIENT_00323|42920885|272418306|AMDOCS|S5AA-0081806935|2026-07-21 00:00:00|PEN|143.56|25.84|169.40
Pago|2083128680|CLIENT_00642|555856521|016720547|AMDOCS|S8AA-0007939156|2026-07-02 00:00:00|PEN|50.45|11.08|61.53
Pago|2086459162|CLIENT_00576|74098785|971697306|AMDOCS|S5AA-0079911235|2026-07-08 00:00:00|PEN|20.43|4.49|24.92
Pago|2086357909|CLIENT_00613|29675885|464868306|AMDOCS|S5AA-0081576486|2026-07-08 00:00:00|PEN|106.48|23.37|129.85
Pago|2058730165|CLIENT_00770|96289595|664568557|AMDOCS|S9AA-0083097504|2026-07-07 00:00:00|PEN|126.11|27.68|153.79
Pago|2086306604|CLIENT_00634|76627216|402342606|AMDOCS|S5AA-0081395773|2026-07-07 00:00:00|PEN|36.10|7.93|44.03
Pago|2077224129|CLIENT_00943|24907795|992587406|AMDOCS|S5AA-0081213723|2026-07-07 00:00:00|PEN|101.54|22.29|123.83
Pago|2070360798|CLIENT_00206|925858421|878165347|AMDOCS|S5AA-0081122392|2026-07-07 00:00:00|PEN|86.39|18.96|105.35
Pago|2028807353|CLIENT_00937|30414006|230445957|AMDOCS|S5AA-0080935256|2026-07-07 00:00:00|PEN|134.72|29.57|164.29
Pago|2038585484|CLIENT_00937|49543006|179417257|AMDOCS|S9AA-0083308988|2026-07-07 00:00:00|PEN|25.54|5.61|31.15
Pago|2083697675|CLIENT_00702|65940495|006614406|AMDOCS|S5AA-0081315364|2026-07-07 00:00:00|PEN|49.31|10.82|60.13
Pago|2083500117|CLIENT_00642|555856521|016720547|AMDOCS|S8AA-0008367148|2026-07-30 00:00:00|PEN|52.14|9.39|61.53
Pago|2077092789|CLIENT_00484|83698185|359881306|AMDOCS|S9AA-0082828404|2026-07-30 00:00:00|PEN|83.88|15.10|98.98
Pago|2098018480|CLIENT_00702|65940495|006614406|AMDOCS|S5AA-0082037080|2026-07-30 00:00:00|PEN|53.68|9.66|63.35
Pago|2046569393|CLIENT_00556|659007621|374887647|AMDOCS|S8AA-0008370297|2026-07-30 00:00:00|PEN|21.74|3.91|25.66
Pago|2063630155|CLIENT_00939|74464985|515459306|AMDOCS|S5AA-0081971942|2026-07-30 00:00:00|PEN|50.66|9.12|59.78
Pago|2044772474|CLIENT_00888|158289911|754274647|AMDOCS|S7AA-0068143894|2026-07-31 00:00:00|PEN|59.91|10.79|70.70
Pago|2098069005|CLIENT_00653|90142306|590243457|AMDOCS|S5AA-0081696519|2026-07-31 00:00:00|PEN|100.79|18.14|118.93
Pago|2063015584|CLIENT_00588|13862575|299513263|AMDOCS|S7AA-0069125176|2026-07-31 00:00:00|PEN|28.71|5.17|33.88
Pago|2052584542|CLIENT_00305|045109311|536052327|AMDOCS|S3AA-0080072704|2026-07-31 00:00:00|PEN|51.91|9.35|61.25
Pago|2082989772|CLIENT_00398|56835575|851836537|AMDOCS|S7AA-0069422507|2026-07-31 00:00:00|PEN|20.71|3.72|24.43
Pago|2039933423|CLIENT_00441|492475901|625170817|AMDOCS|S7AA-0067919456|2026-07-31 00:00:00|PEN|34.41|6.20|40.60
Pago|2016779342|CLIENT_00355|88103575|424078533|AMDOCS|S1AA-0053632060|2026-06-22 00:00:00|PEN|.73|.13|.86
Pago|2078592081|CLIENT_00864|14483575|885741393|AMDOCS|S1AA-0052615899|2026-07-21 00:00:00|PEN|17.79|3.21|21.00
Pago|2097688119|CLIENT_00864|14483575|809755127|AMDOCS|S1AA-0052616534|2026-07-21 00:00:00|PEN|17.79|3.21|21.00
Pago|2039990182|CLIENT_00864|65023575|737533733|AMDOCS|S1AA-0052744203|2026-07-21 00:00:00|PEN|17.79|3.21|21.00
Pago|2063153403|CLIENT_00552|429218231|161173657|AMDOCS|S5AA-0081087354|2026-07-02 00:00:00|PEN|18.31|4.02|22.33
Pago|2094098136|CLIENT_00955|47179116|434412606|AMDOCS|S5AA-0081446612|2026-07-02 00:00:00|PEN|45.86|10.07|55.93
Pago|2034417313|CLIENT_00417|11041616|431716606|AMDOCS|S5AA-0080989065|2026-07-02 00:00:00|PEN|68.82|15.11|83.93
Pago|2000591425|CLIENT_00484|83698185|359881306|AMDOCS|S9AA-0082367759|2026-07-02 00:00:00|PEN|62.85|13.80|76.65
Pago|2017442741|CLIENT_00349|608231121|838759737|AMDOCS|S7AA-0068628473|2026-07-02 00:00:00|PEN|45.86|10.07|55.93
Pago|2042389421|CLIENT_00977|247828421|766824347|AMDOCS|S8AA-0007601867|2026-07-06 00:00:00|PEN|133.11|29.22|162.33
Pago|2003008501|CLIENT_00977|247828421|766824347|AMDOCS|S8AA-0007898860|2026-07-06 00:00:00|PEN|133.11|29.22|162.33
Pago|2033800985|CLIENT_00691|47304716|667540737|AMDOCS|S5AA-0081448860|2026-07-06 00:00:00|PEN|68.82|15.11|83.93
Pago|2022902654|CLIENT_00397|37404575|331309943|AMDOCS|S7AA-0068334504|2026-07-06 00:00:00|PEN|32.66|7.17|39.83
Pago|2059795852|CLIENT_00738|72783985|781749306|AMDOCS|S9AA-0082744027|2026-07-06 00:00:00|PEN|16.01|3.52|19.53
Pago|2027501843|CLIENT_00533|58807706|775657506|AMDOCS|S5AA-0081526389|2026-07-07 00:00:00|PEN|109.58|24.05|133.63
Pago|2056722334|CLIENT_00738|367710|14535000|ISIS|FFBG-155819|2026-07-27 00:00:00|USD|268.51|48.33|316.84
Pago|2021241631|CLIENT_00943|18152575|087358501|AMDOCS|S1AA-0052906902|2026-07-26 00:00:00|PEN|17.79|3.21|21.00
Pago|2029981304|CLIENT_00662|567037021|867895437|AMDOCS|S5AA-0082104186|2026-07-31 00:00:00|PEN|345.79|62.24|408.03
Pago|2041195367|CLIENT_00718|789395911|782351167|AMDOCS|S1AA-0053630576|2026-06-05 00:00:00|PEN|1.53|.27|1.80
Pago|2091620246|CLIENT_00408|026702221|218307547|AMDOCS|S1AA-0053167768|2026-06-25 00:00:00|PEN|3.07|.55|3.62
Pago|2030601993|CLIENT_00140|70859285|861692306|AMDOCS|S9AA-0082099827|2026-07-06 00:00:00|PEN|60.37|13.25|73.63
Pago|2092751764|CLIENT_00140|70859285|861692306|AMDOCS|S9AA-0082099827|2026-07-06 00:00:00|PEN|3.17|.70|3.86
Pago|2035299555|CLIENT_00140|70859285|861692306|AMDOCS|S9AA-0082565382|2026-07-06 00:00:00|PEN|62.38|13.69|76.08
Pago|2015936665|CLIENT_00140|70859285|861692306|AMDOCS|S9AA-0082565382|2026-07-06 00:00:00|PEN|3.17|.70|3.86
Pago|2085221146|CLIENT_00989|473844901|245209537|AMDOCS|S3AA-0079239495|2026-07-06 00:00:00|PEN|48.50|10.65|59.15
Pago|2092329999|CLIENT_00015|671814511|977999537|AMDOCS|S5AA-0081463254|2026-07-06 00:00:00|PEN|103.26|22.67|125.93
Pago|2018418143|CLIENT_00408|026702221|218307547|AMDOCS|S1AA-0052488357|2026-07-26 00:00:00|PEN|91.53|16.48|108.01
Pago|2093767614|CLIENT_00718|789395911|782351167|AMDOCS|S1AA-0052953648|2026-07-26 00:00:00|PEN|24.02|4.33|28.35
Pago|2092787042|CLIENT_00603|723882231|320925557|AMDOCS|S3AA-0079956340|2026-07-26 00:00:00|PEN|37.32|6.72|44.03
Pago|2013961806|CLIENT_00271|90443085|371530306|AMDOCS|S9AA-0082582142|2026-07-27 00:00:00|PEN|59.02|10.63|69.65
Pago|2032642270|CLIENT_00817|60420995|160129406|AMDOCS|S9AA-0082558003|2026-07-27 00:00:00|PEN|137.68|24.78|162.47
Pago|2047604194|CLIENT_00826|625453431|682709857|AMDOCS|S4AA-0008397404|2026-07-30 00:00:00|PEN|103.52|18.63|122.15
Pago|2011315139|CLIENT_00002|29261506|196015506|AMDOCS|S5AA-0081577198|2026-07-30 00:00:00|PEN|68.16|12.27|80.43
Pago|2020901478|CLIENT_00179|70424285|316814657|AMDOCS|S9AA-0084105960|2026-07-22 00:00:00|PEN|1.20|.22|1.42
Pago|2014706556|CLIENT_00993|18160985|752519306|AMDOCS|S9AA-0083899327|2026-07-24 00:00:00|PEN|21.41|3.85|25.26
Pago|2095529221|CLIENT_00993|72356185|353361306|AMDOCS|S9AA-0083438074|2026-07-24 00:00:00|PEN|21.41|3.85|25.26
Pago|2027296027|CLIENT_00408|026702221|218307547|AMDOCS|S1AA-0053167768|2026-07-26 00:00:00|PEN|2.86|.52|3.38
Pago|2005026451|CLIENT_00715|149263621|898524947|AMDOCS|S9AA-0082858944|2026-07-13 00:00:00|PEN|142.32|25.62|167.93
Pago|2047569148|CLIENT_00715|149263621|477134947|AMDOCS|S9AA-0082858945|2026-07-13 00:00:00|PEN|65.14|11.73|76.86
Pago|2098378939|CLIENT_00598|40702575|907486933|AMDOCS|S3AA-0078571446|2026-07-15 00:00:00|PEN|47.40|8.53|55.93
Pago|2063704445|CLIENT_00598|21702575|045722493|AMDOCS|S1AA-0051826372|2026-07-15 00:00:00|PEN|30.16|5.43|35.60
Pago|2076127263|CLIENT_00598|21702575|045722493|AMDOCS|S1AA-0052425397|2026-07-15 00:00:00|PEN|30.16|5.43|35.60
Pago|2018136216|CLIENT_00957|79692575|647072453|AMDOCS|S1AA-0053016538|2026-07-15 00:00:00|PEN|20.52|3.70|24.22
Pago|2034511123|CLIENT_00648|581801031|075168557|AMDOCS|S9AA-0083233104|2026-07-15 00:00:00|PEN|24.79|4.47|29.26
Pago|2045101314|CLIENT_00971|67050575|184510003|AMDOCS|S1AA-0052879688|2026-07-15 00:00:00|PEN|15.78|2.84|18.62
Pago|2017986129|CLIENT_00179|70424285|316814657|AMDOCS|S9AA-0082571497|2026-07-22 00:00:00|PEN|37.32|6.72|44.03
Pago|2070550429|CLIENT_00936|87475006|795560506|AMDOCS|S5AA-0082195205|2026-07-22 00:00:00|PEN|364.24|65.56|429.80
Pago|2041467117|CLIENT_00942|659474221|739516837|AMDOCS|S5AA-0082039890|2026-07-08 00:00:00|PEN|3.46|.62|4.08
Pago|2021051845|CLIENT_00319|02842906|275498506|AMDOCS|S5AA-0081054100|2026-07-08 00:00:00|PEN|47.07|10.33|57.40
Pago|2058059037|CLIENT_00294|40815595|083465406|AMDOCS|S9AA-0082523917|2026-07-08 00:00:00|PEN|102.57|22.52|125.09
Pago|2048644819|CLIENT_00866|439077721|866648857|AMDOCS|S7AA-0067996872|2026-07-08 00:00:00|PEN|93.85|20.60|114.45
Pago|2072696513|CLIENT_00456|401913421|940037957|AMDOCS|S3AA-0078579455|2026-07-06 00:00:00|PEN|49.31|10.82|60.13
Pago|2010752971|CLIENT_00269|67893906|428899157|AMDOCS|S5AA-0081464593|2026-07-07 00:00:00|PEN|63.08|13.85|76.93
Pago|2016587155|CLIENT_00255|683942421|682517257|AMDOCS|S9AA-0083241263|2026-07-07 00:00:00|PEN|51.60|11.33|62.93
Pago|2038862912|CLIENT_00255|683942421|047585957|AMDOCS|S9AA-0083242299|2026-07-07 00:00:00|PEN|74.56|16.37|90.93
Pago|2051500260|CLIENT_00255|683942421|292608067|AMDOCS|S9AA-0083242660|2026-07-07 00:00:00|PEN|54.24|11.91|66.15
Pago|2069001127|CLIENT_00446|32721575|796471423|AMDOCS|S3AA-0078751781|2026-07-07 00:00:00|PEN|31.08|6.82|37.91
Pago|2080037559|CLIENT_00735|305198111|487299237|AMDOCS|S5AA-0080932891|2026-07-27 00:00:00|PEN|100.79|18.14|118.93
Pago|2069943096|CLIENT_00698|40347606|568656547|AMDOCS|S9AA-0082527654|2026-07-27 00:00:00|PEN|100.79|18.14|118.93
Pago|2010441704|CLIENT_00813|047308221|730302257|AMDOCS|S7AA-0069207760|2026-07-27 00:00:00|PEN|37.32|6.72|44.03
Pago|2034710453|CLIENT_00779|37698395|462643757|AMDOCS|S9AA-0083838040|2026-07-21 00:00:00|PEN|37.88|6.82|44.70
Pago|2052112366|CLIENT_00307|289009821|229924057|AMDOCS|S9AA-0083912464|2026-07-21 00:00:00|PEN|.37|.07|.44
Pago|2068228646|CLIENT_00158|90856906|155881537|AMDOCS|S9AA-0082585994|2026-07-14 00:00:00|PEN|122.02|21.97|143.99
Pago|2006702553|CLIENT_00422|961315821|416989957|AMDOCS|S7AA-0068324049|2026-07-14 00:00:00|PEN|41.47|7.46|48.93
Pago|2005336429|CLIENT_00109|763571211|174787947|AMDOCS|S9AA-0083079698|2026-07-22 00:00:00|PEN|19.87|3.58|23.45
Pago|2052763268|CLIENT_00035|119545331|016136757|AMDOCS|S9AA-0082605525|2026-07-22 00:00:00|PEN|47.40|8.53|55.93
Pago|2064584942|CLIENT_00319|25242575|430017301|AMDOCS|S1AA-0052702773|2026-07-22 00:00:00|PEN|573.41|103.22|676.62
Pago|2034378336|CLIENT_00319|25242575|430017301|AMDOCS|S1AA-0052702773|2026-07-22 00:00:00|PEN|1.78|.32|2.10
Pago|2086709322|CLIENT_00525|556726721|908011457|AMDOCS|S1AA-0053405648|2026-06-25 00:00:00|PEN|.86|.15|1.02
Pago|2053747802|CLIENT_00607|22121575|281342233|AMDOCS|S1AA-0053219429|2026-06-25 00:00:00|PEN|.61|.11|.72
Pago|2069482990|CLIENT_00699|994931321|569464047|AMDOCS|S1AA-0053708592|2026-07-01 00:00:00|PEN|1.23|.22|1.45
Pago|2067641062|CLIENT_00563|11622616|307511347|AMDOCS|S5AA-0080991623|2026-07-07 00:00:00|PEN|30.14|6.62|36.75
Pago|2096025489|CLIENT_00091|904772311|252552227|AMDOCS|S7AA-0068935120|2026-07-26 00:00:00|PEN|147.53|26.56|174.09
Pago|2099764050|CLIENT_00699|994931321|569464047|AMDOCS|S1AA-0053031913|2026-07-26 00:00:00|PEN|17.26|3.11|20.37
Pago|2088077505|CLIENT_00777|048725131|863543457|AMDOCS|S4AA-0008440623|2026-07-26 00:00:00|PEN|112.65|20.28|132.93
Pago|2088087005|CLIENT_00689|426972121|962197537|AMDOCS|S1AA-0051888522|2026-07-02 00:00:00|PEN|38.80|8.52|47.32
Pago|2079154346|CLIENT_00950|65458595|707795406|AMDOCS|S9AA-0082982071|2026-07-06 00:00:00|PEN|23.82|5.23|29.05
Pago|2023426928|CLIENT_00950|319965321|886860147|AMDOCS|S9AA-0082620584|2026-07-06 00:00:00|PEN|22.39|4.91|27.30
Pago|2045976976|CLIENT_00651|491668521|301333547|AMDOCS|S8AA-0007864989|2026-07-06 00:00:00|PEN|55.97|12.29|68.25
Pago|2081744801|CLIENT_00542|70825575|745571557|AMDOCS|S7AA-0068640485|2026-07-06 00:00:00|PEN|51.60|11.33|62.93
Pago|2014609987|CLIENT_00693|53967106|952071506|AMDOCS|S5AA-0081162994|2026-07-07 00:00:00|PEN|48.16|10.57|58.73
Pago|2067612773|CLIENT_00720|093279031|431643457|AMDOCS|S5AA-0081566556|2026-07-07 00:00:00|PEN|51.60|11.33|62.93
Pago|2081851294|CLIENT_00996|37920575|206538401|AMDOCS|S1AA-0052226577|2026-07-14 00:00:00|PEN|32.57|5.87|38.43
Pago|1036454956|CLIENT_00975|77371095|521620406|AMDOCS|S9AA-0083159755|2026-07-22 00:00:00|PEN|93.08|16.75|109.83
Pago|1071719080|CLIENT_00975|73812575|294918863|AMDOCS|S3AA-0080043662|2026-07-22 00:00:00|PEN|56.29|10.14|66.43
Pago|2028381006|CLIENT_00481|32562575|800810033|AMDOCS|S3AA-0078751892|2026-07-01 00:00:00|PEN|22.90|5.03|27.93
Pago|2056656163|CLIENT_00811|92003575|471659563|AMDOCS|S3AA-0078809630|2026-07-01 00:00:00|PEN|26.35|5.78|32.13
Pago|2073030272|CLIENT_00502|407044131|445350957|AMDOCS|S8AA-0007786729|2026-07-01 00:00:00|PEN|80.93|17.77|98.70
Pago|2064658684|CLIENT_00353|55329516|319075606|AMDOCS|S5AA-0081308723|2026-07-01 00:00:00|PEN|88.91|19.52|108.43
Pago|2010270859|CLIENT_00605|07063575|715016647|AMDOCS|S1AA-0052209463|2026-07-01 00:00:00|PEN|74.56|16.37|90.93
Pago|2084276545|CLIENT_00582|363035021|840181437|AMDOCS|S1AA-0052160870|2026-07-01 00:00:00|PEN|19.98|4.38|24.36
Pago|2030366157|CLIENT_00096|70024516|857192067|AMDOCS|S5AA-0080964422|2026-07-01 00:00:00|PEN|83.12|18.24|101.36
Pago|2034143796|CLIENT_00744|91516575|143072613|AMDOCS|S3AA-0079874809|2026-07-29 00:00:00|PEN|52.50|9.45|61.95
Pago|2071834507|CLIENT_00042|347990521|964439347|AMDOCS|S3AA-0080103173|2026-07-31 00:00:00|PEN|112.65|20.28|132.93
Pago|2075689007|CLIENT_00194|88087575|786761601|AMDOCS|S3AA-0079576273|2026-07-31 00:00:00|PEN|25.45|4.58|30.03
Pago|2079967938|CLIENT_00325|13671295|591722406|AMDOCS|S5AA-0081857324|2026-07-31 00:00:00|PEN|50.96|9.17|60.13
Pago|2016725272|CLIENT_00478|403044421|164577247|AMDOCS|S4AA-0008326603|2026-07-31 00:00:00|PEN|46.92|8.45|55.37
Pago|2038822221|CLIENT_00477|43312495|202034406|AMDOCS|S5AA-0081879000|2026-07-31 00:00:00|PEN|146.52|26.38|172.90
Pago|2014029744|CLIENT_00707|95245575|517319873|AMDOCS|S7AA-0067602511|2026-07-31 00:00:00|PEN|7.06|1.27|8.33
Pago|2025503838|CLIENT_00695|367433111|890391917|AMDOCS|S3AA-0080287257|2026-07-31 00:00:00|PEN|54.46|9.80|64.26
Pago|2040300587|CLIENT_00407|449549531|006503167|AMDOCS|S1AA-0052640891|2026-07-31 00:00:00|PEN|21.65|3.90|25.55
Pago|2029643931|CLIENT_00053|34531575|800355723|AMDOCS|S3AA-0080089842|2026-07-31 00:00:00|PEN|13.64|2.46|16.10
Pago|2053703228|CLIENT_00053|34531575|210355723|AMDOCS|S3AA-0080089843|2026-07-31 00:00:00|PEN|12.75|2.30|15.05
Pago|2006347135|CLIENT_00053|34531575|010924823|AMDOCS|S3AA-0080089864|2026-07-31 00:00:00|PEN|12.70|2.29|14.98
Pago|2090049183|CLIENT_00053|34531575|813589923|AMDOCS|S3AA-0080089915|2026-07-31 00:00:00|PEN|13.64|2.46|16.10
Pago|2009562788|CLIENT_00481|32562575|800810033|AMDOCS|S3AA-0079912466|2026-07-31 00:00:00|PEN|23.67|4.26|27.93
Pago|2056897122|CLIENT_00573|217414901|492943157|AMDOCS|S1AA-0051828701|2026-07-31 00:00:00|PEN|53.33|9.60|62.93
Pago|2071137690|CLIENT_00573|217414901|492943157|AMDOCS|S1AA-0052427673|2026-07-31 00:00:00|PEN|53.33|9.60|62.93
Pago|2006307509|CLIENT_00644|864899231|516365857|AMDOCS|S1AA-0053501235|2026-06-25 00:00:00|PEN|1.38|.25|1.62
Pago|2042811188|CLIENT_00407|449549531|006503167|AMDOCS|S1AA-0053332998|2026-06-30 00:00:00|PEN|4.73|.85|5.59
Pago|2081896131|CLIENT_00044|101568521|944913547|AMDOCS|S1AA-0053052603|2026-07-07 00:00:00|PEN|11.84|2.13|13.97
Pago|2076895727|CLIENT_00044|101568521|776498747|AMDOCS|S1AA-0053052912|2026-07-07 00:00:00|PEN|7.80|1.41|9.20
Pago|2091840603|CLIENT_00602|933282531|533692067|AMDOCS|S9AA-0082843798|2026-07-04 00:00:00|PEN|45.92|10.08|56.00
Pago|2044213651|CLIENT_00602|933282531|533692067|AMDOCS|S9AA-0082392068|2026-07-04 00:00:00|PEN|47.93|10.52|58.45
Pago|2002717360|CLIENT_00675|57902706|568656447|AMDOCS|S5AA-0081456620|2026-07-04 00:00:00|PEN|40.12|8.81|48.93
Pago|2086288094|CLIENT_00461|428478431|001596957|AMDOCS|S7AA-0065416489|2026-07-21 00:00:00|PEN|8.60|1.55|10.15
Pago|2043541829|CLIENT_00061|19662695|652136406|AMDOCS|S5AA-0082288379|2026-07-21 00:00:00|PEN|167.71|30.18|197.89
Pago|2005747512|CLIENT_00650|420833431|274188857|AMDOCS|S4AA-0008391109|2026-07-21 00:00:00|PEN|88.92|16.01|104.93
Pago|2075133986|CLIENT_00650|420833431|241688857|AMDOCS|S4AA-0008391111|2026-07-21 00:00:00|PEN|88.92|16.01|104.93
Pago|2051443632|CLIENT_00650|420833431|152188857|AMDOCS|S4AA-0008391108|2026-07-21 00:00:00|PEN|88.92|16.01|104.93
Pago|2051011853|CLIENT_00650|420833431|373588857|AMDOCS|S4AA-0008391110|2026-07-21 00:00:00|PEN|88.92|16.01|104.93
Pago|2012439383|CLIENT_00601|73991575|475838023|AMDOCS|S1AA-0052587607|2026-07-21 00:00:00|PEN|71.13|12.80|83.93
Pago|2024968631|CLIENT_00332|926238221|354697647|AMDOCS|S1AA-0052535966|2026-07-21 00:00:00|PEN|94.86|17.07|111.93
Pago|2035193279|CLIENT_00669|159389821|305959657|AMDOCS|S8AA-0007928060|2026-07-02 00:00:00|PEN|17.16|3.77|20.93
Pago|2061009705|CLIENT_00625|03102706|853761067|AMDOCS|S5AA-0081131495|2026-07-02 00:00:00|PEN|100.97|22.16|123.13
Pago|2027931638|CLIENT_00129|207627921|199681757|AMDOCS|S3AA-0078559377|2026-07-02 00:00:00|PEN|106.08|23.28|129.36
Pago|2033541980|CLIENT_00010|792078121|391821737|AMDOCS|S3AA-0079467773|2026-07-02 00:00:00|PEN|45.86|10.07|55.93
Pago|2036089394|CLIENT_00010|792078121|510144857|AMDOCS|S3AA-0079472058|2026-07-02 00:00:00|PEN|79.04|17.35|96.39
Pago|2089435929|CLIENT_00010|792078121|167589757|AMDOCS|S3AA-0079471887|2026-07-02 00:00:00|PEN|40.12|8.81|48.93
Pago|2066463578|CLIENT_00010|792078121|608838957|AMDOCS|S3AA-0079472628|2026-07-02 00:00:00|PEN|41.47|9.10|50.58
Pago|2033150864|CLIENT_00212|894308431|179975957|AMDOCS|S7AA-0068562336|2026-07-06 00:00:00|PEN|51.60|11.33|62.93
Pago|2042683095|CLIENT_00668|007978821|636514057|AMDOCS|S8AA-0007773264|2026-07-06 00:00:00|PEN|6.80|1.49|8.30
Pago|2003486970|CLIENT_00800|29790085|913900306|AMDOCS|S9AA-0083286380|2026-07-26 00:00:00|PEN|96.35|17.35|113.69
Pago|2076420704|CLIENT_00800|29790085|913900306|AMDOCS|S9AA-0083286380|2026-07-26 00:00:00|PEN|17.56|3.16|20.71
