NUMERO_IDENTIFICACION_FISCAL|RAZON_SOCIAL|COD_CLIENTE|COD_CUENTA|NRO_DOC_FISCAL|FUENTE|SISTEMA|FECHA_EMISION|FECHA_VTO|MONEDA|CHARGE_NET_AMOUNT|CHARGE_IGV_INVOICE|CHARGE_TOTAL_AMOUNT
2074525786|CLIENT_00733|626387331|741541857|S8AA-0008076684|FACTURACION CICLICA|AMDOCS|20260627|2026-07-13|PEN|85.72|15.43|101.15
2084347031|CLIENT_00887|65625575|596121473|S7AA-0068184699|FACTURACION CICLICA|AMDOCS|20260623|2026-07-09|PEN|118.52|21.34|139.86
2089275916|CLIENT_00133|404276421|621536347|S8AA-0008006986|FACTURACION CICLICA|AMDOCS|20260627|2026-07-13|PEN|50.30|9.06|59.36
2070148979|CLIENT_00202|499743311|678194227|S7AA-0068521431|FACTURACION CICLICA|AMDOCS|20260623|2026-07-09|PEN|31.38|5.65|37.03
2083087437|CLIENT_00371|118091211|812820337|S7AA-0068672092|FACTURACION CICLICA|AMDOCS|20260623|2026-07-09|PEN|20.71|3.72|24.43
2030405929|CLIENT_00212|894308431|179975957|S7AA-0068562336|FACTURACION CICLICA|AMDOCS|20260623|2026-07-09|PEN|53.33|9.60|62.93
2002500138|CLIENT_00445|92763575|582891443|S7AA-0068829129|FACTURACION CICLICA|AMDOCS|20260623|2026-07-09|PEN|25.21|4.54|29.75
2096447129|CLIENT_00321|13461575|371977173|S7AA-0068838267|FACTURACION CICLICA|AMDOCS|20260623|2026-07-09|PEN|33.75|6.08|39.83
2001156117|CLIENT_00442|622439031|682444357|S8AA-0008075975|FACTURACION CICLICA|AMDOCS|20260627|2026-07-13|PEN|44.20|7.95|52.15
2023967163|CLIENT_00238|586659131|417168557|S7AA-0068446347|FACTURACION CICLICA|AMDOCS|20260623|2026-07-09|PEN|112.65|20.28|132.93
2034212173|CLIENT_00843|687675321|217543147|S7AA-0068452314|FACTURACION CICLICA|AMDOCS|20260623|2026-07-09|PEN|63.78|11.47|75.25
2001809758|CLIENT_00443|621170631|096754167|S8AA-0008077519|FACTURACION CICLICA|AMDOCS|20260627|2026-07-13|PEN|44.13|7.95|52.08
2084347031|CLIENT_00887|435846421|136952347|S8AA-0008099744|FACTURACION CICLICA|AMDOCS|20260627|2026-07-13|PEN|112.65|20.28|132.93
2019876876|CLIENT_00461|428478431|112896957|S7AA-0068792072|FACTURACION CICLICA|AMDOCS|20260623|2026-07-09|PEN|56.06|10.09|66.15
2074525786|CLIENT_00733|626387331|649870857|S8AA-0008076683|FACTURACION CICLICA|AMDOCS|20260627|2026-07-13|PEN|67.93|12.22|80.15
2070952060|CLIENT_00669|159389821|305959657|S8AA-0007928060|FACTURACION CICLICA|AMDOCS|20260627|2026-07-13|PEN|17.74|3.19|20.93
2048306935|CLIENT_00452|726703631|730638167|S8AA-0008080799|FACTURACION CICLICA|AMDOCS|20260627|2026-07-13|PEN|28.64|5.17|33.81
2016442878|CLIENT_00427|676676521|143879447|S7AA-0068364423|FACTURACION CICLICA|AMDOCS|20260623|2026-07-09|PEN|112.53|20.26|132.79
2077048357|CLIENT_00123|494871031|192283257|S8AA-0007865642|FACTURACION CICLICA|AMDOCS|20260627|2026-07-13|PEN|100.79|18.14|118.93
2012438665|CLIENT_00737|844055821|106348157|S8AA-0007918086|FACTURACION CICLICA|AMDOCS|20260627|2026-07-13|PEN|109.63|19.73|129.36
2030170496|CLIENT_00469|339091911|641226957|S7AA-0067988183|FACTURACION CICLICA|AMDOCS|20260623|2026-07-09|PEN|50.13|9.02|59.15
2004792943|CLIENT_00818|261453231|813596557|S8AA-0007961873|FACTURACION CICLICA|AMDOCS|20260627|2026-07-13|PEN|106.72|19.21|125.93
2058153118|CLIENT_00729|853875821|741139947|S8AA-0007948791|FACTURACION CICLICA|AMDOCS|20260627|2026-07-13|PEN|32.15|5.79|37.94
2029816520|CLIENT_00874|244414621|676462647|S8AA-0007899035|FACTURACION CICLICA|AMDOCS|20260627|2026-07-13|PEN|31.38|5.65|37.03
2005357307|CLIENT_00223|619846321|878242147|S8AA-0008040899|FACTURACION CICLICA|AMDOCS|20260627|2026-07-13|PEN|59.86|10.77|70.63
2082900579|CLIENT_00127|630652821|744448857|S8AA-0007882067|FACTURACION CICLICA|AMDOCS|20260627|2026-07-13|PEN|136.38|24.55|160.93
2043931649|CLIENT_00311|176219431|361057957|S8AA-0008002817|FACTURACION CICLICA|AMDOCS|20260627|2026-07-13|PEN|42.90|7.71|50.61
2050012017|CLIENT_00285|200191431|608796857|S8AA-0007999449|FACTURACION CICLICA|AMDOCS|20260627|2026-07-13|PEN|118.46|21.33|139.79
2046639773|CLIENT_00422|659895821|033750167|S8AA-0007944445|FACTURACION CICLICA|AMDOCS|20260627|2026-07-13|PEN|55.99|10.09|66.08
2000414951|CLIENT_00221|305626821|438010057|S8AA-0008004484|FACTURACION CICLICA|AMDOCS|20260627|2026-07-13|PEN|20.53|3.69|24.22
2004941501|CLIENT_00776|050502621|445019857|S8AA-0007925397|FACTURACION CICLICA|AMDOCS|20260627|2026-07-13|PEN|106.78|19.22|126.00
2028858667|CLIENT_00821|87664306|851638857|FOBF-00121753|FACTURACION ACICLICA|AMDOCS|20260625|2026-06-25||.60|.11|.70
2088717616|CLIENT_00246|155347221|603152937|S7AA-0068142859|FACTURACION CICLICA|AMDOCS|20260623|2026-07-09|PEN|56.77|10.22|66.99
2077292308|CLIENT_00945|380329421|311026347|S8AA-0007830906|FACTURACION CICLICA|AMDOCS|20260627|2026-07-13|PEN|15.83|2.86|18.69
2050334437|CLIENT_00131|852548521|080575747|S8AA-0007948577|FACTURACION CICLICA|AMDOCS|20260627|2026-07-13|PEN|111.47|20.06|131.53
2019848889|CLIENT_00982|915098421|046892647|S8AA-0008053550|FACTURACION CICLICA|AMDOCS|20260627|2026-07-13|PEN|42.42|7.63|50.05
2027249828|CLIENT_00172|175639431|395777957|S8AA-0008002857|FACTURACION CICLICA|AMDOCS|20260627|2026-07-13|PEN|17.79|3.21|21.00
2078272562|CLIENT_00198|530659421|808326257|S8AA-0008103598|FACTURACION CICLICA|AMDOCS|20260627|2026-07-13|PEN|133.36|24.00|157.36
2087681453|CLIENT_00859|816856611|507734337|S7AA-0068733972|FACTURACION CICLICA|AMDOCS|20260623|2026-07-09|PEN|39.98|7.20|47.18
2053487352|CLIENT_00912|193190921|923907057|S8AA-0007856209|FACTURACION CICLICA|AMDOCS|20260627|2026-07-13|PEN|53.33|9.60|62.93
2086851615|CLIENT_00905|455932421|176083247|S8AA-0007932775|FACTURACION CICLICA|AMDOCS|20260627|2026-07-13|PEN|37.32|6.71|44.03
2064524697|CLIENT_00755|938349331|397562857|S7AA-0068040833|FACTURACION CICLICA|AMDOCS|20260623|2026-07-09|PEN|67.93|12.22|80.15
2040313126|CLIENT_00058|373089521|485148747|S8AA-0007797179|FACTURACION CICLICA|AMDOCS|20260627|2026-07-13|PEN|26.69|4.81|31.50
2026807327|CLIENT_00677|64288416|896318457|S9AA-0082902206|FACTURACION CICLICA|AMDOCS|20260701|2026-07-17|PEN|53.33|9.60|62.93
2028858667|CLIENT_00821|87664306|642938857|S9AA-0083174163|FACTURACION CICLICA|AMDOCS|20260701|2026-07-17|PEN|20.71|3.72|24.43
2028858667|CLIENT_00821|87664306|379148857|S9AA-0083174164|FACTURACION CICLICA|AMDOCS|20260701|2026-07-17|PEN|20.71|3.72|24.43
2058066767|CLIENT_00743|582149431|403578957|S9AA-0083233988|FACTURACION CICLICA|AMDOCS|20260701|2026-07-17|PEN|77.06|13.87|90.93
2047900690|CLIENT_00224|726970231|557591557|S9AA-0082749477|FACTURACION CICLICA|AMDOCS|20260701|2026-07-17|PEN|56.06|10.09|66.15
2015648856|CLIENT_00530|52223795|620789857|S9AA-0082733299|FACTURACION CICLICA|AMDOCS|20260701|2026-07-17|PEN|105.64|19.03|124.67
2045106571|CLIENT_00547|34818616|650877606|S9AA-0082872490|FACTURACION CICLICA|AMDOCS|20260701|2026-07-17|PEN|32.39|5.83|38.22
2053805361|CLIENT_00167|39746895|419578406|S9AA-0083296123|FACTURACION CICLICA|AMDOCS|20260701|2026-07-17|PEN|23.73|4.27|28.00
2045546222|CLIENT_00594|00573795|638904067|S9AA-0082512960|FACTURACION CICLICA|AMDOCS|20260701|2026-07-17|PEN|71.13|12.80|83.93
2037024710|CLIENT_00800|29790085|913900306|S9AA-0083286380|FACTURACION CICLICA|AMDOCS|20260701|2026-07-17|PEN|113.90|20.50|134.40
2028858667|CLIENT_00821|87664306|340248857|S9AA-0083174169|FACTURACION CICLICA|AMDOCS|20260701|2026-07-17|PEN|20.71|3.72|24.43
2091198935|CLIENT_00319|49462906|885498506|S9AA-0083304854|FACTURACION CICLICA|AMDOCS|20260701|2026-07-17|PEN|48.64|8.76|57.40
2043288258|CLIENT_00956|13550895|003107947|S9AA-0082774113|FACTURACION CICLICA|AMDOCS|20260701|2026-07-17|PEN|115.38|20.77|136.15
2005150947|CLIENT_00073|15791106|738521506|S9AA-0082939903|FACTURACION CICLICA|AMDOCS|20260701|2026-07-17|PEN|238.89|43.00|281.89
2074129386|CLIENT_00882|33559616|745718857|S9AA-0082792472|FACTURACION CICLICA|AMDOCS|20260701|2026-07-17|PEN|71.13|12.80|83.93
2037021331|CLIENT_00121|39706806|604368506|S9AA-0083296441|FACTURACION CICLICA|AMDOCS|20260701|2026-07-17|PEN|22.55|4.05|26.60
2045771478|CLIENT_00919|53129095|370173857|S9AA-0082809303|FACTURACION CICLICA|AMDOCS|20260701|2026-07-17|PEN|136.38|24.55|160.93
2028695835|CLIENT_00334|014420021|698221337|S9AA-0082594110|FACTURACION CICLICA|AMDOCS|20260701|2026-07-17|PEN|65.13|11.73|76.86
2028858667|CLIENT_00821|700649801|596759957|S9AA-0082572251|FACTURACION CICLICA|AMDOCS|20260701|2026-07-17|PEN|23.43|4.22|27.65
2074129386|CLIENT_00882|88569616|365976606|S9AA-0083254229|FACTURACION CICLICA|AMDOCS|20260701|2026-07-17|PEN|62.29|11.21|73.50
2051682890|CLIENT_00374|66011906|394819506|S9AA-0083067431|FACTURACION CICLICA|AMDOCS|20260701|2026-07-17|PEN|12.40|2.23|14.63
2001109147|CLIENT_00012|43224195|276595257|S9AA-0082799929|FACTURACION CICLICA|AMDOCS|20260701|2026-07-17|PEN|44.20|7.95|52.15
2022543695|CLIENT_00820|272246321|542734957|S9AA-0083123493|FACTURACION CICLICA|AMDOCS|20260701|2026-07-17|PEN|33.16|5.97|39.13
2079583404|CLIENT_00399|457788421|681996457|S9AA-0082970047|FACTURACION CICLICA|AMDOCS|20260701|2026-07-17|PEN|47.82|8.60|56.42
2042176157|CLIENT_00570|77251595|032125406|S9AA-0083160169|FACTURACION CICLICA|AMDOCS|20260701|2026-07-17|PEN|90.71|16.32|107.03
2036631349|CLIENT_00307|289009821|958134057|S9AA-0083206995|FACTURACION CICLICA|AMDOCS|20260701|2026-07-17|PEN|77.06|13.87|90.93
2060838699|CLIENT_00947|680441621|213708547|S9AA-0083240299|FACTURACION CICLICA|AMDOCS|20260701|2026-07-17|PEN|41.47|7.46|48.93
2095839381|CLIENT_00231|201758411|797234747|S9AA-0082544908|FACTURACION CICLICA|AMDOCS|20260701|2026-07-17|PEN|73.86|13.29|87.15
2096711703|CLIENT_00428|581765021|189262437|S9AA-0083230672|FACTURACION CICLICA|AMDOCS|20260701|2026-07-17|PEN|122.08|21.98|144.06
2028712026|CLIENT_00204|30022516|002026606|S9AA-0082516249|FACTURACION CICLICA|AMDOCS|20260701|2026-07-17|PEN|438.21|78.88|517.09
2058334645|CLIENT_00540|465713621|203801647|S9AA-0083053774|FACTURACION CICLICA|AMDOCS|20260701|2026-07-17|PEN|34.58|6.23|40.81
2066685881|CLIENT_00643|50088206|789082506|S9AA-0082549712|FACTURACION CICLICA|AMDOCS|20260701|2026-07-17|PEN|44.90|8.09|52.99
2031946637|CLIENT_00983|430841331|089539657|S9AA-0082800489|FACTURACION CICLICA|AMDOCS|20260701|2026-07-17|PEN|20.47|3.68|24.15
2006503400|CLIENT_00037|966673111|751447357|S9AA-0083097245|FACTURACION CICLICA|AMDOCS|20260701|2026-07-17|PEN|170.67|30.72|201.39
2007367776|CLIENT_00411|53765985|348469306|S9AA-0082803436|FACTURACION CICLICA|AMDOCS|20260701|2026-07-17|PEN|51.43|9.26|60.69
2013237934|CLIENT_00303|22518216|653521337|S9AA-0082695896|FACTURACION CICLICA|AMDOCS|20260701|2026-07-17|PEN|71.13|12.80|83.93
2096523728|CLIENT_00797|830413321|863394047|S9AA-0082832614|FACTURACION CICLICA|AMDOCS|20260701|2026-07-17|PEN|47.40|8.53|55.93
2091691985|CLIENT_00508|77873195|129741406|S9AA-0083159839|FACTURACION CICLICA|AMDOCS|20260701|2026-07-17|PEN|53.92|9.71|63.63
2076412738|CLIENT_00914|99741685|789189737|S9AA-0083349818|FACTURACION CICLICA|AMDOCS|20260701|2026-07-17|PEN|50.13|9.02|59.15
2006121666|CLIENT_00662|154096131|359489557|S9AA-0082944793|FACTURACION CICLICA|AMDOCS|20260701|2026-07-17|PEN|53.33|9.60|62.93
2031981897|CLIENT_00248|752557621|668578647|S9AA-0082994391|FACTURACION CICLICA|AMDOCS|20260701|2026-07-17|PEN|103.45|18.63|122.08
2005150947|CLIENT_00073|14781106|928521506|S9AA-0082855018|FACTURACION CICLICA|AMDOCS|20260701|2026-07-17|PEN|80.86|14.55|95.41
2006121666|CLIENT_00662|154096131|508901557|S9AA-0082486112|FACTURACION CICLICA|AMDOCS|20260601|2026-06-17|PEN|53.33|9.60|62.93
2006121666|CLIENT_00662|154096131|811665457|S9AA-0082944593|FACTURACION CICLICA|AMDOCS|20260701|2026-07-17|PEN|47.99|8.64|56.63
2034895152|CLIENT_00378|60534585|669255306|S9AA-0082557070|FACTURACION CICLICA|AMDOCS|20260701|2026-07-17|PEN|73.49|13.24|86.73
2045546222|CLIENT_00594|241572321|813833947|S9AA-0082407495|FACTURACION CICLICA|AMDOCS|20260601|2026-06-17|PEN|142.32|25.61|167.93
2032219870|CLIENT_00462|846487901|940692657|S9AA-0082919124|FACTURACION CICLICA|AMDOCS|20260701|2026-07-17|PEN|100.86|18.14|119.00
2057311015|CLIENT_00341|982413211|001444547|S9AA-0083265809|FACTURACION CICLICA|AMDOCS|20260701|2026-07-17|PEN|94.86|17.07|111.93
2045776570|CLIENT_00215|08925695|736248457|S9AA-0083190588|FACTURACION CICLICA|AMDOCS|20260701|2026-07-17|PEN|94.86|17.07|111.93
2057929173|CLIENT_00899|232251311|641460227|S9AA-0082780190|FACTURACION CICLICA|AMDOCS|20260701|2026-07-17|PEN|163.32|8.32|171.64
2039576863|CLIENT_00191|33969485|830969947|S9AA-0082791173|FACTURACION CICLICA|AMDOCS|20260701|2026-07-17|PEN|14.00|2.52|16.52
2034958413|CLIENT_00366|77661495|794524406|S9AA-0083160043|FACTURACION CICLICA|AMDOCS|20260701|2026-07-17|PEN|60.15|10.83|70.98
2060838699|CLIENT_00947|680441621|145349257|S9AA-0083241308|FACTURACION CICLICA|AMDOCS|20260701|2026-07-17|PEN|41.47|7.46|48.93
2084384500|CLIENT_00932|18794285|268639547|S9AA-0083197942|FACTURACION CICLICA|AMDOCS|20260701|2026-07-17|PEN|17.79|3.21|21.00
2029459942|CLIENT_00434|670143411|993722637|S9AA-0083154556|FACTURACION CICLICA|AMDOCS|20260701|2026-07-17|PEN|100.73|18.13|118.86
2037220961|CLIENT_00351|176473121|523999537|S9AA-0083111985|FACTURACION CICLICA|AMDOCS|20260701|2026-07-17|PEN|42.06|7.57|49.63
2088485339|CLIENT_00716|323244011|578646717|S9AA-0082240529|FACTURACION CICLICA|AMDOCS|20260601|2026-06-17|PEN|39.69|7.14|46.83
2013054362|CLIENT_00790|719773321|036536047|S9AA-0082190701|FACTURACION CICLICA|AMDOCS|20260601|2026-06-17|PEN|43.25|7.78|51.03
2001034891|CLIENT_00812|25776706|184557506|S9AA-0082490313|FACTURACION CICLICA|AMDOCS|20260601|2026-06-17|PEN|102.10|18.37|120.47
2089508889|CLIENT_00786|564509011|189514817|S9AA-0083060023|FACTURACION CICLICA|AMDOCS|20260701|2026-07-17|PEN|46.21|8.32|54.53
2016722807|CLIENT_00364|64273106|709742957|S9AA-0082902976|FACTURACION CICLICA|AMDOCS|20260701|2026-07-17|PEN|11.80|2.13|13.93
2006563540|CLIENT_00639|14684316|392571257|S9AA-0082859384|FACTURACION CICLICA|AMDOCS|20260701|2026-07-17|PEN|41.47|7.46|48.93
2001720617|CLIENT_00817|60420995|160129406|S9AA-0082558003|FACTURACION CICLICA|AMDOCS|20260701|2026-07-17|PEN|137.68|24.79|162.47
2070083854|CLIENT_00585|36732306|972913506|S9AA-0083041729|FACTURACION CICLICA|AMDOCS|20260701|2026-07-17|PEN|235.33|42.36|277.69
2096100663|CLIENT_00636|49400406|888284506|S9AA-0083304733|FACTURACION CICLICA|AMDOCS|20260701|2026-07-17|PEN|50.30|9.06|59.36
2087352121|CLIENT_00062|79390995|426119406|S9AA-0083330097|FACTURACION CICLICA|AMDOCS|20260701|2026-07-17|PEN|125.71|22.62|148.33
2006459799|CLIENT_00837|22696485|647974306|S9AA-0082692744|FACTURACION CICLICA|AMDOCS|20260701|2026-07-17|PEN|64.96|11.69|76.65
2074355904|CLIENT_00935|203984621|629993647|S9AA-0082544792|FACTURACION CICLICA|AMDOCS|20260701|2026-07-17|PEN|43.18|7.78|50.96
2042647818|CLIENT_00266|28064185|533741306|S9AA-0083201610|FACTURACION CICLICA|AMDOCS|20260701|2026-07-17|PEN|78.25|14.08|92.33
2081136919|CLIENT_00294|40815595|083465406|S9AA-0082523917|FACTURACION CICLICA|AMDOCS|20260701|2026-07-17|PEN|106.01|19.08|125.09
2006121666|CLIENT_00662|154096131|924404857|S9AA-0082945228|FACTURACION CICLICA|AMDOCS|20260701|2026-07-17|PEN|53.33|9.60|62.93
2010441811|CLIENT_00839|34610495|721314406|S9AA-0082871568|FACTURACION CICLICA|AMDOCS|20260701|2026-07-17|PEN|16.55|2.98|19.53
2054854170|CLIENT_00245|76218716|108582957|S9AA-0083081056|FACTURACION CICLICA|AMDOCS|20260701|2026-07-17|PEN|88.92|16.01|104.93
2092536593|CLIENT_00425|964976321|123152647|S9AA-0083096213|FACTURACION CICLICA|AMDOCS|20260701|2026-07-17|PEN|65.13|11.73|76.86
2094379951|CLIENT_00780|97904616|481737606|S9AA-0083177964|FACTURACION CICLICA|AMDOCS|20260701|2026-07-17|PEN|152.40|27.43|179.83
2060838699|CLIENT_00947|680441621|776879257|S9AA-0083241310|FACTURACION CICLICA|AMDOCS|20260701|2026-07-17|PEN|41.47|7.46|48.93
2045052005|CLIENT_00109|763571211|174787947|S9AA-0083079698|FACTURACION CICLICA|AMDOCS|20260701|2026-07-17|PEN|19.88|3.57|23.45
2052036896|CLIENT_00239|020106721|899192357|S9AA-0082681339|FACTURACION CICLICA|AMDOCS|20260701|2026-07-17|PEN|52.14|9.39|61.53
2007644775|CLIENT_00890|68757095|857480406|S9AA-0083236130|FACTURACION CICLICA|AMDOCS|20260701|2026-07-17|PEN|116.21|20.92|137.13
2074789528|CLIENT_00143|80572906|782449506|S9AA-0082575324|FACTURACION CICLICA|AMDOCS|20260701|2026-07-17|PEN|116.21|20.92|137.13
2047585517|CLIENT_00754|914343231|860755657|S9AA-0082656456|FACTURACION CICLICA|AMDOCS|20260701|2026-07-17|PEN|41.47|7.46|48.93
2060838699|CLIENT_00947|680441621|566939257|S9AA-0083241307|FACTURACION CICLICA|AMDOCS|20260701|2026-07-17|PEN|41.47|7.46|48.93
2002302343|CLIENT_00020|281114021|509180557|S9AA-0083207571|FACTURACION CICLICA|AMDOCS|20260701|2026-07-17|PEN|41.47|7.46|48.93
2067016446|CLIENT_00306|98911606|581948937|S9AA-0081948607|FACTURACION CICLICA|AMDOCS|20260601|2026-06-17|PEN|74.69|13.44|88.13
2034169414|CLIENT_00863|673895221|139561457|S9AA-0081837875|FACTURACION CICLICA|AMDOCS|20260601|2026-06-17|PEN|47.40|8.53|55.93
2024049593|CLIENT_00909|905887721|592586847|S9AA-0082587462|FACTURACION CICLICA|AMDOCS|20260701|2026-07-17|PEN|58.67|10.56|69.23
2006444143|CLIENT_00059|72611706|235286506|S9AA-0082744938|FACTURACION CICLICA|AMDOCS|20260701|2026-07-17|PEN|74.98|13.50|88.48
2073533879|CLIENT_00382|54366285|843962306|S9AA-0082887763|FACTURACION CICLICA|AMDOCS|20260701|2026-07-17|PEN|50.37|9.07|59.43
2062894104|CLIENT_00158|90856906|155881537|S9AA-0082585994|FACTURACION CICLICA|AMDOCS|20260701|2026-07-17|PEN|122.02|21.97|143.99
2059791752|CLIENT_00929|75231785|312517857|S9AA-0082996069|FACTURACION CICLICA|AMDOCS|20260701|2026-07-17|PEN|85.65|15.43|101.08
2042647818|CLIENT_00266|28064185|719519737|S9AA-0083205629|FACTURACION CICLICA|AMDOCS|20260701|2026-07-17|PEN|18.69|3.36|22.05
1042862786|CLIENT_00787|38392116|173211606|S9AA-0083211678|FACTURACION CICLICA|AMDOCS|20260701|2026-07-17|PEN|132.83|23.91|156.73
2071395567|CLIENT_00118|491813321|801947067|S9AA-0083310428|FACTURACION CICLICA|AMDOCS|20260701|2026-07-17|PEN|20.77|3.73|24.50
2006444294|CLIENT_00359|01797306|954073506|S9AA-0082591983|FACTURACION CICLICA|AMDOCS|20260701|2026-07-17|PEN|119.77|21.56|141.33
2016739447|CLIENT_00734|124841421|379179857|S9AA-0082227496|FACTURACION CICLICA|AMDOCS|20260601|2026-06-17|PEN|53.33|9.60|62.93
2044662368|CLIENT_00741|866009421|231292067|S8AA-0007981343|FACTURACION CICLICA|AMDOCS|20260627|2026-07-13|PEN|53.33|9.60|62.93
2067392845|CLIENT_00917|62874416|746371067|S9AA-0082741916|FACTURACION CICLICA|AMDOCS|20260701|2026-07-17|PEN|94.86|17.07|111.93
2058943768|CLIENT_00054|32045595|727955406|S9AA-0082702170|FACTURACION CICLICA|AMDOCS|20260701|2026-07-17|PEN|78.84|14.19|93.03
2065298423|CLIENT_00377|051299331|722343857|S9AA-0082936676|FACTURACION CICLICA|AMDOCS|20260701|2026-07-17|PEN|139.11|25.04|164.15
2042647818|CLIENT_00266|28064185|904743157|S9AA-0083207102|FACTURACION CICLICA|AMDOCS|20260701|2026-07-17|PEN|8.90|1.60|10.50
2046859398|CLIENT_00764|60084616|092066606|S9AA-0082558571|FACTURACION CICLICA|AMDOCS|20260701|2026-07-17|PEN|23.73|4.27|28.00
2014616173|CLIENT_00793|73449016|683211606|S9AA-0082821440|FACTURACION CICLICA|AMDOCS|20260701|2026-07-17|PEN|47.40|8.53|55.93
2068789568|CLIENT_00153|94825706|282781957|S9AA-0082928306|FACTURACION CICLICA|AMDOCS|20260701|2026-07-17|PEN|59.26|10.67|69.93
2042422772|CLIENT_00369|03027706|011187506|S9AA-0082761955|FACTURACION CICLICA|AMDOCS|20260701|2026-07-17|PEN|32.63|5.87|38.50
2047587904|CLIENT_00534|10429885|107109306|S9AA-0082531890|FACTURACION CICLICA|AMDOCS|20260701|2026-07-17|PEN|26.64|4.80|31.43
2058413599|CLIENT_00258|383387231|747803657|S9AA-0083216228|FACTURACION CICLICA|AMDOCS|20260701|2026-07-17|PEN|129.91|23.39|153.30
2048805652|CLIENT_00880|25312706|363707506|S9AA-0082948699|FACTURACION CICLICA|AMDOCS|20260701|2026-07-17|PEN|113.25|20.38|133.63
2079899808|CLIENT_00269|90834906|119300257|S9AA-0082587909|FACTURACION CICLICA|AMDOCS|20260701|2026-07-17|PEN|65.13|11.73|76.86
2013054362|CLIENT_00790|719773321|036536047|S9AA-0082637623|FACTURACION CICLICA|AMDOCS|20260701|2026-07-17|PEN|43.25|7.78|51.03
2019351028|CLIENT_00937|49543006|179417257|S9AA-0083308988|FACTURACION CICLICA|AMDOCS|20260701|2026-07-17|PEN|26.40|4.75|31.15
2006121666|CLIENT_00662|154096131|324404857|S9AA-0082945227|FACTURACION CICLICA|AMDOCS|20260701|2026-07-17|PEN|53.33|9.60|62.93
2028858667|CLIENT_00821|87664306|786348857|S9AA-0083174171|FACTURACION CICLICA|AMDOCS|20260701|2026-07-17|PEN|20.71|3.72|24.43
2013392711|CLIENT_00135|92388716|062288606|S9AA-0082753773|FACTURACION CICLICA|AMDOCS|20260701|2026-07-17|PEN|99.60|17.93|117.53
2028858667|CLIENT_00821|87664306|961448857|S9AA-0083174173|FACTURACION CICLICA|AMDOCS|20260701|2026-07-17|PEN|20.71|3.72|24.43
2029762900|CLIENT_00838|557615821|172961957|S9AA-0082979275|FACTURACION CICLICA|AMDOCS|20260701|2026-07-17|PEN|100.79|18.14|118.93
2037021331|CLIENT_00121|07865806|414368506|S9AA-0083101292|FACTURACION CICLICA|AMDOCS|20260701|2026-07-17|PEN|16.55|2.98|19.53
2062185872|CLIENT_00774|913599321|048944447|S9AA-0082654893|FACTURACION CICLICA|AMDOCS|20260701|2026-07-17|PEN|58.08|10.45|68.53
2050348529|CLIENT_00770|96289595|106306406|S9AA-0083092479|FACTURACION CICLICA|AMDOCS|20260701|2026-07-17|PEN|78.84|14.19|93.03
2005150947|CLIENT_00073|44741106|548521506|S9AA-0082880436|FACTURACION CICLICA|AMDOCS|20260701|2026-07-17|PEN|50.31|9.05|59.36
2064475821|CLIENT_00583|35777616|254046606|S9AA-0082957405|FACTURACION CICLICA|AMDOCS|20260701|2026-07-17|PEN|53.33|9.60|62.93
2031830857|CLIENT_00959|149869031|118805357|S9AA-0082859508|FACTURACION CICLICA|AMDOCS|20260701|2026-07-17|PEN|109.63|19.73|129.36
2006459799|CLIENT_00837|22696485|744180937|S9AA-0082696512|FACTURACION CICLICA|AMDOCS|20260701|2026-07-17|PEN|57.19|10.29|67.48
2009784756|CLIENT_00094|623989711|172639657|S9AA-0082741172|FACTURACION CICLICA|AMDOCS|20260701|2026-07-17|PEN|17.74|3.19|20.93
2078299854|CLIENT_00460|03160295|627412406|S9AA-0082761240|FACTURACION CICLICA|AMDOCS|20260701|2026-07-17|PEN|47.40|8.53|55.93
2037757541|CLIENT_00199|43669685|809287957|S9AA-0082340037|FACTURACION CICLICA|AMDOCS|20260601|2026-06-17|PEN|85.65|15.43|101.08
2010945037|CLIENT_00252|95990595|683715406|S9AA-0081668763|FACTURACION CICLICA|AMDOCS|20260601|2026-06-17|PEN|106.01|19.08|125.09
2074915485|CLIENT_00372|642452221|040421837|S9AA-0082449506|FACTURACION CICLICA|AMDOCS|20260601|2026-06-17|PEN|128.08|23.05|151.13
2050836779|CLIENT_00070|702465221|263158937|S9AA-0082569413|FACTURACION CICLICA|AMDOCS|20260701|2026-07-17|PEN|115.26|20.75|136.01
2071395567|CLIENT_00118|491813321|469627067|S9AA-0083310404|FACTURACION CICLICA|AMDOCS|20260701|2026-07-17|PEN|65.19|11.74|76.93
2045546222|CLIENT_00594|241572321|813833947|S9AA-0082867413|FACTURACION CICLICA|AMDOCS|20260701|2026-07-17|PEN|142.32|25.61|167.93
2088855451|CLIENT_00667|870732221|781360837|S9AA-0083171505|FACTURACION CICLICA|AMDOCS|20260701|2026-07-17|PEN|106.48|19.17|125.65
2067392845|CLIENT_00917|62874416|429371067|S9AA-0082741917|FACTURACION CICLICA|AMDOCS|20260701|2026-07-17|PEN|94.86|17.07|111.93
2082202511|CLIENT_00338|53080816|885009606|S9AA-0082804707|FACTURACION CICLICA|AMDOCS|20260701|2026-07-17|PEN|104.59|18.82|123.41
2013054362|CLIENT_00790|219773321|181410067|S9AA-0082614642|FACTURACION CICLICA|AMDOCS|20260701|2026-07-17|PEN|65.20|11.73|76.93
2029902035|CLIENT_00756|03530816|398698606|S9AA-0082762329|FACTURACION CICLICA|AMDOCS|20260701|2026-07-17|PEN|465.51|83.78|549.29
2029902035|CLIENT_00756|732560421|635050247|S9AA-0082824265|FACTURACION CICLICA|AMDOCS|20260701|2026-07-17|PEN|74.69|13.44|88.13
2016722807|CLIENT_00364|838714921|210821957|S9AA-0082835029|FACTURACION CICLICA|AMDOCS|20260701|2026-07-17|PEN|17.74|3.19|20.93
2057609277|CLIENT_00543|78285016|998140606|S9AA-0083245629|FACTURACION CICLICA|AMDOCS|20260701|2026-07-17|PEN|59.26|10.67|69.93
2071170607|CLIENT_00207|14288385|626783306|S9AA-0082853972|FACTURACION CICLICA|AMDOCS|20260701|2026-07-17|PEN|28.35|5.11|33.46
2021259203|CLIENT_00271|90443085|371530306|S9AA-0082582142|FACTURACION CICLICA|AMDOCS|20260701|2026-07-17|PEN|59.02|10.63|69.65
2074327800|CLIENT_00822|78255606|189922057|S9AA-0083249406|FACTURACION CICLICA|AMDOCS|20260701|2026-07-17|PEN|103.52|18.63|122.15
2020514932|CLIENT_00614|33041185|632327757|S9AA-0082792265|FACTURACION CICLICA|AMDOCS|20260701|2026-07-17|PEN|88.56|15.95|104.51
2075533541|CLIENT_00465|900914431|762299857|S9AA-0082588997|FACTURACION CICLICA|AMDOCS|20260701|2026-07-17|PEN|16.08|2.89|18.97
2023761450|CLIENT_00148|472623421|166045247|S9AA-0083138140|FACTURACION CICLICA|AMDOCS|20260701|2026-07-17|PEN|41.47|7.46|48.93
2028858667|CLIENT_00821|87664306|371448857|S9AA-0083174174|FACTURACION CICLICA|AMDOCS|20260701|2026-07-17|PEN|20.71|3.72|24.43
2040502929|CLIENT_00235|71948185|716381306|S9AA-0082633245|FACTURACION CICLICA|AMDOCS|20260701|2026-07-17|PEN|95.98|17.28|113.26
2042734334|CLIENT_00488|414931021|517753337|S9AA-0082628156|FACTURACION CICLICA|AMDOCS|20260701|2026-07-17|PEN|57.43|10.33|67.76
2013641602|CLIENT_00728|324491021|351964337|S9AA-0082704558|FACTURACION CICLICA|AMDOCS|20260701|2026-07-17|PEN|116.14|20.92|137.06
2021032699|CLIENT_00278|460158211|980490627|S9AA-0083052067|FACTURACION CICLICA|AMDOCS|20260701|2026-07-17|PEN|44.20|7.95|52.15
2073533879|CLIENT_00382|50266285|841297637|S9AA-0082552325|FACTURACION CICLICA|AMDOCS|20260701|2026-07-17|PEN|117.64|21.18|138.81
2028931903|CLIENT_00019|04635706|036467506|S9AA-0082846738|FACTURACION CICLICA|AMDOCS|20260701|2026-07-17|PEN|112.65|20.28|132.93
2035102698|CLIENT_00950|319965321|886860147|S9AA-0082620584|FACTURACION CICLICA|AMDOCS|20260701|2026-07-17|PEN|23.14|4.16|27.30
2063755498|CLIENT_00835|84725595|249565406|S9AA-0082914105|FACTURACION CICLICA|AMDOCS|20260701|2026-07-17|PEN|125.59|22.60|148.19
2075773401|CLIENT_00638|60435406|584654506|S9AA-0082558170|FACTURACION CICLICA|AMDOCS|20260701|2026-07-17|PEN|130.15|23.43|153.58
2074628342|CLIENT_00213|31059006|519090506|S9AA-0082617503|FACTURACION CICLICA|AMDOCS|20260701|2026-07-17|PEN|89.94|16.18|106.12
2091907227|CLIENT_00779|37698395|462643757|S9AA-0083131607|FACTURACION CICLICA|AMDOCS|20260701|2026-07-17|PEN|109.56|19.73|129.29
2045121201|CLIENT_00767|992659121|994882957|S9AA-0083352496|FACTURACION CICLICA|AMDOCS|20260701|2026-07-17|PEN|65.20|11.73|76.93
2054854170|CLIENT_00245|76218716|108582957|S9AA-0081761036|FACTURACION CICLICA|AMDOCS|20260601|2026-06-17|PEN|88.92|16.01|104.93
2048171681|CLIENT_00795|47443006|541430506|S9AA-0083134931|FACTURACION CICLICA|AMDOCS|20260701|2026-07-17|PEN|280.00|50.40|330.40
2087028740|CLIENT_00487|80293606|450746506|S9AA-0082575211|FACTURACION CICLICA|AMDOCS|20260701|2026-07-17|PEN|26.64|4.80|31.43
2060838699|CLIENT_00947|680441621|260018547|S9AA-0083240301|FACTURACION CICLICA|AMDOCS|20260701|2026-07-17|PEN|41.47|7.46|48.93
2077915427|CLIENT_00955|76599116|854412606|S9AA-0083075975|FACTURACION CICLICA|AMDOCS|20260701|2026-07-17|PEN|37.31|6.72|44.03
2028858667|CLIENT_00821|87664306|100248857|S9AA-0083174166|FACTURACION CICLICA|AMDOCS|20260701|2026-07-17|PEN|20.71|3.72|24.43
2084384500|CLIENT_00932|18794285|022252306|S9AA-0083193235|FACTURACION CICLICA|AMDOCS|20260701|2026-07-17|PEN|60.45|10.88|71.33
2026853033|CLIENT_00589|493603511|560891157|S9AA-0083308762|FACTURACION CICLICA|AMDOCS|20260701|2026-07-17|PEN|41.47|7.46|48.93
2043659343|CLIENT_00128|830250421|724910247|S9AA-0082832804|FACTURACION CICLICA|AMDOCS|20260701|2026-07-17|PEN|52.14|9.39|61.53
2020587286|CLIENT_00074|65329185|175191306|S9AA-0082981069|FACTURACION CICLICA|AMDOCS|20260701|2026-07-17|PEN|68.10|12.26|80.36
2067016446|CLIENT_00306|98911606|581948937|S9AA-0083265300|FACTURACION CICLICA|AMDOCS|20260701|2026-07-17|PEN|74.69|13.44|88.13
2010945037|CLIENT_00252|95990595|683715406|S9AA-0083007456|FACTURACION CICLICA|AMDOCS|20260701|2026-07-17|PEN|106.01|19.08|125.09
2037757541|CLIENT_00199|43669685|809287957|S9AA-0082801131|FACTURACION CICLICA|AMDOCS|20260701|2026-07-17|PEN|82.99|14.94|97.93
2044791755|CLIENT_00554|16502516|980105606|S9AA-0083025105|FACTURACION CICLICA|AMDOCS|20260701|2026-07-17|PEN|38.67|6.97|45.64
2045546222|CLIENT_00594|241572321|215104047|S9AA-0082866423|FACTURACION CICLICA|AMDOCS|20260701|2026-07-17|PEN|80.62|14.51|95.13
2077511265|CLIENT_00056|56710416|853352847|S9AA-0083062598|FACTURACION CICLICA|AMDOCS|20260701|2026-07-17|PEN|44.20|7.95|52.15
2028712026|CLIENT_00204|80750575|306216173|S9AA-0082573475|FACTURACION CICLICA|AMDOCS|20260701|2026-07-17|PEN|24.63|4.42|29.05
2085992497|CLIENT_00065|85425595|356731747|S9AA-0083002962|FACTURACION CICLICA|AMDOCS|20260701|2026-07-17|PEN|21.59|3.89|25.48
2070262664|CLIENT_00155|26655495|204464406|S9AA-0081711849|FACTURACION CICLICA|AMDOCS|20260601|2026-06-17|PEN|105.53|19.00|124.53
2050562330|CLIENT_00282|398260721|394614747|S8AA-0007862059|FACTURACION CICLICA|AMDOCS|20260627|2026-07-13|PEN|52.14|9.39|61.53
2060838699|CLIENT_00947|680441621|581708547|S9AA-0083240298|FACTURACION CICLICA|AMDOCS|20260701|2026-07-17|PEN|41.47|7.46|48.93
2028858667|CLIENT_00821|87664306|110248857|S9AA-0083174168|FACTURACION CICLICA|AMDOCS|20260701|2026-07-17|PEN|20.71|3.72|24.43
2015048988|CLIENT_00520|64524695|363979937|S9AA-0082900414|FACTURACION CICLICA|AMDOCS|20260701|2026-07-17|PEN|118.52|21.34|139.86
2040445117|CLIENT_00255|683942421|682517257|S9AA-0083241263|FACTURACION CICLICA|AMDOCS|20260701|2026-07-17|PEN|53.33|9.60|62.93
2011171530|CLIENT_00052|20246385|096363306|S9AA-0082540135|FACTURACION CICLICA|AMDOCS|20260701|2026-07-17|PEN|42.42|7.63|50.05
2088342501|CLIENT_00581|171923611|616390727|S9AA-0083111377|FACTURACION CICLICA|AMDOCS|20260701|2026-07-17|PEN|46.21|8.32|54.53
2016134169|CLIENT_00655|63347185|928267157|S9AA-0082817014|FACTURACION CICLICA|AMDOCS|20260701|2026-07-17|PEN|115.56|20.80|136.36
2078386304|CLIENT_00703|645411321|943050047|S9AA-0082900433|FACTURACION CICLICA|AMDOCS|20260701|2026-07-17|PEN|151.03|27.19|178.22
2086602695|CLIENT_00868|99425785|516467306|S9AA-0083346263|FACTURACION CICLICA|AMDOCS|20260701|2026-07-17|PEN|62.81|11.32|74.13
2087856323|CLIENT_00453|305469511|961094627|S9AA-0082517567|FACTURACION CICLICA|AMDOCS|20260701|2026-07-17|PEN|20.35|3.66|24.01
2023093512|CLIENT_00451|671355911|675360267|S9AA-0083166797|FACTURACION CICLICA|AMDOCS|20260701|2026-07-17|PEN|59.26|10.67|69.93
2084384500|CLIENT_00932|18794285|644363947|S9AA-0083198308|FACTURACION CICLICA|AMDOCS|20260701|2026-07-17|PEN|29.60|5.33|34.93
2037889248|CLIENT_00761|34903895|113738406|S9AA-0082871883|FACTURACION CICLICA|AMDOCS|20260701|2026-07-17|PEN|42.35|7.63|49.98
2014718111|CLIENT_00016|52975885|733768306|S9AA-0082727019|FACTURACION CICLICA|AMDOCS|20260701|2026-07-17|PEN|74.69|13.44|88.13
2014332657|CLIENT_00751|723647311|693599227|S9AA-0082746353|FACTURACION CICLICA|AMDOCS|20260701|2026-07-17|PEN|88.92|16.01|104.93
2057929173|CLIENT_00899|232251311|919916247|S9AA-0082781905|FACTURACION CICLICA|AMDOCS|20260701|2026-07-17|PEN|34.65|6.23|40.88
1002436750|CLIENT_00326|89053195|243341406|S9AA-0083338057|FACTURACION CICLICA|AMDOCS|20260701|2026-07-17|PEN|96.34|17.34|113.68
2040445117|CLIENT_00255|683942421|292608067|S9AA-0083242660|FACTURACION CICLICA|AMDOCS|20260701|2026-07-17|PEN|56.06|10.09|66.15
2003193070|CLIENT_00024|548985331|842756757|S9AA-0082893917|FACTURACION CICLICA|AMDOCS|20260701|2026-07-17|PEN|53.33|9.60|62.93
2025650857|CLIENT_00466|241592011|880771817|S9AA-0082864650|FACTURACION CICLICA|AMDOCS|20260701|2026-07-17|PEN|29.90|5.38|35.28
2046973081|CLIENT_00855|10261906|298836047|S9AA-0082535663|FACTURACION CICLICA|AMDOCS|20260701|2026-07-17|PEN|67.15|12.09|79.24
2016739447|CLIENT_00734|124841421|379179857|S9AA-0082690693|FACTURACION CICLICA|AMDOCS|20260701|2026-07-17|PEN|53.33|9.60|62.93
2081042486|CLIENT_00385|25590106|915011506|S9AA-0082948512|FACTURACION CICLICA|AMDOCS|20260701|2026-07-17|PEN|173.34|31.20|204.54
2096907655|CLIENT_00657|349138801|723414657|S9AA-0082876863|FACTURACION CICLICA|AMDOCS|20260701|2026-07-17|PEN|23.67|4.26|27.93
2074355904|CLIENT_00935|203984621|006104647|S9AA-0082544793|FACTURACION CICLICA|AMDOCS|20260701|2026-07-17|PEN|83.41|15.02|98.42
2071170607|CLIENT_00207|14288385|367995647|S9AA-0082858589|FACTURACION CICLICA|AMDOCS|20260701|2026-07-17|PEN|120.96|21.77|142.73
2076630547|CLIENT_00041|212224621|594972647|S9AA-0082612484|FACTURACION CICLICA|AMDOCS|20260701|2026-07-17|PEN|58.08|10.45|68.53
2071377105|CLIENT_00477|41412616|745806606|S9AA-0082626397|FACTURACION CICLICA|AMDOCS|20260701|2026-07-17|PEN|201.64|36.30|237.93
2025216315|CLIENT_00075|10668016|141580606|S9AA-0082532948|FACTURACION CICLICA|AMDOCS|20260701|2026-07-17|PEN|19.45|3.51|22.96
2067346691|CLIENT_00086|199057231|028199067|S9AA-0083285133|FACTURACION CICLICA|AMDOCS|20260701|2026-07-17|PEN|65.20|11.73|76.93
2036631349|CLIENT_00307|289009821|229924057|S9AA-0083206994|FACTURACION CICLICA|AMDOCS|20260701|2026-07-17|PEN|64.83|11.68|76.51
2006121666|CLIENT_00662|154096131|102596067|S9AA-0082945663|FACTURACION CICLICA|AMDOCS|20260701|2026-07-17|PEN|56.06|10.09|66.15
2072727583|CLIENT_00076|55121185|341211306|S9AA-0082972436|FACTURACION CICLICA|AMDOCS|20260701|2026-07-17|PEN|50.19|9.03|59.22
2013246233|CLIENT_00177|35434385|657250167|S9AA-0082962712|FACTURACION CICLICA|AMDOCS|20260701|2026-07-17|PEN|55.99|10.09|66.08
2040655923|CLIENT_00296|12742185|945064957|S9AA-0082690796|FACTURACION CICLICA|AMDOCS|20260701|2026-07-17|PEN|53.33|9.60|62.93
2042422772|CLIENT_00369|16957706|431187506|S9AA-0083024835|FACTURACION CICLICA|AMDOCS|20260701|2026-07-17|PEN|41.52|7.48|49.00
2093963249|CLIENT_00250|056170111|239649157|S9AA-0082935735|FACTURACION CICLICA|AMDOCS|20260701|2026-07-17|PEN|41.47|7.46|48.93
2028712026|CLIENT_00204|68012516|272026606|S9AA-0083237256|FACTURACION CICLICA|AMDOCS|20260701|2026-07-17|PEN|38.50|6.93|45.43
2084384500|CLIENT_00932|548262321|965273047|S9AA-0082891837|FACTURACION CICLICA|AMDOCS|20260701|2026-07-17|PEN|110.81|19.95|130.76
2082130032|CLIENT_00923|646582711|428008847|S9AA-0082901391|FACTURACION CICLICA|AMDOCS|20260701|2026-07-17|PEN|106.72|19.21|125.93
2070061501|CLIENT_00344|472278021|583040067|S9AA-0083140650|FACTURACION CICLICA|AMDOCS|20260701|2026-07-17|PEN|53.33|9.60|62.93
2028858667|CLIENT_00821|87664306|300248857|S9AA-0083174167|FACTURACION CICLICA|AMDOCS|20260701|2026-07-17|PEN|20.71|3.72|24.43
2043300039|CLIENT_00704|009206321|745528847|S9AA-0082511072|FACTURACION CICLICA|AMDOCS|20260701|2026-07-17|PEN|17.79|3.21|21.00
2009784756|CLIENT_00094|623989711|104536927|S9AA-0082738128|FACTURACION CICLICA|AMDOCS|20260701|2026-07-17|PEN|13.59|2.44|16.03
2000875718|CLIENT_00769|42605416|079421067|S9AA-0082716416|FACTURACION CICLICA|AMDOCS|20260701|2026-07-17|PEN|88.92|16.01|104.93
2050836779|CLIENT_00070|702465221|633428837|S9AA-0082569290|FACTURACION CICLICA|AMDOCS|20260701|2026-07-17|PEN|73.79|13.29|87.08
2010060777|CLIENT_00473|65329895|614898406|S9AA-0082982176|FACTURACION CICLICA|AMDOCS|20260701|2026-07-17|PEN|174.28|31.38|205.66
1003385935|CLIENT_00953|57782806|772628506|S9AA-0083143721|FACTURACION CICLICA|AMDOCS|20260701|2026-07-17|PEN|179.10|32.24|211.33
2074915485|CLIENT_00372|642452221|040421837|S9AA-0082900207|FACTURACION CICLICA|AMDOCS|20260701|2026-07-17|PEN|128.08|23.05|151.13
2038929902|CLIENT_00682|03595906|158359506|S9AA-0082762031|FACTURACION CICLICA|AMDOCS|20260701|2026-07-17|PEN|52.44|9.44|61.88
2063960356|CLIENT_00283|81629595|405689757|S9AA-0082648061|FACTURACION CICLICA|AMDOCS|20260701|2026-07-17|PEN|100.79|18.14|118.93
2030202496|CLIENT_00885|33520195|186240957|S9AA-0082792552|FACTURACION CICLICA|AMDOCS|20260701|2026-07-17|PEN|61.99|11.16|73.15
2016739447|CLIENT_00734|124841421|802679857|S9AA-0082690694|FACTURACION CICLICA|AMDOCS|20260701|2026-07-17|PEN|53.33|9.60|62.93
2093305474|CLIENT_00330|82736316|703553606|S9AA-0082719687|FACTURACION CICLICA|AMDOCS|20260701|2026-07-17|PEN|249.15|44.85|294.00
2027491743|CLIENT_00524|79291106|840691506|S9AA-0083330198|FACTURACION CICLICA|AMDOCS|20260701|2026-07-17|PEN|93.08|16.75|109.83
2013054362|CLIENT_00790|219773321|126536047|S9AA-0082611929|FACTURACION CICLICA|AMDOCS|20260701|2026-07-17|PEN|45.98|8.27|54.25
2038022621|CLIENT_00368|024977521|645863647|S9AA-0082680424|FACTURACION CICLICA|AMDOCS|20260701|2026-07-17|PEN|103.69|18.67|122.36
2072282953|CLIENT_00604|073927521|613780547|S9AA-0083104534|FACTURACION CICLICA|AMDOCS|20260701|2026-07-17|PEN|64.01|11.52|75.53
2023773061|CLIENT_00328|911133111|358052637|S9AA-0082654010|FACTURACION CICLICA|AMDOCS|20260701|2026-07-17|PEN|27.23|4.90|32.13
2046058498|CLIENT_00633|29517795|905297406|S9AA-0083287622|FACTURACION CICLICA|AMDOCS|20260701|2026-07-17|PEN|86.97|15.65|102.62
2028858667|CLIENT_00821|87664306|879148857|S9AA-0081855830|FACTURACION CICLICA|AMDOCS|20260601|2026-06-17|PEN|20.71|3.72|24.43
2025439397|CLIENT_00590|671923611|716981067|S9AA-0081838992|FACTURACION CICLICA|AMDOCS|20260601|2026-06-17|PEN|100.79|18.14|118.93
2087028740|CLIENT_00487|49604606|830746506|S9AA-0083304774|FACTURACION CICLICA|AMDOCS|20260701|2026-07-17|PEN|23.73|4.27|28.00
1031024653|CLIENT_00975|77371095|521620406|S9AA-0083159755|FACTURACION CICLICA|AMDOCS|20260701|2026-07-17|PEN|93.08|16.75|109.83
2033511601|CLIENT_00117|59154506|981155506|S9AA-0083313272|FACTURACION CICLICA|AMDOCS|20260701|2026-07-17|PEN|74.10|13.34|87.43
2026743546|CLIENT_00858|88997885|610098306|S9AA-0081936104|FACTURACION CICLICA|AMDOCS|20260601|2026-06-17|PEN|97.41|17.54|114.94
2027256336|CLIENT_00122|39071016|279689506|S9AA-0083296491|FACTURACION CICLICA|AMDOCS|20260701|2026-07-17|PEN|62.29|11.21|73.50
2044848650|CLIENT_00187|55310385|834003306|S9AA-0082972615|FACTURACION CICLICA|AMDOCS|20260701|2026-07-17|PEN|93.08|16.75|109.83
2001047693|CLIENT_00315|81792506|232316506|S9AA-0082643031|FACTURACION CICLICA|AMDOCS|20260701|2026-07-17|PEN|47.40|8.53|55.93
2013870601|CLIENT_00098|572674121|926932637|S9AA-0083145952|FACTURACION CICLICA|AMDOCS|20260701|2026-07-17|PEN|41.47|7.46|48.93
2060838699|CLIENT_00947|680441621|160708547|S9AA-0083240297|FACTURACION CICLICA|AMDOCS|20260701|2026-07-17|PEN|41.47|7.46|48.93
2072719850|CLIENT_00681|197529901|740066937|S9AA-0083282165|FACTURACION CICLICA|AMDOCS|20260701|2026-07-17|PEN|77.35|13.93|91.28
2042647818|CLIENT_00266|28064185|683340737|S9AA-0081887736|FACTURACION CICLICA|AMDOCS|20260601|2026-06-17|PEN|21.35|3.85|25.20
2044848650|CLIENT_00187|55310385|834003306|S9AA-0081641804|FACTURACION CICLICA|AMDOCS|20260601|2026-06-17|PEN|93.14|16.76|109.90
2083750866|CLIENT_00903|556834021|971289337|S9AA-0082976064|FACTURACION CICLICA|AMDOCS|20260701|2026-07-17|PEN|29.01|5.22|34.23
2045771478|CLIENT_00919|53129095|970373857|S9AA-0082809308|FACTURACION CICLICA|AMDOCS|20260701|2026-07-17|PEN|136.38|24.55|160.93
2001889079|CLIENT_00441|35425395|003437067|S9AA-0082962582|FACTURACION CICLICA|AMDOCS|20260701|2026-07-17|PEN|41.47|7.46|48.93
2064819637|CLIENT_00608|97637616|815771557|S9AA-0083182070|FACTURACION CICLICA|AMDOCS|20260701|2026-07-17|PEN|59.26|10.67|69.93
2080300027|CLIENT_00295|23092285|887922306|S9AA-0082777480|FACTURACION CICLICA|AMDOCS|20260701|2026-07-17|PEN|70.18|12.63|82.81
2082647868|CLIENT_00292|88402006|478720506|S9AA-0083253659|FACTURACION CICLICA|AMDOCS|20260701|2026-07-17|PEN|72.02|12.96|84.98
2098309864|CLIENT_00512|84251595|028347067|S9AA-0082919986|FACTURACION CICLICA|AMDOCS|20260701|2026-07-17|PEN|53.33|9.60|62.93
2042422772|CLIENT_00369|64027706|811187506|S9AA-0082897655|FACTURACION CICLICA|AMDOCS|20260701|2026-07-17|PEN|32.63|5.87|38.50
2002092029|CLIENT_00289|57537295|841052747|S9AA-0083147157|FACTURACION CICLICA|AMDOCS|20260701|2026-07-17|PEN|88.92|16.01|104.93
2056365469|CLIENT_00804|730587531|356540167|S9AA-0082827020|FACTURACION CICLICA|AMDOCS|20260701|2026-07-17|PEN|310.49|55.89|366.38
2016722807|CLIENT_00364|838714921|300241957|S9AA-0082835031|FACTURACION CICLICA|AMDOCS|20260701|2026-07-17|PEN|20.77|3.73|24.50
2095488337|CLIENT_00876|299076331|524818757|S9AA-0083292875|FACTURACION CICLICA|AMDOCS|20260701|2026-07-17|PEN|100.79|18.14|118.93
2087410427|CLIENT_00749|596294111|365981957|S9AA-0083318547|FACTURACION CICLICA|AMDOCS|20260701|2026-07-17|PEN|147.95|26.63|174.58
2029902035|CLIENT_00756|732560421|958403347|S9AA-0082824362|FACTURACION CICLICA|AMDOCS|20260701|2026-07-17|PEN|142.19|25.60|167.79
2011722087|CLIENT_00088|46817685|210386306|S9AA-0083049335|FACTURACION CICLICA|AMDOCS|20260701|2026-07-17|PEN|71.13|12.80|83.93
2048797474|CLIENT_00043|13548316|092539657|S9AA-0082775106|FACTURACION CICLICA|AMDOCS|20260701|2026-07-17|PEN|44.20|7.95|52.15
2024049593|CLIENT_00909|905887721|458829847|S9AA-0082587507|FACTURACION CICLICA|AMDOCS|20260701|2026-07-17|PEN|84.30|15.17|99.47
2093804116|CLIENT_00577|76921016|561996457|S9AA-0083080366|FACTURACION CICLICA|AMDOCS|20260701|2026-07-17|PEN|141.90|25.54|167.44
2038298370|CLIENT_00249|100636111|727830147|S9AA-0082535710|FACTURACION CICLICA|AMDOCS|20260701|2026-07-17|PEN|47.40|8.53|55.93
2032184225|CLIENT_00719|77912895|333638406|S9AA-0083160358|FACTURACION CICLICA|AMDOCS|20260701|2026-07-17|PEN|99.60|17.93|117.53
2059951611|CLIENT_00829|23889085|105351757|S9AA-0082783749|FACTURACION CICLICA|AMDOCS|20260701|2026-07-17|PEN|100.79|18.14|118.93
2091840603|CLIENT_00602|933282531|533692067|S9AA-0082843798|FACTURACION CICLICA|AMDOCS|20260701|2026-07-17|PEN|59.33|10.67|70.00
2042176157|CLIENT_00570|26577195|667581406|S9AA-0083032662|FACTURACION CICLICA|AMDOCS|20260701|2026-07-17|PEN|126.71|22.81|149.52
2007886461|CLIENT_00778|47558285|767682306|S9AA-0081814775|FACTURACION CICLICA|AMDOCS|20260601|2026-06-17|PEN|98.05|17.66|115.71
2046269782|CLIENT_00179|70424285|316814657|S9AA-0082571497|FACTURACION CICLICA|AMDOCS|20260701|2026-07-17|PEN|37.31|6.72|44.03
2016722807|CLIENT_00364|64273106|509742957|S9AA-0082902975|FACTURACION CICLICA|AMDOCS|20260701|2026-07-17|PEN|11.80|2.13|13.93
2089896350|CLIENT_00217|38546016|135880167|S9AA-0083217285|FACTURACION CICLICA|AMDOCS|20260701|2026-07-17|PEN|80.02|14.41|94.43
2087942739|CLIENT_00546|40894306|650890247|S9AA-0082527322|FACTURACION CICLICA|AMDOCS|20260701|2026-07-17|PEN|19.28|3.47|22.75
2045546222|CLIENT_00594|00573795|897514067|S9AA-0082512961|FACTURACION CICLICA|AMDOCS|20260701|2026-07-17|PEN|88.92|16.01|104.93
2064019811|CLIENT_00806|02261985|628642937|S9AA-0082679673|FACTURACION CICLICA|AMDOCS|20260701|2026-07-17|PEN|74.69|13.44|88.13
2026562260|CLIENT_00100|97851885|747228306|S9AA-0083176643|FACTURACION CICLICA|AMDOCS|20260701|2026-07-17|PEN|63.36|11.40|74.76
2041085342|CLIENT_00197|14445206|027916737|S9AA-0082857624|FACTURACION CICLICA|AMDOCS|20260701|2026-07-17|PEN|35.53|6.40|41.93
2078692933|CLIENT_00993|72356185|353361306|S9AA-0082743493|FACTURACION CICLICA|AMDOCS|20260701|2026-07-17|PEN|56.29|10.14|66.43
2016855055|CLIENT_00971|962386021|390794437|S9AA-0083094979|FACTURACION CICLICA|AMDOCS|20260701|2026-07-17|PEN|175.95|31.67|207.62
2051682890|CLIENT_00374|23831906|584819506|S9AA-0082778953|FACTURACION CICLICA|AMDOCS|20260701|2026-07-17|PEN|99.84|17.97|117.81
2067006652|CLIENT_00878|76781206|896022506|S9AA-0083075650|FACTURACION CICLICA|AMDOCS|20260701|2026-07-17|PEN|39.69|7.14|46.83
2078692933|CLIENT_00993|18160985|752519306|S9AA-0083193624|FACTURACION CICLICA|AMDOCS|20260701|2026-07-17|PEN|47.40|8.53|55.93
2089657456|CLIENT_00807|967295331|786476757|S9AA-0083097793|FACTURACION CICLICA|AMDOCS|20260701|2026-07-17|PEN|115.38|20.77|136.15
2080608107|CLIENT_00240|998984531|041016067|S9AA-0083352800|FACTURACION CICLICA|AMDOCS|20260701|2026-07-17|PEN|112.65|20.28|132.93
2059135824|CLIENT_00447|822443901|092527847|S9AA-0082723109|FACTURACION CICLICA|AMDOCS|20260701|2026-07-17|PEN|39.69|7.14|46.83
2024177972|CLIENT_00132|00147116|380284537|S9AA-0082509635|FACTURACION CICLICA|AMDOCS|20260701|2026-07-17|PEN|65.20|11.73|76.93
2077915427|CLIENT_00955|61239116|664412606|S9AA-0082179196|FACTURACION CICLICA|AMDOCS|20260601|2026-06-17|PEN|47.40|8.53|55.93
2063960356|CLIENT_00283|53376585|467155237|S9AA-0082806200|FACTURACION CICLICA|AMDOCS|20260701|2026-07-17|PEN|107.32|19.31|126.63
2013024222|CLIENT_00365|640401021|123014357|S9AA-0082902014|FACTURACION CICLICA|AMDOCS|20260701|2026-07-17|PEN|121.49|21.87|143.36
2041506167|CLIENT_00025|53091575|056319627|S9AA-0082805897|FACTURACION CICLICA|AMDOCS|20260701|2026-07-17|PEN|46.21|8.32|54.53
2082824645|CLIENT_00595|36468785|975397306|S9AA-0083040811|FACTURACION CICLICA|AMDOCS|20260701|2026-07-17|PEN|150.08|27.02|177.10
2078414316|CLIENT_00986|38443785|347547306|S9AA-0083210563|FACTURACION CICLICA|AMDOCS|20260701|2026-07-17|PEN|86.55|15.58|102.13
2000103903|CLIENT_00566|07502795|535237406|S9AA-0083100917|FACTURACION CICLICA|AMDOCS|20260701|2026-07-17|PEN|152.40|27.43|179.83
2050652193|CLIENT_00104|99098006|905422857|S9AA-0083352283|FACTURACION CICLICA|AMDOCS|20260701|2026-07-17|PEN|118.59|21.34|139.93
2056538582|CLIENT_00611|66318716|221040557|S9AA-0083071880|FACTURACION CICLICA|AMDOCS|20260701|2026-07-17|PEN|59.26|10.67|69.93
2051562677|CLIENT_00360|87495595|310285406|S9AA-0081850188|FACTURACION CICLICA|AMDOCS|20260601|2026-06-17|PEN|71.13|12.80|83.93
2001889079|CLIENT_00441|35425395|003437067|S9AA-0082504529|FACTURACION CICLICA|AMDOCS|20260601|2026-06-17|PEN|44.13|7.95|52.08
2042422772|CLIENT_00369|77627706|621187506|S9AA-0083160649|FACTURACION CICLICA|AMDOCS|20260701|2026-07-17|PEN|16.44|2.95|19.39
2052019028|CLIENT_00034|09551795|634586147|S9AA-0083273726|FACTURACION CICLICA|AMDOCS|20260701|2026-07-17|PEN|142.32|25.61|167.93
2016722807|CLIENT_00364|838714921|965311957|S9AA-0082835027|FACTURACION CICLICA|AMDOCS|20260701|2026-07-17|PEN|17.74|3.19|20.93
2010132504|CLIENT_00485|97971595|652425406|S9AA-0083177163|FACTURACION CICLICA|AMDOCS|20260701|2026-07-17|PEN|101.80|18.32|120.12
2080284452|CLIENT_00739|92131095|632865537|S9AA-0082755704|FACTURACION CICLICA|AMDOCS|20260701|2026-07-17|PEN|53.45|9.63|63.07
2028858667|CLIENT_00821|87664306|966975067|S9AA-0083174589|FACTURACION CICLICA|AMDOCS|20260701|2026-07-17|PEN|23.44|4.21|27.65
2063869275|CLIENT_00067|78225906|547183737|S9AA-0083247921|FACTURACION CICLICA|AMDOCS|20260701|2026-07-17|PEN|50.13|9.02|59.15
2028712026|CLIENT_00204|01421516|462026606|S9AA-0082592372|FACTURACION CICLICA|AMDOCS|20260701|2026-07-17|PEN|35.29|6.36|41.65
2031946637|CLIENT_00983|430841331|089539657|S9AA-0082339360|FACTURACION CICLICA|AMDOCS|20260601|2026-06-17|PEN|17.74|3.19|20.93
2057609277|CLIENT_00543|78285016|998140606|S9AA-0081928615|FACTURACION CICLICA|AMDOCS|20260601|2026-06-17|PEN|59.26|10.67|69.93
2046859398|CLIENT_00764|89974616|603066606|S9AA-0082032478|FACTURACION CICLICA|AMDOCS|20260601|2026-06-17|PEN|53.10|9.56|62.65
2074327800|CLIENT_00822|78255606|255622057|S9AA-0083249405|FACTURACION CICLICA|AMDOCS|20260701|2026-07-17|PEN|91.60|16.49|108.08
2079684847|CLIENT_00889|069212021|162411167|S9AA-0083022149|FACTURACION CICLICA|AMDOCS|20260701|2026-07-17|PEN|20.71|3.72|24.43
2082824645|CLIENT_00595|79285206|022542506|S9AA-0083330213|FACTURACION CICLICA|AMDOCS|20260701|2026-07-17|PEN|155.84|28.05|183.89
2074129386|CLIENT_00882|33559616|175976606|S9AA-0082787717|FACTURACION CICLICA|AMDOCS|20260701|2026-07-17|PEN|126.77|22.82|149.59
2032184225|CLIENT_00719|96912895|713638406|S9AA-0083092559|FACTURACION CICLICA|AMDOCS|20260701|2026-07-17|PEN|218.00|39.25|257.25
2023773061|CLIENT_00328|078823111|368150657|S9AA-0083106013|FACTURACION CICLICA|AMDOCS|20260701|2026-07-17|PEN|29.53|5.33|34.86
2009855734|CLIENT_00261|994451331|527059657|S9AA-0082045672|FACTURACION CICLICA|AMDOCS|20260601|2026-06-17|PEN|109.45|19.71|129.15
2098309864|CLIENT_00512|18024795|080447406|S9AA-0083194236|FACTURACION CICLICA|AMDOCS|20260701|2026-07-17|PEN|19.40|3.49|22.89
2030936191|CLIENT_00715|149263621|477134947|S9AA-0082858945|FACTURACION CICLICA|AMDOCS|20260701|2026-07-17|PEN|65.13|11.73|76.86
2098309864|CLIENT_00512|84251595|754227067|S9AA-0082919980|FACTURACION CICLICA|AMDOCS|20260701|2026-07-17|PEN|121.49|21.87|143.36
2010945037|CLIENT_00252|95990595|158692337|S9AA-0083010024|FACTURACION CICLICA|AMDOCS|20260701|2026-07-17|PEN|90.71|16.32|107.03
2061270007|CLIENT_00298|22329095|011101406|S9AA-0082693153|FACTURACION CICLICA|AMDOCS|20260701|2026-07-17|PEN|113.25|20.38|133.63
2035867187|CLIENT_00674|44868985|694799306|S9AA-0082879794|FACTURACION CICLICA|AMDOCS|20260701|2026-07-17|PEN|129.85|23.38|153.23
2045106571|CLIENT_00547|97428616|132533657|S9AA-0083182255|FACTURACION CICLICA|AMDOCS|20260701|2026-07-17|PEN|97.76|17.60|115.36
2021159453|CLIENT_00381|23594506|103755506|S9AA-0082778814|FACTURACION CICLICA|AMDOCS|20260701|2026-07-17|PEN|350.06|63.01|413.07
2080448535|CLIENT_00965|784214511|997616837|S9AA-0083248035|FACTURACION CICLICA|AMDOCS|20260701|2026-07-17|PEN|54.87|9.88|64.75
2042647818|CLIENT_00266|28064185|683340737|S9AA-0083205565|FACTURACION CICLICA|AMDOCS|20260701|2026-07-17|PEN|18.69|3.36|22.05
2001034891|CLIENT_00812|25776706|184557506|S9AA-0082948713|FACTURACION CICLICA|AMDOCS|20260701|2026-07-17|PEN|102.03|18.37|120.40
2028712026|CLIENT_00204|78912516|692026606|S9AA-0083245828|FACTURACION CICLICA|AMDOCS|20260701|2026-07-17|PEN|33.64|6.06|39.69
2093963249|CLIENT_00250|056170111|239649157|S9AA-0082477078|FACTURACION CICLICA|AMDOCS|20260601|2026-06-17|PEN|41.40|7.46|48.86
2096907655|CLIENT_00657|349138801|723414657|S9AA-0082417187|FACTURACION CICLICA|AMDOCS|20260601|2026-06-17|PEN|26.33|4.75|31.08
2059508137|CLIENT_00794|05428495|209194406|S9AA-0082931169|FACTURACION CICLICA|AMDOCS|20260701|2026-07-17|PEN|94.79|17.07|111.86
2028858667|CLIENT_00821|87664306|181448857|S9AA-0083174176|FACTURACION CICLICA|AMDOCS|20260701|2026-07-17|PEN|20.71|3.72|24.43
2031756935|CLIENT_00484|83698185|359881306|S9AA-0082828404|FACTURACION CICLICA|AMDOCS|20260701|2026-07-17|PEN|83.87|15.11|98.98
2028858667|CLIENT_00821|87664306|879148857|S9AA-0083174165|FACTURACION CICLICA|AMDOCS|20260701|2026-07-17|PEN|20.71|3.72|24.43
2085992497|CLIENT_00065|19585595|563121747|S9AA-0083283001|FACTURACION CICLICA|AMDOCS|20260701|2026-07-17|PEN|94.86|17.07|111.93
2040445117|CLIENT_00255|683942421|047585957|S9AA-0083242299|FACTURACION CICLICA|AMDOCS|20260701|2026-07-17|PEN|77.06|13.87|90.93
2001115330|CLIENT_00908|935732531|860232067|S9AA-0082843786|FACTURACION CICLICA|AMDOCS|20260701|2026-07-17|PEN|88.92|16.01|104.93
2075863671|CLIENT_00860|56562795|551637406|S9AA-0083058642|FACTURACION CICLICA|AMDOCS|20260701|2026-07-17|PEN|55.35|9.96|65.31
2078847538|CLIENT_00072|213179011|948557757|S9AA-0082614110|FACTURACION CICLICA|AMDOCS|20260701|2026-07-17|PEN|106.72|19.21|125.93
2052019028|CLIENT_00034|09551795|934586147|S9AA-0083273727|FACTURACION CICLICA|AMDOCS|20260701|2026-07-17|PEN|128.08|23.05|151.13
2071395567|CLIENT_00118|491813321|475225047|S9AA-0083307593|FACTURACION CICLICA|AMDOCS|20260701|2026-07-17|PEN|69.88|12.58|82.46
2043300039|CLIENT_00704|92353306|783623506|S9AA-0082753260|FACTURACION CICLICA|AMDOCS|20260701|2026-07-17|PEN|88.92|16.01|104.93
2046859398|CLIENT_00764|89974616|603066606|S9AA-0083339145|FACTURACION CICLICA|AMDOCS|20260701|2026-07-17|PEN|53.10|9.56|62.65
2020587286|CLIENT_00074|74077985|070788447|S9AA-0082909286|FACTURACION CICLICA|AMDOCS|20260701|2026-07-17|PEN|17.79|3.21|21.00
2021159453|CLIENT_00381|73724206|715942506|S9AA-0082821141|FACTURACION CICLICA|AMDOCS|20260701|2026-07-17|PEN|65.25|11.75|77.00
2031026995|CLIENT_00400|453879131|507810557|S8AA-0007937027|FACTURACION CICLICA|AMDOCS|20260627|2026-07-13|PEN|100.79|18.14|118.93
2057609277|CLIENT_00543|81355016|198140606|S9AA-0082643163|FACTURACION CICLICA|AMDOCS|20260701|2026-07-17|PEN|56.29|10.14|66.43
2082156443|CLIENT_00237|478999431|480988957|S9AA-0083140640|FACTURACION CICLICA|AMDOCS|20260701|2026-07-17|PEN|23.43|4.22|27.65
2049666577|CLIENT_00077|88238406|285908857|S9AA-0083259161|FACTURACION CICLICA|AMDOCS|20260701|2026-07-17|PEN|53.33|9.60|62.93
2088485339|CLIENT_00716|323244011|578646717|S9AA-0082703512|FACTURACION CICLICA|AMDOCS|20260701|2026-07-17|PEN|39.69|7.14|46.83
2007886461|CLIENT_00778|47558285|767682306|S9AA-0083133914|FACTURACION CICLICA|AMDOCS|20260701|2026-07-17|PEN|100.80|18.13|118.93
2032184225|CLIENT_00719|49671895|943638406|S9AA-0083304537|FACTURACION CICLICA|AMDOCS|20260701|2026-07-17|PEN|84.83|15.27|100.10
2015571136|CLIENT_00819|22251785|645227306|S9AA-0082692913|FACTURACION CICLICA|AMDOCS|20260701|2026-07-17|PEN|84.83|15.27|100.10
2016739447|CLIENT_00734|124841421|246712247|S9AA-0082688426|FACTURACION CICLICA|AMDOCS|20260701|2026-07-17|PEN|27.16|4.90|32.06
2024168687|CLIENT_00698|40347606|568656547|S9AA-0082527654|FACTURACION CICLICA|AMDOCS|20260701|2026-07-17|PEN|100.79|18.14|118.93
2043300039|CLIENT_00704|009206321|070828847|S9AA-0082511073|FACTURACION CICLICA|AMDOCS|20260701|2026-07-17|PEN|17.79|3.21|21.00
2042422772|CLIENT_00369|86640595|770715406|S9AA-0083083887|FACTURACION CICLICA|AMDOCS|20260701|2026-07-17|PEN|90.71|16.32|107.03
2059054819|CLIENT_00448|80625606|953276506|S9AA-0082575222|FACTURACION CICLICA|AMDOCS|20260701|2026-07-17|PEN|57.67|10.37|68.04
2060519712|CLIENT_00827|67219716|446239757|S9AA-0083157161|FACTURACION CICLICA|AMDOCS|20260701|2026-07-17|PEN|100.79|18.14|118.93
2023773061|CLIENT_00328|911133111|511291917|S9AA-0082652820|FACTURACION CICLICA|AMDOCS|20260701|2026-07-17|PEN|39.33|7.08|46.41
2071170607|CLIENT_00207|14288385|567995647|S9AA-0082858590|FACTURACION CICLICA|AMDOCS|20260701|2026-07-17|PEN|72.02|12.96|84.98
2071170607|CLIENT_00207|14288385|267995647|S9AA-0082858588|FACTURACION CICLICA|AMDOCS|20260701|2026-07-17|PEN|72.02|12.96|84.98
2070262664|CLIENT_00155|26655495|204464406|S9AA-0083032870|FACTURACION CICLICA|AMDOCS|20260701|2026-07-17|PEN|105.53|19.00|124.53
2087955899|CLIENT_00308|51760006|693699406|S9AA-0082659898|FACTURACION CICLICA|AMDOCS|20260701|2026-07-17|PEN|53.33|9.60|62.93
2079015638|CLIENT_00600|46729795|798244957|S9AA-0083055708|FACTURACION CICLICA|AMDOCS|20260701|2026-07-17|PEN|59.26|10.67|69.93
2068848408|CLIENT_00004|472307131|692206457|S9AA-0083139603|FACTURACION CICLICA|AMDOCS|20260701|2026-07-17|PEN|67.93|12.22|80.15
2028858667|CLIENT_00821|87664306|851638857|S9AA-0083174162|FACTURACION CICLICA|AMDOCS|20260701|2026-07-17|PEN|20.71|3.72|24.43
2043300039|CLIENT_00704|009206321|954881547|S9AA-0082510713|FACTURACION CICLICA|AMDOCS|20260701|2026-07-17|PEN|37.32|6.71|44.03
2051800045|CLIENT_00346|282744421|197187057|S9AA-0083207056|FACTURACION CICLICA|AMDOCS|20260701|2026-07-17|PEN|14.00|2.52|16.52
2072252949|CLIENT_00944|30497716|910378606|S9AA-0082516296|FACTURACION CICLICA|AMDOCS|20260701|2026-07-17|PEN|47.40|8.53|55.93
2051562677|CLIENT_00360|87495595|310285406|S9AA-0083168672|FACTURACION CICLICA|AMDOCS|20260701|2026-07-17|PEN|71.13|12.80|83.93
2003621431|CLIENT_00120|613467231|809972657|S9AA-0082673286|FACTURACION CICLICA|AMDOCS|20260701|2026-07-17|PEN|189.71|34.15|223.86
2064993907|CLIENT_00925|520152811|002776937|S9AA-0082730674|FACTURACION CICLICA|AMDOCS|20260701|2026-07-17|PEN|97.59|17.56|115.15
2026807327|CLIENT_00677|64288416|144113047|S9AA-0082900468|FACTURACION CICLICA|AMDOCS|20260701|2026-07-17|PEN|74.69|13.44|88.13
2037021331|CLIENT_00121|79147306|164773506|S9AA-0083330247|FACTURACION CICLICA|AMDOCS|20260701|2026-07-17|PEN|86.01|15.49|101.50
2006121666|CLIENT_00662|154096131|526723757|S9AA-0082945007|FACTURACION CICLICA|AMDOCS|20260701|2026-07-17|PEN|53.33|9.60|62.93
2050348529|CLIENT_00770|96289595|664568557|S9AA-0083097504|FACTURACION CICLICA|AMDOCS|20260701|2026-07-17|PEN|130.33|23.46|153.79
2050440165|CLIENT_00596|28793006|493077857|S9AA-0083208190|FACTURACION CICLICA|AMDOCS|20260701|2026-07-17|PEN|100.79|18.14|118.93
2045850656|CLIENT_00652|50693706|837264947|S9AA-0082553763|FACTURACION CICLICA|AMDOCS|20260701|2026-07-17|PEN|118.59|21.34|139.93
2029457874|CLIENT_00615|879575901|179990617|S9AA-0081851474|FACTURACION CICLICA|AMDOCS|20260601|2026-06-17|PEN|20.35|3.66|24.01
2093963249|CLIENT_00250|056170111|929649157|S9AA-0082477077|FACTURACION CICLICA|AMDOCS|20260601|2026-06-17|PEN|41.47|7.46|48.93
2050878096|CLIENT_00515|127683021|469765257|S9AA-0082689632|FACTURACION CICLICA|AMDOCS|20260701|2026-07-17|PEN|41.47|7.46|48.93
2060838699|CLIENT_00947|680441621|385808547|S9AA-0083240300|FACTURACION CICLICA|AMDOCS|20260701|2026-07-17|PEN|41.47|7.46|48.93
2035102698|CLIENT_00950|65458595|707795406|S9AA-0082982071|FACTURACION CICLICA|AMDOCS|20260701|2026-07-17|PEN|24.63|4.42|29.05
2067006652|CLIENT_00878|58971206|598406647|S9AA-0083231921|FACTURACION CICLICA|AMDOCS|20260701|2026-07-17|PEN|80.02|14.41|94.43
2063869275|CLIENT_00067|39304285|943042306|S9AA-0083295013|FACTURACION CICLICA|AMDOCS|20260701|2026-07-17|PEN|35.53|6.40|41.93
2053891306|CLIENT_00166|983219311|870950757|S9AA-0083267389|FACTURACION CICLICA|AMDOCS|20260701|2026-07-17|PEN|14.24|2.56|16.80
2046058498|CLIENT_00633|64907795|715297406|S9AA-0082897336|FACTURACION CICLICA|AMDOCS|20260701|2026-07-17|PEN|62.17|11.19|73.36
2045845197|CLIENT_00771|843878221|842535937|S9AA-0082917123|FACTURACION CICLICA|AMDOCS|20260701|2026-07-17|PEN|15.19|2.73|17.92
2045546222|CLIENT_00594|241572321|683007157|S9AA-0082867733|FACTURACION CICLICA|AMDOCS|20260701|2026-07-17|PEN|118.59|21.34|139.93
2093963249|CLIENT_00250|056170111|929649157|S9AA-0082935734|FACTURACION CICLICA|AMDOCS|20260701|2026-07-17|PEN|41.40|7.46|48.86
2041230831|CLIENT_00071|82071585|654625306|S9AA-0082718292|FACTURACION CICLICA|AMDOCS|20260701|2026-07-17|PEN|184.85|33.27|218.12
2098293784|CLIENT_00265|72959295|179303406|S9AA-0082744275|FACTURACION CICLICA|AMDOCS|20260701|2026-07-17|PEN|142.32|25.61|167.93
2053805361|CLIENT_00167|051203231|727735557|S8AA-0007924838|FACTURACION CICLICA|AMDOCS|20260627|2026-07-13|PEN|23.67|4.26|27.93
2079015167|CLIENT_00836|96503306|987333506|S9AA-0083092707|FACTURACION CICLICA|AMDOCS|20260701|2026-07-17|PEN|59.26|10.67|69.93
2086007246|CLIENT_00809|40727195|010068147|S9AA-0082527282|FACTURACION CICLICA|AMDOCS|20260701|2026-07-17|PEN|77.42|13.93|91.35
2095007193|CLIENT_00907|41460516|337385957|S9AA-0082631480|FACTURACION CICLICA|AMDOCS|20260701|2026-07-17|PEN|77.06|13.87|90.93
2014166280|CLIENT_00551|77576606|346056506|S9AA-0083160596|FACTURACION CICLICA|AMDOCS|20260701|2026-07-17|PEN|91.95|16.55|108.50
2014332657|CLIENT_00751|04139606|534776506|S9AA-0082846711|FACTURACION CICLICA|AMDOCS|20260701|2026-07-17|PEN|79.20|14.25|93.45
2090408902|CLIENT_00331|79186895|296968406|S9AA-0083330083|FACTURACION CICLICA|AMDOCS|20260701|2026-07-17|PEN|130.21|23.44|153.65
2011752824|CLIENT_00623|634694321|742119047|S9AA-0082815738|FACTURACION CICLICA|AMDOCS|20260701|2026-07-17|PEN|81.92|14.75|96.67
2096711703|CLIENT_00428|581765021|956134437|S9AA-0083230685|FACTURACION CICLICA|AMDOCS|20260701|2026-07-17|PEN|20.71|3.72|24.43
2011701911|CLIENT_00011|06538595|646495406|S9AA-0083016103|FACTURACION CICLICA|AMDOCS|20260701|2026-07-17|PEN|181.34|32.65|213.99
2055840070|CLIENT_00557|090702531|470491067|S9AA-0083276218|FACTURACION CICLICA|AMDOCS|20260701|2026-07-17|PEN|55.99|10.09|66.08
2098293784|CLIENT_00265|81864316|075729637|S9AA-0082645487|FACTURACION CICLICA|AMDOCS|20260701|2026-07-17|PEN|144.93|26.08|171.01
2006444294|CLIENT_00359|14287306|344073506|S9AA-0082855115|FACTURACION CICLICA|AMDOCS|20260701|2026-07-17|PEN|119.77|21.56|141.33
2025439397|CLIENT_00590|671923611|716981067|S9AA-0083157642|FACTURACION CICLICA|AMDOCS|20260701|2026-07-17|PEN|100.79|18.14|118.93
2039714658|CLIENT_00290|39441885|564428306|S9AA-0083295377|FACTURACION CICLICA|AMDOCS|20260701|2026-07-17|PEN|159.40|28.69|188.09
2054297630|CLIENT_00621|24489306|850504506|S9AA-0082863522|FACTURACION CICLICA|AMDOCS|20260701|2026-07-17|PEN|82.99|14.94|97.93
2093830022|CLIENT_00544|98001806|151528506|S9AA-0083262534|FACTURACION CICLICA|AMDOCS|20260701|2026-07-17|PEN|48.88|8.80|57.68
2004403801|CLIENT_00180|592125221|285106657|S9AA-0083318105|FACTURACION CICLICA|AMDOCS|20260701|2026-07-17|PEN|112.65|20.28|132.93
2054510534|CLIENT_00526|97081995|653919406|S9AA-0083177379|FACTURACION CICLICA|AMDOCS|20260701|2026-07-17|PEN|77.06|13.87|90.93
2059054819|CLIENT_00448|80625606|910326947|S9AA-0082579074|FACTURACION CICLICA|AMDOCS|20260701|2026-07-17|PEN|18.81|3.38|22.19
2067346691|CLIENT_00086|199057231|028199067|S9AA-0081968908|FACTURACION CICLICA|AMDOCS|20260601|2026-06-17|PEN|61.92|11.16|73.08
2050878096|CLIENT_00515|32297206|245192506|S9AA-0082702406|FACTURACION CICLICA|AMDOCS|20260701|2026-07-17|PEN|48.29|8.69|56.98
2032184225|CLIENT_00719|84851895|753638406|S9AA-0082914229|FACTURACION CICLICA|AMDOCS|20260701|2026-07-17|PEN|128.73|23.17|151.90
1003385935|CLIENT_00953|57782806|460217237|S9AA-0083145631|FACTURACION CICLICA|AMDOCS|20260701|2026-07-17|PEN|111.69|20.12|131.81
2064536829|CLIENT_00259|460878221|195235937|S9AA-0083053159|FACTURACION CICLICA|AMDOCS|20260701|2026-07-17|PEN|127.42|22.94|150.36
2040655923|CLIENT_00296|631280821|847861947|S9AA-0082816665|FACTURACION CICLICA|AMDOCS|20260701|2026-07-17|PEN|23.74|4.26|28.00
2045546222|CLIENT_00594|04541595|183725406|S9AA-0082846277|FACTURACION CICLICA|AMDOCS|20260701|2026-07-17|PEN|88.27|15.89|104.16
2026807327|CLIENT_00677|64288416|286845057|S9AA-0082901639|FACTURACION CICLICA|AMDOCS|20260701|2026-07-17|PEN|26.40|4.75|31.15
2074423060|CLIENT_00504|557185231|456821657|S9AA-0082978695|FACTURACION CICLICA|AMDOCS|20260701|2026-07-17|PEN|35.18|6.34|41.51
2019605219|CLIENT_00561|45201606|348881067|S9AA-0082971036|FACTURACION CICLICA|AMDOCS|20260701|2026-07-17|PEN|141.90|25.54|167.44
2074129386|CLIENT_00882|72859616|555976606|S9AA-0082745303|FACTURACION CICLICA|AMDOCS|20260701|2026-07-17|PEN|140.00|25.20|165.20
2077915427|CLIENT_00955|27159116|814412606|S9AA-0083118357|FACTURACION CICLICA|AMDOCS|20260701|2026-07-17|PEN|41.47|7.46|48.93
2024654901|CLIENT_00714|591213821|578815947|S9AA-0083317129|FACTURACION CICLICA|AMDOCS|20260701|2026-07-17|PEN|113.83|20.50|134.33
2087905445|CLIENT_00039|46110895|104211757|S9AA-0083055217|FACTURACION CICLICA|AMDOCS|20260701|2026-07-17|PEN|88.92|16.01|104.93
2013129077|CLIENT_00742|57302695|286249447|S9AA-0083146877|FACTURACION CICLICA|AMDOCS|20260701|2026-07-17|PEN|103.76|18.67|122.43
2051682890|CLIENT_00374|23831906|670819167|S9AA-0082793476|FACTURACION CICLICA|AMDOCS|20260701|2026-07-17|PEN|100.79|18.14|118.93
2060056891|CLIENT_00140|70859285|861692306|S9AA-0082565382|FACTURACION CICLICA|AMDOCS|20260701|2026-07-17|PEN|84.70|15.26|99.96
2079684847|CLIENT_00889|069212021|780411167|S9AA-0083022148|FACTURACION CICLICA|AMDOCS|20260701|2026-07-17|PEN|20.71|3.72|24.43
2094267528|CLIENT_00973|043518221|363042067|S9AA-0082852205|FACTURACION CICLICA|AMDOCS|20260701|2026-07-17|PEN|65.20|11.73|76.93
2025199500|CLIENT_00474|27084306|448533506|S9AA-0083118063|FACTURACION CICLICA|AMDOCS|20260701|2026-07-17|PEN|65.20|11.73|76.93
2048046441|CLIENT_00064|29265706|779247506|S9AA-0083287926|FACTURACION CICLICA|AMDOCS|20260701|2026-07-17|PEN|171.38|30.85|202.23
2063701019|CLIENT_00709|505324911|249915147|S9AA-0082552885|FACTURACION CICLICA|AMDOCS|20260701|2026-07-17|PEN|41.47|7.46|48.93
2011804641|CLIENT_00396|676669621|776152747|S9AA-0083155681|FACTURACION CICLICA|AMDOCS|20260701|2026-07-17|PEN|118.59|21.34|139.93
2056036658|CLIENT_00097|43899716|793398606|S9AA-0082796175|FACTURACION CICLICA|AMDOCS|20260701|2026-07-17|PEN|74.69|13.44|88.13
2073133607|CLIENT_00035|119545331|016136757|S9AA-0082605525|FACTURACION CICLICA|AMDOCS|20260701|2026-07-17|PEN|47.40|8.53|55.93
2042647818|CLIENT_00266|28064185|601803837|S9AA-0083205668|FACTURACION CICLICA|AMDOCS|20260701|2026-07-17|PEN|29.08|5.22|34.30
2051800045|CLIENT_00346|282744421|826967057|S9AA-0083207050|FACTURACION CICLICA|AMDOCS|20260701|2026-07-17|PEN|14.00|2.52|16.52
2070083854|CLIENT_00585|01742306|172913506|S9AA-0082591965|FACTURACION CICLICA|AMDOCS|20260701|2026-07-17|PEN|65.91|11.86|77.77
2040866126|CLIENT_00173|226930621|956781757|S9AA-0082698687|FACTURACION CICLICA|AMDOCS|20260701|2026-07-17|PEN|100.79|18.14|118.93
2063755498|CLIENT_00835|83425595|059565406|S9AA-0082829399|FACTURACION CICLICA|AMDOCS|20260701|2026-07-17|PEN|94.86|17.07|111.93
2037021331|CLIENT_00121|44265806|093368506|S9AA-0082880653|FACTURACION CICLICA|AMDOCS|20260701|2026-07-17|PEN|16.62|2.98|19.60
2074628342|CLIENT_00213|57359006|139090506|S9AA-0083143488|FACTURACION CICLICA|AMDOCS|20260701|2026-07-17|PEN|94.86|17.07|111.93
2093064195|CLIENT_00380|432668021|845233557|S9AA-0082800286|FACTURACION CICLICA|AMDOCS|20260701|2026-07-17|PEN|65.20|11.73|76.93
2073231877|CLIENT_00316|89282285|907190747|S9AA-0083342266|FACTURACION CICLICA|AMDOCS|20260701|2026-07-17|PEN|69.87|12.59|82.46
2017763650|CLIENT_00236|01691195|572155447|S9AA-0082595329|FACTURACION CICLICA|AMDOCS|20260701|2026-07-17|PEN|52.14|9.39|61.53
2026598806|CLIENT_00317|55190516|950594606|S9AA-0082974230|FACTURACION CICLICA|AMDOCS|20260701|2026-07-17|PEN|71.13|12.80|83.93
2021159453|CLIENT_00381|74034206|525942506|S9AA-0082905957|FACTURACION CICLICA|AMDOCS|20260701|2026-07-17|PEN|32.39|5.83|38.22
2041506167|CLIENT_00025|176577131|451085167|S9AA-0083124060|FACTURACION CICLICA|AMDOCS|20260701|2026-07-17|PEN|17.74|3.19|20.93
2069123981|CLIENT_00352|160410421|078449147|S9AA-0083027830|FACTURACION CICLICA|AMDOCS|20260701|2026-07-17|PEN|59.03|10.62|69.65
2037021331|CLIENT_00121|58706806|283368506|S9AA-0083228672|FACTURACION CICLICA|AMDOCS|20260701|2026-07-17|PEN|16.62|2.98|19.60
2043149098|CLIENT_00027|439858611|442690737|S9AA-0082798123|FACTURACION CICLICA|AMDOCS|20260701|2026-07-17|PEN|74.69|13.44|88.13
2081042486|CLIENT_00385|69590106|725011506|S9AA-0083321617|FACTURACION CICLICA|AMDOCS|20260701|2026-07-17|PEN|29.66|5.34|35.00
2029457874|CLIENT_00615|879575901|179990617|S9AA-0083169933|FACTURACION CICLICA|AMDOCS|20260701|2026-07-17|PEN|20.35|3.66|24.01
2003372653|CLIENT_00854|59662385|127846257|S9AA-0083317545|FACTURACION CICLICA|AMDOCS|20260701|2026-07-17|PEN|61.99|11.17|73.15
2040443627|CLIENT_00393|05650016|114999506|S9AA-0082931764|FACTURACION CICLICA|AMDOCS|20260701|2026-07-17|PEN|207.57|37.36|244.93
2016438796|CLIENT_00773|780220311|298228347|S9AA-0083248612|FACTURACION CICLICA|AMDOCS|20260701|2026-07-17|PEN|38.26|6.89|45.15
2079774432|CLIENT_00562|66051116|996801606|S9AA-0083067508|FACTURACION CICLICA|AMDOCS|20260701|2026-07-17|PEN|47.40|8.53|55.93
2013024222|CLIENT_00365|640401021|887482337|S9AA-0082899689|FACTURACION CICLICA|AMDOCS|20260701|2026-07-17|PEN|88.92|16.01|104.93
2000875718|CLIENT_00769|42605416|934274606|S9AA-0082711274|FACTURACION CICLICA|AMDOCS|20260701|2026-07-17|PEN|33.82|6.08|39.90
2067006652|CLIENT_00878|76781206|077143147|S9AA-0083078733|FACTURACION CICLICA|AMDOCS|20260701|2026-07-17|PEN|10.32|1.86|12.18
2091789509|CLIENT_00886|02379285|301892306|S9AA-0082675774|FACTURACION CICLICA|AMDOCS|20260701|2026-07-17|PEN|56.88|10.25|67.13
2019351028|CLIENT_00937|49543006|779417257|S9AA-0083308989|FACTURACION CICLICA|AMDOCS|20260701|2026-07-17|PEN|24.85|4.48|29.33
2015985357|CLIENT_00738|72783985|781749306|S9AA-0082744027|FACTURACION CICLICA|AMDOCS|20260701|2026-07-17|PEN|16.55|2.98|19.53
2036568728|CLIENT_00322|38331516|680339747|S9AA-0083215130|FACTURACION CICLICA|AMDOCS|20260701|2026-07-17|PEN|88.92|16.01|104.93
2063960356|CLIENT_00283|53376585|467155237|S9AA-0082345123|FACTURACION CICLICA|AMDOCS|20260601|2026-06-17|PEN|150.79|27.15|177.94
2096100663|CLIENT_00636|49400406|888284506|S9AA-0081988775|FACTURACION CICLICA|AMDOCS|20260601|2026-06-17|PEN|50.30|9.06|59.36
2006477444|CLIENT_00815|10405516|624523957|S9AA-0082538132|FACTURACION CICLICA|AMDOCS|20260701|2026-07-17|PEN|33.16|5.97|39.13
2088958700|CLIENT_00840|212507011|617670157|S9AA-0082613136|FACTURACION CICLICA|AMDOCS|20260701|2026-07-17|PEN|56.06|10.09|66.15
2014166280|CLIENT_00551|77576606|346056506|S9AA-0081841956|FACTURACION CICLICA|AMDOCS|20260601|2026-06-17|PEN|91.95|16.55|108.50
2033511601|CLIENT_00117|59154506|981155506|S9AA-0081997480|FACTURACION CICLICA|AMDOCS|20260601|2026-06-17|PEN|74.10|13.34|87.43
2032243442|CLIENT_00656|944798511|464331147|S9AA-0082925961|FACTURACION CICLICA|AMDOCS|20260701|2026-07-17|PEN|47.40|8.53|55.93
2005457279|CLIENT_00183|65071385|486109447|S9AA-0082985769|FACTURACION CICLICA|AMDOCS|20260701|2026-07-17|PEN|53.98|9.72|63.70
2045813472|CLIENT_00620|516239221|578207937|S9AA-0082662869|FACTURACION CICLICA|AMDOCS|20260701|2026-07-17|PEN|77.42|13.93|91.35
2057822132|CLIENT_00808|18529606|321431757|S9AA-0083199341|FACTURACION CICLICA|AMDOCS|20260701|2026-07-17|PEN|56.06|10.09|66.15
2059396553|CLIENT_00171|789259121|845543957|S9AA-0083250808|FACTURACION CICLICA|AMDOCS|20260701|2026-07-17|PEN|154.23|27.77|182.00
2006121666|CLIENT_00662|645070911|256970267|S9AA-0082912280|FACTURACION CICLICA|AMDOCS|20260701|2026-07-17|PEN|77.06|13.87|90.93
2016142658|CLIENT_00521|44811516|047674606|S9AA-0082880873|FACTURACION CICLICA|AMDOCS|20260701|2026-07-17|PEN|55.35|9.96|65.31
2010399017|CLIENT_00723|96621595|683815406|S9AA-0083092366|FACTURACION CICLICA|AMDOCS|20260701|2026-07-17|PEN|100.55|18.10|118.65
2094379951|CLIENT_00780|97904616|481737606|S9AA-0081859636|FACTURACION CICLICA|AMDOCS|20260601|2026-06-17|PEN|152.40|27.43|179.83
2098363854|CLIENT_00063|09924006|041430506|S9AA-0081954051|FACTURACION CICLICA|AMDOCS|20260601|2026-06-17|PEN|59.32|10.68|70.00
2037039972|CLIENT_00968|056068111|605125447|S9AA-0082934867|FACTURACION CICLICA|AMDOCS|20260701|2026-07-17|PEN|63.01|11.33|74.34
2006121666|CLIENT_00662|645070911|869999637|S9AA-0082900094|FACTURACION CICLICA|AMDOCS|20260701|2026-07-17|PEN|183.90|33.10|217.00
2007644775|CLIENT_00890|68757095|857480406|S9AA-0081918887|FACTURACION CICLICA|AMDOCS|20260601|2026-06-17|PEN|118.94|21.41|140.35
2039754476|CLIENT_00765|82785016|660080606|S9AA-0082719587|FACTURACION CICLICA|AMDOCS|20260701|2026-07-17|PEN|202.64|36.48|239.12
2045121201|CLIENT_00767|992659121|309293737|S9AA-0083349770|FACTURACION CICLICA|AMDOCS|20260701|2026-07-17|PEN|56.29|10.14|66.43
2091789509|CLIENT_00886|92995216|483063606|S9AA-0082753608|FACTURACION CICLICA|AMDOCS|20260701|2026-07-17|PEN|19.28|3.47|22.75
2077915427|CLIENT_00955|24009116|624412606|S9AA-0082863790|FACTURACION CICLICA|AMDOCS|20260701|2026-07-17|PEN|41.47|7.46|48.93
2028858667|CLIENT_00821|87664306|461448857|S9AA-0083174172|FACTURACION CICLICA|AMDOCS|20260701|2026-07-17|PEN|20.71|3.72|24.43
2025935157|CLIENT_00401|323807011|303050817|S9AA-0082703531|FACTURACION CICLICA|AMDOCS|20260701|2026-07-17|PEN|138.22|24.88|163.10
2092536593|CLIENT_00425|964976321|925975657|S9AA-0083097657|FACTURACION CICLICA|AMDOCS|20260701|2026-07-17|PEN|53.33|9.60|62.93
2017763650|CLIENT_00236|642552431|314247857|S9AA-0082902881|FACTURACION CICLICA|AMDOCS|20260701|2026-07-17|PEN|53.33|9.60|62.93
2012809849|CLIENT_00597|566665331|265726757|S8AA-0007971461|FACTURACION CICLICA|AMDOCS|20260627|2026-07-13|PEN|41.47|7.46|48.93
2032205889|CLIENT_00480|554573421|247116247|S9AA-0081646253|FACTURACION CICLICA|AMDOCS|20260601|2026-06-17|PEN|58.20|10.47|68.67
2090408902|CLIENT_00331|79186895|296968406|S9AA-0082023250|FACTURACION CICLICA|AMDOCS|20260601|2026-06-17|PEN|130.15|23.43|153.58
2059054819|CLIENT_00448|47535606|763276506|S9AA-0083135118|FACTURACION CICLICA|AMDOCS|20260701|2026-07-17|PEN|41.47|7.46|48.93
2093365484|CLIENT_00200|09362016|737281847|S9AA-0083274397|FACTURACION CICLICA|AMDOCS|20260701|2026-07-17|PEN|106.72|19.21|125.93
2028858667|CLIENT_00821|87664306|771448857|S9AA-0083174175|FACTURACION CICLICA|AMDOCS|20260701|2026-07-17|PEN|23.67|4.26|27.93
2030936191|CLIENT_00715|149263621|898524947|S9AA-0082858944|FACTURACION CICLICA|AMDOCS|20260701|2026-07-17|PEN|142.32|25.61|167.93
2098309864|CLIENT_00512|84251595|288157067|S9AA-0082919993|FACTURACION CICLICA|AMDOCS|20260701|2026-07-17|PEN|53.33|9.60|62.93
2021159453|CLIENT_00381|47003706|123027506|S9AA-0083135138|FACTURACION CICLICA|AMDOCS|20260701|2026-07-17|PEN|32.99|5.93|38.92
2021705119|CLIENT_00201|40852285|165790847|S9AA-0082527947|FACTURACION CICLICA|AMDOCS|20260701|2026-07-17|PEN|65.20|11.73|76.93
2018400793|CLIENT_00541|08389795|252508406|S9AA-0081867679|FACTURACION CICLICA|AMDOCS|20260601|2026-06-17|PEN|91.95|16.55|108.50
2037021331|CLIENT_00121|06155806|893368506|S9AA-0083016512|FACTURACION CICLICA|AMDOCS|20260701|2026-07-17|PEN|83.05|14.95|98.00
2067382285|CLIENT_00906|98441406|795287957|S9AA-0083267965|FACTURACION CICLICA|AMDOCS|20260701|2026-07-17|PEN|80.02|14.41|94.43
2068178034|CLIENT_00379|31994606|972666506|S9AA-0082617671|FACTURACION CICLICA|AMDOCS|20260701|2026-07-17|PEN|66.98|12.05|79.03
2051379016|CLIENT_00444|00140116|695047857|S9AA-0082512530|FACTURACION CICLICA|AMDOCS|20260701|2026-07-17|PEN|67.93|12.22|80.15
2054865614|CLIENT_00112|57294206|391452457|S9AA-0083148050|FACTURACION CICLICA|AMDOCS|20260701|2026-07-17|PEN|103.94|18.70|122.64
2058943768|CLIENT_00054|77299695|098279857|S9AA-0083165796|FACTURACION CICLICA|AMDOCS|20260701|2026-07-17|PEN|100.79|18.14|118.93
2056762434|CLIENT_00342|503427421|984532347|S9AA-0082553028|FACTURACION CICLICA|AMDOCS|20260701|2026-07-17|PEN|50.13|9.02|59.15
2077915427|CLIENT_00955|61239116|664412606|S9AA-0082668754|FACTURACION CICLICA|AMDOCS|20260701|2026-07-17|PEN|47.40|8.53|55.93
2070293430|CLIENT_00648|581801031|075168557|S9AA-0083233104|FACTURACION CICLICA|AMDOCS|20260701|2026-07-17|PEN|24.79|4.47|29.26
2098309864|CLIENT_00512|74424795|880447406|S9AA-0082905783|FACTURACION CICLICA|AMDOCS|20260701|2026-07-17|PEN|28.48|5.12|33.60
2016438796|CLIENT_00773|780220311|298228347|S9AA-0081931647|FACTURACION CICLICA|AMDOCS|20260601|2026-06-17|PEN|35.53|6.40|41.93
2028858667|CLIENT_00821|87664306|961448857|S9AA-0081855838|FACTURACION CICLICA|AMDOCS|20260601|2026-06-17|PEN|20.71|3.72|24.43
2024049593|CLIENT_00909|905887721|592586847|S9AA-0082122335|FACTURACION CICLICA|AMDOCS|20260601|2026-06-17|PEN|58.67|10.56|69.23
2074315436|CLIENT_00865|552905521|950958547|S9AA-0081646602|FACTURACION CICLICA|AMDOCS|20260601|2026-06-17|PEN|112.36|20.22|132.58
2073533879|CLIENT_00382|50266285|841297637|S9AA-0082086532|FACTURACION CICLICA|AMDOCS|20260601|2026-06-17|PEN|117.64|21.18|138.81
2094267528|CLIENT_00973|043518221|363042067|S9AA-0082400670|FACTURACION CICLICA|AMDOCS|20260601|2026-06-17|PEN|67.93|12.22|80.15
2059054819|CLIENT_00448|47535606|763276506|S9AA-0081816012|FACTURACION CICLICA|AMDOCS|20260601|2026-06-17|PEN|41.47|7.46|48.93
2006121666|CLIENT_00662|154096131|924404857|S9AA-0082486764|FACTURACION CICLICA|AMDOCS|20260601|2026-06-17|PEN|53.33|9.60|62.93
2090631860|CLIENT_00033|91561185|903611306|S9AA-0082203494|FACTURACION CICLICA|AMDOCS|20260601|2026-06-17|PEN|72.02|12.96|84.98
2013024222|CLIENT_00365|640401021|123014357|S9AA-0082451343|FACTURACION CICLICA|AMDOCS|20260601|2026-06-17|PEN|124.22|22.36|146.58
2088706641|CLIENT_00419|86356116|741551606|S9AA-0081764436|FACTURACION CICLICA|AMDOCS|20260601|2026-06-17|PEN|41.40|7.46|48.86
2000103903|CLIENT_00566|07502795|535237406|S9AA-0081781161|FACTURACION CICLICA|AMDOCS|20260601|2026-06-17|PEN|152.40|27.43|179.83
2040655923|CLIENT_00296|631280821|847861947|S9AA-0082355799|FACTURACION CICLICA|AMDOCS|20260601|2026-06-17|PEN|23.67|4.26|27.93
2040655923|CLIENT_00296|12742185|945064957|S9AA-0082227603|FACTURACION CICLICA|AMDOCS|20260601|2026-06-17|PEN|53.33|9.60|62.93
2063755498|CLIENT_00835|83425595|059565406|S9AA-0082368769|FACTURACION CICLICA|AMDOCS|20260601|2026-06-17|PEN|94.86|17.07|111.93
2029762900|CLIENT_00838|557615821|172961957|S9AA-0081648645|FACTURACION CICLICA|AMDOCS|20260601|2026-06-17|PEN|77.06|13.87|90.93
2038022621|CLIENT_00368|024977521|645863647|S9AA-0082217025|FACTURACION CICLICA|AMDOCS|20260601|2026-06-17|PEN|103.69|18.67|122.36
2080608107|CLIENT_00240|998984531|041016067|S9AA-0082046455|FACTURACION CICLICA|AMDOCS|20260601|2026-06-17|PEN|112.65|20.28|132.93
2042734334|CLIENT_00488|414931021|517753337|S9AA-0082163775|FACTURACION CICLICA|AMDOCS|20260601|2026-06-17|PEN|57.25|10.30|67.55
2080123968|CLIENT_00281|76162285|612622306|S9AA-0081754163|FACTURACION CICLICA|AMDOCS|20260601|2026-06-17|PEN|74.92|13.49|88.41
2065298423|CLIENT_00377|051299331|722343857|S9AA-0082478071|FACTURACION CICLICA|AMDOCS|20260601|2026-06-17|PEN|136.38|24.55|160.93
2054297630|CLIENT_00621|24489306|850504506|S9AA-0082403524|FACTURACION CICLICA|AMDOCS|20260601|2026-06-17|PEN|82.99|14.94|97.93
2055840070|CLIENT_00557|090702531|470491067|S9AA-0081959793|FACTURACION CICLICA|AMDOCS|20260601|2026-06-17|PEN|53.33|9.60|62.93
2074129386|CLIENT_00882|33559616|175976606|S9AA-0082326322|FACTURACION CICLICA|AMDOCS|20260601|2026-06-17|PEN|126.84|22.82|149.66
2095007193|CLIENT_00907|41460516|337385957|S9AA-0082167241|FACTURACION CICLICA|AMDOCS|20260601|2026-06-17|PEN|77.06|13.87|90.93
2005150947|CLIENT_00073|14781106|928521506|S9AA-0082394857|FACTURACION CICLICA|AMDOCS|20260601|2026-06-17|PEN|80.86|14.55|95.41
2028858667|CLIENT_00821|87664306|461448857|S9AA-0081855837|FACTURACION CICLICA|AMDOCS|20260601|2026-06-17|PEN|20.71|3.72|24.43
2045776570|CLIENT_00215|08925695|736248457|S9AA-0081872535|FACTURACION CICLICA|AMDOCS|20260601|2026-06-17|PEN|94.86|17.07|111.93
2037021331|CLIENT_00121|07865806|414368506|S9AA-0081781541|FACTURACION CICLICA|AMDOCS|20260601|2026-06-17|PEN|16.62|2.98|19.60
2079684847|CLIENT_00889|069212021|780411167|S9AA-0081700958|FACTURACION CICLICA|AMDOCS|20260601|2026-06-17|PEN|20.71|3.72|24.43
2071170607|CLIENT_00207|14288385|626783306|S9AA-0082393794|FACTURACION CICLICA|AMDOCS|20260601|2026-06-17|PEN|28.42|5.11|33.53
2030202496|CLIENT_00885|33520195|186240957|S9AA-0082331284|FACTURACION CICLICA|AMDOCS|20260601|2026-06-17|PEN|59.73|10.76|70.49
2042176157|CLIENT_00570|77251595|032125406|S9AA-0081841525|FACTURACION CICLICA|AMDOCS|20260601|2026-06-17|PEN|90.71|16.32|107.03
2054865614|CLIENT_00112|57294206|391452457|S9AA-0081829206|FACTURACION CICLICA|AMDOCS|20260601|2026-06-17|PEN|103.93|18.71|122.64
2025216315|CLIENT_00075|10668016|141580606|S9AA-0082058132|FACTURACION CICLICA|AMDOCS|20260601|2026-06-17|PEN|19.52|3.51|23.03
2020587286|CLIENT_00074|74077985|070788447|S9AA-0082432843|FACTURACION CICLICA|AMDOCS|20260601|2026-06-17|PEN|17.79|3.21|21.00
2016134169|CLIENT_00655|63347185|928267157|S9AA-0082356166|FACTURACION CICLICA|AMDOCS|20260601|2026-06-17|PEN|115.56|20.80|136.36
2059054819|CLIENT_00448|80625606|910326947|S9AA-0082113787|FACTURACION CICLICA|AMDOCS|20260601|2026-06-17|PEN|17.79|3.21|21.00
2047587904|CLIENT_00534|10429885|107109306|S9AA-0082057060|FACTURACION CICLICA|AMDOCS|20260601|2026-06-17|PEN|26.64|4.80|31.43
2028858667|CLIENT_00821|87664306|642938857|S9AA-0081855828|FACTURACION CICLICA|AMDOCS|20260601|2026-06-17|PEN|20.71|3.72|24.43
2064819637|CLIENT_00608|97637616|815771557|S9AA-0081863840|FACTURACION CICLICA|AMDOCS|20260601|2026-06-17|PEN|59.26|10.67|69.93
2016739447|CLIENT_00734|124841421|246712247|S9AA-0082225150|FACTURACION CICLICA|AMDOCS|20260601|2026-06-17|PEN|27.23|4.90|32.13
2028858667|CLIENT_00821|87664306|110248857|S9AA-0081855833|FACTURACION CICLICA|AMDOCS|20260601|2026-06-17|PEN|20.71|3.72|24.43
2037021331|CLIENT_00121|39706806|604368506|S9AA-0081980339|FACTURACION CICLICA|AMDOCS|20260601|2026-06-17|PEN|22.48|4.05|26.53
2014407140|CLIENT_00312|48285695|160976406|S9AA-0081902158|FACTURACION CICLICA|AMDOCS|20260601|2026-06-17|PEN|69.35|12.48|81.83
2045546222|CLIENT_00594|00573795|638904067|S9AA-0082055161|FACTURACION CICLICA|AMDOCS|20260601|2026-06-17|PEN|71.13|12.80|83.93
2059135824|CLIENT_00447|822443901|092527847|S9AA-0082286431|FACTURACION CICLICA|AMDOCS|20260601|2026-06-17|PEN|39.62|7.14|46.76
2068643068|CLIENT_00119|62955285|171652306|S9AA-0082264017|FACTURACION CICLICA|AMDOCS|20260601|2026-06-17|PEN|81.21|14.62|95.83
2060838699|CLIENT_00947|680441621|385808547|S9AA-0081923145|FACTURACION CICLICA|AMDOCS|20260601|2026-06-17|PEN|41.47|7.46|48.93
2075773401|CLIENT_00638|60435406|584654506|S9AA-0082092486|FACTURACION CICLICA|AMDOCS|20260601|2026-06-17|PEN|188.94|34.01|222.95
2095609618|CLIENT_00060|65393285|295042306|S9AA-0081650469|FACTURACION CICLICA|AMDOCS|20260601|2026-06-17|PEN|60.15|10.83|70.98
2052019028|CLIENT_00034|09551795|634586147|S9AA-0081957185|FACTURACION CICLICA|AMDOCS|20260601|2026-06-17|PEN|142.25|25.61|167.86
2093804116|CLIENT_00577|76921016|323588147|S9AA-0081758630|FACTURACION CICLICA|AMDOCS|20260601|2026-06-17|PEN|53.33|9.60|62.93
2056762434|CLIENT_00342|503427421|984532347|S9AA-0082087245|FACTURACION CICLICA|AMDOCS|20260601|2026-06-17|PEN|47.40|8.53|55.93
2070061501|CLIENT_00344|472278021|583040067|S9AA-0081821689|FACTURACION CICLICA|AMDOCS|20260601|2026-06-17|PEN|53.33|9.60|62.93
2098309864|CLIENT_00512|88463795|401447406|S9AA-0081936720|FACTURACION CICLICA|AMDOCS|20260601|2026-06-17|PEN|50.96|9.17|60.13
2020587286|CLIENT_00074|65329185|175191306|S9AA-0081650419|FACTURACION CICLICA|AMDOCS|20260601|2026-06-17|PEN|68.10|12.26|80.36
2051682890|CLIENT_00374|23831906|584819506|S9AA-0082317371|FACTURACION CICLICA|AMDOCS|20260601|2026-06-17|PEN|97.11|17.48|114.59
2006121666|CLIENT_00662|154096131|526723757|S9AA-0082486519|FACTURACION CICLICA|AMDOCS|20260601|2026-06-17|PEN|53.33|9.60|62.93
2028858667|CLIENT_00821|87664306|100248857|S9AA-0081855831|FACTURACION CICLICA|AMDOCS|20260601|2026-06-17|PEN|20.71|3.72|24.43
2010132504|CLIENT_00485|97971595|652425406|S9AA-0081858818|FACTURACION CICLICA|AMDOCS|20260601|2026-06-17|PEN|101.80|18.32|120.12
2050348529|CLIENT_00770|96289595|106306406|S9AA-0081772568|FACTURACION CICLICA|AMDOCS|20260601|2026-06-17|PEN|78.84|14.19|93.03
2020514932|CLIENT_00614|33041185|632327757|S9AA-0082330972|FACTURACION CICLICA|AMDOCS|20260601|2026-06-17|PEN|88.56|15.95|104.51
2046058498|CLIENT_00633|64907795|715297406|S9AA-0082446591|FACTURACION CICLICA|AMDOCS|20260601|2026-06-17|PEN|62.24|11.19|73.43
2060838699|CLIENT_00947|680441621|145349257|S9AA-0081924192|FACTURACION CICLICA|AMDOCS|20260601|2026-06-17|PEN|41.47|7.46|48.93
2098363854|CLIENT_00063|85883006|081430506|S9AA-0081686163|FACTURACION CICLICA|AMDOCS|20260601|2026-06-17|PEN|101.68|18.31|119.98
2080448535|CLIENT_00965|784214511|997616837|S9AA-0081931055|FACTURACION CICLICA|AMDOCS|20260601|2026-06-17|PEN|54.80|9.88|64.68
2087942739|CLIENT_00546|40894306|650890247|S9AA-0082078340|FACTURACION CICLICA|AMDOCS|20260601|2026-06-17|PEN|16.55|2.98|19.53
2081136919|CLIENT_00294|40815595|083465406|S9AA-0082074868|FACTURACION CICLICA|AMDOCS|20260601|2026-06-17|PEN|106.01|19.08|125.09
2024177972|CLIENT_00132|00147116|380284537|S9AA-0082051698|FACTURACION CICLICA|AMDOCS|20260601|2026-06-17|PEN|65.20|11.73|76.93
2028858667|CLIENT_00821|87664306|340248857|S9AA-0081855834|FACTURACION CICLICA|AMDOCS|20260601|2026-06-17|PEN|20.71|3.72|24.43
2028858667|CLIENT_00821|87664306|851638857|S9AA-0081855827|FACTURACION CICLICA|AMDOCS|20260601|2026-06-17|PEN|20.71|3.72|24.43
2087955899|CLIENT_00308|51760006|693699406|S9AA-0082170178|FACTURACION CICLICA|AMDOCS|20260601|2026-06-17|PEN|53.33|9.60|62.93
2082130032|CLIENT_00923|646582711|428008847|S9AA-0082450708|FACTURACION CICLICA|AMDOCS|20260601|2026-06-17|PEN|106.72|19.21|125.93
2074628342|CLIENT_00213|57359006|139090506|S9AA-0081824535|FACTURACION CICLICA|AMDOCS|20260601|2026-06-17|PEN|94.98|17.09|112.07
2005150947|CLIENT_00073|44741106|548521506|S9AA-0082420758|FACTURACION CICLICA|AMDOCS|20260601|2026-06-17|PEN|50.31|9.05|59.36
2095488337|CLIENT_00876|299076331|524818757|S9AA-0081976746|FACTURACION CICLICA|AMDOCS|20260601|2026-06-17|PEN|100.79|18.14|118.93
2047585517|CLIENT_00754|914343231|860755657|S9AA-0082209928|FACTURACION CICLICA|AMDOCS|20260601|2026-06-17|PEN|41.47|7.46|48.93
2058413599|CLIENT_00258|383387231|747803657|S9AA-0081898611|FACTURACION CICLICA|AMDOCS|20260601|2026-06-17|PEN|30.68|5.51|36.19
2037021331|CLIENT_00121|58706806|283368506|S9AA-0081911240|FACTURACION CICLICA|AMDOCS|20260601|2026-06-17|PEN|16.55|2.98|19.53
2021159453|CLIENT_00381|74034206|525942506|S9AA-0082429455|FACTURACION CICLICA|AMDOCS|20260601|2026-06-17|PEN|32.39|5.83|38.22
2045121201|CLIENT_00767|992659121|994882957|S9AA-0082046129|FACTURACION CICLICA|AMDOCS|20260601|2026-06-17|PEN|65.20|11.73|76.93
2006121666|CLIENT_00662|154096131|102596067|S9AA-0082487246|FACTURACION CICLICA|AMDOCS|20260601|2026-06-17|PEN|53.33|9.60|62.93
2032243442|CLIENT_00656|944798511|464331147|S9AA-0082467101|FACTURACION CICLICA|AMDOCS|20260601|2026-06-17|PEN|47.40|8.53|55.93
2042647818|CLIENT_00266|28064185|719519737|S9AA-0081887803|FACTURACION CICLICA|AMDOCS|20260601|2026-06-17|PEN|21.35|3.85|25.20
2032219870|CLIENT_00462|846487901|940692657|S9AA-0082460147|FACTURACION CICLICA|AMDOCS|20260601|2026-06-17|PEN|100.43|18.08|118.51
2057311015|CLIENT_00341|982413211|001444547|S9AA-0081949131|FACTURACION CICLICA|AMDOCS|20260601|2026-06-17|PEN|94.86|17.07|111.93
2039576863|CLIENT_00191|33969485|830969947|S9AA-0082329838|FACTURACION CICLICA|AMDOCS|20260601|2026-06-17|PEN|14.00|2.52|16.52
2092536593|CLIENT_00425|964976321|925975657|S9AA-0081777861|FACTURACION CICLICA|AMDOCS|20260601|2026-06-17|PEN|53.33|9.60|62.93
2050878096|CLIENT_00515|32297206|245192506|S9AA-0082239416|FACTURACION CICLICA|AMDOCS|20260601|2026-06-17|PEN|48.29|8.69|56.98
2028712026|CLIENT_00204|01421516|462026606|S9AA-0082127312|FACTURACION CICLICA|AMDOCS|20260601|2026-06-17|PEN|35.36|6.36|41.72
1002436750|CLIENT_00326|89053195|243341406|S9AA-0082031366|FACTURACION CICLICA|AMDOCS|20260601|2026-06-17|PEN|96.34|17.34|113.68
2006444294|CLIENT_00359|14287306|344073506|S9AA-0082394955|FACTURACION CICLICA|AMDOCS|20260601|2026-06-17|PEN|119.77|21.56|141.33
1003385935|CLIENT_00953|57782806|772628506|S9AA-0081824771|FACTURACION CICLICA|AMDOCS|20260601|2026-06-17|PEN|179.10|32.24|211.33
2085992497|CLIENT_00065|85425595|356731747|S9AA-0081690044|FACTURACION CICLICA|AMDOCS|20260601|2026-06-17|PEN|21.66|3.89|25.55
2021159453|CLIENT_00381|73724206|715942506|S9AA-0082360366|FACTURACION CICLICA|AMDOCS|20260601|2026-06-17|PEN|65.25|11.75|77.00
2038929902|CLIENT_00682|03595906|158359506|S9AA-0082300144|FACTURACION CICLICA|AMDOCS|20260601|2026-06-17|PEN|52.44|9.44|61.88
2006459799|CLIENT_00837|22696485|647974306|S9AA-0082229563|FACTURACION CICLICA|AMDOCS|20260601|2026-06-17|PEN|62.23|11.20|73.43
2062894104|CLIENT_00158|90856906|155881537|S9AA-0082120828|FACTURACION CICLICA|AMDOCS|20260601|2026-06-17|PEN|122.09|21.97|144.06
2002092029|CLIENT_00289|57537295|841052747|S9AA-0081828278|FACTURACION CICLICA|AMDOCS|20260601|2026-06-17|PEN|88.92|16.01|104.93
2074129386|CLIENT_00882|33559616|745718857|S9AA-0082331196|FACTURACION CICLICA|AMDOCS|20260601|2026-06-17|PEN|71.13|12.80|83.93
2013024222|CLIENT_00365|640401021|887482337|S9AA-0082448984|FACTURACION CICLICA|AMDOCS|20260601|2026-06-17|PEN|91.66|16.49|108.15
2028712026|CLIENT_00204|107079531|105523167|S9AA-0082064211|FACTURACION CICLICA|AMDOCS|20260601|2026-06-17|PEN|118.52|21.34|139.86
2096711703|CLIENT_00428|581765021|956134437|S9AA-0081913301|FACTURACION CICLICA|AMDOCS|20260601|2026-06-17|PEN|20.71|3.72|24.43
2001047693|CLIENT_00315|81792506|232316506|S9AA-0082196200|FACTURACION CICLICA|AMDOCS|20260601|2026-06-17|PEN|47.40|8.53|55.93
2056365469|CLIENT_00804|730587531|356540167|S9AA-0082375056|FACTURACION CICLICA|AMDOCS|20260601|2026-06-17|PEN|310.49|55.89|366.38
2013054362|CLIENT_00790|219773321|126536047|S9AA-0082147265|FACTURACION CICLICA|AMDOCS|20260601|2026-06-17|PEN|45.91|8.27|54.18
2053805361|CLIENT_00167|39746895|419578406|S9AA-0081980014|FACTURACION CICLICA|AMDOCS|20260601|2026-06-17|PEN|23.73|4.27|28.00
2098363854|CLIENT_00063|74454006|461430506|S9AA-0082429375|FACTURACION CICLICA|AMDOCS|20260601|2026-06-17|PEN|94.86|17.07|111.93
2082647868|CLIENT_00292|88402006|619903057|S9AA-0081941143|FACTURACION CICLICA|AMDOCS|20260601|2026-06-17|PEN|19.81|3.57|23.38
2014332657|CLIENT_00751|723647311|693599227|S9AA-0082275513|FACTURACION CICLICA|AMDOCS|20260601|2026-06-17|PEN|88.92|16.01|104.93
2028858667|CLIENT_00821|87664306|379148857|S9AA-0081855829|FACTURACION CICLICA|AMDOCS|20260601|2026-06-17|PEN|20.71|3.72|24.43
2015985357|CLIENT_00738|72783985|781749306|S9AA-0082273157|FACTURACION CICLICA|AMDOCS|20260601|2026-06-17|PEN|16.62|2.98|19.60
2028712026|CLIENT_00204|68012516|272026606|S9AA-0081920040|FACTURACION CICLICA|AMDOCS|20260601|2026-06-17|PEN|38.57|6.93|45.50
2040445117|CLIENT_00255|683942421|292608067|S9AA-0081925641|FACTURACION CICLICA|AMDOCS|20260601|2026-06-17|PEN|55.99|10.09|66.08
2003372653|CLIENT_00854|59662385|127846257|S9AA-0082001864|FACTURACION CICLICA|AMDOCS|20260601|2026-06-17|PEN|59.26|10.67|69.93
2006563540|CLIENT_00639|14684316|392571257|S9AA-0082399302|FACTURACION CICLICA|AMDOCS|20260601|2026-06-17|PEN|41.47|7.46|48.93
2045546222|CLIENT_00594|241572321|215104047|S9AA-0082406481|FACTURACION CICLICA|AMDOCS|20260601|2026-06-17|PEN|80.62|14.51|95.13
2006121666|CLIENT_00662|154096131|359489557|S9AA-0082486295|FACTURACION CICLICA|AMDOCS|20260601|2026-06-17|PEN|53.33|9.60|62.93
2030936191|CLIENT_00715|149263621|477134947|S9AA-0082398847|FACTURACION CICLICA|AMDOCS|20260601|2026-06-17|PEN|65.20|11.73|76.93
2003193070|CLIENT_00024|548985331|842756757|S9AA-0082443162|FACTURACION CICLICA|AMDOCS|20260601|2026-06-17|PEN|87.74|15.79|103.53
2023761450|CLIENT_00148|472623421|166045247|S9AA-0081819089|FACTURACION CICLICA|AMDOCS|20260601|2026-06-17|PEN|41.47|7.46|48.93
2026807327|CLIENT_00677|64288416|144113047|S9AA-0082449776|FACTURACION CICLICA|AMDOCS|20260601|2026-06-17|PEN|74.69|13.44|88.13
2016641872|CLIENT_00659|56917616|167977537|S9AA-0081740811|FACTURACION CICLICA|AMDOCS|20260601|2026-06-17|PEN|53.33|9.60|62.93
2028712026|CLIENT_00204|044705331|956325757|S9AA-0082391410|FACTURACION CICLICA|AMDOCS|20260601|2026-06-17|PEN|142.32|25.61|167.93
2045106571|CLIENT_00547|97428616|132533657|S9AA-0081864030|FACTURACION CICLICA|AMDOCS|20260601|2026-06-17|PEN|97.76|17.60|115.36
2053392902|CLIENT_00867|871938221|171224937|S9AA-0081853237|FACTURACION CICLICA|AMDOCS|20260601|2026-06-17|PEN|50.06|9.02|59.08
2093660214|CLIENT_00375|11905906|711949506|S9AA-0082135816|FACTURACION CICLICA|AMDOCS|20260601|2026-06-17|PEN|93.08|16.75|109.83
2071170607|CLIENT_00207|14288385|367995647|S9AA-0082398481|FACTURACION CICLICA|AMDOCS|20260601|2026-06-17|PEN|120.96|21.77|142.73
2097068950|CLIENT_00228|07000575|297680803|S1AA-0052206530|FACTURACION CICLICA|AMDOCS|20260605|2026-06-21|PEN|14.83|2.67|17.50
2032184225|CLIENT_00719|84851895|753638406|S9AA-0082455166|FACTURACION CICLICA|AMDOCS|20260601|2026-06-17|PEN|128.73|23.17|151.90
2045850656|CLIENT_00652|50693706|837264947|S9AA-0082088003|FACTURACION CICLICA|AMDOCS|20260601|2026-06-17|PEN|118.59|21.34|139.93
2036631349|CLIENT_00307|289009821|958134057|S9AA-0081889220|FACTURACION CICLICA|AMDOCS|20260601|2026-06-17|PEN|77.06|13.87|90.93
2093305474|CLIENT_00330|82736316|703553606|S9AA-0082282944|FACTURACION CICLICA|AMDOCS|20260601|2026-06-17|PEN|249.15|44.85|294.00
2014616173|CLIENT_00793|73449016|683211606|S9AA-0082360671|FACTURACION CICLICA|AMDOCS|20260601|2026-06-17|PEN|50.13|9.02|59.15
2063960356|CLIENT_00283|81629595|405689757|S9AA-0082201368|FACTURACION CICLICA|AMDOCS|20260601|2026-06-17|PEN|100.79|18.14|118.93
2078606158|CLIENT_00640|60803995|756729406|S9AA-0082092318|FACTURACION CICLICA|AMDOCS|20260601|2026-06-17|PEN|129.33|23.28|152.60
1042862786|CLIENT_00787|38392116|173211606|S9AA-0081893948|FACTURACION CICLICA|AMDOCS|20260601|2026-06-17|PEN|132.83|23.91|156.73
2013054362|CLIENT_00790|219773321|181410067|S9AA-0082150092|FACTURACION CICLICA|AMDOCS|20260601|2026-06-17|PEN|67.93|12.22|80.15
2019351028|CLIENT_00937|49543006|779417257|S9AA-0081993127|FACTURACION CICLICA|AMDOCS|20260601|2026-06-17|PEN|44.20|7.95|52.15
2057929173|CLIENT_00899|232251311|919916247|S9AA-0082320372|FACTURACION CICLICA|AMDOCS|20260601|2026-06-17|PEN|34.58|6.23|40.81
2060375617|CLIENT_00383|216638511|069594037|S1AA-0051827134|FACTURACION CICLICA|AMDOCS|20260605|2026-06-21|PEN|29.96|5.39|35.35
2024168687|CLIENT_00698|40347606|568656547|S9AA-0082078680|FACTURACION CICLICA|AMDOCS|20260601|2026-06-17|PEN|100.79|18.14|118.93
2077915427|CLIENT_00955|27159116|814412606|S9AA-0081798933|FACTURACION CICLICA|AMDOCS|20260601|2026-06-17|PEN|41.47|7.46|48.93
2044791755|CLIENT_00554|16502516|980105606|S9AA-0081704003|FACTURACION CICLICA|AMDOCS|20260601|2026-06-17|PEN|38.27|6.88|45.15
2071395567|CLIENT_00118|491813321|469627067|S9AA-0081994630|FACTURACION CICLICA|AMDOCS|20260601|2026-06-17|PEN|65.19|11.74|76.93
2070083854|CLIENT_00585|36732306|972913506|S9AA-0081720881|FACTURACION CICLICA|AMDOCS|20260601|2026-06-17|PEN|235.33|42.36|277.69
2074271284|CLIENT_00038|25301575|498947501|S1AA-0052076857|FACTURACION CICLICA|AMDOCS|20260605|2026-06-21|PEN|42.35|7.63|49.98
2011722087|CLIENT_00088|46817685|210386306|S9AA-0081728608|FACTURACION CICLICA|AMDOCS|20260601|2026-06-17|PEN|64.01|11.52|75.53
2035835869|CLIENT_00900|62273575|524273443|S1AA-0051900395|FACTURACION CICLICA|AMDOCS|20260605|2026-06-21|PEN|27.23|4.90|32.13
1038544262|CLIENT_00966|03801575|293330473|S1AA-0051921360|FACTURACION CICLICA|AMDOCS|20260605|2026-06-21|PEN|14.76|2.67|17.43
2019373121|CLIENT_00747|36672575|569729501|S1AA-0052158546|FACTURACION CICLICA|AMDOCS|20260605|2026-06-21|PEN|36.41|6.57|42.98
2024687919|CLIENT_00136|40231575|067293063|S1AA-0051757655|FACTURACION CICLICA|AMDOCS|20260605|2026-06-21|PEN|14.76|2.67|17.43
2095839381|CLIENT_00231|201758411|797234747|S9AA-0082018495|FACTURACION CICLICA|AMDOCS|20260601|2026-06-17|PEN|71.13|12.80|83.93
2052019028|CLIENT_00034|09551795|934586147|S9AA-0081957186|FACTURACION CICLICA|AMDOCS|20260601|2026-06-17|PEN|128.08|23.05|151.13
2060200980|CLIENT_00350|62740575|730307413|S1AA-0051900050|FACTURACION CICLICA|AMDOCS|20260605|2026-06-21|PEN|59.26|10.67|69.93
2060838699|CLIENT_00947|680441621|260018547|S9AA-0081923146|FACTURACION CICLICA|AMDOCS|20260601|2026-06-17|PEN|41.47|7.46|48.93
2037021331|CLIENT_00121|22275575|379930983|S1AA-0052044296|FACTURACION CICLICA|AMDOCS|20260605|2026-06-21|PEN|867.65|156.17|1023.82
2081571842|CLIENT_00996|37920575|206538401|S1AA-0052226577|FACTURACION CICLICA|AMDOCS|20260605|2026-06-21|PEN|32.56|5.87|38.43
2093365484|CLIENT_00200|46430575|316714617|S1AA-0052167319|FACTURACION CICLICA|AMDOCS|20260605|2026-06-21|PEN|49.18|8.86|58.03
2096031193|CLIENT_00429|511658121|361090737|S1AA-0051834170|FACTURACION CICLICA|AMDOCS|20260605|2026-06-21|PEN|61.45|3.72|65.17
2050440165|CLIENT_00596|03677575|488331601|S1AA-0051920227|FACTURACION CICLICA|AMDOCS|20260605|2026-06-21|PEN|19.88|3.57|23.45
2007950781|CLIENT_00069|46400575|648536703|S1AA-0052165391|FACTURACION CICLICA|AMDOCS|20260605|2026-06-21|PEN|18.62|3.36|21.98
2077617839|CLIENT_00036|75015575|146223937|S1AA-0052120108|FACTURACION CICLICA|AMDOCS|20260605|2026-06-21|PEN|74.69|13.44|88.13
2013641602|CLIENT_00728|324491021|351964337|S9AA-0082241592|FACTURACION CICLICA|AMDOCS|20260601|2026-06-17|PEN|84.60|15.23|99.82
2066331018|CLIENT_00601|73991575|475838023|S1AA-0051968280|FACTURACION CICLICA|AMDOCS|20260605|2026-06-21|PEN|71.13|12.80|83.93
1038544262|CLIENT_00966|03801575|777024503|S1AA-0051920348|FACTURACION CICLICA|AMDOCS|20260605|2026-06-21|PEN|38.49|6.94|45.43
2060375617|CLIENT_00383|216638511|302025827|S1AA-0051827104|FACTURACION CICLICA|AMDOCS|20260605|2026-06-21|PEN|28.95|5.21|34.16
2086906355|CLIENT_00933|23560575|143172533|S1AA-0051934418|FACTURACION CICLICA|AMDOCS|20260605|2026-06-21|PEN|32.98|5.94|38.92
2005799938|CLIENT_00146|56862575|382951601|S1AA-0052172132|FACTURACION CICLICA|AMDOCS|20260605|2026-06-21|PEN|5.94|1.06|7.00
2082156443|CLIENT_00237|09763575|528665443|S1AA-0052349809|FACTURACION CICLICA|AMDOCS|20260605|2026-06-21|PEN|20.35|3.66|24.01
2091840603|CLIENT_00602|933282531|533692067|S9AA-0082392068|FACTURACION CICLICA|AMDOCS|20260601|2026-06-17|PEN|61.92|11.16|73.08
2067006652|CLIENT_00878|24445575|719310593|S1AA-0052003400|FACTURACION CICLICA|AMDOCS|20260605|2026-06-21|PEN|59.86|10.77|70.63
2027441094|CLIENT_00355|88103575|424078533|S1AA-0052335961|FACTURACION CICLICA|AMDOCS|20260605|2026-06-21|PEN|27.83|5.00|32.83
2098363854|CLIENT_00063|80290575|421513101|S1AA-0051777155|FACTURACION CICLICA|AMDOCS|20260605|2026-06-21|PEN|2375.49|427.59|2803.08
2096933668|CLIENT_00492|449021321|465480047|S1AA-0052018158|FACTURACION CICLICA|AMDOCS|20260605|2026-06-21|PEN|20.47|3.68|24.15
2076939161|CLIENT_00387|95100575|148103303|S1AA-0052124577|FACTURACION CICLICA|AMDOCS|20260605|2026-06-21|PEN|64.96|11.69|76.65
2045546222|CLIENT_00594|00573795|897514067|S9AA-0082055162|FACTURACION CICLICA|AMDOCS|20260601|2026-06-17|PEN|88.92|16.01|104.93
2090103192|CLIENT_00254|13083575|742969543|S1AA-0051927754|FACTURACION CICLICA|AMDOCS|20260605|2026-06-21|PEN|17.74|3.19|20.93
2046969172|CLIENT_00607|22121575|281342233|S1AA-0052043407|FACTURACION CICLICA|AMDOCS|20260605|2026-06-21|PEN|18.98|3.42|22.40
2024687919|CLIENT_00136|40231575|471023063|S1AA-0051757652|FACTURACION CICLICA|AMDOCS|20260605|2026-06-21|PEN|13.87|2.51|16.38
2003418714|CLIENT_00435|498701821|148491947|S1AA-0051699251|FACTURACION CICLICA|AMDOCS|20260605|2026-06-21|PEN|6423.72|1156.02|7579.74
2044479748|CLIENT_00957|79692575|647072453|S1AA-0051716798|FACTURACION CICLICA|AMDOCS|20260605|2026-06-21|PEN|17.79|3.21|21.00
2033511601|CLIENT_00117|11430575|385030103|S1AA-0051818125|FACTURACION CICLICA|AMDOCS|20260605|2026-06-21|PEN|64.96|11.69|76.65
2013237934|CLIENT_00303|80790575|138430103|S1AA-0051777288|FACTURACION CICLICA|AMDOCS|20260605|2026-06-21|PEN|24.56|4.42|28.98
2084347031|CLIENT_00887|435846421|343721347|S8AA-0008099721|FACTURACION CICLICA|AMDOCS|20260627|2026-07-13|PEN|237.23|42.70|279.93
2086602695|CLIENT_00868|34761575|411551803|S1AA-0052008913|FACTURACION CICLICA|AMDOCS|20260605|2026-06-21|PEN|184.18|12.80|196.98
2052009555|CLIENT_00491|34863575|160706563|S1AA-0052009640|FACTURACION CICLICA|AMDOCS|20260605|2026-06-21|PEN|59.26|10.67|69.93
2095007193|CLIENT_00907|01754575|035241403|S1AA-0051790993|FACTURACION CICLICA|AMDOCS|20260605|2026-06-21|PEN|48.94|8.81|57.75
2051224691|CLIENT_00014|58660575|620373103|S1AA-0052315180|FACTURACION CICLICA|AMDOCS|20260605|2026-06-21|PEN|29.01|5.22|34.23
2060200980|CLIENT_00350|62740575|340233203|S1AA-0051893072|FACTURACION CICLICA|AMDOCS|20260605|2026-06-21|PEN|31.38|5.65|37.03
2001605530|CLIENT_00869|19017575|526082503|S1AA-0051675348|FACTURACION CICLICA|AMDOCS|20260605|2026-06-21|PEN|21.77|3.92|25.69
2095370945|CLIENT_00679|74084575|745279363|S1AA-0052050548|FACTURACION CICLICA|AMDOCS|20260605|2026-06-21|PEN|13.22|2.39|15.61
2024687919|CLIENT_00136|40231575|891085101|S1AA-0052035860|FACTURACION CICLICA|AMDOCS|20260605|2026-06-21|PEN|87.85|15.82|103.67
2050504401|CLIENT_00673|462851321|152941047|S1AA-0052167846|FACTURACION CICLICA|AMDOCS|20260605|2026-06-21|PEN|18.92|3.41|22.33
2042422772|CLIENT_00369|77627706|621187506|S9AA-0081842011|FACTURACION CICLICA|AMDOCS|20260601|2026-06-17|PEN|16.44|2.95|19.39
2073533879|CLIENT_00382|54366285|843962306|S9AA-0082436857|FACTURACION CICLICA|AMDOCS|20260601|2026-06-17|PEN|50.37|9.07|59.43
2081042486|CLIENT_00385|10560575|747353583|S1AA-0051744602|FACTURACION CICLICA|AMDOCS|20260605|2026-06-21|PEN|71.13|12.80|83.93
2086851615|CLIENT_00905|70647575|621764157|S1AA-0051815298|FACTURACION CICLICA|AMDOCS|20260605|2026-06-21|PEN|17.79|3.21|21.00
2019210260|CLIENT_00852|06932575|927387803|S1AA-0052138182|FACTURACION CICLICA|AMDOCS|20260605|2026-06-21|PEN|46.21|8.32|54.53
2075863671|CLIENT_00860|56562795|551637406|S9AA-0081738098|FACTURACION CICLICA|AMDOCS|20260601|2026-06-17|PEN|55.35|9.96|65.31
2006477444|CLIENT_00815|10405516|624523957|S9AA-0082063485|FACTURACION CICLICA|AMDOCS|20260601|2026-06-17|PEN|12.39|2.24|14.63
2099316748|CLIENT_00768|55121575|623481403|S1AA-0052097363|FACTURACION CICLICA|AMDOCS|20260605|2026-06-21|PEN|131.53|11.20|142.73
2078675402|CLIENT_00687|842962221|389931837|S1AA-0052058837|FACTURACION CICLICA|AMDOCS|20260605|2026-06-21|PEN|14.47|2.61|17.08
2088342501|CLIENT_00581|171923611|616390727|S9AA-0081791815|FACTURACION CICLICA|AMDOCS|20260601|2026-06-17|PEN|46.14|8.32|54.46
2005224522|CLIENT_00746|176314621|760595657|S1AA-0052217759|FACTURACION CICLICA|AMDOCS|20260605|2026-06-21|PEN|112.65|20.28|132.93
2062666590|CLIENT_00169|19101575|854447403|S1AA-0052349292|FACTURACION CICLICA|AMDOCS|20260605|2026-06-21|PEN|30.25|5.45|35.70
2046058498|CLIENT_00633|67570575|483029873|S1AA-0052248129|FACTURACION CICLICA|AMDOCS|20260605|2026-06-21|PEN|64.89|11.69|76.58
2098378939|CLIENT_00598|21702575|045722493|S1AA-0051826372|FACTURACION CICLICA|AMDOCS|20260605|2026-06-21|PEN|43.13|7.76|50.89
2095007193|CLIENT_00907|01754575|535241403|S1AA-0051790994|FACTURACION CICLICA|AMDOCS|20260605|2026-06-21|PEN|140.24|25.24|165.48
2060200980|CLIENT_00350|62740575|337301103|S1AA-0051893027|FACTURACION CICLICA|AMDOCS|20260605|2026-06-21|PEN|31.38|5.65|37.03
2045175160|CLIENT_00740|08960575|038324703|S1AA-0052281282|FACTURACION CICLICA|AMDOCS|20260605|2026-06-21|PEN|166.40|29.95|196.35
2005896521|CLIENT_00455|68763575|417909643|S1AA-0052322659|FACTURACION CICLICA|AMDOCS|20260605|2026-06-21|PEN|25.80|4.65|30.45
2019351028|CLIENT_00937|96637575|811632357|S1AA-0052203626|FACTURACION CICLICA|AMDOCS|20260605|2026-06-21|PEN|8.90|1.60|10.50
2080300027|CLIENT_00295|23092285|887922306|S9AA-0082315873|FACTURACION CICLICA|AMDOCS|20260601|2026-06-17|PEN|70.11|12.63|82.74
2098293784|CLIENT_00265|81864316|075729637|S9AA-0082198704|FACTURACION CICLICA|AMDOCS|20260601|2026-06-17|PEN|144.93|26.08|171.01
2007125725|CLIENT_00268|979877511|135400357|S1AA-0052278375|FACTURACION CICLICA|AMDOCS|20260605|2026-06-21|PEN|44.20|7.95|52.15
2084074807|CLIENT_00310|50984575|898430143|S1AA-0051764282|FACTURACION CICLICA|AMDOCS|20260605|2026-06-21|PEN|39.69|7.14|46.83
2016142658|CLIENT_00521|71440575|539301103|S1AA-0051845375|FACTURACION CICLICA|AMDOCS|20260605|2026-06-21|PEN|10.32|1.86|12.18
2064808256|CLIENT_00329|535599421|096285957|S1AA-0051960037|FACTURACION CICLICA|AMDOCS|20260605|2026-06-21|PEN|88.92|16.01|104.93
2061607083|CLIENT_00007|375143221|891428847|S1AA-0052230133|FACTURACION CICLICA|AMDOCS|20260605|2026-06-21|PEN|50.13|9.02|59.15
2039137544|CLIENT_00939|28944575|696381503|S1AA-0052294981|FACTURACION CICLICA|AMDOCS|20260605|2026-06-21|PEN|46.21|8.32|54.53
2028216422|CLIENT_00862|31060575|878161103|S1AA-0051797734|FACTURACION CICLICA|AMDOCS|20260605|2026-06-21|PEN|62.52|11.26|73.78
2076630547|CLIENT_00041|212224621|594972647|S9AA-0082147831|FACTURACION CICLICA|AMDOCS|20260601|2026-06-17|PEN|58.08|10.45|68.53
2071656712|CLIENT_00163|22415575|022430803|S1AA-0052043112|FACTURACION CICLICA|AMDOCS|20260605|2026-06-21|PEN|62.29|11.21|73.50
2012453412|CLIENT_00293|85194575|733092663|S1AA-0052125467|FACTURACION CICLICA|AMDOCS|20260605|2026-06-21|PEN|27.76|5.00|32.76
2060200980|CLIENT_00350|62740575|074307413|S1AA-0051900055|FACTURACION CICLICA|AMDOCS|20260605|2026-06-21|PEN|31.38|5.65|37.03
2005896521|CLIENT_00455|68763575|444338253|S1AA-0052322748|FACTURACION CICLICA|AMDOCS|20260605|2026-06-21|PEN|48.94|8.81|57.75
2061607083|CLIENT_00007|375143221|481218347|S1AA-0052229501|FACTURACION CICLICA|AMDOCS|20260605|2026-06-21|PEN|64.01|11.52|75.53
2086602695|CLIENT_00868|34761575|612551803|S1AA-0052008914|FACTURACION CICLICA|AMDOCS|20260605|2026-06-21|PEN|46.21|8.32|54.53
2022413606|CLIENT_00407|449549531|006503167|S1AA-0052021871|FACTURACION CICLICA|AMDOCS|20260605|2026-06-21|PEN|23.67|4.26|27.93
2026613493|CLIENT_00916|13004575|815730513|S1AA-0051927381|FACTURACION CICLICA|AMDOCS|20260605|2026-06-21|PEN|43.54|7.84|51.38
2050440165|CLIENT_00596|03677575|188331601|S1AA-0051920225|FACTURACION CICLICA|AMDOCS|20260605|2026-06-21|PEN|19.88|3.57|23.45
2060200980|CLIENT_00350|62740575|270307413|S1AA-0051900052|FACTURACION CICLICA|AMDOCS|20260605|2026-06-21|PEN|31.38|5.65|37.03
2016739447|CLIENT_00734|124841421|802679857|S9AA-0082227497|FACTURACION CICLICA|AMDOCS|20260601|2026-06-17|PEN|53.33|9.60|62.93
2060200980|CLIENT_00350|62740575|316839573|S1AA-0051900914|FACTURACION CICLICA|AMDOCS|20260605|2026-06-21|PEN|31.38|5.65|37.03
2054871546|CLIENT_00685|27574575|591972101|S1AA-0052212871|FACTURACION CICLICA|AMDOCS|20260605|2026-06-21|PEN|36.95|6.66|43.61
2040817262|CLIENT_00984|34230575|216020103|S1AA-0052008742|FACTURACION CICLICA|AMDOCS|20260605|2026-06-21|PEN|22.18|4.00|26.18
2044862591|CLIENT_00895|69942575|144731601|S1AA-0051702423|FACTURACION CICLICA|AMDOCS|20260605|2026-06-21|PEN|16.84|3.04|19.88
2016855055|CLIENT_00971|67050575|184510003|S1AA-0052246930|FACTURACION CICLICA|AMDOCS|20260605|2026-06-21|PEN|15.72|2.84|18.55
2061123522|CLIENT_00748|15196575|052401501|S1AA-0052076833|FACTURACION CICLICA|AMDOCS|20260605|2026-06-21|PEN|44.20|7.95|52.15
2021705119|CLIENT_00201|40852285|165790847|S9AA-0082078987|FACTURACION CICLICA|AMDOCS|20260601|2026-06-17|PEN|65.20|11.73|76.93
2006121666|CLIENT_00662|645070911|869999637|S9AA-0082449389|FACTURACION CICLICA|AMDOCS|20260601|2026-06-17|PEN|183.90|33.10|217.00
2013870601|CLIENT_00098|37026575|484984303|S1AA-0052226690|FACTURACION CICLICA|AMDOCS|20260605|2026-06-21|PEN|74.45|13.40|87.85
2001156117|CLIENT_00442|72425575|073241401|S1AA-0051899756|FACTURACION CICLICA|AMDOCS|20260605|2026-06-21|PEN|60.98|10.98|71.96
2050766085|CLIENT_00699|994931321|569464047|S1AA-0051732253|FACTURACION CICLICA|AMDOCS|20260605|2026-06-21|PEN|21.64|3.91|25.55
2031711814|CLIENT_00408|026702221|599576547|S1AA-0051868974|FACTURACION CICLICA|AMDOCS|20260605|2026-06-21|PEN|62.23|11.20|73.43
2044862591|CLIENT_00895|69942575|244731601|S1AA-0051702424|FACTURACION CICLICA|AMDOCS|20260605|2026-06-21|PEN|23.07|4.16|27.23
2056921911|CLIENT_00644|864899231|258803757|S1AA-0052197516|FACTURACION CICLICA|AMDOCS|20260605|2026-06-21|PEN|41.47|7.46|48.93
2042647818|CLIENT_00266|132847821|845381057|S1AA-0051930790|FACTURACION CICLICA|AMDOCS|20260605|2026-06-21|PEN|19.88|3.57|23.45
2001605530|CLIENT_00869|19017575|875082503|S1AA-0051675347|FACTURACION CICLICA|AMDOCS|20260605|2026-06-21|PEN|21.77|3.92|25.69
2015048988|CLIENT_00520|64524695|363979937|S9AA-0082449722|FACTURACION CICLICA|AMDOCS|20260601|2026-06-17|PEN|118.52|21.34|139.86
2084384500|CLIENT_00932|18794285|022252306|S9AA-0081875200|FACTURACION CICLICA|AMDOCS|20260601|2026-06-17|PEN|60.15|10.83|70.98
2045832604|CLIENT_00051|722133331|120922757|S1AA-0052265558|FACTURACION CICLICA|AMDOCS|20260605|2026-06-21|PEN|55.99|10.09|66.08
2044862591|CLIENT_00895|69942575|934731601|S1AA-0051702421|FACTURACION CICLICA|AMDOCS|20260605|2026-06-21|PEN|16.84|3.04|19.88
2065026469|CLIENT_00218|33435575|927408427|S1AA-0051942804|FACTURACION CICLICA|AMDOCS|20260605|2026-06-21|PEN|302.00|54.37|356.37
2019530122|CLIENT_00047|166794121|681582637|S1AA-0052147349|FACTURACION CICLICA|AMDOCS|20260605|2026-06-21|PEN|29.01|5.22|34.23
2024687919|CLIENT_00136|40231575|901193063|S1AA-0051757653|FACTURACION CICLICA|AMDOCS|20260605|2026-06-21|PEN|13.87|2.51|16.38
2035559917|CLIENT_00985|33245575|563885067|S1AA-0051946577|FACTURACION CICLICA|AMDOCS|20260605|2026-06-21|PEN|53.33|9.60|62.93
2030767470|CLIENT_00784|79916575|769740973|S1AA-0051717197|FACTURACION CICLICA|AMDOCS|20260605|2026-06-21|PEN|13.22|2.39|15.61
2049666577|CLIENT_00077|88238406|285908857|S9AA-0081942420|FACTURACION CICLICA|AMDOCS|20260601|2026-06-17|PEN|53.33|9.60|62.93
2004984092|CLIENT_00883|37931575|312890803|S1AA-0052226783|FACTURACION CICLICA|AMDOCS|20260605|2026-06-21|PEN|18.98|3.42|22.40
2095824297|CLIENT_00323|12282575|500535503|S1AA-0051872665|FACTURACION CICLICA|AMDOCS|20260605|2026-06-21|PEN|35.60|6.40|42.00
2054941434|CLIENT_00458|97044575|579613733|S1AA-0052274746|FACTURACION CICLICA|AMDOCS|20260605|2026-06-21|PEN|39.69|7.14|46.83
2060200980|CLIENT_00350|62740575|114204213|S1AA-0051900020|FACTURACION CICLICA|AMDOCS|20260605|2026-06-21|PEN|31.38|5.65|37.03
2035835869|CLIENT_00900|62273575|422273443|S1AA-0051900394|FACTURACION CICLICA|AMDOCS|20260605|2026-06-21|PEN|27.23|4.90|32.13
2017592496|CLIENT_00970|65013575|806844293|S1AA-0052112276|FACTURACION CICLICA|AMDOCS|20260605|2026-06-21|PEN|43.25|7.78|51.03
2039793515|CLIENT_00045|609635031|366178257|S1AA-0051774652|FACTURACION CICLICA|AMDOCS|20260605|2026-06-21|PEN|17.74|3.19|20.93
2013237934|CLIENT_00303|80790575|115374103|S1AA-0051777308|FACTURACION CICLICA|AMDOCS|20260605|2026-06-21|PEN|31.08|5.60|36.68
2063339709|CLIENT_00486|838010221|049034837|S1AA-0051977165|FACTURACION CICLICA|AMDOCS|20260605|2026-06-21|PEN|154.60|27.83|182.42
2060200980|CLIENT_00350|62740575|304204213|S1AA-0051900019|FACTURACION CICLICA|AMDOCS|20260605|2026-06-21|PEN|18.92|3.41|22.33
2058246578|CLIENT_00853|28725575|710231601|S1AA-0052294797|FACTURACION CICLICA|AMDOCS|20260605|2026-06-21|PEN|16.91|3.04|19.95
2056897122|CLIENT_00573|217414901|492943157|S1AA-0051828701|FACTURACION CICLICA|AMDOCS|20260605|2026-06-21|PEN|53.33|9.60|62.93
2097068950|CLIENT_00228|07000575|262897373|S1AA-0052207399|FACTURACION CICLICA|AMDOCS|20260605|2026-06-21|PEN|14.76|2.67|17.43
2052778896|CLIENT_00395|743636121|130930757|S1AA-0052054409|FACTURACION CICLICA|AMDOCS|20260605|2026-06-21|PEN|100.79|18.14|118.93
2063339709|CLIENT_00486|838010221|945824757|S1AA-0051979746|FACTURACION CICLICA|AMDOCS|20260605|2026-06-21|PEN|150.74|27.13|177.87
2023799562|CLIENT_00489|35157575|822801601|S1AA-0052090446|FACTURACION CICLICA|AMDOCS|20260605|2026-06-21|PEN|17.74|3.19|20.93
2024687919|CLIENT_00136|40231575|757293063|S1AA-0051757654|FACTURACION CICLICA|AMDOCS|20260605|2026-06-21|PEN|37.02|6.66|43.68
2060200980|CLIENT_00350|62740575|101099673|S1AA-0051900945|FACTURACION CICLICA|AMDOCS|20260605|2026-06-21|PEN|62.76|11.30|74.06
2054238271|CLIENT_00814|233955121|698491847|S1AA-0051937327|FACTURACION CICLICA|AMDOCS|20260605|2026-06-21|PEN|106.72|19.21|125.93
2040817262|CLIENT_00984|34230575|709365617|S1AA-0052010738|FACTURACION CICLICA|AMDOCS|20260605|2026-06-21|PEN|21.36|3.84|25.20
2096447129|CLIENT_00321|93461575|390109501|S1AA-0051981486|FACTURACION CICLICA|AMDOCS|20260605|2026-06-21|PEN|248.15|44.66|292.81
2063339709|CLIENT_00486|838010221|686858247|S1AA-0051977522|FACTURACION CICLICA|AMDOCS|20260605|2026-06-21|PEN|149.55|26.92|176.47
2025086317|CLIENT_00367|56850575|056850303|S1AA-0052172236|FACTURACION CICLICA|AMDOCS|20260605|2026-06-21|PEN|35.53|6.40|41.93
2066367927|CLIENT_00527|688513121|214988537|S1AA-0052324412|FACTURACION CICLICA|AMDOCS|20260605|2026-06-21|PEN|69.05|12.43|81.48
2093746302|CLIENT_00658|058707021|650322737|S1AA-0052072434|FACTURACION CICLICA|AMDOCS|20260605|2026-06-21|PEN|52.14|9.39|61.53
2096447129|CLIENT_00321|93461575|297837137|S1AA-0051983765|FACTURACION CICLICA|AMDOCS|20260605|2026-06-21|PEN|44.44|7.99|52.43
2071082447|CLIENT_00987|34612575|745692323|S1AA-0052009056|FACTURACION CICLICA|AMDOCS|20260605|2026-06-21|PEN|17.74|3.19|20.93
2092314059|CLIENT_00618|55685575|060321093|S1AA-0052105496|FACTURACION CICLICA|AMDOCS|20260605|2026-06-21|PEN|30.49|5.49|35.98
2016982483|CLIENT_00253|371954321|306028357|S1AA-0052230960|FACTURACION CICLICA|AMDOCS|20260605|2026-06-21|PEN|56.06|10.09|66.15
2058246578|CLIENT_00853|28725575|310231601|S1AA-0052294796|FACTURACION CICLICA|AMDOCS|20260605|2026-06-21|PEN|23.67|4.26|27.93
2084074807|CLIENT_00310|50984575|598430143|S1AA-0051764281|FACTURACION CICLICA|AMDOCS|20260605|2026-06-21|PEN|33.75|6.08|39.83
2000279692|CLIENT_00168|00612575|012765237|S1AA-0051738895|FACTURACION CICLICA|AMDOCS|20260605|2026-06-21|PEN|56.66|10.19|66.85
2003858294|CLIENT_00954|763272331|108431757|S1AA-0052190743|FACTURACION CICLICA|AMDOCS|20260605|2026-06-21|PEN|17.79|3.21|21.00
2062740957|CLIENT_00529|58262575|371999033|S1AA-0052315663|FACTURACION CICLICA|AMDOCS|20260605|2026-06-21|PEN|22.48|4.05|26.53
2035102698|CLIENT_00950|82037575|767789501|S1AA-0052260621|FACTURACION CICLICA|AMDOCS|20260605|2026-06-21|PEN|18.69|3.36|22.05
2033527809|CLIENT_00688|818737121|743971247|S1AA-0051854877|FACTURACION CICLICA|AMDOCS|20260605|2026-06-21|PEN|56.29|10.14|66.43
2043951639|CLIENT_00898|53205575|967384283|S1AA-0051955629|FACTURACION CICLICA|AMDOCS|20260605|2026-06-21|PEN|118.59|21.34|139.93
2024687919|CLIENT_00136|40231575|815393063|S1AA-0051757659|FACTURACION CICLICA|AMDOCS|20260605|2026-06-21|PEN|14.83|2.67|17.50
2016722807|CLIENT_00364|838714921|210821957|S9AA-0082374543|FACTURACION CICLICA|AMDOCS|20260601|2026-06-17|PEN|17.74|3.19|20.93
2084384500|CLIENT_00932|79794575|734671503|S1AA-0051716139|FACTURACION CICLICA|AMDOCS|20260605|2026-06-21|PEN|18.92|3.41|22.33
2024687919|CLIENT_00136|40231575|951023063|S1AA-0051757651|FACTURACION CICLICA|AMDOCS|20260605|2026-06-21|PEN|14.76|2.67|17.43
1048743727|CLIENT_00498|54325575|373983473|S1AA-0052030279|FACTURACION CICLICA|AMDOCS|20260605|2026-06-21|PEN|35.60|6.40|42.00
2075453385|CLIENT_00684|402956121|143573067|S1AA-0051762733|FACTURACION CICLICA|AMDOCS|20260605|2026-06-21|PEN|53.33|9.60|62.93
2068624950|CLIENT_00710|57851575|343254133|S1AA-0052240586|FACTURACION CICLICA|AMDOCS|20260605|2026-06-21|PEN|24.86|4.47|29.33
1048743727|CLIENT_00498|54325575|302964167|S1AA-0052035602|FACTURACION CICLICA|AMDOCS|20260605|2026-06-21|PEN|28.60|5.15|33.74
2052186925|CLIENT_00931|177250221|168760067|S1AA-0052218735|FACTURACION CICLICA|AMDOCS|20260605|2026-06-21|PEN|55.99|10.09|66.08
2080122729|CLIENT_00270|743800531|311429957|S1AA-0052055179|FACTURACION CICLICA|AMDOCS|20260605|2026-06-21|PEN|115.38|20.77|136.15
2057227210|CLIENT_00864|14483575|445755127|S1AA-0051997260|FACTURACION CICLICA|AMDOCS|20260605|2026-06-21|PEN|20.53|3.69|24.22
2093365484|CLIENT_00200|46430575|827069503|S1AA-0052165371|FACTURACION CICLICA|AMDOCS|20260605|2026-06-21|PEN|49.18|8.86|58.03
2017932836|CLIENT_00414|555045021|982227757|S1AA-0052109076|FACTURACION CICLICA|AMDOCS|20260605|2026-06-21|PEN|115.38|20.77|136.15
2033295502|CLIENT_00513|159921021|977833337|S1AA-0052079202|FACTURACION CICLICA|AMDOCS|20260605|2026-06-21|PEN|22.48|4.05|26.53
2000734783|CLIENT_00974|13088216|131072606|S9AA-0082308808|FACTURACION CICLICA|AMDOCS|20260601|2026-06-17|PEN|62.76|11.30|74.06
2060056891|CLIENT_00140|70859285|861692306|S9AA-0082099827|FACTURACION CICLICA|AMDOCS|20260601|2026-06-17|PEN|82.11|14.77|96.88
2086602695|CLIENT_00868|99425785|516467306|S9AA-0082039717|FACTURACION CICLICA|AMDOCS|20260601|2026-06-17|PEN|62.88|11.32|74.20
2003858294|CLIENT_00954|763272331|857541757|S1AA-0052190744|FACTURACION CICLICA|AMDOCS|20260605|2026-06-21|PEN|17.79|3.21|21.00
2069451715|CLIENT_00549|217765221|450638837|S1AA-0051827357|FACTURACION CICLICA|AMDOCS|20260605|2026-06-21|PEN|33.16|5.97|39.13
2022642503|CLIENT_00537|334038211|859645127|S1AA-0051942756|FACTURACION CICLICA|AMDOCS|20260605|2026-06-21|PEN|27.23|4.90|32.13
2029817021|CLIENT_00178|69717575|309099501|S1AA-0051702402|FACTURACION CICLICA|AMDOCS|20260605|2026-06-21|PEN|20.29|3.65|23.94
2000150523|CLIENT_00972|11601575|282694363|S1AA-0051819060|FACTURACION CICLICA|AMDOCS|20260605|2026-06-21|PEN|77.06|13.87|90.93
2095007193|CLIENT_00907|01754575|127596503|S1AA-0051791032|FACTURACION CICLICA|AMDOCS|20260605|2026-06-21|PEN|85.65|15.43|101.08
2016142658|CLIENT_00521|71440575|218426103|S1AA-0051845396|FACTURACION CICLICA|AMDOCS|20260605|2026-06-21|PEN|10.39|1.86|12.25
2005457279|CLIENT_00183|65071385|486109447|S9AA-0081655209|FACTURACION CICLICA|AMDOCS|20260601|2026-06-17|PEN|54.05|9.72|63.77
2029921832|CLIENT_00162|431609131|255107857|S1AA-0051952912|FACTURACION CICLICA|AMDOCS|20260605|2026-06-21|PEN|100.79|18.14|118.93
2091514048|CLIENT_00099|01841575|067892113|S1AA-0051791138|FACTURACION CICLICA|AMDOCS|20260605|2026-06-21|PEN|18.92|3.41|22.33
2084384500|CLIENT_00932|79794575|846989603|S1AA-0051716189|FACTURACION CICLICA|AMDOCS|20260605|2026-06-21|PEN|20.52|3.70|24.22
2001156117|CLIENT_00442|72425575|624630313|S1AA-0052260947|FACTURACION CICLICA|AMDOCS|20260605|2026-06-21|PEN|35.53|6.40|41.93
2060200980|CLIENT_00350|62740575|390307413|S1AA-0051900053|FACTURACION CICLICA|AMDOCS|20260605|2026-06-21|PEN|31.38|5.65|37.03
2057406010|CLIENT_00884|618659521|438653757|S1AA-0051843497|FACTURACION CICLICA|AMDOCS|20260605|2026-06-21|PEN|25.38|4.58|29.96
2024687919|CLIENT_00136|40231575|515372803|S1AA-0051756959|FACTURACION CICLICA|AMDOCS|20260605|2026-06-21|PEN|29.60|5.33|34.93
2001681016|CLIENT_00750|279309221|154375937|S1AA-0052222272|FACTURACION CICLICA|AMDOCS|20260605|2026-06-21|PEN|15.19|2.73|17.92
2060200980|CLIENT_00350|62740575|498997223|S1AA-0051900146|FACTURACION CICLICA|AMDOCS|20260605|2026-06-21|PEN|31.38|5.65|37.03
2060200980|CLIENT_00350|62740575|354307413|S1AA-0051900054|FACTURACION CICLICA|AMDOCS|20260605|2026-06-21|PEN|18.92|3.41|22.33
2064887435|CLIENT_00142|416418121|785016857|S1AA-0051809684|FACTURACION CICLICA|AMDOCS|20260605|2026-06-21|PEN|71.13|12.80|83.93
2081042486|CLIENT_00385|10560575|334412823|S1AA-0051743662|FACTURACION CICLICA|AMDOCS|20260605|2026-06-21|PEN|663.35|70.39|733.74
2097068950|CLIENT_00228|07000575|366960803|S1AA-0052206527|FACTURACION CICLICA|AMDOCS|20260605|2026-06-21|PEN|14.83|2.67|17.50
2018117869|CLIENT_00044|101568521|944913547|S1AA-0051746274|FACTURACION CICLICA|AMDOCS|20260605|2026-06-21|PEN|97.52|17.56|115.08
2060200980|CLIENT_00350|62740575|616839573|S1AA-0051900916|FACTURACION CICLICA|AMDOCS|20260605|2026-06-21|PEN|16.55|2.98|19.53
2096031193|CLIENT_00429|511658121|072658647|S1AA-0051834982|FACTURACION CICLICA|AMDOCS|20260605|2026-06-21|PEN|18.98|3.42|22.40
2050440165|CLIENT_00596|03677575|088331601|S1AA-0051920224|FACTURACION CICLICA|AMDOCS|20260605|2026-06-21|PEN|13.58|2.45|16.03
2056921911|CLIENT_00644|864899231|403075857|S1AA-0052197803|FACTURACION CICLICA|AMDOCS|20260605|2026-06-21|PEN|44.20|7.95|52.15
2015648856|CLIENT_00530|88180575|033741203|S1AA-0052328761|FACTURACION CICLICA|AMDOCS|20260605|2026-06-21|PEN|17.50|3.15|20.65
2020274387|CLIENT_00535|898656221|166321847|S1AA-0051726215|FACTURACION CICLICA|AMDOCS|20260605|2026-06-21|PEN|28.95|5.22|34.16
2070410790|CLIENT_00505|92465095|733660406|S9AA-0082290543|FACTURACION CICLICA|AMDOCS|20260601|2026-06-17|PEN|64.77|11.67|76.44
2098363854|CLIENT_00063|80290575|900256073|S1AA-0051778350|FACTURACION CICLICA|AMDOCS|20260605|2026-06-21|PEN|79.49|14.31|93.80
2086851615|CLIENT_00905|70647575|494912237|S1AA-0051813646|FACTURACION CICLICA|AMDOCS|20260605|2026-06-21|PEN|40.87|7.36|48.23
2029902035|CLIENT_00756|66947575|956960057|S1AA-0052182638|FACTURACION CICLICA|AMDOCS|20260605|2026-06-21|PEN|5.88|1.05|6.93
2072882399|CLIENT_00032|74784575|887794303|S1AA-0052049713|FACTURACION CICLICA|AMDOCS|20260605|2026-06-21|PEN|53.51|9.63|63.14
2051341964|CLIENT_00219|50325575|499693401|S1AA-0051763659|FACTURACION CICLICA|AMDOCS|20260605|2026-06-21|PEN|9.43|1.70|11.13
2021595413|CLIENT_00021|79665575|680473463|S1AA-0051716949|FACTURACION CICLICA|AMDOCS|20260605|2026-06-21|PEN|76.99|13.87|90.86
2023799562|CLIENT_00489|35157575|380443237|S1AA-0052092815|FACTURACION CICLICA|AMDOCS|20260605|2026-06-21|PEN|10.32|1.86|12.18
2068445567|CLIENT_00718|789395911|782351167|S1AA-0052334870|FACTURACION CICLICA|AMDOCS|20260605|2026-06-21|PEN|26.40|4.75|31.15
2028712026|CLIENT_00204|00750575|083214193|S1AA-0051738053|FACTURACION CICLICA|AMDOCS|20260605|2026-06-21|PEN|1864.84|296.49|2161.32
2060200980|CLIENT_00350|62740575|884509303|S1AA-0051893114|FACTURACION CICLICA|AMDOCS|20260605|2026-06-21|PEN|31.38|5.65|37.03
2018117869|CLIENT_00044|101568521|776498747|S1AA-0051746603|FACTURACION CICLICA|AMDOCS|20260605|2026-06-21|PEN|54.87|9.88|64.75
2058797594|CLIENT_00421|53591575|766920023|S1AA-0051954676|FACTURACION CICLICA|AMDOCS|20260605|2026-06-21|PEN|19.88|3.57|23.45
2033591606|CLIENT_00518|75136575|305587993|S1AA-0052119178|FACTURACION CICLICA|AMDOCS|20260605|2026-06-21|PEN|15.96|2.87|18.83
2052142070|CLIENT_00503|887064611|003403727|S1AA-0052337666|FACTURACION CICLICA|AMDOCS|20260605|2026-06-21|PEN|26.10|4.70|30.80
2086602695|CLIENT_00868|34761575|085092723|S1AA-0052009093|FACTURACION CICLICA|AMDOCS|20260605|2026-06-21|PEN|65.79|11.84|77.63
2051947639|CLIENT_00103|62947575|211702203|S1AA-0051893066|FACTURACION CICLICA|AMDOCS|20260605|2026-06-21|PEN|85.65|15.43|101.08
2036223175|CLIENT_00279|737207511|285918547|S1AA-0051971093|FACTURACION CICLICA|AMDOCS|20260605|2026-06-21|PEN|21.95|3.96|25.90
2091198935|CLIENT_00319|25242575|929982823|S1AA-0052084072|FACTURACION CICLICA|AMDOCS|20260605|2026-06-21|PEN|19.81|3.57|23.38
2086602695|CLIENT_00868|34761575|119794447|S1AA-0052011629|FACTURACION CICLICA|AMDOCS|20260605|2026-06-21|PEN|17.74|3.19|20.93
2031756935|CLIENT_00484|83698185|359881306|S9AA-0082367759|FACTURACION CICLICA|AMDOCS|20260601|2026-06-17|PEN|81.21|14.62|95.83
2007950781|CLIENT_00069|46400575|209429993|S1AA-0052166826|FACTURACION CICLICA|AMDOCS|20260605|2026-06-21|PEN|18.62|3.36|21.98
2060200980|CLIENT_00350|62740575|850307413|S1AA-0051900051|FACTURACION CICLICA|AMDOCS|20260605|2026-06-21|PEN|59.26|10.67|69.93
2060200980|CLIENT_00350|62740575|530004003|S1AA-0051893006|FACTURACION CICLICA|AMDOCS|20260605|2026-06-21|PEN|59.26|10.67|69.93
2068272028|CLIENT_00792|08726575|286821993|S1AA-0052282682|FACTURACION CICLICA|AMDOCS|20260605|2026-06-21|PEN|59.79|10.77|70.56
2051341964|CLIENT_00219|50325575|736313473|S1AA-0051764796|FACTURACION CICLICA|AMDOCS|20260605|2026-06-21|PEN|194.89|1.60|196.49
2088325879|CLIENT_00287|953144321|959676167|S1AA-0052137700|FACTURACION CICLICA|AMDOCS|20260605|2026-06-21|PEN|31.37|5.66|37.03
2095867314|CLIENT_00095|937784911|240322237|S1AA-0051983775|FACTURACION CICLICA|AMDOCS|20260605|2026-06-21|PEN|20.11|3.62|23.73
2059516434|CLIENT_00689|426972121|962197537|S1AA-0051888522|FACTURACION CICLICA|AMDOCS|20260605|2026-06-21|PEN|50.13|9.02|59.15
2031711814|CLIENT_00408|026702221|218307547|S1AA-0051868976|FACTURACION CICLICA|AMDOCS|20260605|2026-06-21|PEN|91.89|16.54|108.43
2045845197|CLIENT_00771|843878221|842535937|S9AA-0082458118|FACTURACION CICLICA|AMDOCS|20260601|2026-06-17|PEN|15.19|2.73|17.92
2068624950|CLIENT_00710|57851575|743767433|S1AA-0052240619|FACTURACION CICLICA|AMDOCS|20260605|2026-06-21|PEN|197.83|35.62|233.45
2056921911|CLIENT_00644|864899231|516365857|S1AA-0052197801|FACTURACION CICLICA|AMDOCS|20260605|2026-06-21|PEN|44.20|7.95|52.15
2023009780|CLIENT_00141|16530575|148920103|S1AA-0052145011|FACTURACION CICLICA|AMDOCS|20260605|2026-06-21|PEN|82.99|14.94|97.93
2058797594|CLIENT_00421|53591575|786920023|S1AA-0051954677|FACTURACION CICLICA|AMDOCS|20260605|2026-06-21|PEN|9.49|1.71|11.20
2033397761|CLIENT_00841|05833575|767093043|S1AA-0052070586|FACTURACION CICLICA|AMDOCS|20260605|2026-06-21|PEN|24.86|4.47|29.33
2056934422|CLIENT_00124|23092575|483264303|S1AA-0051934009|FACTURACION CICLICA|AMDOCS|20260605|2026-06-21|PEN|9.42|1.71|11.13
2091198935|CLIENT_00319|25242575|430017301|S1AA-0052076755|FACTURACION CICLICA|AMDOCS|20260605|2026-06-21|PEN|572.99|103.15|676.13
2072727583|CLIENT_00076|32851575|196475917|S1AA-0051881562|FACTURACION CICLICA|AMDOCS|20260605|2026-06-21|PEN|51.91|9.34|61.25
2087905445|CLIENT_00039|46110895|104211757|S9AA-0081734630|FACTURACION CICLICA|AMDOCS|20260601|2026-06-17|PEN|88.92|16.01|104.93
2025086317|CLIENT_00367|56850575|436850303|S1AA-0052172235|FACTURACION CICLICA|AMDOCS|20260605|2026-06-21|PEN|40.87|7.36|48.23
2088352056|CLIENT_00309|539747421|726472347|S1AA-0051957254|FACTURACION CICLICA|AMDOCS|20260605|2026-06-21|PEN|15.42|2.78|18.20
2060200980|CLIENT_00350|62740575|132039543|S1AA-0051900426|FACTURACION CICLICA|AMDOCS|20260605|2026-06-21|PEN|18.92|3.41|22.33
2047587904|CLIENT_00534|79590575|314006827|S1AA-0051718191|FACTURACION CICLICA|AMDOCS|20260605|2026-06-21|PEN|47.04|8.47|55.51
2043779813|CLIENT_00336|52770575|783042083|S1AA-0051894246|FACTURACION CICLICA|AMDOCS|20260605|2026-06-21|PEN|32.63|5.87|38.50
2037677145|CLIENT_00229|593385521|373943657|S1AA-0051707137|FACTURACION CICLICA|AMDOCS|20260605|2026-06-21|PEN|90.70|16.33|107.03
2024687919|CLIENT_00136|40231575|351023063|S1AA-0051757649|FACTURACION CICLICA|AMDOCS|20260605|2026-06-21|PEN|14.83|2.67|17.50
2045140447|CLIENT_00274|132079121|940635957|S1AA-0051932598|FACTURACION CICLICA|AMDOCS|20260605|2026-06-21|PEN|88.56|15.95|104.51
2039137544|CLIENT_00939|28944575|486381503|S1AA-0052294980|FACTURACION CICLICA|AMDOCS|20260605|2026-06-21|PEN|27.23|4.90|32.13
2096608121|CLIENT_00272|25824575|763551601|S1AA-0052076890|FACTURACION CICLICA|AMDOCS|20260605|2026-06-21|PEN|5.94|1.06|7.00
2046751787|CLIENT_00193|929969021|420311537|S1AA-0051915765|FACTURACION CICLICA|AMDOCS|20260605|2026-06-21|PEN|20.71|3.72|24.43
2064808256|CLIENT_00329|535599421|152755957|S1AA-0051960034|FACTURACION CICLICA|AMDOCS|20260605|2026-06-21|PEN|77.06|13.87|90.93
2005896521|CLIENT_00455|68763575|135767343|S1AA-0052322613|FACTURACION CICLICA|AMDOCS|20260605|2026-06-21|PEN|12.69|2.29|14.98
2051379016|CLIENT_00444|00140116|695047857|S9AA-0082054705|FACTURACION CICLICA|AMDOCS|20260601|2026-06-17|PEN|35.29|6.36|41.65
2029095052|CLIENT_00476|039297221|230583457|S1AA-0051924675|FACTURACION CICLICA|AMDOCS|20260605|2026-06-21|PEN|44.20|7.95|52.15
2051800045|CLIENT_00346|282744421|826967057|S9AA-0081889278|FACTURACION CICLICA|AMDOCS|20260601|2026-06-17|PEN|16.73|3.01|19.74
2077608678|CLIENT_00105|15302575|622658713|S1AA-0052077218|FACTURACION CICLICA|AMDOCS|20260605|2026-06-21|PEN|103.10|18.56|121.66
2018723284|CLIENT_00943|18152575|087358501|S1AA-0052287845|FACTURACION CICLICA|AMDOCS|20260605|2026-06-21|PEN|17.79|3.21|21.00
2022681851|CLIENT_00304|95901575|124451601|S1AA-0052124482|FACTURACION CICLICA|AMDOCS|20260605|2026-06-21|PEN|33.75|6.08|39.83
2058522670|CLIENT_00388|18014575|075617973|S1AA-0052289096|FACTURACION CICLICA|AMDOCS|20260605|2026-06-21|PEN|62.22|11.21|73.43
2024687919|CLIENT_00136|40231575|012393063|S1AA-0051757658|FACTURACION CICLICA|AMDOCS|20260605|2026-06-21|PEN|14.83|2.67|17.50
1048743727|CLIENT_00498|54325575|908044473|S1AA-0052030280|FACTURACION CICLICA|AMDOCS|20260605|2026-06-21|PEN|23.07|4.16|27.23
2020274387|CLIENT_00535|898656221|264416447|S1AA-0051725753|FACTURACION CICLICA|AMDOCS|20260605|2026-06-21|PEN|59.26|10.67|69.93
2005835327|CLIENT_00789|909214021|913776857|S1AA-0051789555|FACTURACION CICLICA|AMDOCS|20260605|2026-06-21|PEN|53.33|9.60|62.93
2072882399|CLIENT_00032|74784575|139197047|S1AA-0052052232|FACTURACION CICLICA|AMDOCS|20260605|2026-06-21|PEN|86.85|15.63|102.48
2084384500|CLIENT_00932|79794575|050092403|S1AA-0051716116|FACTURACION CICLICA|AMDOCS|20260605|2026-06-21|PEN|20.52|3.70|24.22
2012159970|CLIENT_00023|150233121|370598537|S1AA-0052079269|FACTURACION CICLICA|AMDOCS|20260605|2026-06-21|PEN|47.40|8.53|55.93
2006477444|CLIENT_00815|46031575|868897423|S1AA-0052165581|FACTURACION CICLICA|AMDOCS|20260605|2026-06-21|PEN|32.40|5.82|38.22
2055088087|CLIENT_00301|05541575|654820673|S1AA-0052071130|FACTURACION CICLICA|AMDOCS|20260605|2026-06-21|PEN|62.23|11.20|73.43
2040860442|CLIENT_00783|704649321|001375157|S1AA-0051815329|FACTURACION CICLICA|AMDOCS|20260605|2026-06-21|PEN|47.40|8.53|55.93
2045498450|CLIENT_00823|43182575|699473717|S1AA-0051949596|FACTURACION CICLICA|AMDOCS|20260605|2026-06-21|PEN|49.18|8.86|58.03
2044862591|CLIENT_00895|69942575|834731601|S1AA-0051702420|FACTURACION CICLICA|AMDOCS|20260605|2026-06-21|PEN|16.91|3.04|19.95
2057227210|CLIENT_00864|14483575|809755127|S1AA-0051997261|FACTURACION CICLICA|AMDOCS|20260605|2026-06-21|PEN|17.79|3.21|21.00
2084074807|CLIENT_00310|50984575|888430143|S1AA-0051764279|FACTURACION CICLICA|AMDOCS|20260605|2026-06-21|PEN|33.75|6.08|39.83
2060200980|CLIENT_00350|62740575|232039543|S1AA-0051900427|FACTURACION CICLICA|AMDOCS|20260605|2026-06-21|PEN|31.38|5.65|37.03
2060200980|CLIENT_00350|62740575|416839573|S1AA-0051900915|FACTURACION CICLICA|AMDOCS|20260605|2026-06-21|PEN|31.38|5.65|37.03
2037021331|CLIENT_00121|22275575|578304917|S1AA-0052044969|FACTURACION CICLICA|AMDOCS|20260605|2026-06-21|PEN|22.48|4.05|26.53
2015652897|CLIENT_00439|34590575|461022483|S1AA-0052009969|FACTURACION CICLICA|AMDOCS|20260605|2026-06-21|PEN|458.32|82.50|540.82
2051341964|CLIENT_00219|50325575|359693401|S1AA-0051763658|FACTURACION CICLICA|AMDOCS|20260605|2026-06-21|PEN|9.49|1.71|11.20
2089998824|CLIENT_00610|686859901|685087617|S9AA-0081920688|FACTURACION CICLICA|AMDOCS|20260601|2026-06-17|PEN|2.78|.49|3.27
1048743727|CLIENT_00498|54325575|202883473|S1AA-0052030278|FACTURACION CICLICA|AMDOCS|20260605|2026-06-21|PEN|23.07|4.16|27.23
2044463955|CLIENT_00048|616621911|631351837|S1AA-0051840911|FACTURACION CICLICA|AMDOCS|20260605|2026-06-21|PEN|20.71|3.72|24.43
2022589688|CLIENT_00286|87163575|710826857|S1AA-0052272807|FACTURACION CICLICA|AMDOCS|20260605|2026-06-21|PEN|41.47|7.46|48.93
2098363854|CLIENT_00063|80290575|200705357|S1AA-0051781467|FACTURACION CICLICA|AMDOCS|20260605|2026-06-21|PEN|88.92|16.01|104.93
2084384500|CLIENT_00932|79794575|477432663|S1AA-0051716975|FACTURACION CICLICA|AMDOCS|20260605|2026-06-21|PEN|95.98|17.28|113.26
2036119586|CLIENT_00605|07063575|715016647|S1AA-0052209463|FACTURACION CICLICA|AMDOCS|20260605|2026-06-21|PEN|77.06|13.87|90.93
2024687919|CLIENT_00136|40231575|167293063|S1AA-0051757656|FACTURACION CICLICA|AMDOCS|20260605|2026-06-21|PEN|13.87|2.51|16.38
2099839122|CLIENT_00022|54290575|098678303|S1AA-0052029251|FACTURACION CICLICA|AMDOCS|20260605|2026-06-21|PEN|17.74|3.19|20.93
2000150523|CLIENT_00972|11601575|874841503|S1AA-0051818243|FACTURACION CICLICA|AMDOCS|20260605|2026-06-21|PEN|77.06|13.87|90.93
2088352056|CLIENT_00309|894647421|036472347|S1AA-0051725598|FACTURACION CICLICA|AMDOCS|20260605|2026-06-21|PEN|15.42|2.78|18.20
2012667521|CLIENT_00300|54607575|313348501|S1AA-0052029133|FACTURACION CICLICA|AMDOCS|20260605|2026-06-21|PEN|26.34|4.74|31.08
2072727583|CLIENT_00076|32851575|507475917|S1AA-0051881564|FACTURACION CICLICA|AMDOCS|20260605|2026-06-21|PEN|31.38|5.65|37.03
2059259780|CLIENT_00525|556726721|908011457|S1AA-0052108397|FACTURACION CICLICA|AMDOCS|20260605|2026-06-21|PEN|53.16|9.56|62.72
2006477444|CLIENT_00815|10405516|642196857|S9AA-0082063328|FACTURACION CICLICA|AMDOCS|20260601|2026-06-17|PEN|53.33|9.60|62.93
2028873503|CLIENT_00053|97156695|305866406|S9AA-0081858948|FACTURACION CICLICA|AMDOCS|20260601|2026-06-17|PEN|100.19|18.04|118.23
2095018481|CLIENT_00160|113719411|897018447|S1AA-0051821188|FACTURACION CICLICA|AMDOCS|20260605|2026-06-21|PEN|35.83|6.45|42.28
2044366286|CLIENT_00796|44436575|800127001|S1AA-0052015426|FACTURACION CICLICA|AMDOCS|20260605|2026-06-21|PEN|22.02|3.96|25.97
2057227210|CLIENT_00864|65023575|737533733|S1AA-0052111384|FACTURACION CICLICA|AMDOCS|20260605|2026-06-21|PEN|17.79|3.21|21.00
2096447129|CLIENT_00321|93461575|798433963|S1AA-0051982536|FACTURACION CICLICA|AMDOCS|20260605|2026-06-21|PEN|33.75|6.08|39.83
2043779813|CLIENT_00336|52770575|421568203|S1AA-0051886278|FACTURACION CICLICA|AMDOCS|20260605|2026-06-21|PEN|41.22|7.43|48.65
2033295502|CLIENT_00513|159921021|240297637|S1AA-0052079289|FACTURACION CICLICA|AMDOCS|20260605|2026-06-21|PEN|10.39|1.86|12.25
2025086317|CLIENT_00367|56850575|512282403|S1AA-0052172263|FACTURACION CICLICA|AMDOCS|20260605|2026-06-21|PEN|46.21|8.32|54.53
2008371952|CLIENT_00582|002854921|077003857|S1AA-0051741686|FACTURACION CICLICA|AMDOCS|20260605|2026-06-21|PEN|106.72|19.21|125.93
2071656712|CLIENT_00163|22415575|513696957|S1AA-0052048390|FACTURACION CICLICA|AMDOCS|20260605|2026-06-21|PEN|136.38|24.55|160.93
2049726118|CLIENT_00693|27750575|492499483|S1AA-0052221021|FACTURACION CICLICA|AMDOCS|20260605|2026-06-21|PEN|18.98|3.42|22.40
2071042073|CLIENT_00706|736720321|436205457|S1AA-0051972444|FACTURACION CICLICA|AMDOCS|20260605|2026-06-21|PEN|79.79|14.36|94.15
2007950781|CLIENT_00069|46400575|264937833|S1AA-0052165727|FACTURACION CICLICA|AMDOCS|20260605|2026-06-21|PEN|24.56|4.42|28.98
2019605219|CLIENT_00561|45201606|348881067|S9AA-0081666202|FACTURACION CICLICA|AMDOCS|20260601|2026-06-17|PEN|139.17|25.05|164.22
2000150523|CLIENT_00972|11601575|663015003|S1AA-0051818119|FACTURACION CICLICA|AMDOCS|20260605|2026-06-21|PEN|56.29|10.14|66.43
2020274387|CLIENT_00535|898656221|846116447|S1AA-0051725751|FACTURACION CICLICA|AMDOCS|20260605|2026-06-21|PEN|59.26|10.67|69.93
2008268577|CLIENT_00288|58564575|085404303|S1AA-0052315278|FACTURACION CICLICA|AMDOCS|20260605|2026-06-21|PEN|18.98|3.42|22.40
2083215398|CLIENT_00564|60960575|779026201|S1AA-0051763589|FACTURACION CICLICA|AMDOCS|20260605|2026-06-21|PEN|138.64|24.96|163.59
2098363854|CLIENT_00063|80290575|478621057|S1AA-0051780967|FACTURACION CICLICA|AMDOCS|20260605|2026-06-21|PEN|475.65|85.61|561.26
2044789187|CLIENT_00896|678241221|028297247|S1AA-0052249788|FACTURACION CICLICA|AMDOCS|20260605|2026-06-21|PEN|49.65|8.94|58.59
2067382285|CLIENT_00906|98441406|795287957|S9AA-0081951360|FACTURACION CICLICA|AMDOCS|20260601|2026-06-17|PEN|80.02|14.41|94.43
2033958304|CLIENT_00921|165043021|799167337|S1AA-0052147298|FACTURACION CICLICA|AMDOCS|20260605|2026-06-21|PEN|2.25|.41|2.66
2056921911|CLIENT_00644|864899231|294963757|S1AA-0052197533|FACTURACION CICLICA|AMDOCS|20260605|2026-06-21|PEN|56.06|10.09|66.15
2084384500|CLIENT_00932|79794575|794671503|S1AA-0051716141|FACTURACION CICLICA|AMDOCS|20260605|2026-06-21|PEN|20.52|3.70|24.22
2057227210|CLIENT_00864|14483575|291076643|S1AA-0051995838|FACTURACION CICLICA|AMDOCS|20260605|2026-06-21|PEN|88.92|16.01|104.93
2086602695|CLIENT_00868|34761575|588967523|S1AA-0052009073|FACTURACION CICLICA|AMDOCS|20260605|2026-06-21|PEN|82.99|14.94|97.93
2000150523|CLIENT_00972|11601575|213694363|S1AA-0051819061|FACTURACION CICLICA|AMDOCS|20260605|2026-06-21|PEN|77.06|13.87|90.93
2021660305|CLIENT_00332|926238221|354697647|S1AA-0051916639|FACTURACION CICLICA|AMDOCS|20260605|2026-06-21|PEN|94.86|17.07|111.93
2053149169|CLIENT_00413|660219921|299069157|S1AA-0052182920|FACTURACION CICLICA|AMDOCS|20260605|2026-06-21|PEN|118.59|21.34|139.93
2024687919|CLIENT_00136|40231575|402393063|S1AA-0051757657|FACTURACION CICLICA|AMDOCS|20260605|2026-06-21|PEN|14.83|2.67|17.50
2045813472|CLIENT_00620|516239221|578207937|S9AA-0082173201|FACTURACION CICLICA|AMDOCS|20260601|2026-06-17|PEN|74.62|13.44|88.06
2057227210|CLIENT_00864|14483575|885741393|S1AA-0051996616|FACTURACION CICLICA|AMDOCS|20260605|2026-06-21|PEN|17.79|3.21|21.00
2060200980|CLIENT_00350|62740575|210307413|S1AA-0051900049|FACTURACION CICLICA|AMDOCS|20260605|2026-06-21|PEN|31.38|5.65|37.03
2060928654|CLIENT_00894|359175021|685159947|S1AA-0052094207|FACTURACION CICLICA|AMDOCS|20260605|2026-06-21|PEN|26.33|4.75|31.08
2047100108|CLIENT_00873|535179911|913417657|S9AA-0082348004|FACTURACION CICLICA|AMDOCS|20260601|2026-06-17|PEN|66.85|12.04|78.89
2060200980|CLIENT_00350|62740575|718534043|S1AA-0051900341|FACTURACION CICLICA|AMDOCS|20260605|2026-06-21|PEN|31.38|5.65|37.03
2086602695|CLIENT_00868|34761575|690551803|S1AA-0052008912|FACTURACION CICLICA|AMDOCS|20260605|2026-06-21|PEN|68.75|12.38|81.13
2056921911|CLIENT_00644|864899231|159084857|S1AA-0052197791|FACTURACION CICLICA|AMDOCS|20260605|2026-06-21|PEN|41.47|7.46|48.93
2035711012|CLIENT_00432|63816575|653770601|S1AA-0051961063|FACTURACION CICLICA|AMDOCS|20260605|2026-06-21|PEN|33.10|5.96|39.06
2077617839|CLIENT_00036|75015575|641879501|S1AA-0052110851|FACTURACION CICLICA|AMDOCS|20260605|2026-06-21|PEN|31.38|5.65|37.03
2074347576|CLIENT_00926|091189921|379432957|S4AA-0008146759|FACTURACION CICLICA|AMDOCS|20260609|2026-06-25|PEN|126.95|22.85|149.80
2029902035|CLIENT_00756|44954575|532128993|S1AA-0052017166|FACTURACION CICLICA|AMDOCS|20260605|2026-06-21|PEN|5342.60|961.67|6304.27
2024687919|CLIENT_00136|40231575|651023063|S1AA-0051757650|FACTURACION CICLICA|AMDOCS|20260605|2026-06-21|PEN|13.87|2.51|16.38
2084457504|CLIENT_00941|79350575|166392023|S1AA-0051716362|FACTURACION CICLICA|AMDOCS|20260605|2026-06-21|PEN|43.25|7.78|51.03
2029459942|CLIENT_00434|317950531|767269957|S4AA-0007905896|FACTURACION CICLICA|AMDOCS|20260609|2026-06-25|PEN|79.79|14.36|94.15
2011082543|CLIENT_00782|590073821|956616947|S4AA-0008161055|FACTURACION CICLICA|AMDOCS|20260609|2026-06-25|PEN|17.79|3.21|21.00
2020274387|CLIENT_00535|786498921|966100257|S4AA-0008136216|FACTURACION CICLICA|AMDOCS|20260609|2026-06-25|PEN|1.37|.25|1.61
2044862591|CLIENT_00895|69942575|044731601|S1AA-0051702422|FACTURACION CICLICA|AMDOCS|20260605|2026-06-21|PEN|16.91|3.04|19.95
2074657038|CLIENT_00313|462713531|422243067|S4AA-0008065617|FACTURACION CICLICA|AMDOCS|20260609|2026-06-25|PEN|53.33|9.60|62.93
2064277467|CLIENT_00871|614056431|830533957|S4AA-0007915021|FACTURACION CICLICA|AMDOCS|20260609|2026-06-25|PEN|12.40|2.23|14.63
2024608360|CLIENT_00050|588201921|115337057|S4AA-0008129798|FACTURACION CICLICA|AMDOCS|20260609|2026-06-25|PEN|28.47|5.13|33.60
2074327800|CLIENT_00822|78255606|255622057|S9AA-0081932470|FACTURACION CICLICA|AMDOCS|20260601|2026-06-17|PEN|91.53|16.49|108.01
2039889808|CLIENT_00627|379204421|531906457|S4AA-0008092813|FACTURACION CICLICA|AMDOCS|20260609|2026-06-25|PEN|56.06|10.09|66.15
2011487576|CLIENT_00046|43763575|399950973|S1AA-0051948667|FACTURACION CICLICA|AMDOCS|20260605|2026-06-21|PEN|17.44|3.14|20.58
2078847538|CLIENT_00072|900003531|833523067|S4AA-0007893445|FACTURACION CICLICA|AMDOCS|20260609|2026-06-25|PEN|82.99|14.94|97.93
2097185694|CLIENT_00386|637797321|836051657|S4AA-0007977192|FACTURACION CICLICA|AMDOCS|20260609|2026-06-25|PEN|77.06|13.87|90.93
2084384500|CLIENT_00932|592217321|344063147|S4AA-0008160420|FACTURACION CICLICA|AMDOCS|20260609|2026-06-25|PEN|17.74|3.19|20.93
2083104989|CLIENT_00586|190804531|883884067|S2AA-0000153059|FACTURACION CICLICA|AMDOCS|20260612|2026-06-24|PEN|106.78|19.22|126.00
2077435033|CLIENT_00650|420833431|274188857|S4AA-0007940004|FACTURACION CICLICA|AMDOCS|20260609|2026-06-25|PEN|88.92|16.01|104.93
2044133904|CLIENT_00571|792185621|712965647|S4AA-0008166991|FACTURACION CICLICA|AMDOCS|20260609|2026-06-25|PEN|94.86|17.07|111.93
2019351028|CLIENT_00937|96637575|020460601|S1AA-0052199409|FACTURACION CICLICA|AMDOCS|20260605|2026-06-21|PEN|23.67|4.26|27.93
2088634271|CLIENT_00692|494446131|828572067|S4AA-0008159599|FACTURACION CICLICA|AMDOCS|20260609|2026-06-25|PEN|21.65|3.90|25.55
2020274387|CLIENT_00535|786498921|905489157|S4AA-0008136215|FACTURACION CICLICA|AMDOCS|20260609|2026-06-25|PEN|17.79|3.21|21.00
2050440165|CLIENT_00596|03677575|388331601|S1AA-0051920226|FACTURACION CICLICA|AMDOCS|20260605|2026-06-21|PEN|16.91|3.04|19.95
2056163476|CLIENT_00980|285796721|605420857|S4AA-0008121495|FACTURACION CICLICA|AMDOCS|20260609|2026-06-25|PEN|136.38|24.55|160.93
2001445858|CLIENT_00550|130243421|793537857|S4AA-0007961892|FACTURACION CICLICA|AMDOCS|20260609|2026-06-25|PEN|100.86|18.14|119.00
2033295502|CLIENT_00513|159921021|882812537|S1AA-0052079251|FACTURACION CICLICA|AMDOCS|20260605|2026-06-21|PEN|105.53|19.00|124.53
2068878174|CLIENT_00009|528629521|044878157|S4AA-0007942111|FACTURACION CICLICA|AMDOCS|20260609|2026-06-25|PEN|88.92|16.01|104.93
2027490034|CLIENT_00174|646670821|637351947|S4AA-0008007572|FACTURACION CICLICA|AMDOCS|20260609|2026-06-25|PEN|71.13|12.80|83.93
2060200980|CLIENT_00350|62740575|281003703|S1AA-0051899925|FACTURACION CICLICA|AMDOCS|20260605|2026-06-21|PEN|31.38|5.65|37.03
2006969490|CLIENT_00418|79003575|223963533|S3AA-0079464694|FACTURACION CICLICA|AMDOCS|20260615|2026-07-01|PEN|33.16|5.97|39.13
2029459942|CLIENT_00434|317950531|499959957|S4AA-0007905887|FACTURACION CICLICA|AMDOCS|20260609|2026-06-25|PEN|50.06|9.02|59.08
2028080362|CLIENT_00042|347990521|964439347|S3AA-0078946118|FACTURACION CICLICA|AMDOCS|20260615|2026-07-01|PEN|112.65|20.28|132.93
2024654901|CLIENT_00714|86944575|807012493|S1AA-0052193973|FACTURACION CICLICA|AMDOCS|20260605|2026-06-21|PEN|412.48|35.74|448.21
2047611797|CLIENT_00924|304266331|101118757|S4AA-0008187139|FACTURACION CICLICA|AMDOCS|20260609|2026-06-25|PEN|20.53|3.69|24.22
2017075761|CLIENT_00777|048725131|863543457|S4AA-0007989403|FACTURACION CICLICA|AMDOCS|20260609|2026-06-25|PEN|112.65|20.28|132.93
2065722978|CLIENT_00478|403044421|164577247|S4AA-0008188592|FACTURACION CICLICA|AMDOCS|20260609|2026-06-25|PEN|49.65|8.94|58.59
2001699108|CLIENT_00989|473844901|245209537|S3AA-0079239495|FACTURACION CICLICA|AMDOCS|20260615|2026-07-01|PEN|50.13|9.02|59.15
2094402346|CLIENT_00137|952695231|309610657|S4AA-0008049123|FACTURACION CICLICA|AMDOCS|20260609|2026-06-25|PEN|100.86|18.14|119.00
2086021462|CLIENT_00730|91494575|917654173|S3AA-0078714403|FACTURACION CICLICA|AMDOCS|20260615|2026-07-01|PEN|31.38|5.65|37.03
2044862591|CLIENT_00895|69942575|344731601|S1AA-0051702425|FACTURACION CICLICA|AMDOCS|20260605|2026-06-21|PEN|16.91|3.04|19.95
2013843524|CLIENT_00361|81125575|977872623|S3AA-0078704413|FACTURACION CICLICA|AMDOCS|20260615|2026-07-01|PEN|29.96|5.39|35.35
2000279692|CLIENT_00168|00612575|739030747|S1AA-0051739798|FACTURACION CICLICA|AMDOCS|20260605|2026-06-21|PEN|45.98|8.27|54.25
2041230831|CLIENT_00071|82071585|654625306|S9AA-0082281513|FACTURACION CICLICA|AMDOCS|20260601|2026-06-17|PEN|184.85|33.27|218.12
2077915427|CLIENT_00955|68022575|334241601|S3AA-0079350099|FACTURACION CICLICA|AMDOCS|20260615|2026-07-01|PEN|16.91|3.04|19.95
2006459799|CLIENT_00837|74471575|478329283|S3AA-0078980759|FACTURACION CICLICA|AMDOCS|20260615|2026-07-01|PEN|18.98|3.42|22.40
2074657038|CLIENT_00313|362713531|322243067|S4AA-0008062477|FACTURACION CICLICA|AMDOCS|20260609|2026-06-25|PEN|85.90|15.46|101.36
2057100089|CLIENT_00499|96123575|721918001|S3AA-0079178991|FACTURACION CICLICA|AMDOCS|20260615|2026-07-01|PEN|53.92|9.71|63.63
2029459942|CLIENT_00434|317950531|587859957|S4AA-0007905884|FACTURACION CICLICA|AMDOCS|20260609|2026-06-25|PEN|73.86|13.29|87.15
2086451533|CLIENT_00402|258317531|409349067|S4AA-0008028366|FACTURACION CICLICA|AMDOCS|20260609|2026-06-25|PEN|65.19|11.74|76.93
2077435033|CLIENT_00650|420833431|373588857|S4AA-0007940005|FACTURACION CICLICA|AMDOCS|20260609|2026-06-25|PEN|88.92|16.01|104.93
2057932564|CLIENT_00902|558507131|155885457|S4AA-0008036411|FACTURACION CICLICA|AMDOCS|20260609|2026-06-25|PEN|53.33|9.60|62.93
2006209623|CLIENT_00603|723882231|320925557|S3AA-0078796651|FACTURACION CICLICA|AMDOCS|20260615|2026-07-01|PEN|37.31|6.72|44.03
2056163476|CLIENT_00980|285796721|710425847|S4AA-0008120190|FACTURACION CICLICA|AMDOCS|20260609|2026-06-25|PEN|106.72|19.21|125.93
2015648856|CLIENT_00530|08180575|603244403|S3AA-0079283653|FACTURACION CICLICA|AMDOCS|20260615|2026-07-01|PEN|14.83|2.67|17.50
2021963014|CLIENT_00192|89345575|883265447|S3AA-0079307311|FACTURACION CICLICA|AMDOCS|20260615|2026-07-01|PEN|43.25|7.78|51.03
2042647818|CLIENT_00266|28064185|533741306|S9AA-0081883725|FACTURACION CICLICA|AMDOCS|20260601|2026-06-17|PEN|78.25|14.08|92.33
2092594405|CLIENT_00877|455746231|783256957|S4AA-0008034280|FACTURACION CICLICA|AMDOCS|20260609|2026-06-25|PEN|79.79|14.36|94.15
2068100781|CLIENT_00901|97653575|792551783|S3AA-0079284781|FACTURACION CICLICA|AMDOCS|20260615|2026-07-01|PEN|28.11|5.07|33.18
2077435033|CLIENT_00650|420833431|241688857|S4AA-0007940006|FACTURACION CICLICA|AMDOCS|20260609|2026-06-25|PEN|88.92|16.01|104.93
2067647278|CLIENT_00078|21761575|061187963|S3AA-0078648030|FACTURACION CICLICA|AMDOCS|20260615|2026-07-01|PEN|27.16|4.90|32.06
2000865303|CLIENT_00788|864924721|859748657|S3AA-0079186557|FACTURACION CICLICA|AMDOCS|20260615|2026-07-01|PEN|56.06|10.09|66.15
2059324355|CLIENT_00481|32562575|555908263|S3AA-0078752319|FACTURACION CICLICA|AMDOCS|20260615|2026-07-01|PEN|23.67|4.26|27.93
2003554480|CLIENT_00842|888406011|245345357|S3AA-0079385239|FACTURACION CICLICA|AMDOCS|20260615|2026-07-01|PEN|88.92|16.01|104.93
2008371952|CLIENT_00582|363035021|840181437|S1AA-0052160870|FACTURACION CICLICA|AMDOCS|20260605|2026-06-21|PEN|20.64|3.72|24.36
2020274387|CLIENT_00535|786498921|771819157|S4AA-0008136214|FACTURACION CICLICA|AMDOCS|20260609|2026-06-25|PEN|352.15|8.07|360.22
2084680790|CLIENT_00724|248370221|763934357|S3AA-0078938585|FACTURACION CICLICA|AMDOCS|20260615|2026-07-01|PEN|41.47|7.46|48.93
2020274387|CLIENT_00535|312562221|564211837|S3AA-0078660245|FACTURACION CICLICA|AMDOCS|20260615|2026-07-01|PEN|43.25|7.78|51.03
2043037576|CLIENT_00102|388334821|742795067|S4AA-0008125286|FACTURACION CICLICA|AMDOCS|20260609|2026-06-25|PEN|53.33|9.60|62.93
2082422571|CLIENT_00010|792078121|167589757|S3AA-0079471887|FACTURACION CICLICA|AMDOCS|20260615|2026-07-01|PEN|41.47|7.46|48.93
2054553077|CLIENT_00093|367707321|807053147|S4AA-0008057076|FACTURACION CICLICA|AMDOCS|20260609|2026-06-25|PEN|53.92|9.71|63.63
2069670596|CLIENT_00647|147374421|200108247|S4AA-0007991432|FACTURACION CICLICA|AMDOCS|20260609|2026-06-25|PEN|102.33|18.42|120.75
2006969490|CLIENT_00418|79003575|527733873|S3AA-0079465310|FACTURACION CICLICA|AMDOCS|20260615|2026-07-01|PEN|35.89|6.46|42.35
2068423196|CLIENT_00030|237869921|212960257|S4AA-0007964005|FACTURACION CICLICA|AMDOCS|20260609|2026-06-25|PEN|41.47|7.46|48.93
2037181733|CLIENT_00226|040742521|511774557|S3AA-0078920007|FACTURACION CICLICA|AMDOCS|20260615|2026-07-01|PEN|23.67|4.26|27.93
2034148976|CLIENT_00370|82556575|922762301|S3AA-0078789452|FACTURACION CICLICA|AMDOCS|20260615|2026-07-01|PEN|51.84|9.34|61.18
2013697319|CLIENT_00507|12872575|854768543|S3AA-0078733152|FACTURACION CICLICA|AMDOCS|20260615|2026-07-01|PEN|37.25|6.71|43.96
2068100781|CLIENT_00901|97653575|642431601|S3AA-0079274092|FACTURACION CICLICA|AMDOCS|20260615|2026-07-01|PEN|33.75|6.08|39.83
2021963014|CLIENT_00192|89345575|287892337|S3AA-0079305658|FACTURACION CICLICA|AMDOCS|20260615|2026-07-01|PEN|20.71|3.72|24.43
2078922170|CLIENT_00227|741841421|209822247|S3AA-0078983941|FACTURACION CICLICA|AMDOCS|20260615|2026-07-01|PEN|63.78|11.47|75.25
2088121602|CLIENT_00904|478016031|086489257|S4AA-0008095706|FACTURACION CICLICA|AMDOCS|20260609|2026-06-25|PEN|103.52|18.63|122.15
2006459799|CLIENT_00837|74471575|522164293|S3AA-0078980907|FACTURACION CICLICA|AMDOCS|20260615|2026-07-01|PEN|18.98|3.42|22.40
2068641471|CLIENT_00978|71690575|434683033|S3AA-0078694924|FACTURACION CICLICA|AMDOCS|20260615|2026-07-01|PEN|25.45|4.58|30.03
2082043891|CLIENT_00584|38282575|885925783|S3AA-0079332302|FACTURACION CICLICA|AMDOCS|20260615|2026-07-01|PEN|49.18|8.86|58.03
2077915427|CLIENT_00955|68022575|940035423|S3AA-0079359993|FACTURACION CICLICA|AMDOCS|20260615|2026-07-01|PEN|19.88|3.57|23.45
2058797594|CLIENT_00421|53591575|146920023|S1AA-0051954675|FACTURACION CICLICA|AMDOCS|20260605|2026-06-21|PEN|18.69|3.36|22.05
2048390773|CLIENT_00150|455224321|452647047|S4AA-0008032009|FACTURACION CICLICA|AMDOCS|20260609|2026-06-25|PEN|136.32|24.54|160.86
2093387336|CLIENT_00580|138337721|340321067|S3AA-0078836208|FACTURACION CICLICA|AMDOCS|20260615|2026-07-01|PEN|127.30|22.92|150.22
2074129386|CLIENT_00882|88569616|365976606|S9AA-0081937391|FACTURACION CICLICA|AMDOCS|20260601|2026-06-17|PEN|62.29|11.21|73.50
1002033932|CLIENT_00092|05551575|781721923|S3AA-0078999004|FACTURACION CICLICA|AMDOCS|20260615|2026-07-01|PEN|39.69|7.14|46.83
2067006652|CLIENT_00878|43445575|985512673|S3AA-0078857097|FACTURACION CICLICA|AMDOCS|20260615|2026-07-01|PEN|44.43|8.00|52.43
2025967685|CLIENT_00216|35646575|197032201|S3AA-0079026969|FACTURACION CICLICA|AMDOCS|20260615|2026-07-01|PEN|21.12|3.80|24.92
2077435033|CLIENT_00650|420833431|152188857|S4AA-0007940003|FACTURACION CICLICA|AMDOCS|20260609|2026-06-25|PEN|88.92|16.01|104.93
2071316506|CLIENT_00040|34954575|546690601|S3AA-0078932032|FACTURACION CICLICA|AMDOCS|20260615|2026-07-01|PEN|36.48|6.57|43.05
2040265328|CLIENT_00922|23224575|021311463|S3AA-0078837957|FACTURACION CICLICA|AMDOCS|20260615|2026-07-01|PEN|22.41|4.05|26.46
2000097055|CLIENT_00892|272818321|459006847|S3AA-0079222474|FACTURACION CICLICA|AMDOCS|20260615|2026-07-01|PEN|40.63|7.32|47.95
2070960858|CLIENT_00456|244253411|726927957|S3AA-0078940449|FACTURACION CICLICA|AMDOCS|20260615|2026-07-01|PEN|50.96|9.17|60.13
2070960858|CLIENT_00456|244253411|003946067|S3AA-0078940846|FACTURACION CICLICA|AMDOCS|20260615|2026-07-01|PEN|26.33|4.75|31.08
2001156117|CLIENT_00442|91425575|793447523|S3AA-0078713774|FACTURACION CICLICA|AMDOCS|20260615|2026-07-01|PEN|77.06|13.87|90.93
2032635276|CLIENT_00664|762647921|859207157|S3AA-0079175703|FACTURACION CICLICA|AMDOCS|20260615|2026-07-01|PEN|75.17|13.52|88.69
2025967685|CLIENT_00216|35646575|410047257|S3AA-0079042915|FACTURACION CICLICA|AMDOCS|20260615|2026-07-01|PEN|41.47|7.46|48.93
2084074807|CLIENT_00310|50984575|398430143|S1AA-0051764280|FACTURACION CICLICA|AMDOCS|20260605|2026-06-21|PEN|31.38|5.65|37.03
2031228249|CLIENT_00463|649332521|912571447|S3AA-0078974733|FACTURACION CICLICA|AMDOCS|20260615|2026-07-01|PEN|18.98|3.42|22.40
2064574452|CLIENT_00897|318317521|645640547|S4AA-0007903945|FACTURACION CICLICA|AMDOCS|20260609|2026-06-25|PEN|118.47|21.32|139.79
2095824297|CLIENT_00323|31282575|649532333|S3AA-0078657049|FACTURACION CICLICA|AMDOCS|20260615|2026-07-01|PEN|35.60|6.40|42.00
2040265328|CLIENT_00922|23224575|630266753|S3AA-0078837867|FACTURACION CICLICA|AMDOCS|20260615|2026-07-01|PEN|18.92|3.41|22.33
2020274387|CLIENT_00535|312562221|643610937|S3AA-0078660354|FACTURACION CICLICA|AMDOCS|20260615|2026-07-01|PEN|2116.28|234.61|2350.88
2038330759|CLIENT_00758|66433575|010936043|S3AA-0079160653|FACTURACION CICLICA|AMDOCS|20260615|2026-07-01|PEN|48.94|8.81|57.75
2042324093|CLIENT_00826|625453431|682709857|S4AA-0007946304|FACTURACION CICLICA|AMDOCS|20260609|2026-06-25|PEN|100.79|18.14|118.93
2067647278|CLIENT_00078|21761575|402521183|S3AA-0078648207|FACTURACION CICLICA|AMDOCS|20260615|2026-07-01|PEN|43.18|7.78|50.96
2082156443|CLIENT_00237|28763575|092103733|S3AA-0079322063|FACTURACION CICLICA|AMDOCS|20260615|2026-07-01|PEN|27.71|4.98|32.69
2009768742|CLIENT_00967|150612921|407429857|S4AA-0008024589|FACTURACION CICLICA|AMDOCS|20260609|2026-06-25|PEN|59.26|10.67|69.93
2068100781|CLIENT_00901|97653575|442431601|S3AA-0079274091|FACTURACION CICLICA|AMDOCS|20260615|2026-07-01|PEN|33.75|6.08|39.83
2014417729|CLIENT_00760|558077111|052291067|S3AA-0079064216|FACTURACION CICLICA|AMDOCS|20260615|2026-07-01|PEN|53.33|9.60|62.93
2070960858|CLIENT_00456|244253411|586927957|S3AA-0078940450|FACTURACION CICLICA|AMDOCS|20260615|2026-07-01|PEN|38.19|6.89|45.08
2006459799|CLIENT_00837|74471575|871233003|S3AA-0078970054|FACTURACION CICLICA|AMDOCS|20260615|2026-07-01|PEN|32.68|5.89|38.57
2094037394|CLIENT_00744|91516575|143072613|S3AA-0078713571|FACTURACION CICLICA|AMDOCS|20260615|2026-07-01|PEN|49.77|8.96|58.73
2057750040|CLIENT_00558|011790331|415948657|S3AA-0078635388|FACTURACION CICLICA|AMDOCS|20260615|2026-07-01|PEN|41.47|7.46|48.93
2028148322|CLIENT_00798|155368321|952262457|S3AA-0079024315|FACTURACION CICLICA|AMDOCS|20260615|2026-07-01|PEN|71.13|12.80|83.93
2023281496|CLIENT_00538|80317575|542639501|S3AA-0078599486|FACTURACION CICLICA|AMDOCS|20260615|2026-07-01|PEN|49.18|8.86|58.03
2023281496|CLIENT_00538|80317575|834498657|S3AA-0078616414|FACTURACION CICLICA|AMDOCS|20260615|2026-07-01|PEN|168.83|30.39|199.22
2072848608|CLIENT_00545|54962575|830335233|S3AA-0078951568|FACTURACION CICLICA|AMDOCS|20260615|2026-07-01|PEN|20.83|3.74|24.57
2001156117|CLIENT_00442|91425575|562588501|S3AA-0078703989|FACTURACION CICLICA|AMDOCS|20260615|2026-07-01|PEN|31.74|5.71|37.45
2096452817|CLIENT_00208|27153575|315572113|S3AA-0079207712|FACTURACION CICLICA|AMDOCS|20260615|2026-07-01|PEN|33.75|6.08|39.83
2070960858|CLIENT_00456|401913421|326927957|S3AA-0078579453|FACTURACION CICLICA|AMDOCS|20260615|2026-07-01|PEN|38.19|6.89|45.08
2025424256|CLIENT_00721|297043021|341943067|S3AA-0079425402|FACTURACION CICLICA|AMDOCS|20260615|2026-07-01|PEN|23.67|4.26|27.93
2081251090|CLIENT_00501|256149711|404955927|S3AA-0079029646|FACTURACION CICLICA|AMDOCS|20260615|2026-07-01|PEN|40.70|7.32|48.02
2066708502|CLIENT_00083|06594575|903148513|S3AA-0079093801|FACTURACION CICLICA|AMDOCS|20260615|2026-07-01|PEN|40.05|7.20|47.25
2037889248|CLIENT_00761|12041575|516592593|S3AA-0078733924|FACTURACION CICLICA|AMDOCS|20260615|2026-07-01|PEN|29.60|5.33|34.93
2021032699|CLIENT_00278|460158211|980490627|S9AA-0081731400|FACTURACION CICLICA|AMDOCS|20260601|2026-06-17|PEN|44.20|7.95|52.15
2098309864|CLIENT_00512|84251595|288157067|S9AA-0082461075|FACTURACION CICLICA|AMDOCS|20260601|2026-06-17|PEN|53.33|9.60|62.93
2050372725|CLIENT_00988|615858811|305722857|S3AA-0078692786|FACTURACION CICLICA|AMDOCS|20260615|2026-07-01|PEN|103.52|18.63|122.15
2070960858|CLIENT_00456|401913421|259110067|S3AA-0078579520|FACTURACION CICLICA|AMDOCS|20260615|2026-07-01|PEN|26.40|4.75|31.15
2007774830|CLIENT_00695|424360011|519759817|S3AA-0078763064|FACTURACION CICLICA|AMDOCS|20260615|2026-07-01|PEN|49.18|8.86|58.03
2070960858|CLIENT_00456|401913421|861037957|S3AA-0078579456|FACTURACION CICLICA|AMDOCS|20260615|2026-07-01|PEN|35.53|6.40|41.93
2052009555|CLIENT_00491|53863575|609978353|S3AA-0078885312|FACTURACION CICLICA|AMDOCS|20260615|2026-07-01|PEN|19.88|3.57|23.45
2037181733|CLIENT_00226|040742521|560084557|S3AA-0078920008|FACTURACION CICLICA|AMDOCS|20260615|2026-07-01|PEN|47.40|8.53|55.93
2082422571|CLIENT_00010|792078121|510144857|S3AA-0079472058|FACTURACION CICLICA|AMDOCS|20260615|2026-07-01|PEN|81.69|14.70|96.39
2088412995|CLIENT_00410|87777575|561737067|S3AA-0079282897|FACTURACION CICLICA|AMDOCS|20260615|2026-07-01|PEN|41.47|7.46|48.93
2070960858|CLIENT_00456|401913421|319927957|S3AA-0078579454|FACTURACION CICLICA|AMDOCS|20260615|2026-07-01|PEN|38.26|6.89|45.15
2036822926|CLIENT_00194|88087575|786761601|S3AA-0079369122|FACTURACION CICLICA|AMDOCS|20260615|2026-07-01|PEN|25.45|4.58|30.03
2039660724|CLIENT_00161|784058921|020819157|S3AA-0079375227|FACTURACION CICLICA|AMDOCS|20260615|2026-07-01|PEN|177.67|31.98|209.65
2002657495|CLIENT_00013|87633575|456087043|S3AA-0079274693|FACTURACION CICLICA|AMDOCS|20260615|2026-07-01|PEN|36.48|6.57|43.05
2058548876|CLIENT_00683|355637921|663986157|S3AA-0079042659|FACTURACION CICLICA|AMDOCS|20260615|2026-07-01|PEN|53.33|9.60|62.93
2044862591|CLIENT_00895|88942575|732812923|S3AA-0079379213|FACTURACION CICLICA|AMDOCS|20260615|2026-07-01|PEN|28.11|5.07|33.18
2067647278|CLIENT_00078|21761575|488531213|S3AA-0078647136|FACTURACION CICLICA|AMDOCS|20260615|2026-07-01|PEN|43.25|7.78|51.03
2004755252|CLIENT_00017|07004575|131851673|S3AA-0079199301|FACTURACION CICLICA|AMDOCS|20260615|2026-07-01|PEN|89.63|16.14|105.77
2003216433|CLIENT_00243|477725311|184680947|S3AA-0079241650|FACTURACION CICLICA|AMDOCS|20260615|2026-07-01|PEN|97.76|17.60|115.36
2028873503|CLIENT_00053|34531575|010924823|S3AA-0078932588|FACTURACION CICLICA|AMDOCS|20260615|2026-07-01|PEN|12.69|2.29|14.98
2025935157|CLIENT_00401|323807011|303050817|S9AA-0082240550|FACTURACION CICLICA|AMDOCS|20260601|2026-06-17|PEN|138.22|24.88|163.10
2014718111|CLIENT_00016|68641575|133826123|S3AA-0079359936|FACTURACION CICLICA|AMDOCS|20260615|2026-07-01|PEN|82.94|14.92|97.86
2079287596|CLIENT_00457|567110221|286284737|S3AA-0079154256|FACTURACION CICLICA|AMDOCS|20260615|2026-07-01|PEN|69.88|12.58|82.46
2027698007|CLIENT_00990|687330621|848818657|S3AA-0079366990|FACTURACION CICLICA|AMDOCS|20260615|2026-07-01|PEN|93.08|16.75|109.83
2041506167|CLIENT_00025|53091575|056319627|S9AA-0082344814|FACTURACION CICLICA|AMDOCS|20260601|2026-06-17|PEN|58.02|10.44|68.46
2085420441|CLIENT_00762|34542575|044822823|S3AA-0078932584|FACTURACION CICLICA|AMDOCS|20260615|2026-07-01|PEN|19.04|3.43|22.47
2038638301|CLIENT_00391|543454421|354077447|S3AA-0078965400|FACTURACION CICLICA|AMDOCS|20260615|2026-07-01|PEN|64.01|11.52|75.53
2027087229|CLIENT_00844|822584421|871428247|S3AA-0078803604|FACTURACION CICLICA|AMDOCS|20260615|2026-07-01|PEN|109.45|19.70|129.15
2080289526|CLIENT_00976|89031575|576170633|S3AA-0079303276|FACTURACION CICLICA|AMDOCS|20260615|2026-07-01|PEN|29.96|5.39|35.35
2006459799|CLIENT_00837|74471575|147616463|S3AA-0078980466|FACTURACION CICLICA|AMDOCS|20260615|2026-07-01|PEN|18.98|3.42|22.40
2091534039|CLIENT_00872|397147921|239879657|S3AA-0079433644|FACTURACION CICLICA|AMDOCS|20260615|2026-07-01|PEN|121.97|21.95|143.92
2006459799|CLIENT_00837|74471575|786140983|S3AA-0078980845|FACTURACION CICLICA|AMDOCS|20260615|2026-07-01|PEN|43.25|7.78|51.03
2016722807|CLIENT_00364|838714921|300241957|S9AA-0082374544|FACTURACION CICLICA|AMDOCS|20260601|2026-06-17|PEN|20.70|3.73|24.43
2078692933|CLIENT_00993|18160985|752519306|S9AA-0081875593|FACTURACION CICLICA|AMDOCS|20260601|2026-06-17|PEN|47.40|8.53|55.93
2041085342|CLIENT_00197|24077575|599021601|S3AA-0078922518|FACTURACION CICLICA|AMDOCS|20260615|2026-07-01|PEN|14.24|2.56|16.80
2077915427|CLIENT_00955|68022575|596504733|S3AA-0079360182|FACTURACION CICLICA|AMDOCS|20260615|2026-07-01|PEN|15.73|2.82|18.55
2094902246|CLIENT_00008|571644011|999010657|S3AA-0079252704|FACTURACION CICLICA|AMDOCS|20260615|2026-07-01|PEN|94.86|17.07|111.93
2090334510|CLIENT_00875|332812621|071849547|S3AA-0078851427|FACTURACION CICLICA|AMDOCS|20260615|2026-07-01|PEN|105.53|19.00|124.53
2075957069|CLIENT_00305|045109311|536052327|S3AA-0078915060|FACTURACION CICLICA|AMDOCS|20260615|2026-07-01|PEN|49.18|8.86|58.03
2031091013|CLIENT_00196|71934575|783330853|S3AA-0078695272|FACTURACION CICLICA|AMDOCS|20260615|2026-07-01|PEN|25.14|4.54|29.68
2077915427|CLIENT_00955|68022575|696504733|S3AA-0079360183|FACTURACION CICLICA|AMDOCS|20260615|2026-07-01|PEN|15.73|2.82|18.55
2002657495|CLIENT_00013|87633575|956087043|S3AA-0079274694|FACTURACION CICLICA|AMDOCS|20260615|2026-07-01|PEN|46.21|8.32|54.53
2007774830|CLIENT_00695|367433111|890391917|S3AA-0079133583|FACTURACION CICLICA|AMDOCS|20260615|2026-07-01|PEN|54.46|9.80|64.26
2025424256|CLIENT_00721|297043021|536553067|S3AA-0079425404|FACTURACION CICLICA|AMDOCS|20260615|2026-07-01|PEN|23.67|4.26|27.93
2052009555|CLIENT_00491|53863575|854401443|S3AA-0078885182|FACTURACION CICLICA|AMDOCS|20260615|2026-07-01|PEN|46.14|8.32|54.46
2062201122|CLIENT_00210|37890575|820315303|S3AA-0079217138|FACTURACION CICLICA|AMDOCS|20260615|2026-07-01|PEN|33.75|6.08|39.83
2052009555|CLIENT_00491|53863575|663401443|S3AA-0078885180|FACTURACION CICLICA|AMDOCS|20260615|2026-07-01|PEN|46.21|8.32|54.53
2095824297|CLIENT_00323|31282575|849532333|S3AA-0078657050|FACTURACION CICLICA|AMDOCS|20260615|2026-07-01|PEN|35.53|6.40|41.93
2077915427|CLIENT_00955|68022575|989552917|S3AA-0079361702|FACTURACION CICLICA|AMDOCS|20260615|2026-07-01|PEN|15.66|2.82|18.48
2028873503|CLIENT_00053|34531575|210355723|S3AA-0078932566|FACTURACION CICLICA|AMDOCS|20260615|2026-07-01|PEN|12.69|2.29|14.98
2010060777|CLIENT_00473|65329895|614898406|S9AA-0081651547|FACTURACION CICLICA|AMDOCS|20260601|2026-06-17|PEN|174.35|31.38|205.73
2050440165|CLIENT_00596|28793006|493077857|S9AA-0081890478|FACTURACION CICLICA|AMDOCS|20260601|2026-06-17|PEN|100.79|18.14|118.93
2044479748|CLIENT_00957|412171921|610099557|S3AA-0078673192|FACTURACION CICLICA|AMDOCS|20260615|2026-07-01|PEN|47.46|8.54|56.00
2082422571|CLIENT_00010|792078121|391821737|S3AA-0079467773|FACTURACION CICLICA|AMDOCS|20260615|2026-07-01|PEN|47.40|8.53|55.93
2031853028|CLIENT_00531|148721331|275898657|S3AA-0078930050|FACTURACION CICLICA|AMDOCS|20260615|2026-07-01|PEN|59.26|10.67|69.93
2028110957|CLIENT_00960|98614575|683070253|S3AA-0079388836|FACTURACION CICLICA|AMDOCS|20260615|2026-07-01|PEN|31.38|5.65|37.03
2006969490|CLIENT_00418|79003575|931637733|S3AA-0079464719|FACTURACION CICLICA|AMDOCS|20260615|2026-07-01|PEN|34.11|6.14|40.25
2074242971|CLIENT_00479|220136621|618805067|S3AA-0078750720|FACTURACION CICLICA|AMDOCS|20260615|2026-07-01|PEN|100.86|18.14|119.00
2026820794|CLIENT_00028|504642321|942433047|S3AA-0078584539|FACTURACION CICLICA|AMDOCS|20260615|2026-07-01|PEN|48.87|8.81|57.68
2021963014|CLIENT_00192|89345575|303701283|S3AA-0079303931|FACTURACION CICLICA|AMDOCS|20260615|2026-07-01|PEN|71.13|12.80|83.93
2025216315|CLIENT_00075|18781575|491844333|S3AA-0079312767|FACTURACION CICLICA|AMDOCS|20260615|2026-07-01|PEN|29.01|5.22|34.23
1031024653|CLIENT_00975|73812575|294918863|S3AA-0078875952|FACTURACION CICLICA|AMDOCS|20260615|2026-07-01|PEN|56.29|10.14|66.43
2067006652|CLIENT_00878|49235575|459592673|S3AA-0079436766|FACTURACION CICLICA|AMDOCS|20260615|2026-07-01|PEN|38.49|6.94|45.43
2000097055|CLIENT_00892|272818321|966665147|S3AA-0079221295|FACTURACION CICLICA|AMDOCS|20260615|2026-07-01|PEN|18.98|3.42|22.40
2077915427|CLIENT_00955|68022575|970035423|S3AA-0079359994|FACTURACION CICLICA|AMDOCS|20260615|2026-07-01|PEN|23.14|4.16|27.30
2081245613|CLIENT_00129|207627921|199681757|S3AA-0078559377|FACTURACION CICLICA|AMDOCS|20260615|2026-07-01|PEN|109.63|19.73|129.36
2014220137|CLIENT_00553|287712321|306693047|S3AA-0079325671|FACTURACION CICLICA|AMDOCS|20260615|2026-07-01|PEN|54.93|9.89|64.82
2091733360|CLIENT_00277|06703575|437263783|S3AA-0079104314|FACTURACION CICLICA|AMDOCS|20260615|2026-07-01|PEN|33.75|6.08|39.83
2006459799|CLIENT_00837|74471575|848434793|S3AA-0078980991|FACTURACION CICLICA|AMDOCS|20260615|2026-07-01|PEN|18.98|3.42|22.40
2020274387|CLIENT_00535|312562221|682205447|S3AA-0078661177|FACTURACION CICLICA|AMDOCS|20260615|2026-07-01|PEN|25.45|4.58|30.03
2082043891|CLIENT_00584|38282575|410910233|S3AA-0079331506|FACTURACION CICLICA|AMDOCS|20260615|2026-07-01|PEN|53.92|9.71|63.63
2070960858|CLIENT_00456|401913421|940037957|S3AA-0078579455|FACTURACION CICLICA|AMDOCS|20260615|2026-07-01|PEN|50.96|9.17|60.13
2077915427|CLIENT_00955|68022575|629028823|S3AA-0079360068|FACTURACION CICLICA|AMDOCS|20260615|2026-07-01|PEN|13.65|2.45|16.10
2028873503|CLIENT_00053|34531575|813589923|S3AA-0078932639|FACTURACION CICLICA|AMDOCS|20260615|2026-07-01|PEN|13.58|2.45|16.03
2008935428|CLIENT_00164|087471221|336668737|S3AA-0079296802|FACTURACION CICLICA|AMDOCS|20260615|2026-07-01|PEN|71.13|12.80|83.93
2020143008|CLIENT_00090|215219121|412903747|S3AA-0078652211|FACTURACION CICLICA|AMDOCS|20260615|2026-07-01|PEN|50.13|9.02|59.15
2067647278|CLIENT_00078|21761575|829531213|S3AA-0078647137|FACTURACION CICLICA|AMDOCS|20260615|2026-07-01|PEN|43.25|7.78|51.03
2046973081|CLIENT_00855|10261906|298836047|S9AA-0082060892|FACTURACION CICLICA|AMDOCS|20260601|2026-06-17|PEN|67.33|12.12|79.45
2037181733|CLIENT_00226|040742521|970084557|S3AA-0078920009|FACTURACION CICLICA|AMDOCS|20260615|2026-07-01|PEN|23.67|4.26|27.93
2094370630|CLIENT_00139|018002321|394901657|S3AA-0078635098|FACTURACION CICLICA|AMDOCS|20260615|2026-07-01|PEN|100.79|18.14|118.93
2026884680|CLIENT_00626|264187131|478717457|S3AA-0079128934|FACTURACION CICLICA|AMDOCS|20260615|2026-07-01|PEN|76.11|13.70|89.81
2025424256|CLIENT_00721|297043021|435943067|S3AA-0079425403|FACTURACION CICLICA|AMDOCS|20260615|2026-07-01|PEN|23.67|4.26|27.93
2082043891|CLIENT_00584|38282575|323625283|S3AA-0079332203|FACTURACION CICLICA|AMDOCS|20260615|2026-07-01|PEN|68.16|12.27|80.43
2080713308|CLIENT_00225|26052575|075594063|S3AA-0079122964|FACTURACION CICLICA|AMDOCS|20260615|2026-07-01|PEN|24.86|4.47|29.33
2077915427|CLIENT_00955|68022575|396504733|S3AA-0079360181|FACTURACION CICLICA|AMDOCS|20260615|2026-07-01|PEN|15.73|2.82|18.55
2028873503|CLIENT_00053|34531575|800355723|S3AA-0078932565|FACTURACION CICLICA|AMDOCS|20260615|2026-07-01|PEN|13.58|2.45|16.03
2028712026|CLIENT_00204|80750575|306216173|S9AA-0082108076|FACTURACION CICLICA|AMDOCS|20260601|2026-06-17|PEN|24.56|4.42|28.98
2002657495|CLIENT_00013|87633575|665087043|S3AA-0079274692|FACTURACION CICLICA|AMDOCS|20260615|2026-07-01|PEN|39.69|7.14|46.83
2057768570|CLIENT_00068|32621575|492061703|S3AA-0078742044|FACTURACION CICLICA|AMDOCS|20260615|2026-07-01|PEN|44.44|7.99|52.43
2021963014|CLIENT_00192|89345575|465296247|S3AA-0079307058|FACTURACION CICLICA|AMDOCS|20260615|2026-07-01|PEN|25.45|4.58|30.03
2006459799|CLIENT_00837|74471575|068080793|S3AA-0078980981|FACTURACION CICLICA|AMDOCS|20260615|2026-07-01|PEN|18.98|3.42|22.40
2013697319|CLIENT_00507|12872575|654768543|S3AA-0078733151|FACTURACION CICLICA|AMDOCS|20260615|2026-07-01|PEN|37.25|6.71|43.96
2016738253|CLIENT_00320|30344575|277349343|S3AA-0078562065|FACTURACION CICLICA|AMDOCS|20260615|2026-07-01|PEN|27.23|4.90|32.13
2088688350|CLIENT_00267|03725575|530221601|S3AA-0078808517|FACTURACION CICLICA|AMDOCS|20260615|2026-07-01|PEN|64.96|11.69|76.65
2056934422|CLIENT_00124|35686575|642991501|S3AA-0079027018|FACTURACION CICLICA|AMDOCS|20260615|2026-07-01|PEN|18.92|3.41|22.33
2031682801|CLIENT_00220|745363821|953106947|S3AA-0078985196|FACTURACION CICLICA|AMDOCS|20260615|2026-07-01|PEN|31.38|5.65|37.03
2006257040|CLIENT_00405|59957575|125613147|S3AA-0079449399|FACTURACION CICLICA|AMDOCS|20260615|2026-07-01|PEN|52.14|9.39|61.53
2043314925|CLIENT_00110|33002575|078349023|S3AA-0078837319|FACTURACION CICLICA|AMDOCS|20260615|2026-07-01|PEN|20.11|3.62|23.73
2033213127|CLIENT_00483|29526575|915715893|S3AA-0079418089|FACTURACION CICLICA|AMDOCS|20260615|2026-07-01|PEN|18.98|3.42|22.40
2072727583|CLIENT_00076|55121185|341211306|S9AA-0081641623|FACTURACION CICLICA|AMDOCS|20260601|2026-06-17|PEN|50.19|9.03|59.22
2080971084|CLIENT_00348|512985521|966312157|S3AA-0078681463|FACTURACION CICLICA|AMDOCS|20260615|2026-07-01|PEN|88.92|16.01|104.93
2011067330|CLIENT_00113|336038121|033224167|S3AA-0078855554|FACTURACION CICLICA|AMDOCS|20260615|2026-07-01|PEN|23.43|4.22|27.65
2038838681|CLIENT_00691|47304716|667540737|S5AA-0081448860|FACTURACION CICLICA|AMDOCS|20260618|2026-07-05|PEN|71.13|12.80|83.93
2067006652|CLIENT_00878|49235575|778592673|S3AA-0079436765|FACTURACION CICLICA|AMDOCS|20260615|2026-07-01|PEN|19.88|3.57|23.45
2068100781|CLIENT_00901|97653575|345764593|S3AA-0079284921|FACTURACION CICLICA|AMDOCS|20260615|2026-07-01|PEN|33.75|6.08|39.83
2074581354|CLIENT_00824|681257721|108906847|S3AA-0079365045|FACTURACION CICLICA|AMDOCS|20260615|2026-07-01|PEN|102.33|18.42|120.75
2058367129|CLIENT_00948|219821911|952536137|S3AA-0078649746|FACTURACION CICLICA|AMDOCS|20260615|2026-07-01|PEN|147.53|26.56|174.09
2006563540|CLIENT_00639|34993575|933790943|S3AA-0078942297|FACTURACION CICLICA|AMDOCS|20260615|2026-07-01|PEN|29.01|5.22|34.23
2037889248|CLIENT_00761|12041575|202389647|S3AA-0078737609|FACTURACION CICLICA|AMDOCS|20260615|2026-07-01|PEN|55.06|9.91|64.96
2059324355|CLIENT_00481|32562575|800810033|S3AA-0078751892|FACTURACION CICLICA|AMDOCS|20260615|2026-07-01|PEN|23.67|4.26|27.93
2022190206|CLIENT_00446|32721575|796471423|S3AA-0078751781|FACTURACION CICLICA|AMDOCS|20260615|2026-07-01|PEN|33.10|5.96|39.06
2055715122|CLIENT_00910|655842121|682586637|S3AA-0079068483|FACTURACION CICLICA|AMDOCS|20260615|2026-07-01|PEN|57.19|10.29|67.48
2046269782|CLIENT_00179|408851011|816731717|S3AA-0078572904|FACTURACION CICLICA|AMDOCS|20260615|2026-07-01|PEN|24.86|4.47|29.33
2014407140|CLIENT_00312|281561611|322328627|S3AA-0079323744|FACTURACION CICLICA|AMDOCS|20260615|2026-07-01|PEN|49.18|8.86|58.03
2098378939|CLIENT_00598|40702575|907486933|S3AA-0078571446|FACTURACION CICLICA|AMDOCS|20260615|2026-07-01|PEN|47.40|8.53|55.93
2078310260|CLIENT_00775|261240031|663722257|S5AA-0081362991|FACTURACION CICLICA|AMDOCS|20260618|2026-07-05|PEN|53.33|9.60|62.93
2028148322|CLIENT_00798|155368321|584076147|S3AA-0079021884|FACTURACION CICLICA|AMDOCS|20260615|2026-07-01|PEN|19.40|3.49|22.89
2077915427|CLIENT_00955|68022575|878925423|S3AA-0079359992|FACTURACION CICLICA|AMDOCS|20260615|2026-07-01|PEN|15.66|2.82|18.48
2062185872|CLIENT_00774|913599321|048944447|S9AA-0082208311|FACTURACION CICLICA|AMDOCS|20260601|2026-06-17|PEN|58.01|10.45|68.46
2006459799|CLIENT_00837|74471575|650399393|S3AA-0078980927|FACTURACION CICLICA|AMDOCS|20260615|2026-07-01|PEN|38.20|6.88|45.08
2018501249|CLIENT_00107|642694521|347199547|S3AA-0078975021|FACTURACION CICLICA|AMDOCS|20260615|2026-07-01|PEN|82.75|14.90|97.65
2028110957|CLIENT_00960|98614575|483070253|S3AA-0079388835|FACTURACION CICLICA|AMDOCS|20260615|2026-07-01|PEN|49.18|8.86|58.03
2039137544|CLIENT_00939|74464985|515459306|S5AA-0081249494|FACTURACION CICLICA|AMDOCS|20260618|2026-07-05|PEN|50.66|9.12|59.78
2085903598|CLIENT_00188|665256511|453496657|S5AA-0081392489|FACTURACION CICLICA|AMDOCS|20260618|2026-07-05|PEN|47.64|8.58|56.21
2045309501|CLIENT_00511|03074575|854215713|S3AA-0078808770|FACTURACION CICLICA|AMDOCS|20260615|2026-07-01|PEN|51.84|9.34|61.18
2079641879|CLIENT_00082|88171716|796961057|S5AA-0081551554|FACTURACION CICLICA|AMDOCS|20260618|2026-07-05|PEN|71.13|12.80|83.93
2057100089|CLIENT_00499|07661185|996162347|S5AA-0081420094|FACTURACION CICLICA|AMDOCS|20260618|2026-07-05|PEN|80.02|14.41|94.43
2056140058|CLIENT_00828|39666216|413053437|S5AA-0081586672|FACTURACION CICLICA|AMDOCS|20260618|2026-07-05|PEN|104.47|18.80|123.27
2082647868|CLIENT_00292|88402006|478720506|S9AA-0081936814|FACTURACION CICLICA|AMDOCS|20260601|2026-06-17|PEN|72.02|12.96|84.98
2047042192|CLIENT_00205|85213575|952910863|S3AA-0079084995|FACTURACION CICLICA|AMDOCS|20260615|2026-07-01|PEN|42.77|7.70|50.47
2067647278|CLIENT_00078|21761575|057746343|S3AA-0078647652|FACTURACION CICLICA|AMDOCS|20260615|2026-07-01|PEN|28.18|5.07|33.25
2050799857|CLIENT_00697|332353021|028097337|S9AA-0082328129|FACTURACION CICLICA|AMDOCS|20260601|2026-06-17|PEN|186.15|33.51|219.66
2013246233|CLIENT_00177|35434385|657250167|S9AA-0082504693|FACTURACION CICLICA|AMDOCS|20260601|2026-06-17|PEN|50.13|9.02|59.15
2005150947|CLIENT_00073|15791106|738521506|S9AA-0082481260|FACTURACION CICLICA|AMDOCS|20260601|2026-06-17|PEN|238.89|43.00|281.89
2082422571|CLIENT_00010|792078121|608838957|S3AA-0079472628|FACTURACION CICLICA|AMDOCS|20260615|2026-07-01|PEN|44.20|7.95|52.15
2099090721|CLIENT_00528|77113575|259418013|S3AA-0079255266|FACTURACION CICLICA|AMDOCS|20260615|2026-07-01|PEN|46.21|8.32|54.53
2085588833|CLIENT_00578|67596985|512168857|S5AA-0081465381|FACTURACION CICLICA|AMDOCS|20260618|2026-07-05|PEN|100.79|18.14|118.93
2064617159|CLIENT_00426|63245985|612469306|S5AA-0081169775|FACTURACION CICLICA|AMDOCS|20260618|2026-07-05|PEN|53.03|9.56|62.58
2035721731|CLIENT_00256|802522431|493396857|S3AA-0078616964|FACTURACION CICLICA|AMDOCS|20260615|2026-07-01|PEN|82.99|14.94|97.93
2068100781|CLIENT_00901|19701506|266683067|S5AA-0081574626|FACTURACION CICLICA|AMDOCS|20260618|2026-07-05|PEN|82.99|14.94|97.93
2067006652|CLIENT_00878|43445575|885512673|S3AA-0078857096|FACTURACION CICLICA|AMDOCS|20260615|2026-07-01|PEN|47.10|8.48|55.58
2085420441|CLIENT_00762|34542575|447425313|S3AA-0078932212|FACTURACION CICLICA|AMDOCS|20260615|2026-07-01|PEN|22.41|4.05|26.46
2011701911|CLIENT_00011|56631806|827509506|S5AA-0081381043|FACTURACION CICLICA|AMDOCS|20260618|2026-07-05|PEN|122.43|22.05|144.48
2016722807|CLIENT_00364|838714921|965311957|S9AA-0082374541|FACTURACION CICLICA|AMDOCS|20260601|2026-06-17|PEN|17.74|3.19|20.93
2011752824|CLIENT_00623|634694321|742119047|S9AA-0082354846|FACTURACION CICLICA|AMDOCS|20260601|2026-06-17|PEN|79.26|14.26|93.52
2082043891|CLIENT_00584|88271306|903771957|S5AA-0081552568|FACTURACION CICLICA|AMDOCS|20260618|2026-07-05|PEN|94.86|17.07|111.93
2011722087|CLIENT_00088|27841006|947620506|S5AA-0081431770|FACTURACION CICLICA|AMDOCS|20260618|2026-07-05|PEN|7.53|1.36|8.89
2046930363|CLIENT_00514|19676295|174972406|S5AA-0081569408|FACTURACION CICLICA|AMDOCS|20260618|2026-07-05|PEN|47.40|8.53|55.93
2049019784|CLIENT_00811|92003575|471659563|S3AA-0078809630|FACTURACION CICLICA|AMDOCS|20260615|2026-07-01|PEN|27.23|4.90|32.13
2044354863|CLIENT_00913|101105521|780218447|S5AA-0080919063|FACTURACION CICLICA|AMDOCS|20260618|2026-07-05|PEN|47.40|8.53|55.93
2088412995|CLIENT_00410|87777575|763541601|S3AA-0079264596|FACTURACION CICLICA|AMDOCS|20260615|2026-07-01|PEN|37.25|6.71|43.96
2016722807|CLIENT_00364|64273106|509742957|S9AA-0082452350|FACTURACION CICLICA|AMDOCS|20260601|2026-06-17|PEN|11.80|2.13|13.93
2091789509|CLIENT_00886|13715295|362362406|S5AA-0081133545|FACTURACION CICLICA|AMDOCS|20260618|2026-07-05|PEN|1.01|.18|1.19
2003540698|CLIENT_00412|69231985|026181637|S5AA-0081608651|FACTURACION CICLICA|AMDOCS|20260618|2026-07-05|PEN|61.04|10.99|72.03
2045546222|CLIENT_00594|13024795|162947837|S5AA-0081136627|FACTURACION CICLICA|AMDOCS|20260618|2026-07-05|PEN|133.41|24.02|157.43
2006459799|CLIENT_00837|74471575|233972773|S3AA-0078980657|FACTURACION CICLICA|AMDOCS|20260615|2026-07-01|PEN|18.98|3.42|22.40
2051379016|CLIENT_00444|841100701|789582817|S9AA-0082456430|FACTURACION CICLICA|AMDOCS|20260601|2026-06-17|PEN|34.11|6.14|40.25
2014332657|CLIENT_00751|04139606|534776506|S9AA-0082386387|FACTURACION CICLICA|AMDOCS|20260601|2026-06-17|PEN|79.44|14.29|93.73
2058246578|CLIENT_00853|99872785|702937306|S5AA-0081627120|FACTURACION CICLICA|AMDOCS|20260618|2026-07-05|PEN|64.96|11.69|76.65
2008733174|CLIENT_00190|37962116|069922606|S5AA-0081439265|FACTURACION CICLICA|AMDOCS|20260618|2026-07-05|PEN|2.77|.49|3.26
2096030030|CLIENT_00475|77460395|923513406|S5AA-0081467737|FACTURACION CICLICA|AMDOCS|20260618|2026-07-05|PEN|101.68|18.31|119.98
2046155934|CLIENT_00493|75753575|666913643|S3AA-0079075288|FACTURACION CICLICA|AMDOCS|20260615|2026-07-01|PEN|46.21|8.32|54.53
2041328688|CLIENT_00299|23295216|010749757|S5AA-0081145626|FACTURACION CICLICA|AMDOCS|20260618|2026-07-05|PEN|53.33|9.60|62.93
2094069953|CLIENT_00856|579701821|636832947|S5AA-0081457085|FACTURACION CICLICA|AMDOCS|20260618|2026-07-05|PEN|97.59|17.56|115.15
2079287596|CLIENT_00457|567110221|394084737|S3AA-0079154254|FACTURACION CICLICA|AMDOCS|20260615|2026-07-01|PEN|144.44|26.01|170.45
2001625741|CLIENT_00222|80203575|686639433|S3AA-0078609410|FACTURACION CICLICA|AMDOCS|20260615|2026-07-01|PEN|77.06|13.87|90.93
2073554752|CLIENT_00325|13671295|591722406|S5AA-0081133516|FACTURACION CICLICA|AMDOCS|20260618|2026-07-05|PEN|50.96|9.17|60.13
2035226116|CLIENT_00450|20276516|745365606|S5AA-0080923735|FACTURACION CICLICA|AMDOCS|20260618|2026-07-05|PEN|103.10|18.56|121.66
2086306604|CLIENT_00634|76627216|402342606|S5AA-0081395773|FACTURACION CICLICA|AMDOCS|20260618|2026-07-05|PEN|37.32|6.71|44.03
2079459148|CLIENT_00345|84006595|696175406|S5AA-0081257270|FACTURACION CICLICA|AMDOCS|20260618|2026-07-05|PEN|163.49|29.43|192.92
2022887994|CLIENT_00145|32866016|450578847|S5AA-0081079413|FACTURACION CICLICA|AMDOCS|20260618|2026-07-05|PEN|65.20|11.73|76.93
2029619768|CLIENT_00671|76871695|674491857|S5AA-0081399983|FACTURACION CICLICA|AMDOCS|20260618|2026-07-05|PEN|21.29|3.84|25.13
2053570348|CLIENT_00998|39598195|941791406|S5AA-0081583856|FACTURACION CICLICA|AMDOCS|20260618|2026-07-05|PEN|64.60|11.63|76.23
2057463246|CLIENT_00753|020891011|335461647|S9AA-0082216979|FACTURACION CICLICA|AMDOCS|20260601|2026-06-17|PEN|144.03|25.93|169.96
2040265328|CLIENT_00922|23224575|205311463|S3AA-0078837958|FACTURACION CICLICA|AMDOCS|20260615|2026-07-01|PEN|18.92|3.41|22.33
2047695932|CLIENT_00358|34361416|154989637|S5AA-0081223648|FACTURACION CICLICA|AMDOCS|20260618|2026-07-05|PEN|47.40|8.53|55.93
2012162297|CLIENT_00079|22421195|898221406|S5AA-0081068059|FACTURACION CICLICA|AMDOCS|20260618|2026-07-05|PEN|47.99|8.64|56.63
2041506329|CLIENT_00468|81900195|583170547|S5AA-0081042665|FACTURACION CICLICA|AMDOCS|20260618|2026-07-05|PEN|58.72|10.58|69.30
2011171530|CLIENT_00052|610439211|479644847|S5AA-0081028394|FACTURACION CICLICA|AMDOCS|20260618|2026-07-05|PEN|88.92|16.01|104.93
2069507116|CLIENT_00675|57902706|568656447|S5AA-0081456620|FACTURACION CICLICA|AMDOCS|20260618|2026-07-05|PEN|41.47|7.46|48.93
2040008808|CLIENT_00209|30333575|044780043|S3AA-0078562005|FACTURACION CICLICA|AMDOCS|20260615|2026-07-01|PEN|39.69|7.14|46.83
2028712026|CLIENT_00204|145255911|797497537|S9AA-0082397283|FACTURACION CICLICA|AMDOCS|20260601|2026-06-17|PEN|136.09|24.49|160.58
2029902035|CLIENT_00756|03530816|398698606|S9AA-0082300453|FACTURACION CICLICA|AMDOCS|20260601|2026-06-17|PEN|465.44|83.78|549.22
2082202511|CLIENT_00338|61032716|467886606|S5AA-0081025362|FACTURACION CICLICA|AMDOCS|20260618|2026-07-05|PEN|100.79|18.14|118.93
2005459584|CLIENT_00291|62712575|083730423|S3AA-0078780308|FACTURACION CICLICA|AMDOCS|20260615|2026-07-01|PEN|28.18|5.07|33.25
2088855451|CLIENT_00667|870732221|781360837|S9AA-0081853074|FACTURACION CICLICA|AMDOCS|20260601|2026-06-17|PEN|106.48|19.17|125.65
2056140058|CLIENT_00828|39666216|575621357|S5AA-0081588182|FACTURACION CICLICA|AMDOCS|20260618|2026-07-05|PEN|80.02|14.41|94.43
2083097547|CLIENT_00654|16220516|226184557|S5AA-0081356036|FACTURACION CICLICA|AMDOCS|20260618|2026-07-05|PEN|41.47|7.46|48.93
2009716777|CLIENT_00151|97228806|111598506|S5AA-0081482782|FACTURACION CICLICA|AMDOCS|20260618|2026-07-05|PEN|5.03|.92|5.95
2024993405|CLIENT_00624|169283021|651258157|S5AA-0081355687|FACTURACION CICLICA|AMDOCS|20260618|2026-07-05|PEN|44.20|7.95|52.15
2057929173|CLIENT_00899|232251311|641460227|S9AA-0082318631|FACTURACION CICLICA|AMDOCS|20260601|2026-06-17|PEN|163.32|8.32|171.64
2091514048|CLIENT_00099|93455606|848147506|S5AA-0081192223|FACTURACION CICLICA|AMDOCS|20260618|2026-07-05|PEN|97.82|17.61|115.43
2051257434|CLIENT_00942|659474221|739516837|S5AA-0081318222|FACTURACION CICLICA|AMDOCS|20260618|2026-07-05|PEN|159.99|28.81|188.79
1021589348|CLIENT_00084|686327131|176116457|S5AA-0081537460|FACTURACION CICLICA|AMDOCS|20260618|2026-07-05|PEN|59.26|10.67|69.93
2035835869|CLIENT_00900|64205395|833163406|S5AA-0081242627|FACTURACION CICLICA|AMDOCS|20260618|2026-07-05|PEN|152.40|27.43|179.83
2059931462|CLIENT_00106|195771431|970426857|S5AA-0081574340|FACTURACION CICLICA|AMDOCS|20260618|2026-07-05|PEN|147.95|26.63|174.58
2054854170|CLIENT_00245|94709106|012491506|S5AA-0081264693|FACTURACION CICLICA|AMDOCS|20260618|2026-07-05|PEN|64.01|11.52|75.53
2028858667|CLIENT_00821|700649801|375458067|S9AA-0082115801|FACTURACION CICLICA|AMDOCS|20260601|2026-06-17|PEN|20.71|3.72|24.43
2037039972|CLIENT_00968|81193606|504736506|S5AA-0081039570|FACTURACION CICLICA|AMDOCS|20260618|2026-07-05|PEN|95.98|17.28|113.26
2004965083|CLIENT_00066|702913431|910148857|S3AA-0078607544|FACTURACION CICLICA|AMDOCS|20260615|2026-07-01|PEN|91.66|16.49|108.15
2082043891|CLIENT_00584|50111885|145028306|S5AA-0080944422|FACTURACION CICLICA|AMDOCS|20260618|2026-07-05|PEN|44.25|7.97|52.22
2003418714|CLIENT_00435|050793821|717556947|S5AA-0081275636|FACTURACION CICLICA|AMDOCS|20260618|2026-07-05|PEN|257.76|46.39|304.15
2017687980|CLIENT_00002|29261506|196015506|S5AA-0081577198|FACTURACION CICLICA|AMDOCS|20260618|2026-07-05|PEN|68.16|12.27|80.43
2004403801|CLIENT_00180|51668695|822986406|S5AA-0081017624|FACTURACION CICLICA|AMDOCS|20260618|2026-07-05|PEN|190.06|34.22|224.28
2029619768|CLIENT_00671|76871695|001126406|S5AA-0081395326|FACTURACION CICLICA|AMDOCS|20260618|2026-07-05|PEN|71.13|12.80|83.93
2052009555|CLIENT_00491|53863575|683401443|S3AA-0078885181|FACTURACION CICLICA|AMDOCS|20260615|2026-07-01|PEN|46.21|8.32|54.53
2044242578|CLIENT_00641|61758016|180317657|S5AA-0081029270|FACTURACION CICLICA|AMDOCS|20260618|2026-07-05|PEN|65.20|11.73|76.93
2012813785|CLIENT_00576|74098785|971697306|S5AA-0081249387|FACTURACION CICLICA|AMDOCS|20260618|2026-07-05|PEN|108.50|19.53|128.03
2074628342|CLIENT_00213|31059006|519090506|S9AA-0082152913|FACTURACION CICLICA|AMDOCS|20260601|2026-06-17|PEN|94.86|17.07|111.93
2022904680|CLIENT_00494|01762006|709596837|S5AA-0080984026|FACTURACION CICLICA|AMDOCS|20260618|2026-07-05|PEN|139.11|25.04|164.15
2064786199|CLIENT_00357|48525585|651365306|S5AA-0081518096|FACTURACION CICLICA|AMDOCS|20260618|2026-07-05|PEN|72.02|12.96|84.98
2049726118|CLIENT_00693|53967106|952071506|S5AA-0081162994|FACTURACION CICLICA|AMDOCS|20260618|2026-07-05|PEN|49.77|8.96|58.73
2098720538|CLIENT_00619|70805406|916244506|S5AA-0080959674|FACTURACION CICLICA|AMDOCS|20260618|2026-07-05|PEN|80.02|14.41|94.43
2046766017|CLIENT_00089|35476406|118810067|S5AA-0081298433|FACTURACION CICLICA|AMDOCS|20260618|2026-07-05|PEN|53.33|9.60|62.93
2022904680|CLIENT_00494|01762006|068427837|S5AA-0080984028|FACTURACION CICLICA|AMDOCS|20260618|2026-07-05|PEN|139.11|25.04|164.15
2022904680|CLIENT_00494|01762006|960103047|S5AA-0080984121|FACTURACION CICLICA|AMDOCS|20260618|2026-07-05|PEN|130.21|23.44|153.65
2071502889|CLIENT_00952|37201595|079615406|S5AA-0081438785|FACTURACION CICLICA|AMDOCS|20260618|2026-07-05|PEN|216.71|39.00|255.71
2013843524|CLIENT_00361|07433506|394923857|S5AA-0081421720|FACTURACION CICLICA|AMDOCS|20260618|2026-07-05|PEN|101.98|18.35|120.33
2024654901|CLIENT_00714|09444995|309649406|S5AA-0081562490|FACTURACION CICLICA|AMDOCS|20260618|2026-07-05|PEN|45.62|8.21|53.83
2044862591|CLIENT_00895|68520506|772001167|S5AA-0081538455|FACTURACION CICLICA|AMDOCS|20260618|2026-07-05|PEN|20.46|3.69|24.15
2018723284|CLIENT_00943|24907795|992587406|S5AA-0081213723|FACTURACION CICLICA|AMDOCS|20260618|2026-07-05|PEN|104.95|18.88|123.83
2091648036|CLIENT_00736|507047111|167051857|S5AA-0080949591|FACTURACION CICLICA|AMDOCS|20260618|2026-07-05|PEN|135.89|21.33|157.22
2002206758|CLIENT_00645|08320895|438810857|S5AA-0081494264|FACTURACION CICLICA|AMDOCS|20260618|2026-07-05|PEN|101.98|18.35|120.33
2083097547|CLIENT_00654|82030516|169444047|S5AA-0081114871|FACTURACION CICLICA|AMDOCS|20260618|2026-07-05|PEN|97.52|17.56|115.08
2073860151|CLIENT_00080|86391895|938064857|S5AA-0081407252|FACTURACION CICLICA|AMDOCS|20260618|2026-07-05|PEN|112.36|20.22|132.58
2083697675|CLIENT_00702|65940495|006614406|S5AA-0081315364|FACTURACION CICLICA|AMDOCS|20260618|2026-07-05|PEN|50.96|9.17|60.13
2096031193|CLIENT_00429|295240121|218685637|S5AA-0081579578|FACTURACION CICLICA|AMDOCS|20260618|2026-07-05|PEN|378.73|3.61|382.34
2050158167|CLIENT_00628|47189206|604697257|S5AA-0081450204|FACTURACION CICLICA|AMDOCS|20260618|2026-07-05|PEN|97.76|17.60|115.36
2093804116|CLIENT_00577|76921016|561996457|S9AA-0081760285|FACTURACION CICLICA|AMDOCS|20260601|2026-06-17|PEN|139.17|25.05|164.22
2064475821|CLIENT_00583|35777616|254046606|S9AA-0082499173|FACTURACION CICLICA|AMDOCS|20260601|2026-06-17|PEN|53.26|9.60|62.86
2050158167|CLIENT_00628|47189206|717597257|S5AA-0081450203|FACTURACION CICLICA|AMDOCS|20260618|2026-07-05|PEN|139.17|25.05|164.22
2094973310|CLIENT_00523|162487121|820342757|S5AA-0081356244|FACTURACION CICLICA|AMDOCS|20260618|2026-07-05|PEN|103.52|18.63|122.15
2065059290|CLIENT_00015|671814511|178426527|S5AA-0081462800|FACTURACION CICLICA|AMDOCS|20260618|2026-07-05|PEN|104.52|18.82|123.34
2061270007|CLIENT_00298|41329095|201101406|S5AA-0081009958|FACTURACION CICLICA|AMDOCS|20260618|2026-07-05|PEN|23.91|4.31|28.21
2098217998|CLIENT_00516|43944106|598141506|S5AA-0081155651|FACTURACION CICLICA|AMDOCS|20260618|2026-07-05|PEN|74.98|13.50|88.48
2065971015|CLIENT_00157|862543011|165703427|S5AA-0081404666|FACTURACION CICLICA|AMDOCS|20260618|2026-07-05|PEN|49.18|8.86|58.03
2050348529|CLIENT_00770|567857431|569905957|S5AA-0081385589|FACTURACION CICLICA|AMDOCS|20260618|2026-07-05|PEN|94.74|17.05|111.79
2044062182|CLIENT_00560|55692195|027899537|S5AA-0081310804|FACTURACION CICLICA|AMDOCS|20260618|2026-07-05|PEN|20.11|3.62|23.73
2083952379|CLIENT_00646|187786921|512546157|S5AA-0081500897|FACTURACION CICLICA|AMDOCS|20260618|2026-07-05|PEN|66.91|12.05|78.96
2098720538|CLIENT_00619|85115406|726244506|S5AA-0081330126|FACTURACION CICLICA|AMDOCS|20260618|2026-07-05|PEN|58.67|10.56|69.23
2025199500|CLIENT_00474|81624306|258533506|S5AA-0081039488|FACTURACION CICLICA|AMDOCS|20260618|2026-07-05|PEN|119.77|21.56|141.33
2002846047|CLIENT_00694|10574185|008841306|S5AA-0080914876|FACTURACION CICLICA|AMDOCS|20260618|2026-07-05|PEN|41.29|7.43|48.72
2023740275|CLIENT_00569|514240531|757049957|S5AA-0081022431|FACTURACION CICLICA|AMDOCS|20260618|2026-07-05|PEN|77.06|13.87|90.93
2013392711|CLIENT_00135|92388716|062288606|S9AA-0082291732|FACTURACION CICLICA|AMDOCS|20260601|2026-06-17|PEN|99.60|17.93|117.53
2011337701|CLIENT_00816|938353231|032636557|S5AA-0081196196|FACTURACION CICLICA|AMDOCS|20260618|2026-07-05|PEN|56.06|10.09|66.15
2096049962|CLIENT_01000|66537116|705563947|S5AA-0081391718|FACTURACION CICLICA|AMDOCS|20260618|2026-07-05|PEN|94.86|17.07|111.93
2080338247|CLIENT_00934|521923221|756609357|S5AA-0081094302|FACTURACION CICLICA|AMDOCS|20260618|2026-07-05|PEN|23.67|4.26|27.93
2038909371|CLIENT_00713|98360385|977703306|S5AA-0081554310|FACTURACION CICLICA|AMDOCS|20260618|2026-07-05|PEN|77.95|14.03|91.98
2002271273|CLIENT_00273|226188921|562791557|S5AA-0081072718|FACTURACION CICLICA|AMDOCS|20260618|2026-07-05|PEN|85.90|15.46|101.36
2012453412|CLIENT_00293|31688106|712075857|S5AA-0081007704|FACTURACION CICLICA|AMDOCS|20260618|2026-07-05|PEN|137.50|24.76|162.26
2028712026|CLIENT_00204|78912516|692026606|S9AA-0081928819|FACTURACION CICLICA|AMDOCS|20260601|2026-06-17|PEN|33.64|6.06|39.69
2011171530|CLIENT_00052|610439211|548734537|S5AA-0081027402|FACTURACION CICLICA|AMDOCS|20260618|2026-07-05|PEN|52.14|9.39|61.53
2063005127|CLIENT_00354|84063185|476431306|S5AA-0081256282|FACTURACION CICLICA|AMDOCS|20260618|2026-07-05|PEN|104.41|18.79|123.20
2064658684|CLIENT_00353|55329516|319075606|S5AA-0081308723|FACTURACION CICLICA|AMDOCS|20260618|2026-07-05|PEN|91.89|16.54|108.43
2060001107|CLIENT_00314|41317295|723314757|S5AA-0081014728|FACTURACION CICLICA|AMDOCS|20260618|2026-07-05|PEN|127.13|22.88|150.01
2045546222|CLIENT_00594|241572321|683007157|S9AA-0082407829|FACTURACION CICLICA|AMDOCS|20260601|2026-06-17|PEN|127.60|22.97|150.57
2081309251|CLIENT_00433|97547106|878589057|S5AA-0081486324|FACTURACION CICLICA|AMDOCS|20260618|2026-07-05|PEN|50.65|9.13|59.78
2069123981|CLIENT_00352|160410421|078449147|S9AA-0081706758|FACTURACION CICLICA|AMDOCS|20260601|2026-06-17|PEN|59.03|10.62|69.65
2090808430|CLIENT_00946|239140521|688755457|S5AA-0081145202|FACTURACION CICLICA|AMDOCS|20260618|2026-07-05|PEN|118.59|21.34|139.93
2049666577|CLIENT_00077|64519885|230808857|S5AA-0081247480|FACTURACION CICLICA|AMDOCS|20260618|2026-07-05|PEN|55.99|10.09|66.08
2089935977|CLIENT_00509|351242611|058866937|S5AA-0081296441|FACTURACION CICLICA|AMDOCS|20260618|2026-07-05|PEN|53.33|9.60|62.93
2063960356|CLIENT_00283|83687795|897468947|S5AA-0081188364|FACTURACION CICLICA|AMDOCS|20260618|2026-07-05|PEN|115.56|20.80|136.36
2032869030|CLIENT_00111|71597416|415225067|S5AA-0081037114|FACTURACION CICLICA|AMDOCS|20260618|2026-07-05|PEN|53.33|9.60|62.93
2079641879|CLIENT_00082|88171716|345052057|S5AA-0081551565|FACTURACION CICLICA|AMDOCS|20260618|2026-07-05|PEN|71.13|12.80|83.93
2004670915|CLIENT_00592|88502895|956438406|S5AA-0081547860|FACTURACION CICLICA|AMDOCS|20260618|2026-07-05|PEN|115.56|20.80|136.36
2086977341|CLIENT_00182|602132321|813797847|S5AA-0080955893|FACTURACION CICLICA|AMDOCS|20260618|2026-07-05|PEN|18.91|3.42|22.33
2021563134|CLIENT_00471|802909421|978687957|S5AA-0080971728|FACTURACION CICLICA|AMDOCS|20260618|2026-07-05|PEN|59.26|10.67|69.93
2030329244|CLIENT_00587|87023195|896241406|S5AA-0081474963|FACTURACION CICLICA|AMDOCS|20260618|2026-07-05|PEN|16.62|2.98|19.60
2013870601|CLIENT_00098|19197485|937884306|S5AA-0081568879|FACTURACION CICLICA|AMDOCS|20260618|2026-07-05|PEN|112.42|20.23|132.65
2008261235|CLIENT_00881|25071785|808627306|S5AA-0081285730|FACTURACION CICLICA|AMDOCS|20260618|2026-07-05|PEN|119.77|21.56|141.33
2061726816|CLIENT_00637|20760906|912598506|S5AA-0080923540|FACTURACION CICLICA|AMDOCS|20260618|2026-07-05|PEN|58.73|10.57|69.30
2026850436|CLIENT_00251|348878221|093835937|S5AA-0081223842|FACTURACION CICLICA|AMDOCS|20260618|2026-07-05|PEN|45.98|8.27|54.25
2069114417|CLIENT_00617|28716716|894805657|S5AA-0081508694|FACTURACION CICLICA|AMDOCS|20260618|2026-07-05|PEN|100.79|18.14|118.93
2094973310|CLIENT_00523|162487121|833476857|S5AA-0081356439|FACTURACION CICLICA|AMDOCS|20260618|2026-07-05|PEN|100.79|18.14|118.93
2035124090|CLIENT_00147|613385621|945667457|S5AA-0081029003|FACTURACION CICLICA|AMDOCS|20260618|2026-07-05|PEN|109.63|19.73|129.36
2011885774|CLIENT_00490|58474295|777752406|S5AA-0081525909|FACTURACION CICLICA|AMDOCS|20260618|2026-07-05|PEN|95.74|17.24|112.98
2078721881|CLIENT_00115|304118801|065285857|S5AA-0080935105|FACTURACION CICLICA|AMDOCS|20260618|2026-07-05|PEN|65.20|11.73|76.93
2062922977|CLIENT_00731|82013506|297748447|S5AA-0081115204|FACTURACION CICLICA|AMDOCS|20260618|2026-07-05|PEN|50.13|9.02|59.15
2074406544|CLIENT_00417|14931616|241716606|S5AA-0081207047|FACTURACION CICLICA|AMDOCS|20260618|2026-07-05|PEN|27.83|5.01|32.83
2062205828|CLIENT_00440|90271406|681112857|S5AA-0080978671|FACTURACION CICLICA|AMDOCS|20260618|2026-07-05|PEN|56.06|10.09|66.15
2011722087|CLIENT_00088|08841006|147620506|S5AA-0081489755|FACTURACION CICLICA|AMDOCS|20260618|2026-07-05|PEN|27.83|5.01|32.83
2048747968|CLIENT_00130|72759006|089316647|S5AA-0081108156|FACTURACION CICLICA|AMDOCS|20260618|2026-07-05|PEN|112.53|20.26|132.79
2061505168|CLIENT_00879|35089885|129609306|S5AA-0081293168|FACTURACION CICLICA|AMDOCS|20260618|2026-07-05|PEN|50.06|9.02|59.08
2056046163|CLIENT_00994|31979006|770501506|S5AA-0081003096|FACTURACION CICLICA|AMDOCS|20260618|2026-07-05|PEN|98.83|17.79|116.62
2079015167|CLIENT_00836|96503306|987333506|S9AA-0081772799|FACTURACION CICLICA|AMDOCS|20260601|2026-06-17|PEN|59.26|10.67|69.93
2039576863|CLIENT_00191|316013031|656135257|S5AA-0081007064|FACTURACION CICLICA|AMDOCS|20260618|2026-07-05|PEN|17.79|3.21|21.00
2021869954|CLIENT_00918|20363306|979623506|S5AA-0080923376|FACTURACION CICLICA|AMDOCS|20260618|2026-07-05|PEN|56.24|10.12|66.36
2053585542|CLIENT_00846|97022606|136314957|S5AA-0081487287|FACTURACION CICLICA|AMDOCS|20260618|2026-07-05|PEN|77.06|13.87|90.93
2071170607|CLIENT_00207|14288385|567995647|S9AA-0082398482|FACTURACION CICLICA|AMDOCS|20260601|2026-06-17|PEN|72.02|12.96|84.98
2006121666|CLIENT_00662|51834206|732033837|S5AA-0081020328|FACTURACION CICLICA|AMDOCS|20260618|2026-07-05|PEN|56.29|10.14|66.43
2091280680|CLIENT_00335|97222706|791917506|S5AA-0081482727|FACTURACION CICLICA|AMDOCS|20260618|2026-07-05|PEN|16.62|2.98|19.60
2096770204|CLIENT_00203|30948116|012735537|S5AA-0080933034|FACTURACION CICLICA|AMDOCS|20260618|2026-07-05|PEN|65.02|11.70|76.72
2071854449|CLIENT_00591|92218116|435285147|S5AA-0081122258|FACTURACION CICLICA|AMDOCS|20260618|2026-07-05|PEN|136.14|24.51|160.65
2032869030|CLIENT_00111|71597416|409515067|S5AA-0081037111|FACTURACION CICLICA|AMDOCS|20260618|2026-07-05|PEN|118.53|21.33|139.86
2021563134|CLIENT_00471|802909421|310955347|S5AA-0080969950|FACTURACION CICLICA|AMDOCS|20260618|2026-07-05|PEN|17.74|3.19|20.93
2009780710|CLIENT_00275|92755206|691118957|S5AA-0081124100|FACTURACION CICLICA|AMDOCS|20260618|2026-07-05|PEN|77.06|13.87|90.93
2003418714|CLIENT_00435|050793821|227556947|S5AA-0081275637|FACTURACION CICLICA|AMDOCS|20260618|2026-07-05|PEN|44.97|8.09|53.06
2002042551|CLIENT_00727|920370711|389442827|S5AA-0081121496|FACTURACION CICLICA|AMDOCS|20260618|2026-07-05|PEN|31.38|5.65|37.03
2021159453|CLIENT_00381|47003706|123027506|S9AA-0081816032|FACTURACION CICLICA|AMDOCS|20260601|2026-06-17|PEN|32.92|5.93|38.85
2052913932|CLIENT_00961|34087016|775850606|S5AA-0081221350|FACTURACION CICLICA|AMDOCS|20260618|2026-07-05|PEN|20.70|3.73|24.43
2006121666|CLIENT_00662|567037021|867895437|S5AA-0081383270|FACTURACION CICLICA|AMDOCS|20260618|2026-07-05|PEN|345.86|62.24|408.10
2021250702|CLIENT_00176|20807106|776481506|S5AA-0080923335|FACTURACION CICLICA|AMDOCS|20260618|2026-07-05|PEN|64.01|11.52|75.53
2088424166|CLIENT_00134|99112106|613011506|S5AA-0081627800|FACTURACION CICLICA|AMDOCS|20260618|2026-07-05|PEN|69.94|12.59|82.53
2063036368|CLIENT_00951|70819185|439191306|S5AA-0080958515|FACTURACION CICLICA|AMDOCS|20260618|2026-07-05|PEN|81.21|14.62|95.83
2048171681|CLIENT_00795|47443006|541430506|S9AA-0081815823|FACTURACION CICLICA|AMDOCS|20260601|2026-06-17|PEN|280.00|50.40|330.40
2091789509|CLIENT_00886|02379285|301892306|S9AA-0082212274|FACTURACION CICLICA|AMDOCS|20260601|2026-06-17|PEN|54.29|9.76|64.05
2076142431|CLIENT_00318|87046995|126079406|S5AA-0081475352|FACTURACION CICLICA|AMDOCS|20260618|2026-07-05|PEN|72.02|12.96|84.98
2064043539|CLIENT_00599|87516095|203070406|S5AA-0081474914|FACTURACION CICLICA|AMDOCS|20260618|2026-07-05|PEN|174.35|31.38|205.73
2019351028|CLIENT_00937|30414006|230445957|S5AA-0080935256|FACTURACION CICLICA|AMDOCS|20260618|2026-07-05|PEN|139.24|25.05|164.29
2091198935|CLIENT_00319|02842906|275498506|S5AA-0081054100|FACTURACION CICLICA|AMDOCS|20260618|2026-07-05|PEN|48.64|8.76|57.40
2011994495|CLIENT_00175|047088821|554325057|S5AA-0081202982|FACTURACION CICLICA|AMDOCS|20260618|2026-07-05|PEN|115.56|20.80|136.36
2090837613|CLIENT_00803|542168021|707978437|S5AA-0081238108|FACTURACION CICLICA|AMDOCS|20260618|2026-07-05|PEN|389.98|70.20|460.18
2095824297|CLIENT_00323|42920885|272418306|S5AA-0081082501|FACTURACION CICLICA|AMDOCS|20260618|2026-07-05|PEN|143.63|25.84|169.47
2040664753|CLIENT_00565|67507116|333625947|S5AA-0081464367|FACTURACION CICLICA|AMDOCS|20260618|2026-07-05|PEN|5.94|1.06|7.00
2077915427|CLIENT_00955|47179116|434412606|S5AA-0081446612|FACTURACION CICLICA|AMDOCS|20260618|2026-07-05|PEN|47.40|8.53|55.93
2098720538|CLIENT_00619|72894406|536244506|S5AA-0081104934|FACTURACION CICLICA|AMDOCS|20260618|2026-07-05|PEN|16.55|2.98|19.53
2080420835|CLIENT_00720|093279031|431643457|S5AA-0081566556|FACTURACION CICLICA|AMDOCS|20260618|2026-07-05|PEN|53.33|9.60|62.93
2020933053|CLIENT_00339|38200585|708760057|S5AA-0081515446|FACTURACION CICLICA|AMDOCS|20260618|2026-07-05|PEN|103.45|18.63|122.08
2071377105|CLIENT_00477|41412616|745806606|S9AA-0082161992|FACTURACION CICLICA|AMDOCS|20260601|2026-06-17|PEN|201.64|36.30|237.93
2088958700|CLIENT_00840|212507011|617670157|S9AA-0082148512|FACTURACION CICLICA|AMDOCS|20260601|2026-06-17|PEN|55.99|10.09|66.08
2087352121|CLIENT_00062|79390995|426119406|S9AA-0082023263|FACTURACION CICLICA|AMDOCS|20260601|2026-06-17|PEN|125.64|22.62|148.26
2028858667|CLIENT_00821|87664306|966975067|S9AA-0081856287|FACTURACION CICLICA|AMDOCS|20260601|2026-06-17|PEN|20.71|3.72|24.43
2065059290|CLIENT_00015|671814511|977999537|S5AA-0081463254|FACTURACION CICLICA|AMDOCS|20260618|2026-07-05|PEN|106.72|19.21|125.93
2014214756|CLIENT_00653|90142306|590243457|S5AA-0080978174|FACTURACION CICLICA|AMDOCS|20260618|2026-07-05|PEN|103.52|18.63|122.15
2036568728|CLIENT_00322|207418801|097103947|S5AA-0080926968|FACTURACION CICLICA|AMDOCS|20260618|2026-07-05|PEN|99.01|17.82|116.83
2057100089|CLIENT_00499|07661185|233405737|S5AA-0081419627|FACTURACION CICLICA|AMDOCS|20260618|2026-07-05|PEN|112.42|20.23|132.65
2009780710|CLIENT_00275|92755206|502826847|S5AA-0081122868|FACTURACION CICLICA|AMDOCS|20260618|2026-07-05|PEN|111.47|20.06|131.53
2050878096|CLIENT_00515|881907031|311976957|S5AA-0081552642|FACTURACION CICLICA|AMDOCS|20260618|2026-07-05|PEN|102.51|18.45|120.96
2018117869|CLIENT_00044|542323031|808662757|S5AA-0081240053|FACTURACION CICLICA|AMDOCS|20260618|2026-07-05|PEN|100.79|18.14|118.93
2023740275|CLIENT_00569|514240531|215849957|S5AA-0081022432|FACTURACION CICLICA|AMDOCS|20260618|2026-07-05|PEN|77.06|13.87|90.93
2078721881|CLIENT_00115|28353885|012548306|S5AA-0081503801|FACTURACION CICLICA|AMDOCS|20260618|2026-07-05|PEN|27.83|5.01|32.83
2074406544|CLIENT_00417|53941616|051716606|S5AA-0081163383|FACTURACION CICLICA|AMDOCS|20260618|2026-07-05|PEN|30.73|5.53|36.26
2046916374|CLIENT_00711|22517785|454977306|S5AA-0081067859|FACTURACION CICLICA|AMDOCS|20260618|2026-07-05|PEN|148.96|26.81|175.77
2008330743|CLIENT_00241|76760385|845703306|S5AA-0081394604|FACTURACION CICLICA|AMDOCS|20260618|2026-07-05|PEN|112.29|17.07|129.36
2024654901|CLIENT_00714|89444995|119649406|S5AA-0081620551|FACTURACION CICLICA|AMDOCS|20260618|2026-07-05|PEN|74.98|13.50|88.48
2028234821|CLIENT_00026|012620321|010758937|S5AA-0080984098|FACTURACION CICLICA|AMDOCS|20260618|2026-07-05|PEN|69.88|12.58|82.46
2089216910|CLIENT_00949|729370231|598302557|S5AA-0081109046|FACTURACION CICLICA|AMDOCS|20260618|2026-07-05|PEN|103.52|18.63|122.15
2045121201|CLIENT_00767|992659121|309293737|S9AA-0082043290|FACTURACION CICLICA|AMDOCS|20260601|2026-06-17|PEN|56.29|10.14|66.43
2026598806|CLIENT_00317|55190516|950594606|S9AA-0081643443|FACTURACION CICLICA|AMDOCS|20260601|2026-06-17|PEN|71.13|12.80|83.93
2077511265|CLIENT_00056|56710416|853352847|S9AA-0081742150|FACTURACION CICLICA|AMDOCS|20260601|2026-06-17|PEN|44.13|7.95|52.08
2010399017|CLIENT_00723|50035295|395362406|S5AA-0080944710|FACTURACION CICLICA|AMDOCS|20260618|2026-07-05|PEN|67.93|12.22|80.15
2028712026|CLIENT_00204|145255911|751494247|S9AA-0082398039|FACTURACION CICLICA|AMDOCS|20260601|2026-06-17|PEN|112.65|20.28|132.93
2045407090|CLIENT_00403|535621511|489253857|S5AA-0081167490|FACTURACION CICLICA|AMDOCS|20260618|2026-07-05|PEN|71.13|12.80|83.93
2090613378|CLIENT_00096|70024516|857192067|S5AA-0080964422|FACTURACION CICLICA|AMDOCS|20260618|2026-07-05|PEN|85.90|15.46|101.36
2054205660|CLIENT_00625|03102706|853761067|S5AA-0081131495|FACTURACION CICLICA|AMDOCS|20260618|2026-07-05|PEN|104.34|18.79|123.13
2060826481|CLIENT_00672|11187395|135583406|S5AA-0080988418|FACTURACION CICLICA|AMDOCS|20260618|2026-07-05|PEN|50.96|9.17|60.13
2014689387|CLIENT_00420|813928011|843072817|S5AA-0081040708|FACTURACION CICLICA|AMDOCS|20260618|2026-07-05|PEN|68.22|12.28|80.50
2065299671|CLIENT_00567|457189231|138258657|S5AA-0081305301|FACTURACION CICLICA|AMDOCS|20260618|2026-07-05|PEN|101.98|18.35|120.33
2028858667|CLIENT_00821|87664306|786348857|S9AA-0081855836|FACTURACION CICLICA|AMDOCS|20260601|2026-06-17|PEN|20.71|3.72|24.43
2031569282|CLIENT_00055|76618995|143360947|S5AA-0081398969|FACTURACION CICLICA|AMDOCS|20260618|2026-07-05|PEN|94.86|17.07|111.93
2042836144|CLIENT_00920|42960185|336501306|S5AA-0081081953|FACTURACION CICLICA|AMDOCS|20260618|2026-07-05|PEN|164.79|29.67|194.46
2028234821|CLIENT_00026|245225901|553500617|S5AA-0081214907|FACTURACION CICLICA|AMDOCS|20260618|2026-07-05|PEN|655.84|83.01|738.85
2034994857|CLIENT_00519|58380706|338325537|S5AA-0081528630|FACTURACION CICLICA|AMDOCS|20260618|2026-07-05|PEN|105.53|19.00|124.53
2079138145|CLIENT_00735|305198111|487299237|S5AA-0080932891|FACTURACION CICLICA|AMDOCS|20260618|2026-07-05|PEN|100.79|18.14|118.93
2032717708|CLIENT_00214|30601716|148582057|S5AA-0080934200|FACTURACION CICLICA|AMDOCS|20260618|2026-07-05|PEN|94.79|17.07|111.86
2074406544|CLIENT_00417|72941616|851716606|S5AA-0081105273|FACTURACION CICLICA|AMDOCS|20260618|2026-07-05|PEN|27.82|5.01|32.83
2079585159|CLIENT_00559|62957795|726097406|S5AA-0081097699|FACTURACION CICLICA|AMDOCS|20260618|2026-07-05|PEN|111.00|19.97|130.97
2006121666|CLIENT_00662|51834206|691032506|S5AA-0081017765|FACTURACION CICLICA|AMDOCS|20260618|2026-07-05|PEN|71.13|12.80|83.93
2023740275|CLIENT_00569|514240531|266739957|S5AA-0081022430|FACTURACION CICLICA|AMDOCS|20260618|2026-07-05|PEN|77.06|13.87|90.93
2039216584|CLIENT_00936|87475006|795560506|S5AA-0081475381|FACTURACION CICLICA|AMDOCS|20260618|2026-07-05|PEN|364.24|65.56|429.80
2069121500|CLIENT_00717|05968995|550389406|S5AA-0081271954|FACTURACION CICLICA|AMDOCS|20260618|2026-07-05|PEN|124.22|22.36|146.58
2084595191|CLIENT_00613|29675885|464868306|S5AA-0081576486|FACTURACION CICLICA|AMDOCS|20260618|2026-07-05|PEN|110.05|19.80|129.85
2041116026|CLIENT_00940|77358185|871086937|S5AA-0081470770|FACTURACION CICLICA|AMDOCS|20260618|2026-07-05|PEN|52.14|9.39|61.53
2038330759|CLIENT_00758|656561531|553521067|S5AA-0081320406|FACTURACION CICLICA|AMDOCS|20260618|2026-07-05|PEN|67.93|12.22|80.15
2004228948|CLIENT_00018|66621985|097029306|S5AA-0081387654|FACTURACION CICLICA|AMDOCS|20260618|2026-07-05|PEN|123.63|22.25|145.88
2001063341|CLIENT_00144|25693116|568911606|S5AA-0081286725|FACTURACION CICLICA|AMDOCS|20260618|2026-07-05|PEN|50.37|9.06|59.43
2014718111|CLIENT_00016|71975885|543768306|S5AA-0081031829|FACTURACION CICLICA|AMDOCS|20260618|2026-07-05|PEN|74.69|13.44|88.13
2010136133|CLIENT_00057|04605595|996312737|S5AA-0081201788|FACTURACION CICLICA|AMDOCS|20260618|2026-07-05|PEN|47.40|8.53|55.93
2064536829|CLIENT_00259|460878221|195235937|S9AA-0081732513|FACTURACION CICLICA|AMDOCS|20260601|2026-06-17|PEN|127.42|22.94|150.36
2016142658|CLIENT_00521|44811516|047674606|S9AA-0082421199|FACTURACION CICLICA|AMDOCS|20260601|2026-06-17|PEN|55.35|9.96|65.31
2028695835|CLIENT_00334|014420021|698221337|S9AA-0082129089|FACTURACION CICLICA|AMDOCS|20260601|2026-06-17|PEN|65.20|11.73|76.93
2010441811|CLIENT_00839|34610495|721314406|S9AA-0082411726|FACTURACION CICLICA|AMDOCS|20260601|2026-06-17|PEN|16.62|2.98|19.60
2037021331|CLIENT_00121|06155806|893368506|S9AA-0081695132|FACTURACION CICLICA|AMDOCS|20260601|2026-06-17|PEN|83.05|14.95|98.00
2043300039|CLIENT_00704|009206321|954881547|S9AA-0082052817|FACTURACION CICLICA|AMDOCS|20260601|2026-06-17|PEN|37.32|6.71|44.03
2067006652|CLIENT_00878|58971206|598406647|S9AA-0081914563|FACTURACION CICLICA|AMDOCS|20260601|2026-06-17|PEN|80.02|14.41|94.43
2026853033|CLIENT_00589|493603511|560891157|S9AA-0081992891|FACTURACION CICLICA|AMDOCS|20260601|2026-06-17|PEN|41.47|7.46|48.93
2035102698|CLIENT_00950|319965321|886860147|S9AA-0082156070|FACTURACION CICLICA|AMDOCS|20260601|2026-06-17|PEN|23.07|4.16|27.23
2042009956|CLIENT_00165|008544621|252275647|S9AA-0082052957|FACTURACION CICLICA|AMDOCS|20260601|2026-06-17|PEN|35.53|6.40|41.93
2057609277|CLIENT_00543|81355016|198140606|S9AA-0082196331|FACTURACION CICLICA|AMDOCS|20260601|2026-06-17|PEN|56.29|10.14|66.43
2084384500|CLIENT_00932|18794285|268639547|S9AA-0081879990|FACTURACION CICLICA|AMDOCS|20260601|2026-06-17|PEN|17.79|3.21|21.00
2067392845|CLIENT_00917|62874416|746371067|S9AA-0082271093|FACTURACION CICLICA|AMDOCS|20260601|2026-06-17|PEN|94.86|17.07|111.93
2000875718|CLIENT_00769|42605416|934274606|S9AA-0082248450|FACTURACION CICLICA|AMDOCS|20260601|2026-06-17|PEN|64.90|11.68|76.58
2079015638|CLIENT_00600|46729795|798244957|S9AA-0081735166|FACTURACION CICLICA|AMDOCS|20260601|2026-06-17|PEN|59.26|10.67|69.93
2098309864|CLIENT_00512|84251595|028347067|S9AA-0082461065|FACTURACION CICLICA|AMDOCS|20260601|2026-06-17|PEN|53.33|9.60|62.93
2082824645|CLIENT_00595|36468785|975397306|S9AA-0081719950|FACTURACION CICLICA|AMDOCS|20260601|2026-06-17|PEN|150.14|27.03|177.17
2032184225|CLIENT_00719|77912895|333638406|S9AA-0081841716|FACTURACION CICLICA|AMDOCS|20260601|2026-06-17|PEN|99.60|17.93|117.53
2016855055|CLIENT_00971|962386021|390794437|S9AA-0081775104|FACTURACION CICLICA|AMDOCS|20260601|2026-06-17|PEN|175.95|31.67|207.62
2078299854|CLIENT_00460|03160295|627412406|S9AA-0082299333|FACTURACION CICLICA|AMDOCS|20260601|2026-06-17|PEN|47.40|8.53|55.93
2037220961|CLIENT_00351|176473121|523999537|S9AA-0081792437|FACTURACION CICLICA|AMDOCS|20260601|2026-06-17|PEN|42.06|7.57|49.63
2028858667|CLIENT_00821|87664306|300248857|S9AA-0081855832|FACTURACION CICLICA|AMDOCS|20260601|2026-06-17|PEN|20.71|3.72|24.43
2092536593|CLIENT_00425|964976321|123152647|S9AA-0081776366|FACTURACION CICLICA|AMDOCS|20260601|2026-06-17|PEN|65.20|11.73|76.93
2084384500|CLIENT_00932|18794285|644363947|S9AA-0081880372|FACTURACION CICLICA|AMDOCS|20260601|2026-06-17|PEN|29.60|5.33|34.93
2037021331|CLIENT_00121|44265806|093368506|S9AA-0082420977|FACTURACION CICLICA|AMDOCS|20260601|2026-06-17|PEN|16.55|2.98|19.53
2009045197|CLIENT_00981|53769395|551404406|S9AA-0082342636|FACTURACION CICLICA|AMDOCS|20260601|2026-06-17|PEN|95.74|17.24|112.98
2079774432|CLIENT_00562|66051116|996801606|S9AA-0081747140|FACTURACION CICLICA|AMDOCS|20260601|2026-06-17|PEN|47.40|8.53|55.93
2046058498|CLIENT_00633|29517795|905297406|S9AA-0081971344|FACTURACION CICLICA|AMDOCS|20260601|2026-06-17|PEN|86.97|15.65|102.62
2023773061|CLIENT_00328|078823111|368150657|S9AA-0081786368|FACTURACION CICLICA|AMDOCS|20260601|2026-06-17|PEN|29.60|5.33|34.93
2079583404|CLIENT_00399|457788421|681996457|S9AA-0081665132|FACTURACION CICLICA|AMDOCS|20260601|2026-06-17|PEN|48.34|8.71|57.05
2060838699|CLIENT_00947|680441621|566939257|S9AA-0081924191|FACTURACION CICLICA|AMDOCS|20260601|2026-06-17|PEN|41.47|7.46|48.93
2074129386|CLIENT_00882|72859616|555976606|S9AA-0082274450|FACTURACION CICLICA|AMDOCS|20260601|2026-06-17|PEN|140.00|25.20|165.20
2004470530|CLIENT_00006|63862495|084934406|S9AA-0082351336|FACTURACION CICLICA|AMDOCS|20260601|2026-06-17|PEN|134.60|24.23|158.83
2093064195|CLIENT_00380|432668021|845233557|S9AA-0082339147|FACTURACION CICLICA|AMDOCS|20260601|2026-06-17|PEN|65.20|11.73|76.93
2017763650|CLIENT_00236|642552431|314247857|S9AA-0082452248|FACTURACION CICLICA|AMDOCS|20260601|2026-06-17|PEN|56.06|10.09|66.15
2060838699|CLIENT_00947|680441621|776879257|S9AA-0081924194|FACTURACION CICLICA|AMDOCS|20260601|2026-06-17|PEN|41.47|7.46|48.93
2098309864|CLIENT_00512|84251595|754227067|S9AA-0082461058|FACTURACION CICLICA|AMDOCS|20260601|2026-06-17|PEN|102.86|18.52|121.38
2043300039|CLIENT_00704|92353306|783623506|S9AA-0082291211|FACTURACION CICLICA|AMDOCS|20260601|2026-06-17|PEN|88.92|16.01|104.93
2060838699|CLIENT_00947|680441621|213708547|S9AA-0081923144|FACTURACION CICLICA|AMDOCS|20260601|2026-06-17|PEN|41.47|7.46|48.93
2060838699|CLIENT_00947|680441621|581708547|S9AA-0081923143|FACTURACION CICLICA|AMDOCS|20260601|2026-06-17|PEN|41.47|7.46|48.93
2028712026|CLIENT_00204|145255911|652803857|S9AA-0082400115|FACTURACION CICLICA|AMDOCS|20260601|2026-06-17|PEN|142.32|25.61|167.93
2063701019|CLIENT_00709|505324911|249915147|S9AA-0082087098|FACTURACION CICLICA|AMDOCS|20260601|2026-06-17|PEN|41.47|7.46|48.93
2017763650|CLIENT_00236|01691195|572155447|S9AA-0082130325|FACTURACION CICLICA|AMDOCS|20260601|2026-06-17|PEN|54.87|9.88|64.75
2045546222|CLIENT_00594|04541595|183725406|S9AA-0082385944|FACTURACION CICLICA|AMDOCS|20260601|2026-06-17|PEN|88.27|15.89|104.16
2091198935|CLIENT_00319|49462906|885498506|S9AA-0081988902|FACTURACION CICLICA|AMDOCS|20260601|2026-06-17|PEN|48.64|8.76|57.40
2021159453|CLIENT_00381|23594506|103755506|S9AA-0082317232|FACTURACION CICLICA|AMDOCS|20260601|2026-06-17|PEN|350.66|63.11|413.77
2034879712|CLIENT_00302|02226995|520778757|S9AA-0082218755|FACTURACION CICLICA|AMDOCS|20260601|2026-06-17|PEN|65.61|11.81|77.42
2006444143|CLIENT_00059|83690706|407884557|S9AA-0082373879|FACTURACION CICLICA|AMDOCS|20260601|2026-06-17|PEN|47.40|8.53|55.93
2029762900|CLIENT_00838|557615821|238750057|S9AA-0081647138|FACTURACION CICLICA|AMDOCS|20260601|2026-06-17|PEN|160.94|28.97|189.91
2026807327|CLIENT_00677|64288416|896318457|S9AA-0082451545|FACTURACION CICLICA|AMDOCS|20260601|2026-06-17|PEN|53.33|9.60|62.93
2079899808|CLIENT_00269|90834906|119300257|S9AA-0082122801|FACTURACION CICLICA|AMDOCS|20260601|2026-06-17|PEN|65.20|11.73|76.93
2009784756|CLIENT_00094|623989711|172639657|S9AA-0082270297|FACTURACION CICLICA|AMDOCS|20260601|2026-06-17|PEN|17.74|3.19|20.93
2068178034|CLIENT_00379|31994606|972666506|S9AA-0082153086|FACTURACION CICLICA|AMDOCS|20260601|2026-06-17|PEN|67.39|12.13|79.52
2063755498|CLIENT_00835|84725595|249565406|S9AA-0082455042|FACTURACION CICLICA|AMDOCS|20260601|2026-06-17|PEN|125.59|22.60|148.19
2085352948|CLIENT_00630|60778085|575780306|S9AA-0082091072|FACTURACION CICLICA|AMDOCS|20260601|2026-06-17|PEN|56.54|10.17|66.71
2035102698|CLIENT_00950|65458595|707795406|S9AA-0081651437|FACTURACION CICLICA|AMDOCS|20260601|2026-06-17|PEN|24.56|4.42|28.98
2038848428|CLIENT_00847|218247821|413191057|S9AA-0082148413|FACTURACION CICLICA|AMDOCS|20260601|2026-06-17|PEN|26.40|4.75|31.15
2066685881|CLIENT_00643|50088206|789082506|S9AA-0082083871|FACTURACION CICLICA|AMDOCS|20260601|2026-06-17|PEN|44.97|8.09|53.06
2045052005|CLIENT_00109|763571211|174787947|S9AA-0081759577|FACTURACION CICLICA|AMDOCS|20260601|2026-06-17|PEN|19.81|3.57|23.38
2059951611|CLIENT_00829|23889085|105351757|S9AA-0082322278|FACTURACION CICLICA|AMDOCS|20260601|2026-06-17|PEN|100.86|18.14|119.00
2040443627|CLIENT_00393|05650016|114999506|S9AA-0082473015|FACTURACION CICLICA|AMDOCS|20260601|2026-06-17|PEN|207.50|37.36|244.86
2072719850|CLIENT_00681|197529901|740066937|S9AA-0081965783|FACTURACION CICLICA|AMDOCS|20260601|2026-06-17|PEN|74.69|13.44|88.13
2048797474|CLIENT_00043|13548316|092539657|S9AA-0082313483|FACTURACION CICLICA|AMDOCS|20260601|2026-06-17|PEN|41.47|7.46|48.93
2045855183|CLIENT_00181|59950906|607229506|S9AA-0081997638|FACTURACION CICLICA|AMDOCS|20260601|2026-06-17|PEN|145.22|26.14|171.36
2078414316|CLIENT_00986|38443785|347547306|S9AA-0081892809|FACTURACION CICLICA|AMDOCS|20260601|2026-06-17|PEN|86.55|15.58|102.13
2098309864|CLIENT_00512|18024795|080447406|S9AA-0081876218|FACTURACION CICLICA|AMDOCS|20260601|2026-06-17|PEN|19.40|3.49|22.89
2043300039|CLIENT_00704|009206321|745528847|S9AA-0082053191|FACTURACION CICLICA|AMDOCS|20260601|2026-06-17|PEN|17.79|3.21|21.00
2038577653|CLIENT_00409|84576485|211774306|S9AA-0082454277|FACTURACION CICLICA|AMDOCS|20260601|2026-06-17|PEN|156.55|28.18|184.73
2074423060|CLIENT_00504|557185231|456821657|S9AA-0081648029|FACTURACION CICLICA|AMDOCS|20260601|2026-06-17|PEN|35.18|6.34|41.51
2073231877|CLIENT_00316|89282285|907190747|S9AA-0082035656|FACTURACION CICLICA|AMDOCS|20260601|2026-06-17|PEN|69.94|12.59|82.53
2040613653|CLIENT_00126|433871231|043944167|S5AA-0081160815|FACTURACION CICLICA|AMDOCS|20260618|2026-07-05|PEN|47.40|8.53|55.93
2002061694|CLIENT_00005|09699585|602806306|S5AA-0081561770|FACTURACION CICLICA|AMDOCS|20260618|2026-07-05|PEN|44.44|7.99|52.43
2051502270|CLIENT_00832|574333621|371131647|S7AA-0068355726|FACTURACION CICLICA|AMDOCS|20260623|2026-07-09|PEN|91.66|16.49|108.15
2005137984|CLIENT_00579|52112216|827423606|S5AA-0081090705|FACTURACION CICLICA|AMDOCS|20260618|2026-07-05|PEN|54.87|9.88|64.75
2073105592|CLIENT_00280|359903621|757001647|S5AA-0081296910|FACTURACION CICLICA|AMDOCS|20260618|2026-07-05|PEN|126.24|22.72|148.96
2037638826|CLIENT_00969|301015531|471236067|S6AA-0000055556|FACTURACION CICLICA|AMDOCS|20260620|2026-07-03|PEN|23.43|4.22|27.65
2079899808|CLIENT_00269|67893906|428899157|S5AA-0081464593|FACTURACION CICLICA|AMDOCS|20260618|2026-07-05|PEN|65.20|11.73|76.93
2048465395|CLIENT_00206|925858421|878165347|S5AA-0081122392|FACTURACION CICLICA|AMDOCS|20260618|2026-07-05|PEN|89.29|16.07|105.35
2069501836|CLIENT_00263|270249021|473250537|S5AA-0081434230|FACTURACION CICLICA|AMDOCS|20260618|2026-07-05|PEN|46.21|8.32|54.53
2043931605|CLIENT_00834|86639085|370390306|S5AA-0081401579|FACTURACION CICLICA|AMDOCS|20260618|2026-07-05|PEN|56.29|10.14|66.43
2001625741|CLIENT_00222|80203575|686639433|S3AA-0079772573|FACTURACION CICLICA|AMDOCS|20260715|2026-08-01|PEN|77.06|13.87|90.93
2016738253|CLIENT_00320|30344575|277349343|S3AA-0079726079|FACTURACION CICLICA|AMDOCS|20260715|2026-08-01|PEN|27.23|4.90|32.13
2021963014|CLIENT_00192|89345575|287892337|S3AA-0079681942|FACTURACION CICLICA|AMDOCS|20260715|2026-08-01|PEN|21.89|3.94|25.83
2028873503|CLIENT_00053|34531575|010924823|S3AA-0080089864|FACTURACION CICLICA|AMDOCS|20260715|2026-08-01|PEN|12.69|2.29|14.98
2044479748|CLIENT_00957|412171921|610099557|S3AA-0079835145|FACTURACION CICLICA|AMDOCS|20260715|2026-08-01|PEN|47.40|8.53|55.93
2002657495|CLIENT_00013|87633575|665087043|S3AA-0079483565|FACTURACION CICLICA|AMDOCS|20260715|2026-08-01|PEN|39.69|7.14|46.83
2057100089|CLIENT_00499|96123575|721918001|S3AA-0080331825|FACTURACION CICLICA|AMDOCS|20260715|2026-08-01|PEN|56.66|10.19|66.85
2013843524|CLIENT_00361|81125575|977872623|S3AA-0079865856|FACTURACION CICLICA|AMDOCS|20260715|2026-08-01|PEN|27.23|4.90|32.13
2095824297|CLIENT_00323|31282575|649532333|S3AA-0079819342|FACTURACION CICLICA|AMDOCS|20260715|2026-08-01|PEN|35.53|6.40|41.93
2006459799|CLIENT_00837|74471575|522164293|S3AA-0080137324|FACTURACION CICLICA|AMDOCS|20260715|2026-08-01|PEN|18.98|3.42|22.40
2006969490|CLIENT_00418|79003575|931637733|S3AA-0079670139|FACTURACION CICLICA|AMDOCS|20260715|2026-08-01|PEN|34.11|6.14|40.25
2059324355|CLIENT_00481|32562575|800810033|S3AA-0079912466|FACTURACION CICLICA|AMDOCS|20260715|2026-08-01|PEN|23.67|4.26|27.93
2022190206|CLIENT_00446|32721575|796471423|S3AA-0079912356|FACTURACION CICLICA|AMDOCS|20260715|2026-08-01|PEN|33.10|5.96|39.06
2077915427|CLIENT_00955|68022575|396504733|S3AA-0079567489|FACTURACION CICLICA|AMDOCS|20260715|2026-08-01|PEN|15.66|2.82|18.48
2001156117|CLIENT_00442|91425575|793447523|S3AA-0079875008|FACTURACION CICLICA|AMDOCS|20260715|2026-08-01|PEN|77.06|13.87|90.93
2006459799|CLIENT_00837|74471575|848434793|S3AA-0080137406|FACTURACION CICLICA|AMDOCS|20260715|2026-08-01|PEN|18.91|3.42|22.33
2021963014|CLIENT_00192|89345575|465296247|S3AA-0079683311|FACTURACION CICLICA|AMDOCS|20260715|2026-08-01|PEN|25.45|4.58|30.03
2058367129|CLIENT_00948|219821911|952536137|S3AA-0079812172|FACTURACION CICLICA|AMDOCS|20260715|2026-08-01|PEN|147.53|26.56|174.09
2077915427|CLIENT_00955|68022575|940035423|S3AA-0079567306|FACTURACION CICLICA|AMDOCS|20260715|2026-08-01|PEN|19.81|3.57|23.38
2006459799|CLIENT_00837|74471575|147616463|S3AA-0080136884|FACTURACION CICLICA|AMDOCS|20260715|2026-08-01|PEN|18.98|3.42|22.40
2070960858|CLIENT_00456|401913421|940037957|S3AA-0079743031|FACTURACION CICLICA|AMDOCS|20260715|2026-08-01|PEN|53.69|9.66|63.35
1031024653|CLIENT_00975|73812575|294918863|S3AA-0080043662|FACTURACION CICLICA|AMDOCS|20260715|2026-08-01|PEN|56.29|10.14|66.43
2037181733|CLIENT_00226|040742521|970084557|S3AA-0080077496|FACTURACION CICLICA|AMDOCS|20260715|2026-08-01|PEN|23.67|4.26|27.93
2038638301|CLIENT_00391|543454421|354077447|S3AA-0080122088|FACTURACION CICLICA|AMDOCS|20260715|2026-08-01|PEN|64.01|11.52|75.53
2015648856|CLIENT_00530|08180575|603244403|S3AA-0079511077|FACTURACION CICLICA|AMDOCS|20260715|2026-08-01|PEN|14.76|2.67|17.43
2028873503|CLIENT_00053|34531575|813589923|S3AA-0080089915|FACTURACION CICLICA|AMDOCS|20260715|2026-08-01|PEN|13.65|2.45|16.10
2067647278|CLIENT_00078|21761575|057746343|S3AA-0079810115|FACTURACION CICLICA|AMDOCS|20260715|2026-08-01|PEN|25.45|4.58|30.03
2028873503|CLIENT_00053|34531575|800355723|S3AA-0080089842|FACTURACION CICLICA|AMDOCS|20260715|2026-08-01|PEN|13.65|2.45|16.10
2071316506|CLIENT_00040|34954575|546690601|S3AA-0080089337|FACTURACION CICLICA|AMDOCS|20260715|2026-08-01|PEN|33.75|6.08|39.83
2006257040|CLIENT_00405|59957575|125613147|S3AA-0079655037|FACTURACION CICLICA|AMDOCS|20260715|2026-08-01|PEN|52.14|9.39|61.53
2052009555|CLIENT_00491|53863575|683401443|S3AA-0080024659|FACTURACION CICLICA|AMDOCS|20260715|2026-08-01|PEN|46.21|8.32|54.53
2091733360|CLIENT_00277|06703575|437263783|S3AA-0080258476|FACTURACION CICLICA|AMDOCS|20260715|2026-08-01|PEN|33.75|6.08|39.83
2046155934|CLIENT_00493|75753575|666913643|S3AA-0080239358|FACTURACION CICLICA|AMDOCS|20260715|2026-08-01|PEN|46.21|8.32|54.53
2077915427|CLIENT_00955|68022575|970035423|S3AA-0079567307|FACTURACION CICLICA|AMDOCS|20260715|2026-08-01|PEN|23.07|4.16|27.23
2090334510|CLIENT_00875|332812621|071849547|S3AA-0080010165|FACTURACION CICLICA|AMDOCS|20260715|2026-08-01|PEN|105.53|19.00|124.53
2077915427|CLIENT_00955|68022575|334241601|S3AA-0079557596|FACTURACION CICLICA|AMDOCS|20260715|2026-08-01|PEN|16.84|3.04|19.88
2021963014|CLIENT_00192|89345575|303701283|S3AA-0079680252|FACTURACION CICLICA|AMDOCS|20260715|2026-08-01|PEN|71.13|12.80|83.93
2008935428|CLIENT_00164|087471221|336668737|S3AA-0079514670|FACTURACION CICLICA|AMDOCS|20260715|2026-08-01|PEN|71.13|12.80|83.93
2052009555|CLIENT_00491|53863575|854401443|S3AA-0080024660|FACTURACION CICLICA|AMDOCS|20260715|2026-08-01|PEN|46.21|8.32|54.53
2068641471|CLIENT_00978|71690575|434683033|S3AA-0079856483|FACTURACION CICLICA|AMDOCS|20260715|2026-08-01|PEN|25.45|4.58|30.03
2094037394|CLIENT_00744|91516575|143072613|S3AA-0079874809|FACTURACION CICLICA|AMDOCS|20260715|2026-08-01|PEN|52.50|9.45|61.95
2077915427|CLIENT_00955|68022575|629028823|S3AA-0079567376|FACTURACION CICLICA|AMDOCS|20260715|2026-08-01|PEN|13.58|2.45|16.03
2082422571|CLIENT_00010|792078121|608838957|S3AA-0079677794|FACTURACION CICLICA|AMDOCS|20260715|2026-08-01|PEN|41.47|7.46|48.93
2095824297|CLIENT_00323|31282575|849532333|S3AA-0079819343|FACTURACION CICLICA|AMDOCS|20260715|2026-08-01|PEN|35.53|6.40|41.93
2077915427|CLIENT_00955|68022575|596504733|S3AA-0079567490|FACTURACION CICLICA|AMDOCS|20260715|2026-08-01|PEN|15.66|2.82|18.48
2007774830|CLIENT_00695|424360011|519759817|S3AA-0079923437|FACTURACION CICLICA|AMDOCS|20260715|2026-08-01|PEN|49.18|8.86|58.03
2014718111|CLIENT_00016|68641575|133826123|S3AA-0079567250|FACTURACION CICLICA|AMDOCS|20260715|2026-08-01|PEN|82.94|14.92|97.86
2039660724|CLIENT_00161|784058921|020819157|S3AA-0079582263|FACTURACION CICLICA|AMDOCS|20260715|2026-08-01|PEN|193.98|34.92|228.90
2014417729|CLIENT_00760|558077111|052291067|S3AA-0080219001|FACTURACION CICLICA|AMDOCS|20260715|2026-08-01|PEN|56.06|10.09|66.15
2055715122|CLIENT_00910|655842121|682586637|S3AA-0080223295|FACTURACION CICLICA|AMDOCS|20260715|2026-08-01|PEN|59.92|10.78|70.70
2006969490|CLIENT_00418|79003575|527733873|S3AA-0079670727|FACTURACION CICLICA|AMDOCS|20260715|2026-08-01|PEN|35.89|6.46|42.35
2021963014|CLIENT_00192|89345575|883265447|S3AA-0079683560|FACTURACION CICLICA|AMDOCS|20260715|2026-08-01|PEN|43.18|7.78|50.96
2020274387|CLIENT_00535|312562221|564211837|S3AA-0079822496|FACTURACION CICLICA|AMDOCS|20260715|2026-08-01|PEN|43.25|7.78|51.03
2028873503|CLIENT_00053|34531575|210355723|S3AA-0080089843|FACTURACION CICLICA|AMDOCS|20260715|2026-08-01|PEN|12.76|2.29|15.05
2044862591|CLIENT_00895|88942575|732812923|S3AA-0079586178|FACTURACION CICLICA|AMDOCS|20260715|2026-08-01|PEN|28.18|5.07|33.25
2080971084|CLIENT_00348|512985521|966312157|S3AA-0079843296|FACTURACION CICLICA|AMDOCS|20260715|2026-08-01|PEN|88.92|16.01|104.93
2027698007|CLIENT_00990|687330621|848818657|S3AA-0079574124|FACTURACION CICLICA|AMDOCS|20260715|2026-08-01|PEN|82.75|14.90|97.65
2077915427|CLIENT_00955|68022575|878925423|S3AA-0079567305|FACTURACION CICLICA|AMDOCS|20260715|2026-08-01|PEN|15.73|2.82|18.55
2082422571|CLIENT_00010|792078121|167589757|S3AA-0079677107|FACTURACION CICLICA|AMDOCS|20260715|2026-08-01|PEN|41.47|7.46|48.93
2020274387|CLIENT_00535|312562221|682205447|S3AA-0079823396|FACTURACION CICLICA|AMDOCS|20260715|2026-08-01|PEN|25.45|4.58|30.03
2006459799|CLIENT_00837|74471575|233972773|S3AA-0080137074|FACTURACION CICLICA|AMDOCS|20260715|2026-08-01|PEN|18.98|3.42|22.40
2037181733|CLIENT_00226|040742521|560084557|S3AA-0080077495|FACTURACION CICLICA|AMDOCS|20260715|2026-08-01|PEN|47.40|8.53|55.93
2080713308|CLIENT_00225|26052575|075594063|S3AA-0080276843|FACTURACION CICLICA|AMDOCS|20260715|2026-08-01|PEN|24.86|4.47|29.33
2088412995|CLIENT_00410|87777575|763541601|S3AA-0079473637|FACTURACION CICLICA|AMDOCS|20260715|2026-08-01|PEN|37.32|6.71|44.03
2040008808|CLIENT_00209|30333575|044780043|S3AA-0079726019|FACTURACION CICLICA|AMDOCS|20260715|2026-08-01|PEN|39.69|7.14|46.83
2079287596|CLIENT_00457|567110221|394084737|S3AA-0080307530|FACTURACION CICLICA|AMDOCS|20260715|2026-08-01|PEN|145.70|26.22|171.92
2096452817|CLIENT_00208|27153575|315572113|S3AA-0080360026|FACTURACION CICLICA|AMDOCS|20260715|2026-08-01|PEN|33.75|6.08|39.83
2052009555|CLIENT_00491|53863575|663401443|S3AA-0080024658|FACTURACION CICLICA|AMDOCS|20260715|2026-08-01|PEN|46.21|8.32|54.53
2057768570|CLIENT_00068|32621575|492061703|S3AA-0079902774|FACTURACION CICLICA|AMDOCS|20260715|2026-08-01|PEN|44.44|7.99|52.43
2000865303|CLIENT_00788|864924721|859748657|S3AA-0080339191|FACTURACION CICLICA|AMDOCS|20260715|2026-08-01|PEN|56.06|10.09|66.15
2066708502|CLIENT_00083|06594575|903148513|S3AA-0080248237|FACTURACION CICLICA|AMDOCS|20260715|2026-08-01|PEN|37.32|6.71|44.03
2006459799|CLIENT_00837|74471575|478329283|S3AA-0080137175|FACTURACION CICLICA|AMDOCS|20260715|2026-08-01|PEN|18.98|3.42|22.40
2074581354|CLIENT_00824|681257721|108906847|S3AA-0079572255|FACTURACION CICLICA|AMDOCS|20260715|2026-08-01|PEN|102.33|18.42|120.75
2023281496|CLIENT_00538|80317575|834498657|S3AA-0079779377|FACTURACION CICLICA|AMDOCS|20260715|2026-08-01|PEN|171.56|30.88|202.44
2011067330|CLIENT_00113|336038121|033224167|S3AA-0080014069|FACTURACION CICLICA|AMDOCS|20260715|2026-08-01|PEN|20.70|3.73|24.43
2001699108|CLIENT_00989|473844901|245209537|S3AA-0080391259|FACTURACION CICLICA|AMDOCS|20260715|2026-08-01|PEN|50.06|9.02|59.08
2006209623|CLIENT_00603|723882231|320925557|S3AA-0079956340|FACTURACION CICLICA|AMDOCS|20260715|2026-08-01|PEN|37.31|6.72|44.03
2094370630|CLIENT_00139|018002321|394901657|S3AA-0079797728|FACTURACION CICLICA|AMDOCS|20260715|2026-08-01|PEN|100.79|18.14|118.93
2081245613|CLIENT_00129|207627921|199681757|S3AA-0079723387|FACTURACION CICLICA|AMDOCS|20260715|2026-08-01|PEN|109.63|19.73|129.36
2067647278|CLIENT_00078|21761575|488531213|S3AA-0079800389|FACTURACION CICLICA|AMDOCS|20260715|2026-08-01|PEN|43.25|7.78|51.03
2037181733|CLIENT_00226|040742521|511774557|S3AA-0080077494|FACTURACION CICLICA|AMDOCS|20260715|2026-08-01|PEN|23.67|4.26|27.93
2077915427|CLIENT_00955|68022575|989552917|S3AA-0079568997|FACTURACION CICLICA|AMDOCS|20260715|2026-08-01|PEN|15.66|2.82|18.48
2002657495|CLIENT_00013|87633575|456087043|S3AA-0079483566|FACTURACION CICLICA|AMDOCS|20260715|2026-08-01|PEN|33.75|6.08|39.83
2082422571|CLIENT_00010|792078121|510144857|S3AA-0079677271|FACTURACION CICLICA|AMDOCS|20260715|2026-08-01|PEN|81.62|14.70|96.32
2036822926|CLIENT_00194|88087575|786761601|S3AA-0079576273|FACTURACION CICLICA|AMDOCS|20260715|2026-08-01|PEN|25.45|4.58|30.03
2052009555|CLIENT_00491|53863575|609978353|S3AA-0080024787|FACTURACION CICLICA|AMDOCS|20260715|2026-08-01|PEN|19.81|3.57|23.38
2002657495|CLIENT_00013|87633575|956087043|S3AA-0079483567|FACTURACION CICLICA|AMDOCS|20260715|2026-08-01|PEN|46.21|8.32|54.53
2085420441|CLIENT_00762|34542575|447425313|S3AA-0080089516|FACTURACION CICLICA|AMDOCS|20260715|2026-08-01|PEN|25.21|4.54|29.75
2079287596|CLIENT_00457|567110221|286284737|S3AA-0080307532|FACTURACION CICLICA|AMDOCS|20260715|2026-08-01|PEN|71.07|12.79|83.86
2088412995|CLIENT_00410|87777575|561737067|S3AA-0079491531|FACTURACION CICLICA|AMDOCS|20260715|2026-08-01|PEN|41.47|7.46|48.93
2033213127|CLIENT_00483|29526575|915715893|S3AA-0079624303|FACTURACION CICLICA|AMDOCS|20260715|2026-08-01|PEN|18.98|3.42|22.40
2075957069|CLIENT_00305|045109311|536052327|S3AA-0080072704|FACTURACION CICLICA|AMDOCS|20260715|2026-08-01|PEN|51.91|9.34|61.25
2020143008|CLIENT_00090|215219121|412903747|S3AA-0079814597|FACTURACION CICLICA|AMDOCS|20260715|2026-08-01|PEN|50.13|9.02|59.15
2003216433|CLIENT_00243|477725311|184680947|S3AA-0080393339|FACTURACION CICLICA|AMDOCS|20260715|2026-08-01|PEN|97.76|17.60|115.36
2020274387|CLIENT_00535|312562221|643610937|S3AA-0079822602|FACTURACION CICLICA|AMDOCS|20260715|2026-08-01|PEN|1847.48|221.52|2068.99
2006459799|CLIENT_00837|74471575|068080793|S3AA-0080137397|FACTURACION CICLICA|AMDOCS|20260715|2026-08-01|PEN|18.98|3.42|22.40
2028080362|CLIENT_00042|347990521|964439347|S3AA-0080103173|FACTURACION CICLICA|AMDOCS|20260715|2026-08-01|PEN|112.65|20.28|132.93
2006459799|CLIENT_00837|74471575|786140983|S3AA-0080137262|FACTURACION CICLICA|AMDOCS|20260715|2026-08-01|PEN|43.25|7.78|51.03
2082422571|CLIENT_00010|792078121|391821737|S3AA-0079673145|FACTURACION CICLICA|AMDOCS|20260715|2026-08-01|PEN|47.40|8.53|55.93
2007774830|CLIENT_00695|367433111|890391917|S3AA-0080287257|FACTURACION CICLICA|AMDOCS|20260715|2026-08-01|PEN|54.46|9.80|64.26
2031228249|CLIENT_00463|649332521|912571447|S3AA-0080131251|FACTURACION CICLICA|AMDOCS|20260715|2026-08-01|PEN|21.71|3.91|25.62
2062201122|CLIENT_00210|37890575|820315303|S3AA-0080369283|FACTURACION CICLICA|AMDOCS|20260715|2026-08-01|PEN|33.75|6.08|39.83
2080289526|CLIENT_00976|89031575|576170633|S3AA-0079679605|FACTURACION CICLICA|AMDOCS|20260715|2026-08-01|PEN|29.96|5.39|35.35
2077915427|CLIENT_00955|68022575|696504733|S3AA-0079567491|FACTURACION CICLICA|AMDOCS|20260715|2026-08-01|PEN|15.66|2.82|18.48
2047042192|CLIENT_00205|85213575|952910863|S3AA-0080230144|FACTURACION CICLICA|AMDOCS|20260715|2026-08-01|PEN|23.44|4.21|27.65
2081571842|CLIENT_00996|37920575|206538401|S1AA-0053530075|FACTURACION CICLICA|AMDOCS|20260805|2026-08-18|PEN|1293.13|56.61|1349.74
2078675402|CLIENT_00687|842962221|389931837|S1AA-0053356500|FACTURACION CICLICA|AMDOCS|20260805|2026-08-18|PEN|17.21|3.09|20.30
2001605530|CLIENT_00869|19017575|875082503|S1AA-0053645303|FACTURACION CICLICA|AMDOCS|20260805|2026-08-18|PEN|24.50|4.41|28.91
2076939161|CLIENT_00387|95100575|148103303|S1AA-0053428664|FACTURACION CICLICA|AMDOCS|20260805|2026-08-18|PEN|64.96|11.69|76.65
2017932836|CLIENT_00414|555045021|982227757|S1AA-0053406244|FACTURACION CICLICA|AMDOCS|20260805|2026-08-18|PEN|110.75|19.94|130.69
2001605530|CLIENT_00869|19017575|526082503|S1AA-0053645304|FACTURACION CICLICA|AMDOCS|20260805|2026-08-18|PEN|24.50|4.41|28.91
2096959477|CLIENT_00690|516245631|439561267|S1AA-0053137093|FACTURACION CICLICA|AMDOCS|20260805|2026-08-18|PEN|17.50|3.15|20.65
2016982483|CLIENT_00253|371954321|306028357|S1AA-0053534257|FACTURACION CICLICA|AMDOCS|20260805|2026-08-18|PEN|55.99|10.09|66.08
2061607083|CLIENT_00007|375143221|891428847|S1AA-0053533499|FACTURACION CICLICA|AMDOCS|20260805|2026-08-18|PEN|50.06|9.02|59.08
2018117869|CLIENT_00044|101568521|944913547|S1AA-0053052603|FACTURACION CICLICA|AMDOCS|20260805|2026-08-18|PEN|189.42|34.09|223.51
2095018481|CLIENT_00160|113719411|897018447|S1AA-0053120274|FACTURACION CICLICA|AMDOCS|20260805|2026-08-18|PEN|35.76|6.45|42.21
2019351028|CLIENT_00937|96637575|811632357|S1AA-0053507115|FACTURACION CICLICA|AMDOCS|20260805|2026-08-18|PEN|11.63|2.09|13.72
2056921911|CLIENT_00644|864899231|516365857|S1AA-0053501235|FACTURACION CICLICA|AMDOCS|20260805|2026-08-18|PEN|44.13|7.95|52.08
2046969172|CLIENT_00607|22121575|281342233|S1AA-0053219429|FACTURACION CICLICA|AMDOCS|20260805|2026-08-18|PEN|21.71|3.91|25.62
2060928654|CLIENT_00894|359175021|685159947|S1AA-0053391508|FACTURACION CICLICA|AMDOCS|20260805|2026-08-18|PEN|26.40|4.75|31.15
2059259780|CLIENT_00525|556726721|908011457|S1AA-0053405648|FACTURACION CICLICA|AMDOCS|20260805|2026-08-18|PEN|52.32|9.42|61.74
2096447129|CLIENT_00321|93461575|390109501|S1AA-0053293234|FACTURACION CICLICA|AMDOCS|20260805|2026-08-18|PEN|248.08|44.66|292.74
2040677842|CLIENT_00666|966296531|342129067|S6AA-0000136406|FACTURACION CICLICA|AMDOCS|20260720|2026-08-03|PEN|20.46|3.69|24.15
2042647818|CLIENT_00266|28064185|601803837|S9AA-0083911179|FACTURACION CICLICA|AMDOCS|20260801|2026-08-13|PEN|23.07|4.16|27.23
2058413599|CLIENT_00258|383387231|747803657|S9AA-0083921511|FACTURACION CICLICA|AMDOCS|20260801|2026-08-13|PEN|100.50|18.08|118.58
2093365484|CLIENT_00200|46430575|827069503|S1AA-0052784647|FACTURACION CICLICA|AMDOCS|20260705|2026-07-21|PEN|49.18|8.86|58.03
2022413606|CLIENT_00407|449549531|006503167|S1AA-0052640891|FACTURACION CICLICA|AMDOCS|20260705|2026-07-21|PEN|26.40|4.75|31.15
2035835869|CLIENT_00900|62273575|524273443|S1AA-0052519782|FACTURACION CICLICA|AMDOCS|20260705|2026-07-21|PEN|27.23|4.90|32.13
2060200980|CLIENT_00350|62740575|340233203|S1AA-0052512461|FACTURACION CICLICA|AMDOCS|20260705|2026-07-21|PEN|31.38|5.65|37.03
2057227210|CLIENT_00864|14483575|291076643|S1AA-0052615131|FACTURACION CICLICA|AMDOCS|20260705|2026-07-21|PEN|88.92|16.01|104.93
2095007193|CLIENT_00907|01754575|127596503|S1AA-0052417313|FACTURACION CICLICA|AMDOCS|20260705|2026-07-21|PEN|82.99|14.94|97.93
2071042073|CLIENT_00706|736720321|436205457|S1AA-0052591688|FACTURACION CICLICA|AMDOCS|20260705|2026-07-21|PEN|77.06|13.87|90.93
2066331018|CLIENT_00601|73991575|475838023|S1AA-0052587607|FACTURACION CICLICA|AMDOCS|20260705|2026-07-21|PEN|71.13|12.80|83.93
2054871546|CLIENT_00685|27574575|591972101|S1AA-0052838781|FACTURACION CICLICA|AMDOCS|20260705|2026-07-21|PEN|36.95|6.66|43.61
2064808256|CLIENT_00329|535599421|096285957|S1AA-0052579199|FACTURACION CICLICA|AMDOCS|20260705|2026-07-21|PEN|88.92|16.01|104.93
2077617839|CLIENT_00036|75015575|146223937|S1AA-0052732470|FACTURACION CICLICA|AMDOCS|20260705|2026-07-21|PEN|74.69|13.44|88.13
1048743727|CLIENT_00498|54325575|202883473|S1AA-0052656335|FACTURACION CICLICA|AMDOCS|20260705|2026-07-21|PEN|23.07|4.16|27.23
2056921911|CLIENT_00644|864899231|403075857|S1AA-0052816779|FACTURACION CICLICA|AMDOCS|20260705|2026-07-21|PEN|44.20|7.95|52.15
2060375617|CLIENT_00383|216638511|302025827|S1AA-0052426116|FACTURACION CICLICA|AMDOCS|20260705|2026-07-21|PEN|29.01|5.22|34.23
2051224691|CLIENT_00014|58660575|620373103|S1AA-0052934187|FACTURACION CICLICA|AMDOCS|20260705|2026-07-21|PEN|29.01|5.22|34.23
2060200980|CLIENT_00350|62740575|390307413|S1AA-0052519445|FACTURACION CICLICA|AMDOCS|20260705|2026-07-21|PEN|31.38|5.65|37.03
2024687919|CLIENT_00136|40231575|891085101|S1AA-0052641520|FACTURACION CICLICA|AMDOCS|20260705|2026-07-21|PEN|87.92|15.82|103.74
2078675402|CLIENT_00687|842962221|389931837|S1AA-0052677998|FACTURACION CICLICA|AMDOCS|20260705|2026-07-21|PEN|17.21|3.09|20.30
2007950781|CLIENT_00069|46400575|209429993|S1AA-0052786089|FACTURACION CICLICA|AMDOCS|20260705|2026-07-21|PEN|18.69|3.36|22.05
2024687919|CLIENT_00136|40231575|351023063|S1AA-0052383922|FACTURACION CICLICA|AMDOCS|20260705|2026-07-21|PEN|14.76|2.67|17.43
2075453385|CLIENT_00684|402956121|143573067|S1AA-0052388802|FACTURACION CICLICA|AMDOCS|20260705|2026-07-21|PEN|53.33|9.60|62.93
2058246578|CLIENT_00853|28725575|310231601|S1AA-0052913707|FACTURACION CICLICA|AMDOCS|20260705|2026-07-21|PEN|23.67|4.26|27.93
2033295502|CLIENT_00513|159921021|882812537|S1AA-0052698365|FACTURACION CICLICA|AMDOCS|20260705|2026-07-21|PEN|105.53|19.00|124.53
2007950781|CLIENT_00069|46400575|264937833|S1AA-0052784998|FACTURACION CICLICA|AMDOCS|20260705|2026-07-21|PEN|24.56|4.42|28.98
2025086317|CLIENT_00367|56850575|512282403|S1AA-0052791403|FACTURACION CICLICA|AMDOCS|20260705|2026-07-21|PEN|46.21|8.32|54.53
2056921911|CLIENT_00644|864899231|294963757|S1AA-0052816522|FACTURACION CICLICA|AMDOCS|20260705|2026-07-21|PEN|53.33|9.60|62.93
2031711814|CLIENT_00408|026702221|599576547|S1AA-0052488355|FACTURACION CICLICA|AMDOCS|20260705|2026-07-21|PEN|62.23|11.20|73.43
2086906355|CLIENT_00933|23560575|143172533|S1AA-0052553769|FACTURACION CICLICA|AMDOCS|20260705|2026-07-21|PEN|30.32|5.45|35.77
2068624950|CLIENT_00710|57851575|743767433|S1AA-0052859815|FACTURACION CICLICA|AMDOCS|20260705|2026-07-21|PEN|197.90|35.62|233.52
2019373121|CLIENT_00747|36672575|569729501|S1AA-0052777639|FACTURACION CICLICA|AMDOCS|20260705|2026-07-21|PEN|33.75|6.08|39.83
2000150523|CLIENT_00972|11601575|874841503|S1AA-0052458100|FACTURACION CICLICA|AMDOCS|20260705|2026-07-21|PEN|77.06|13.87|90.93
2013870601|CLIENT_00098|37026575|484984303|S1AA-0052845768|FACTURACION CICLICA|AMDOCS|20260705|2026-07-21|PEN|74.45|13.40|87.85
2046751787|CLIENT_00193|929969021|420311537|S1AA-0052535118|FACTURACION CICLICA|AMDOCS|20260705|2026-07-21|PEN|23.44|4.21|27.65
2065026469|CLIENT_00218|33435575|927408427|S1AA-0052562085|FACTURACION CICLICA|AMDOCS|20260705|2026-07-21|PEN|165.81|29.84|195.65
2091514048|CLIENT_00099|01841575|067892113|S1AA-0052417415|FACTURACION CICLICA|AMDOCS|20260705|2026-07-21|PEN|18.92|3.41|22.33
2051947639|CLIENT_00103|62947575|211702203|S1AA-0052512455|FACTURACION CICLICA|AMDOCS|20260705|2026-07-21|PEN|82.99|14.94|97.93
2044366286|CLIENT_00796|44436575|800127001|S1AA-0052634708|FACTURACION CICLICA|AMDOCS|20260705|2026-07-21|PEN|21.95|3.96|25.90
2084384500|CLIENT_00932|79794575|794671503|S1AA-0053015886|FACTURACION CICLICA|AMDOCS|20260705|2026-07-21|PEN|20.52|3.70|24.22
2061607083|CLIENT_00007|375143221|891428847|S1AA-0052849132|FACTURACION CICLICA|AMDOCS|20260705|2026-07-21|PEN|47.40|8.53|55.93
2077617839|CLIENT_00036|75015575|641879501|S1AA-0052729960|FACTURACION CICLICA|AMDOCS|20260705|2026-07-21|PEN|31.38|5.65|37.03
2012453412|CLIENT_00293|85194575|733092663|S1AA-0052737859|FACTURACION CICLICA|AMDOCS|20260705|2026-07-21|PEN|27.76|5.00|32.76
2095867314|CLIENT_00095|937784911|240322237|S1AA-0052603058|FACTURACION CICLICA|AMDOCS|20260705|2026-07-21|PEN|20.11|3.62|23.73
2001681016|CLIENT_00750|279309221|154375937|S1AA-0052841407|FACTURACION CICLICA|AMDOCS|20260705|2026-07-21|PEN|15.19|2.73|17.92
2056921911|CLIENT_00644|864899231|159084857|S1AA-0052816768|FACTURACION CICLICA|AMDOCS|20260705|2026-07-21|PEN|44.20|7.95|52.15
2026613493|CLIENT_00916|13004575|815730513|S1AA-0052546760|FACTURACION CICLICA|AMDOCS|20260705|2026-07-21|PEN|43.54|7.84|51.38
2096959477|CLIENT_00690|516245631|439561267|S1AA-0052457695|FACTURACION CICLICA|AMDOCS|20260705|2026-07-21|PEN|16.72|3.02|19.74
2068445567|CLIENT_00718|789395911|782351167|S1AA-0052953648|FACTURACION CICLICA|AMDOCS|20260705|2026-07-21|PEN|26.40|4.75|31.15
2058797594|CLIENT_00421|53591575|146920023|S1AA-0052574008|FACTURACION CICLICA|AMDOCS|20260705|2026-07-21|PEN|18.62|3.36|21.98
2091198935|CLIENT_00319|25242575|430017301|S1AA-0052702773|FACTURACION CICLICA|AMDOCS|20260705|2026-07-21|PEN|575.51|103.22|678.72
2060200980|CLIENT_00350|62740575|416839573|S1AA-0052520299|FACTURACION CICLICA|AMDOCS|20260705|2026-07-21|PEN|31.38|5.65|37.03
2039137544|CLIENT_00939|28944575|696381503|S1AA-0052913839|FACTURACION CICLICA|AMDOCS|20260705|2026-07-21|PEN|48.87|8.81|57.68
2096447129|CLIENT_00321|93461575|390109501|S1AA-0052600792|FACTURACION CICLICA|AMDOCS|20260705|2026-07-21|PEN|248.15|44.66|292.81
2057227210|CLIENT_00864|14483575|885741393|S1AA-0052615899|FACTURACION CICLICA|AMDOCS|20260705|2026-07-21|PEN|17.79|3.21|21.00
2056934422|CLIENT_00124|23092575|483264303|S1AA-0052553363|FACTURACION CICLICA|AMDOCS|20260705|2026-07-21|PEN|9.49|1.71|11.20
2058797594|CLIENT_00421|53591575|786920023|S1AA-0052574010|FACTURACION CICLICA|AMDOCS|20260705|2026-07-21|PEN|9.49|1.71|11.20
2008371952|CLIENT_00582|002854921|077003857|S1AA-0052367845|FACTURACION CICLICA|AMDOCS|20260705|2026-07-21|PEN|109.45|19.70|129.15
2060200980|CLIENT_00350|62740575|730307413|S1AA-0052519442|FACTURACION CICLICA|AMDOCS|20260705|2026-07-21|PEN|59.26|10.67|69.93
2036223175|CLIENT_00279|737207511|285918547|S1AA-0052590384|FACTURACION CICLICA|AMDOCS|20260705|2026-07-21|PEN|22.02|3.96|25.97
2055088087|CLIENT_00301|05541575|654820673|S1AA-0052690417|FACTURACION CICLICA|AMDOCS|20260705|2026-07-21|PEN|49.77|8.96|58.73
2008268577|CLIENT_00288|58564575|085404303|S1AA-0052934252|FACTURACION CICLICA|AMDOCS|20260705|2026-07-21|PEN|18.98|3.42|22.40
2024687919|CLIENT_00136|40231575|402393063|S1AA-0052383930|FACTURACION CICLICA|AMDOCS|20260705|2026-07-21|PEN|15.46|2.67|18.13
2019351028|CLIENT_00937|96637575|811632357|S1AA-0052822626|FACTURACION CICLICA|AMDOCS|20260705|2026-07-21|PEN|8.90|1.60|10.50
2060200980|CLIENT_00350|62740575|281003703|S1AA-0052519321|FACTURACION CICLICA|AMDOCS|20260705|2026-07-21|PEN|31.38|5.65|37.03
2001156117|CLIENT_00442|72425575|073241401|S1AA-0052519138|FACTURACION CICLICA|AMDOCS|20260705|2026-07-21|PEN|63.71|11.47|75.18
2023009780|CLIENT_00141|16530575|622547401|S1AA-0052764026|FACTURACION CICLICA|AMDOCS|20260705|2026-07-21|PEN|71.06|12.80|83.86
2051341964|CLIENT_00219|50325575|736313473|S1AA-0052391081|FACTURACION CICLICA|AMDOCS|20260705|2026-07-21|PEN|206.52|3.69|210.21
2033958304|CLIENT_00921|165043021|799167337|S1AA-0052766358|FACTURACION CICLICA|AMDOCS|20260705|2026-07-21|PEN|2.18|.41|2.59
2084384500|CLIENT_00932|79794575|846989603|S1AA-0053015934|FACTURACION CICLICA|AMDOCS|20260705|2026-07-21|PEN|20.52|3.70|24.22
2024687919|CLIENT_00136|40231575|651023063|S1AA-0052383923|FACTURACION CICLICA|AMDOCS|20260705|2026-07-21|PEN|13.94|2.51|16.45
2092314059|CLIENT_00618|55685575|060321093|S1AA-0052724666|FACTURACION CICLICA|AMDOCS|20260705|2026-07-21|PEN|27.83|5.00|32.83
2017592496|CLIENT_00970|65013575|806844293|S1AA-0052745087|FACTURACION CICLICA|AMDOCS|20260705|2026-07-21|PEN|43.25|7.78|51.03
2024687919|CLIENT_00136|40231575|951023063|S1AA-0052383924|FACTURACION CICLICA|AMDOCS|20260705|2026-07-21|PEN|14.83|2.67|17.50
2053149169|CLIENT_00413|660219921|299069157|S1AA-0052801951|FACTURACION CICLICA|AMDOCS|20260705|2026-07-21|PEN|118.59|21.34|139.93
2050440165|CLIENT_00596|03677575|188331601|S1AA-0052539572|FACTURACION CICLICA|AMDOCS|20260705|2026-07-21|PEN|19.81|3.57|23.38
2044862591|CLIENT_00895|69942575|044731601|S1AA-0053002140|FACTURACION CICLICA|AMDOCS|20260705|2026-07-21|PEN|16.84|3.04|19.88
2018723284|CLIENT_00943|18152575|087358501|S1AA-0052906902|FACTURACION CICLICA|AMDOCS|20260705|2026-07-21|PEN|17.79|3.21|21.00
2004984092|CLIENT_00883|37931575|312890803|S1AA-0052845861|FACTURACION CICLICA|AMDOCS|20260705|2026-07-21|PEN|21.71|3.91|25.62
2072727583|CLIENT_00076|32851575|507475917|S1AA-0052500933|FACTURACION CICLICA|AMDOCS|20260705|2026-07-21|PEN|31.38|5.65|37.03
2051341964|CLIENT_00219|50325575|499693401|S1AA-0052389952|FACTURACION CICLICA|AMDOCS|20260705|2026-07-21|PEN|18.92|3.41|22.33
2084384500|CLIENT_00932|79794575|477432663|S1AA-0053016713|FACTURACION CICLICA|AMDOCS|20260705|2026-07-21|PEN|89.46|16.10|105.56
2035835869|CLIENT_00900|62273575|422273443|S1AA-0052519781|FACTURACION CICLICA|AMDOCS|20260705|2026-07-21|PEN|27.23|4.90|32.13
2050766085|CLIENT_00699|994931321|569464047|S1AA-0053031913|FACTURACION CICLICA|AMDOCS|20260705|2026-07-21|PEN|21.71|3.91|25.62
2095370945|CLIENT_00679|74084575|745279363|S1AA-0052669769|FACTURACION CICLICA|AMDOCS|20260705|2026-07-21|PEN|13.22|2.39|15.61
2063339709|CLIENT_00486|838010221|049034837|S1AA-0052596467|FACTURACION CICLICA|AMDOCS|20260705|2026-07-21|PEN|154.60|27.83|182.42
2023799562|CLIENT_00489|35157575|822801601|S1AA-0052709639|FACTURACION CICLICA|AMDOCS|20260705|2026-07-21|PEN|17.74|3.19|20.93
2029817021|CLIENT_00178|69717575|309099501|S1AA-0053002120|FACTURACION CICLICA|AMDOCS|20260705|2026-07-21|PEN|21.53|3.88|25.41
2061607083|CLIENT_00007|375143221|481218347|S1AA-0052848533|FACTURACION CICLICA|AMDOCS|20260705|2026-07-21|PEN|66.74|12.01|78.75
1038544262|CLIENT_00966|03801575|777024503|S1AA-0052539695|FACTURACION CICLICA|AMDOCS|20260705|2026-07-21|PEN|38.56|6.94|45.50
2060200980|CLIENT_00350|62740575|101099673|S1AA-0052520327|FACTURACION CICLICA|AMDOCS|20260705|2026-07-21|PEN|62.76|11.30|74.06
2016142658|CLIENT_00521|71440575|539301103|S1AA-0052464803|FACTURACION CICLICA|AMDOCS|20260705|2026-07-21|PEN|10.32|1.86|12.18
2086602695|CLIENT_00868|34761575|690551803|S1AA-0052628192|FACTURACION CICLICA|AMDOCS|20260705|2026-07-21|PEN|68.75|12.38|81.13
2095824297|CLIENT_00323|12282575|500535503|S1AA-0052492064|FACTURACION CICLICA|AMDOCS|20260705|2026-07-21|PEN|35.53|6.40|41.93
1038544262|CLIENT_00966|03801575|293330473|S1AA-0052540695|FACTURACION CICLICA|AMDOCS|20260705|2026-07-21|PEN|14.83|2.67|17.50
2083215398|CLIENT_00564|60960575|779026201|S1AA-0052389895|FACTURACION CICLICA|AMDOCS|20260705|2026-07-21|PEN|138.64|24.96|163.59
2040817262|CLIENT_00984|34230575|709365617|S1AA-0052629980|FACTURACION CICLICA|AMDOCS|20260705|2026-07-21|PEN|21.29|3.84|25.13
2017932836|CLIENT_00414|555045021|982227757|S1AA-0052728132|FACTURACION CICLICA|AMDOCS|20260705|2026-07-21|PEN|112.65|20.28|132.93
2043779813|CLIENT_00336|52770575|783042083|S1AA-0052513645|FACTURACION CICLICA|AMDOCS|20260705|2026-07-21|PEN|32.70|5.87|38.57
2050504401|CLIENT_00673|462851321|152941047|S1AA-0052787094|FACTURACION CICLICA|AMDOCS|20260705|2026-07-21|PEN|18.92|3.41|22.33
2060375617|CLIENT_00383|216638511|069594037|S1AA-0052426144|FACTURACION CICLICA|AMDOCS|20260705|2026-07-21|PEN|29.89|5.39|35.28
2072882399|CLIENT_00032|74784575|887794303|S1AA-0052668943|FACTURACION CICLICA|AMDOCS|20260705|2026-07-21|PEN|53.51|9.63|63.14
2015648856|CLIENT_00530|88180575|033741203|S1AA-0052954540|FACTURACION CICLICA|AMDOCS|20260705|2026-07-21|PEN|14.76|2.67|17.43
1048743727|CLIENT_00498|54325575|302964167|S1AA-0052661385|FACTURACION CICLICA|AMDOCS|20260705|2026-07-21|PEN|20.40|3.68|24.08
2071656712|CLIENT_00163|22415575|022430803|S1AA-0052648794|FACTURACION CICLICA|AMDOCS|20260705|2026-07-21|PEN|62.22|11.21|73.43
2013237934|CLIENT_00303|80790575|115374103|S1AA-0052403595|FACTURACION CICLICA|AMDOCS|20260705|2026-07-21|PEN|31.15|5.60|36.75
2044862591|CLIENT_00895|69942575|934731601|S1AA-0053002139|FACTURACION CICLICA|AMDOCS|20260705|2026-07-21|PEN|16.91|3.04|19.95
2059259780|CLIENT_00525|556726721|908011457|S1AA-0052727495|FACTURACION CICLICA|AMDOCS|20260705|2026-07-21|PEN|52.33|9.42|61.74
2060200980|CLIENT_00350|62740575|850307413|S1AA-0052519443|FACTURACION CICLICA|AMDOCS|20260705|2026-07-21|PEN|59.26|10.67|69.93
2025086317|CLIENT_00367|56850575|436850303|S1AA-0052791376|FACTURACION CICLICA|AMDOCS|20260705|2026-07-21|PEN|40.87|7.36|48.23
2012159970|CLIENT_00023|150233121|370598537|S1AA-0052698383|FACTURACION CICLICA|AMDOCS|20260705|2026-07-21|PEN|47.40|8.53|55.93
2096447129|CLIENT_00321|93461575|297837137|S1AA-0052603048|FACTURACION CICLICA|AMDOCS|20260705|2026-07-21|PEN|44.44|7.99|52.43
2099839122|CLIENT_00022|54290575|098678303|S1AA-0052655322|FACTURACION CICLICA|AMDOCS|20260705|2026-07-21|PEN|18.92|3.41|22.33
2029921832|CLIENT_00162|431609131|255107857|S1AA-0052572067|FACTURACION CICLICA|AMDOCS|20260705|2026-07-21|PEN|100.79|18.14|118.93
2011487576|CLIENT_00046|43763575|145111473|S1AA-0052567853|FACTURACION CICLICA|AMDOCS|20260705|2026-07-21|PEN|17.51|3.14|20.65
2086851615|CLIENT_00905|70647575|494912237|S1AA-0052358259|FACTURACION CICLICA|AMDOCS|20260705|2026-07-21|PEN|40.87|7.36|48.23
2024687919|CLIENT_00136|40231575|167293063|S1AA-0052383929|FACTURACION CICLICA|AMDOCS|20260705|2026-07-21|PEN|13.94|2.51|16.45
2016982483|CLIENT_00253|371954321|306028357|S1AA-0052849917|FACTURACION CICLICA|AMDOCS|20260705|2026-07-21|PEN|56.06|10.09|66.15
2063339709|CLIENT_00486|838010221|686858247|S1AA-0052596815|FACTURACION CICLICA|AMDOCS|20260705|2026-07-21|PEN|149.55|26.92|176.47
2005896521|CLIENT_00455|68763575|444338253|S1AA-0052941752|FACTURACION CICLICA|AMDOCS|20260705|2026-07-21|PEN|46.21|8.32|54.53
2006477444|CLIENT_00815|46031575|868897423|S1AA-0052784854|FACTURACION CICLICA|AMDOCS|20260705|2026-07-21|PEN|32.33|5.82|38.15
2060200980|CLIENT_00350|62740575|316839573|S1AA-0052520298|FACTURACION CICLICA|AMDOCS|20260705|2026-07-21|PEN|31.38|5.65|37.03
2064808256|CLIENT_00329|535599421|152755957|S1AA-0052579196|FACTURACION CICLICA|AMDOCS|20260705|2026-07-21|PEN|79.79|14.36|94.15
2021595413|CLIENT_00021|79665575|680473463|S1AA-0053016687|FACTURACION CICLICA|AMDOCS|20260705|2026-07-21|PEN|77.06|13.87|90.93
2044789187|CLIENT_00896|678241221|028297247|S1AA-0052882500|FACTURACION CICLICA|AMDOCS|20260705|2026-07-21|PEN|49.65|8.94|58.59
2000150523|CLIENT_00972|11601575|282694363|S1AA-0052458910|FACTURACION CICLICA|AMDOCS|20260705|2026-07-21|PEN|77.06|13.87|90.93
2084074807|CLIENT_00310|50984575|598430143|S1AA-0052390570|FACTURACION CICLICA|AMDOCS|20260705|2026-07-21|PEN|33.75|6.08|39.83
2019210260|CLIENT_00852|06932575|927387803|S1AA-0052757497|FACTURACION CICLICA|AMDOCS|20260705|2026-07-21|PEN|48.87|8.81|57.68
2024654901|CLIENT_00714|86944575|807012493|S1AA-0052813089|FACTURACION CICLICA|AMDOCS|20260705|2026-07-21|PEN|412.48|35.74|448.21
2060200980|CLIENT_00350|62740575|270307413|S1AA-0052519444|FACTURACION CICLICA|AMDOCS|20260705|2026-07-21|PEN|31.38|5.65|37.03
2096608121|CLIENT_00272|25824575|763551601|S1AA-0052702848|FACTURACION CICLICA|AMDOCS|20260705|2026-07-21|PEN|5.87|1.06|6.93
2024687919|CLIENT_00136|40231575|815393063|S1AA-0052383932|FACTURACION CICLICA|AMDOCS|20260705|2026-07-21|PEN|14.76|2.67|17.43
2060200980|CLIENT_00350|62740575|210307413|S1AA-0052519441|FACTURACION CICLICA|AMDOCS|20260705|2026-07-21|PEN|31.38|5.65|37.03
2020274387|CLIENT_00535|898656221|166321847|S1AA-0053025885|FACTURACION CICLICA|AMDOCS|20260705|2026-07-21|PEN|27.83|5.01|32.83
2045175160|CLIENT_00740|08960575|038324703|S1AA-0052900309|FACTURACION CICLICA|AMDOCS|20260705|2026-07-21|PEN|158.21|28.48|186.69
2060200980|CLIENT_00350|62740575|530004003|S1AA-0052512395|FACTURACION CICLICA|AMDOCS|20260705|2026-07-21|PEN|59.26|10.67|69.93
2001156117|CLIENT_00442|72425575|624630313|S1AA-0052866423|FACTURACION CICLICA|AMDOCS|20260705|2026-07-21|PEN|76.59|13.78|90.37
2081571842|CLIENT_00996|37920575|206538401|S1AA-0052845654|FACTURACION CICLICA|AMDOCS|20260705|2026-07-21|PEN|762.87|137.33|900.20
2039137544|CLIENT_00939|28944575|486381503|S1AA-0052913838|FACTURACION CICLICA|AMDOCS|20260705|2026-07-21|PEN|29.96|5.39|35.35
2049726118|CLIENT_00693|27750575|492499483|S1AA-0052840179|FACTURACION CICLICA|AMDOCS|20260705|2026-07-21|PEN|18.98|3.42|22.40
2097068950|CLIENT_00228|07000575|262897373|S1AA-0052826368|FACTURACION CICLICA|AMDOCS|20260705|2026-07-21|PEN|14.83|2.67|17.50
2050440165|CLIENT_00596|03677575|388331601|S1AA-0052539573|FACTURACION CICLICA|AMDOCS|20260705|2026-07-21|PEN|16.84|3.04|19.88
2001605530|CLIENT_00869|19017575|875082503|S1AA-0052975150|FACTURACION CICLICA|AMDOCS|20260705|2026-07-21|PEN|21.77|3.92|25.69
2086851615|CLIENT_00905|70647575|621764157|S1AA-0052359844|FACTURACION CICLICA|AMDOCS|20260705|2026-07-21|PEN|17.79|3.21|21.00
2071656712|CLIENT_00163|22415575|513696957|S1AA-0052653895|FACTURACION CICLICA|AMDOCS|20260705|2026-07-21|PEN|136.38|24.55|160.93
2090103192|CLIENT_00254|13083575|742969543|S1AA-0052547129|FACTURACION CICLICA|AMDOCS|20260705|2026-07-21|PEN|18.92|3.41|22.33
2015652897|CLIENT_00439|34590575|461022483|S1AA-0052629229|FACTURACION CICLICA|AMDOCS|20260705|2026-07-21|PEN|458.32|82.50|540.82
2060200980|CLIENT_00350|62740575|884509303|S1AA-0052512503|FACTURACION CICLICA|AMDOCS|20260705|2026-07-21|PEN|34.11|6.14|40.25
2056897122|CLIENT_00573|217414901|492943157|S1AA-0052427673|FACTURACION CICLICA|AMDOCS|20260705|2026-07-21|PEN|53.33|9.60|62.93
2025086317|CLIENT_00367|56850575|056850303|S1AA-0052791377|FACTURACION CICLICA|AMDOCS|20260705|2026-07-21|PEN|35.53|6.40|41.93
2033591606|CLIENT_00518|75136575|305587993|S1AA-0052731555|FACTURACION CICLICA|AMDOCS|20260705|2026-07-21|PEN|13.29|2.39|15.68
2082156443|CLIENT_00237|09763575|528665443|S1AA-0052968768|FACTURACION CICLICA|AMDOCS|20260705|2026-07-21|PEN|20.35|3.66|24.01
2096031193|CLIENT_00429|511658121|072658647|S1AA-0052447567|FACTURACION CICLICA|AMDOCS|20260705|2026-07-21|PEN|18.98|3.42|22.40
2060200980|CLIENT_00350|62740575|114204213|S1AA-0052519412|FACTURACION CICLICA|AMDOCS|20260705|2026-07-21|PEN|34.11|6.14|40.25
2060200980|CLIENT_00350|62740575|337301103|S1AA-0052512416|FACTURACION CICLICA|AMDOCS|20260705|2026-07-21|PEN|31.38|5.65|37.03
2096447129|CLIENT_00321|93461575|798433963|S1AA-0052601834|FACTURACION CICLICA|AMDOCS|20260705|2026-07-21|PEN|33.75|6.08|39.83
2054941434|CLIENT_00458|97044575|579613733|S1AA-0052893795|FACTURACION CICLICA|AMDOCS|20260705|2026-07-21|PEN|39.69|7.14|46.83
2052778896|CLIENT_00395|743636121|130930757|S1AA-0052673525|FACTURACION CICLICA|AMDOCS|20260705|2026-07-21|PEN|100.79|18.14|118.93
2030767470|CLIENT_00784|79916575|769740973|S1AA-0053016934|FACTURACION CICLICA|AMDOCS|20260705|2026-07-21|PEN|13.22|2.39|15.61
2056921911|CLIENT_00644|864899231|516365857|S1AA-0052816777|FACTURACION CICLICA|AMDOCS|20260705|2026-07-21|PEN|44.20|7.95|52.15
2028216422|CLIENT_00862|31060575|878161103|S1AA-0052430809|FACTURACION CICLICA|AMDOCS|20260705|2026-07-21|PEN|59.86|10.77|70.63
2037677145|CLIENT_00229|593385521|373943657|S1AA-0053006726|FACTURACION CICLICA|AMDOCS|20260705|2026-07-21|PEN|90.77|16.33|107.10
2050440165|CLIENT_00596|03677575|488331601|S1AA-0052539574|FACTURACION CICLICA|AMDOCS|20260705|2026-07-21|PEN|19.81|3.57|23.38
2000150523|CLIENT_00972|11601575|663015003|S1AA-0052457979|FACTURACION CICLICA|AMDOCS|20260705|2026-07-21|PEN|56.29|10.14|66.43
2091198935|CLIENT_00319|25242575|929982823|S1AA-0052703319|FACTURACION CICLICA|AMDOCS|20260705|2026-07-21|PEN|19.88|3.57|23.45
2043779813|CLIENT_00336|52770575|421568203|S1AA-0052505670|FACTURACION CICLICA|AMDOCS|20260705|2026-07-21|PEN|41.22|7.43|48.65
2022681851|CLIENT_00304|95901575|124451601|S1AA-0052750424|FACTURACION CICLICA|AMDOCS|20260705|2026-07-21|PEN|33.75|6.08|39.83
2011487576|CLIENT_00046|43763575|399950973|S1AA-0052567946|FACTURACION CICLICA|AMDOCS|20260705|2026-07-21|PEN|20.17|3.63|23.80
2060200980|CLIENT_00350|62740575|132039543|S1AA-0052519812|FACTURACION CICLICA|AMDOCS|20260705|2026-07-21|PEN|18.92|3.41|22.33
2044862591|CLIENT_00895|69942575|244731601|S1AA-0053002142|FACTURACION CICLICA|AMDOCS|20260705|2026-07-21|PEN|23.07|4.16|27.23
2086602695|CLIENT_00868|34761575|411551803|S1AA-0052628193|FACTURACION CICLICA|AMDOCS|20260705|2026-07-21|PEN|184.18|12.80|196.98
2007950781|CLIENT_00069|46400575|648536703|S1AA-0052784667|FACTURACION CICLICA|AMDOCS|20260705|2026-07-21|PEN|18.69|3.36|22.05
2043951639|CLIENT_00898|53205575|967384283|S1AA-0052574955|FACTURACION CICLICA|AMDOCS|20260705|2026-07-21|PEN|118.59|21.34|139.93
2050440165|CLIENT_00596|03677575|088331601|S1AA-0052539571|FACTURACION CICLICA|AMDOCS|20260705|2026-07-21|PEN|13.58|2.45|16.03
2066367927|CLIENT_00527|688513121|214988537|S1AA-0052943387|FACTURACION CICLICA|AMDOCS|20260705|2026-07-21|PEN|69.05|12.43|81.48
2060928654|CLIENT_00894|359175021|685159947|S1AA-0052713221|FACTURACION CICLICA|AMDOCS|20260705|2026-07-21|PEN|26.40|4.75|31.15
2040817262|CLIENT_00984|34230575|216020103|S1AA-0052628025|FACTURACION CICLICA|AMDOCS|20260705|2026-07-21|PEN|22.25|4.00|26.25
2062666590|CLIENT_00169|19101575|854447403|S1AA-0052975133|FACTURACION CICLICA|AMDOCS|20260705|2026-07-21|PEN|32.98|5.94|38.92
2021660305|CLIENT_00332|926238221|354697647|S1AA-0052535966|FACTURACION CICLICA|AMDOCS|20260705|2026-07-21|PEN|94.86|17.07|111.93
2052142070|CLIENT_00503|887064611|003403727|S1AA-0052956677|FACTURACION CICLICA|AMDOCS|20260705|2026-07-21|PEN|28.83|5.19|34.02
2069451715|CLIENT_00549|217765221|450638837|S1AA-0052426361|FACTURACION CICLICA|AMDOCS|20260705|2026-07-21|PEN|33.16|5.97|39.13
2020274387|CLIENT_00535|898656221|264416447|S1AA-0053025433|FACTURACION CICLICA|AMDOCS|20260705|2026-07-21|PEN|59.26|10.67|69.93
2054238271|CLIENT_00814|233955121|698491847|S1AA-0052556630|FACTURACION CICLICA|AMDOCS|20260705|2026-07-21|PEN|106.72|19.21|125.93
2060375617|CLIENT_00383|216638511|772868257|S1AA-0052427915|FACTURACION CICLICA|AMDOCS|20260705|2026-07-21|PEN|35.36|6.36|41.72
2093746302|CLIENT_00658|058707021|650322737|S1AA-0052691703|FACTURACION CICLICA|AMDOCS|20260705|2026-07-21|PEN|52.14|9.39|61.53
2045498450|CLIENT_00823|43182575|699473717|S1AA-0052568862|FACTURACION CICLICA|AMDOCS|20260705|2026-07-21|PEN|49.18|8.86|58.03
2057406010|CLIENT_00884|618659521|438653757|S1AA-0052455954|FACTURACION CICLICA|AMDOCS|20260705|2026-07-21|PEN|25.45|4.58|30.03
2042647818|CLIENT_00266|132847821|845381057|S1AA-0052550096|FACTURACION CICLICA|AMDOCS|20260705|2026-07-21|PEN|19.81|3.57|23.38
2068624950|CLIENT_00710|57851575|343254133|S1AA-0052859782|FACTURACION CICLICA|AMDOCS|20260705|2026-07-21|PEN|24.86|4.47|29.33
2046969172|CLIENT_00607|22121575|281342233|S1AA-0052649087|FACTURACION CICLICA|AMDOCS|20260705|2026-07-21|PEN|21.64|3.91|25.55
2095007193|CLIENT_00907|01754575|535241403|S1AA-0052417276|FACTURACION CICLICA|AMDOCS|20260705|2026-07-21|PEN|68.75|12.38|81.13
2023799562|CLIENT_00489|35157575|380443237|S1AA-0052711887|FACTURACION CICLICA|AMDOCS|20260705|2026-07-21|PEN|10.39|1.86|12.25
2084384500|CLIENT_00932|79794575|050092403|S1AA-0053015861|FACTURACION CICLICA|AMDOCS|20260705|2026-07-21|PEN|20.52|3.70|24.22
2086602695|CLIENT_00868|34761575|612551803|S1AA-0052628194|FACTURACION CICLICA|AMDOCS|20260705|2026-07-21|PEN|46.21|8.32|54.53
2046058498|CLIENT_00633|67570575|483029873|S1AA-0052880870|FACTURACION CICLICA|AMDOCS|20260705|2026-07-21|PEN|62.23|11.20|73.43
2077608678|CLIENT_00105|15302575|622658713|S1AA-0052696356|FACTURACION CICLICA|AMDOCS|20260705|2026-07-21|PEN|103.10|18.56|121.66
2051341964|CLIENT_00219|50325575|359693401|S1AA-0052389951|FACTURACION CICLICA|AMDOCS|20260705|2026-07-21|PEN|18.98|3.42|22.40
2084074807|CLIENT_00310|50984575|398430143|S1AA-0052390569|FACTURACION CICLICA|AMDOCS|20260705|2026-07-21|PEN|33.16|5.97|39.13
2024687919|CLIENT_00136|40231575|515372803|S1AA-0052383246|FACTURACION CICLICA|AMDOCS|20260705|2026-07-21|PEN|29.60|5.33|34.93
2044862591|CLIENT_00895|69942575|834731601|S1AA-0053002138|FACTURACION CICLICA|AMDOCS|20260705|2026-07-21|PEN|16.84|3.04|19.88
2064887435|CLIENT_00142|416418121|785016857|S1AA-0052442584|FACTURACION CICLICA|AMDOCS|20260705|2026-07-21|PEN|71.13|12.80|83.93
2022589688|CLIENT_00286|87163575|710826857|S1AA-0052891745|FACTURACION CICLICA|AMDOCS|20260705|2026-07-21|PEN|41.47|7.46|48.93
2003418714|CLIENT_00435|498701821|148491947|S1AA-0052998865|FACTURACION CICLICA|AMDOCS|20260705|2026-07-21|PEN|6402.28|1152.40|7554.68
2084384500|CLIENT_00932|79794575|734671503|S1AA-0053015884|FACTURACION CICLICA|AMDOCS|20260705|2026-07-21|PEN|18.92|3.41|22.33
2033397761|CLIENT_00841|05833575|767093043|S1AA-0052689866|FACTURACION CICLICA|AMDOCS|20260705|2026-07-21|PEN|24.86|4.47|29.33
2086602695|CLIENT_00868|34761575|085092723|S1AA-0052628373|FACTURACION CICLICA|AMDOCS|20260705|2026-07-21|PEN|65.79|11.84|77.63
2047587904|CLIENT_00534|79590575|314006827|S1AA-0053017915|FACTURACION CICLICA|AMDOCS|20260705|2026-07-21|PEN|47.04|8.47|55.51
2013237934|CLIENT_00303|80790575|138430103|S1AA-0052403575|FACTURACION CICLICA|AMDOCS|20260705|2026-07-21|PEN|24.56|4.42|28.98
2016855055|CLIENT_00971|67050575|184510003|S1AA-0052879688|FACTURACION CICLICA|AMDOCS|20260705|2026-07-21|PEN|15.79|2.84|18.62
2003858294|CLIENT_00954|763272331|108431757|S1AA-0052809793|FACTURACION CICLICA|AMDOCS|20260705|2026-07-21|PEN|17.79|3.21|21.00
2000279692|CLIENT_00168|00612575|739030747|S1AA-0052366065|FACTURACION CICLICA|AMDOCS|20260705|2026-07-21|PEN|45.91|8.27|54.18
2063339709|CLIENT_00486|838010221|945824757|S1AA-0052598940|FACTURACION CICLICA|AMDOCS|20260705|2026-07-21|PEN|150.67|27.13|177.80
1048743727|CLIENT_00498|54325575|373983473|S1AA-0052656336|FACTURACION CICLICA|AMDOCS|20260705|2026-07-21|PEN|35.53|6.40|41.93
2098378939|CLIENT_00598|21702575|045722493|S1AA-0052425397|FACTURACION CICLICA|AMDOCS|20260705|2026-07-21|PEN|43.13|7.76|50.89
2019351028|CLIENT_00937|96637575|020460601|S1AA-0052818483|FACTURACION CICLICA|AMDOCS|20260705|2026-07-21|PEN|23.67|4.26|27.93
2052186925|CLIENT_00931|177250221|168760067|S1AA-0052837706|FACTURACION CICLICA|AMDOCS|20260705|2026-07-21|PEN|56.06|10.09|66.15
2044862591|CLIENT_00895|69942575|344731601|S1AA-0053002143|FACTURACION CICLICA|AMDOCS|20260705|2026-07-21|PEN|16.84|3.04|19.88
2037021331|CLIENT_00121|22275575|578304917|S1AA-0052650629|FACTURACION CICLICA|AMDOCS|20260705|2026-07-21|PEN|25.21|4.54|29.75
2024687919|CLIENT_00136|40231575|901193063|S1AA-0052383926|FACTURACION CICLICA|AMDOCS|20260705|2026-07-21|PEN|13.94|2.51|16.45
2020274387|CLIENT_00535|898656221|846116447|S1AA-0053025431|FACTURACION CICLICA|AMDOCS|20260705|2026-07-21|PEN|59.26|10.67|69.93
2003858294|CLIENT_00954|763272331|857541757|S1AA-0052809794|FACTURACION CICLICA|AMDOCS|20260705|2026-07-21|PEN|17.79|3.21|21.00
2005224522|CLIENT_00746|176314621|760595657|S1AA-0052836808|FACTURACION CICLICA|AMDOCS|20260705|2026-07-21|PEN|115.38|20.77|136.15
2067006652|CLIENT_00878|24445575|719310593|S1AA-0052622667|FACTURACION CICLICA|AMDOCS|20260705|2026-07-21|PEN|59.79|10.77|70.56
2096031193|CLIENT_00429|511658121|361090737|S1AA-0052446773|FACTURACION CICLICA|AMDOCS|20260705|2026-07-21|PEN|61.38|3.72|65.10
2086602695|CLIENT_00868|34761575|119794447|S1AA-0052630846|FACTURACION CICLICA|AMDOCS|20260705|2026-07-21|PEN|17.74|3.19|20.93
2060200980|CLIENT_00350|62740575|232039543|S1AA-0052519813|FACTURACION CICLICA|AMDOCS|20260705|2026-07-21|PEN|31.38|5.65|37.03
2081042486|CLIENT_00385|10560575|334412823|S1AA-0052370006|FACTURACION CICLICA|AMDOCS|20260705|2026-07-21|PEN|391.12|70.39|461.51
2024687919|CLIENT_00136|40231575|012393063|S1AA-0052383931|FACTURACION CICLICA|AMDOCS|20260705|2026-07-21|PEN|14.76|2.67|17.43
2000279692|CLIENT_00168|00612575|012765237|S1AA-0052365176|FACTURACION CICLICA|AMDOCS|20260705|2026-07-21|PEN|56.59|10.19|66.78
2035711012|CLIENT_00432|63816575|653770601|S1AA-0052580388|FACTURACION CICLICA|AMDOCS|20260705|2026-07-21|PEN|33.10|5.96|39.06
2059516434|CLIENT_00689|426972121|962197537|S1AA-0052507864|FACTURACION CICLICA|AMDOCS|20260705|2026-07-21|PEN|50.06|9.02|59.08
2033295502|CLIENT_00513|159921021|240297637|S1AA-0052698401|FACTURACION CICLICA|AMDOCS|20260705|2026-07-21|PEN|10.32|1.86|12.18
2052009555|CLIENT_00491|34863575|160706563|S1AA-0052628908|FACTURACION CICLICA|AMDOCS|20260705|2026-07-21|PEN|61.99|11.16|73.15
2060200980|CLIENT_00350|62740575|354307413|S1AA-0052519446|FACTURACION CICLICA|AMDOCS|20260705|2026-07-21|PEN|20.11|3.62|23.73
2024687919|CLIENT_00136|40231575|067293063|S1AA-0052383928|FACTURACION CICLICA|AMDOCS|20260705|2026-07-21|PEN|14.83|2.67|17.50
2024687919|CLIENT_00136|40231575|757293063|S1AA-0052383927|FACTURACION CICLICA|AMDOCS|20260705|2026-07-21|PEN|35.60|6.40|42.00
2027441094|CLIENT_00355|88103575|424078533|S1AA-0052954998|FACTURACION CICLICA|AMDOCS|20260705|2026-07-21|PEN|27.76|5.00|32.76
2044463955|CLIENT_00048|616621911|631351837|S1AA-0052453497|FACTURACION CICLICA|AMDOCS|20260705|2026-07-21|PEN|23.37|4.21|27.58
2060200980|CLIENT_00350|62740575|498997223|S1AA-0052519537|FACTURACION CICLICA|AMDOCS|20260705|2026-07-21|PEN|31.38|5.65|37.03
2044479748|CLIENT_00957|79692575|647072453|S1AA-0053016538|FACTURACION CICLICA|AMDOCS|20260705|2026-07-21|PEN|20.53|3.69|24.22
2031711814|CLIENT_00408|026702221|218307547|S1AA-0052488357|FACTURACION CICLICA|AMDOCS|20260705|2026-07-21|PEN|94.62|17.03|111.65
2033295502|CLIENT_00513|159921021|977833337|S1AA-0052698317|FACTURACION CICLICA|AMDOCS|20260705|2026-07-21|PEN|22.48|4.05|26.53
2044862591|CLIENT_00895|69942575|144731601|S1AA-0053002141|FACTURACION CICLICA|AMDOCS|20260705|2026-07-21|PEN|16.91|3.04|19.95
2086602695|CLIENT_00868|34761575|588967523|S1AA-0052628353|FACTURACION CICLICA|AMDOCS|20260705|2026-07-21|PEN|82.99|14.94|97.93
1048743727|CLIENT_00498|54325575|908044473|S1AA-0052656337|FACTURACION CICLICA|AMDOCS|20260705|2026-07-21|PEN|23.07|4.16|27.23
2060200980|CLIENT_00350|62740575|304204213|S1AA-0052519411|FACTURACION CICLICA|AMDOCS|20260705|2026-07-21|PEN|20.11|3.62|23.73
2081042486|CLIENT_00385|10560575|747353583|S1AA-0052370932|FACTURACION CICLICA|AMDOCS|20260705|2026-07-21|PEN|71.13|12.80|83.93
2076939161|CLIENT_00387|95100575|148103303|S1AA-0052750517|FACTURACION CICLICA|AMDOCS|20260705|2026-07-21|PEN|64.96|11.69|76.65
2057227210|CLIENT_00864|14483575|809755127|S1AA-0052616534|FACTURACION CICLICA|AMDOCS|20260705|2026-07-21|PEN|17.79|3.21|21.00
2056921911|CLIENT_00644|864899231|258803757|S1AA-0052816504|FACTURACION CICLICA|AMDOCS|20260705|2026-07-21|PEN|41.47|7.46|48.93
2057227210|CLIENT_00864|14483575|445755127|S1AA-0052616533|FACTURACION CICLICA|AMDOCS|20260705|2026-07-21|PEN|17.79|3.21|21.00
2005799938|CLIENT_00146|56862575|382951601|S1AA-0052791274|FACTURACION CICLICA|AMDOCS|20260705|2026-07-21|PEN|5.94|1.06|7.00
2045140447|CLIENT_00274|132079121|940635957|S1AA-0052551812|FACTURACION CICLICA|AMDOCS|20260705|2026-07-21|PEN|85.97|15.46|101.43
2022642503|CLIENT_00537|334038211|859645127|S1AA-0052562037|FACTURACION CICLICA|AMDOCS|20260705|2026-07-21|PEN|27.23|4.90|32.13
2058797594|CLIENT_00421|53591575|766920023|S1AA-0052574009|FACTURACION CICLICA|AMDOCS|20260705|2026-07-21|PEN|19.81|3.57|23.38
2005896521|CLIENT_00455|68763575|417909643|S1AA-0052941664|FACTURACION CICLICA|AMDOCS|20260705|2026-07-21|PEN|25.80|4.65|30.45
2060200980|CLIENT_00350|62740575|616839573|S1AA-0052520300|FACTURACION CICLICA|AMDOCS|20260705|2026-07-21|PEN|16.55|2.98|19.53
2072882399|CLIENT_00032|74784575|139197047|S1AA-0052671422|FACTURACION CICLICA|AMDOCS|20260705|2026-07-21|PEN|86.85|15.63|102.48
2058246578|CLIENT_00853|28725575|710231601|S1AA-0052913708|FACTURACION CICLICA|AMDOCS|20260705|2026-07-21|PEN|16.84|3.04|19.88
2088352056|CLIENT_00309|539747421|726472347|S1AA-0052576553|FACTURACION CICLICA|AMDOCS|20260705|2026-07-21|PEN|15.49|2.78|18.27
2058522670|CLIENT_00388|18014575|075617973|S1AA-0052908144|FACTURACION CICLICA|AMDOCS|20260705|2026-07-21|PEN|62.29|11.21|73.50
2068272028|CLIENT_00792|08726575|286821993|S1AA-0052901700|FACTURACION CICLICA|AMDOCS|20260705|2026-07-21|PEN|33.45|6.03|39.48
2060200980|CLIENT_00350|62740575|074307413|S1AA-0052519447|FACTURACION CICLICA|AMDOCS|20260705|2026-07-21|PEN|31.38|5.65|37.03
2001605530|CLIENT_00869|19017575|526082503|S1AA-0052975151|FACTURACION CICLICA|AMDOCS|20260705|2026-07-21|PEN|21.77|3.92|25.69
2060200980|CLIENT_00350|62740575|718534043|S1AA-0052519730|FACTURACION CICLICA|AMDOCS|20260705|2026-07-21|PEN|31.38|5.65|37.03
2084074807|CLIENT_00310|50984575|898430143|S1AA-0052390571|FACTURACION CICLICA|AMDOCS|20260705|2026-07-21|PEN|39.69|7.14|46.83
2061123522|CLIENT_00748|15196575|052401501|S1AA-0052696004|FACTURACION CICLICA|AMDOCS|20260705|2026-07-21|PEN|44.20|7.95|52.15
2095018481|CLIENT_00160|113719411|897018447|S1AA-0052460990|FACTURACION CICLICA|AMDOCS|20260705|2026-07-21|PEN|30.37|5.47|35.84
2033511601|CLIENT_00117|11430575|385030103|S1AA-0052457985|FACTURACION CICLICA|AMDOCS|20260705|2026-07-21|PEN|62.22|11.21|73.43
2039793515|CLIENT_00045|609635031|366178257|S1AA-0052400854|FACTURACION CICLICA|AMDOCS|20260705|2026-07-21|PEN|17.74|3.19|20.93
2005896521|CLIENT_00455|68763575|135767343|S1AA-0052941619|FACTURACION CICLICA|AMDOCS|20260705|2026-07-21|PEN|12.69|2.29|14.98
2097068950|CLIENT_00228|07000575|297680803|S1AA-0052825510|FACTURACION CICLICA|AMDOCS|20260705|2026-07-21|PEN|14.76|2.67|17.43
2071082447|CLIENT_00987|34612575|745692323|S1AA-0052628336|FACTURACION CICLICA|AMDOCS|20260705|2026-07-21|PEN|20.40|3.68|24.08
2016142658|CLIENT_00521|71440575|218426103|S1AA-0052464824|FACTURACION CICLICA|AMDOCS|20260705|2026-07-21|PEN|10.32|1.86|12.18
2062740957|CLIENT_00529|58262575|371999033|S1AA-0052934638|FACTURACION CICLICA|AMDOCS|20260705|2026-07-21|PEN|22.48|4.05|26.53
2000150523|CLIENT_00972|11601575|213694363|S1AA-0052458911|FACTURACION CICLICA|AMDOCS|20260705|2026-07-21|PEN|77.06|13.87|90.93
2095007193|CLIENT_00907|01754575|035241403|S1AA-0052417275|FACTURACION CICLICA|AMDOCS|20260705|2026-07-21|PEN|46.21|8.32|54.53
2084457504|CLIENT_00941|79350575|166392023|S1AA-0053016103|FACTURACION CICLICA|AMDOCS|20260705|2026-07-21|PEN|43.25|7.78|51.03
2012667521|CLIENT_00300|54607575|313348501|S1AA-0052655203|FACTURACION CICLICA|AMDOCS|20260705|2026-07-21|PEN|26.34|4.74|31.08
2099316748|CLIENT_00768|55121575|623481403|S1AA-0052723406|FACTURACION CICLICA|AMDOCS|20260705|2026-07-21|PEN|131.53|11.20|142.73
2023009780|CLIENT_00141|16530575|148920103|S1AA-0052764092|FACTURACION CICLICA|AMDOCS|20260705|2026-07-21|PEN|82.99|14.94|97.93
2035102698|CLIENT_00950|82037575|767789501|S1AA-0052866086|FACTURACION CICLICA|AMDOCS|20260705|2026-07-21|PEN|18.62|3.36|21.98
2057227210|CLIENT_00864|65023575|737533733|S1AA-0052744203|FACTURACION CICLICA|AMDOCS|20260705|2026-07-21|PEN|17.79|3.21|21.00
2088325879|CLIENT_00287|953144321|959676167|S1AA-0052756676|FACTURACION CICLICA|AMDOCS|20260705|2026-07-21|PEN|23.50|4.22|27.72
2097068950|CLIENT_00228|07000575|366960803|S1AA-0052825507|FACTURACION CICLICA|AMDOCS|20260705|2026-07-21|PEN|14.76|2.67|17.43
2096933668|CLIENT_00492|449021321|465480047|S1AA-0052637396|FACTURACION CICLICA|AMDOCS|20260705|2026-07-21|PEN|17.67|3.19|20.86
2037021331|CLIENT_00121|22275575|379930983|S1AA-0052649961|FACTURACION CICLICA|AMDOCS|20260705|2026-07-21|PEN|986.88|177.64|1164.52
2024687919|CLIENT_00136|40231575|471023063|S1AA-0052383925|FACTURACION CICLICA|AMDOCS|20260705|2026-07-21|PEN|13.94|2.51|16.45
2093365484|CLIENT_00200|46430575|316714617|S1AA-0052786571|FACTURACION CICLICA|AMDOCS|20260705|2026-07-21|PEN|49.18|8.86|58.03
2084074807|CLIENT_00310|50984575|888430143|S1AA-0052390568|FACTURACION CICLICA|AMDOCS|20260705|2026-07-21|PEN|36.48|6.57|43.05
2072727583|CLIENT_00076|32851575|196475917|S1AA-0052500932|FACTURACION CICLICA|AMDOCS|20260705|2026-07-21|PEN|51.91|9.34|61.25
2028712026|CLIENT_00204|00750575|083214193|S1AA-0052364346|FACTURACION CICLICA|AMDOCS|20260705|2026-07-21|PEN|1611.66|280.65|1892.31
2088352056|CLIENT_00309|894647421|036472347|S1AA-0053025285|FACTURACION CICLICA|AMDOCS|20260705|2026-07-21|PEN|15.42|2.78|18.20
2033527809|CLIENT_00688|818737121|743971247|S1AA-0052474267|FACTURACION CICLICA|AMDOCS|20260705|2026-07-21|PEN|56.29|10.14|66.43
2019530122|CLIENT_00047|166794121|681582637|S1AA-0052766409|FACTURACION CICLICA|AMDOCS|20260705|2026-07-21|PEN|31.74|5.71|37.45
2098363854|CLIENT_00063|80290575|421513101|S1AA-0052403449|FACTURACION CICLICA|AMDOCS|20260705|2026-07-21|PEN|3025.37|544.57|3569.93
2023093512|CLIENT_00451|671355911|675360267|S9AA-0083872649|FACTURACION CICLICA|AMDOCS|20260801|2026-08-13|PEN|61.92|11.16|73.08
2049666577|CLIENT_00077|88238406|285908857|S9AA-0083964057|FACTURACION CICLICA|AMDOCS|20260801|2026-08-13|PEN|56.06|10.09|66.15
2032219870|CLIENT_00462|846487901|940692657|S9AA-0083628211|FACTURACION CICLICA|AMDOCS|20260801|2026-08-13|PEN|100.43|18.08|118.51
2001156117|CLIENT_00442|622439031|682444357|S8AA-0008278877|FACTURACION CICLICA|AMDOCS|20260727|2026-08-13|PEN|44.20|7.95|52.15
2033817024|CLIENT_00437|974724031|772417257|S8AA-0008134295|FACTURACION CICLICA|AMDOCS|20260727|2026-08-13|PEN|20.53|3.69|24.22
2085903598|CLIENT_00188|377600331|663396657|S8AA-0008107154|FACTURACION CICLICA|AMDOCS|20260727|2026-08-13|PEN|2.77|.49|3.26
2001809758|CLIENT_00443|621170631|096754167|S8AA-0008280310|FACTURACION CICLICA|AMDOCS|20260727|2026-08-13|PEN|44.20|7.95|52.15
2002866357|CLIENT_00707|833798331|322612857|S8AA-0008316357|FACTURACION CICLICA|AMDOCS|20260727|2026-08-13|PEN|103.52|18.63|122.15
2053555214|CLIENT_00159|963595521|864148447|S8AA-0008397826|FACTURACION CICLICA|AMDOCS|20260727|2026-08-13|PEN|43.25|7.78|51.03
2017913151|CLIENT_00482|626911331|242968657|S8AA-0008279343|FACTURACION CICLICA|AMDOCS|20260727|2026-08-13|PEN|26.40|4.75|31.15
2054531131|CLIENT_00467|994684231|107638557|S8AA-0008196174|FACTURACION CICLICA|AMDOCS|20260727|2026-08-13|PEN|20.53|3.69|24.22
2088901543|CLIENT_00185|624034821|708531067|S8AA-0008279923|FACTURACION CICLICA|AMDOCS|20260727|2026-08-13|PEN|88.92|16.01|104.93
2053555214|CLIENT_00159|963595521|059748447|S8AA-0008397827|FACTURACION CICLICA|AMDOCS|20260727|2026-08-13|PEN|43.25|7.78|51.03
2000414951|CLIENT_00221|305626821|438010057|S8AA-0008198557|FACTURACION CICLICA|AMDOCS|20260727|2026-08-13|PEN|20.53|3.69|24.22
2089275916|CLIENT_00133|404276421|621536347|S8AA-0008213397|FACTURACION CICLICA|AMDOCS|20260727|2026-08-13|PEN|28.18|5.07|33.25
2044662368|CLIENT_00741|866009421|231292067|S8AA-0008412094|FACTURACION CICLICA|AMDOCS|20260727|2026-08-13|PEN|55.99|10.09|66.08
2082378549|CLIENT_00977|247828421|766824347|S8AA-0008327116|FACTURACION CICLICA|AMDOCS|20260727|2026-08-13|PEN|142.96|25.74|168.70
2050562330|CLIENT_00282|398260721|394614747|S8AA-0008176826|FACTURACION CICLICA|AMDOCS|20260727|2026-08-13|PEN|54.87|9.88|64.75
2084499858|CLIENT_00232|441453231|918290957|S8AA-0008335016|FACTURACION CICLICA|AMDOCS|20260727|2026-08-13|PEN|103.52|18.63|122.15
2015037424|CLIENT_00556|659007621|374887647|S8AA-0008370297|FACTURACION CICLICA|AMDOCS|20260727|2026-08-13|PEN|29.01|5.22|34.23
2093258591|CLIENT_00642|555856521|016720547|S8AA-0008367148|FACTURACION CICLICA|AMDOCS|20260727|2026-08-13|PEN|52.14|9.39|61.53
2012438665|CLIENT_00737|844055821|106348157|S8AA-0008346193|FACTURACION CICLICA|AMDOCS|20260727|2026-08-13|PEN|112.36|20.22|132.58
2009768742|CLIENT_00967|150612921|407429857|S4AA-0008475840|FACTURACION CICLICA|AMDOCS|20260709|2026-07-25|PEN|61.99|11.16|73.15
2092594405|CLIENT_00877|455746231|783256957|S4AA-0008485516|FACTURACION CICLICA|AMDOCS|20260709|2026-07-25|PEN|79.79|14.36|94.15
2020274387|CLIENT_00535|786498921|905489157|S4AA-0008274029|FACTURACION CICLICA|AMDOCS|20260709|2026-07-25|PEN|17.79|3.21|21.00
2074657038|CLIENT_00313|462713531|422243067|S4AA-0008200112|FACTURACION CICLICA|AMDOCS|20260709|2026-07-25|PEN|53.33|9.60|62.93
2077435033|CLIENT_00650|420833431|241688857|S4AA-0008391111|FACTURACION CICLICA|AMDOCS|20260709|2026-07-25|PEN|88.92|16.01|104.93
2024608360|CLIENT_00050|588201921|115337057|S4AA-0008267582|FACTURACION CICLICA|AMDOCS|20260709|2026-07-25|PEN|31.21|5.61|36.82
2054553077|CLIENT_00093|367707321|807053147|S4AA-0008191655|FACTURACION CICLICA|AMDOCS|20260709|2026-07-25|PEN|53.92|9.71|63.63
2048390773|CLIENT_00150|455224321|452647047|S4AA-0008483359|FACTURACION CICLICA|AMDOCS|20260709|2026-07-25|PEN|136.32|24.54|160.86
2042324093|CLIENT_00826|625453431|682709857|S4AA-0008397404|FACTURACION CICLICA|AMDOCS|20260709|2026-07-25|PEN|103.52|18.63|122.15
2077435033|CLIENT_00650|420833431|373588857|S4AA-0008391110|FACTURACION CICLICA|AMDOCS|20260709|2026-07-25|PEN|88.92|16.01|104.93
2078847538|CLIENT_00072|900003531|833523067|S4AA-0008344388|FACTURACION CICLICA|AMDOCS|20260709|2026-07-25|PEN|82.99|14.94|97.93
2068423196|CLIENT_00030|237869921|212960257|S4AA-0008415234|FACTURACION CICLICA|AMDOCS|20260709|2026-07-25|PEN|41.47|7.46|48.93
2056163476|CLIENT_00980|285796721|605420857|S4AA-0008259269|FACTURACION CICLICA|AMDOCS|20260709|2026-07-25|PEN|139.11|25.04|164.15
2044133904|CLIENT_00571|792185621|712965647|S4AA-0008304911|FACTURACION CICLICA|AMDOCS|20260709|2026-07-25|PEN|94.86|17.07|111.93
2020274387|CLIENT_00535|786498921|771819157|S4AA-0008274028|FACTURACION CICLICA|AMDOCS|20260709|2026-07-25|PEN|34.94|6.29|41.23
2064574452|CLIENT_00897|318317521|645640547|S4AA-0008355058|FACTURACION CICLICA|AMDOCS|20260709|2026-07-25|PEN|118.47|21.32|139.79
2065722978|CLIENT_00478|403044421|164577247|S4AA-0008326603|FACTURACION CICLICA|AMDOCS|20260709|2026-07-25|PEN|46.92|8.45|55.37
2091901431|CLIENT_00297|537599131|363980557|S4AA-0008425026|FACTURACION CICLICA|AMDOCS|20260709|2026-07-25|PEN|32.40|5.82|38.22
2077435033|CLIENT_00650|420833431|274188857|S4AA-0008391109|FACTURACION CICLICA|AMDOCS|20260709|2026-07-25|PEN|88.92|16.01|104.93
2097185694|CLIENT_00386|637797321|836051657|S4AA-0008428382|FACTURACION CICLICA|AMDOCS|20260709|2026-07-25|PEN|77.06|13.87|90.93
2001445858|CLIENT_00550|130243421|793537857|S4AA-0008413089|FACTURACION CICLICA|AMDOCS|20260709|2026-07-25|PEN|101.91|18.35|120.26
2057932564|CLIENT_00902|558507131|155885457|S4AA-0008487714|FACTURACION CICLICA|AMDOCS|20260709|2026-07-25|PEN|53.33|9.60|62.93
2069670596|CLIENT_00647|147374421|200108247|S4AA-0008442727|FACTURACION CICLICA|AMDOCS|20260709|2026-07-25|PEN|102.26|18.42|120.68
2084384500|CLIENT_00932|592217321|344063147|S4AA-0008298333|FACTURACION CICLICA|AMDOCS|20260709|2026-07-25|PEN|17.74|3.19|20.93
2077435033|CLIENT_00650|420833431|152188857|S4AA-0008391108|FACTURACION CICLICA|AMDOCS|20260709|2026-07-25|PEN|88.92|16.01|104.93
2029459942|CLIENT_00434|317950531|587859957|S4AA-0008356881|FACTURACION CICLICA|AMDOCS|20260709|2026-07-25|PEN|71.13|12.80|83.93
2088634271|CLIENT_00692|494446131|828572067|S4AA-0008297410|FACTURACION CICLICA|AMDOCS|20260709|2026-07-25|PEN|2.74|.49|3.23
2056163476|CLIENT_00980|285796721|710425847|S4AA-0008258038|FACTURACION CICLICA|AMDOCS|20260709|2026-07-25|PEN|106.72|19.21|125.93
2064277467|CLIENT_00871|614056431|830533957|S4AA-0008366057|FACTURACION CICLICA|AMDOCS|20260709|2026-07-25|PEN|12.40|2.23|14.63
2094402346|CLIENT_00137|952695231|309610657|S4AA-0008500449|FACTURACION CICLICA|AMDOCS|20260709|2026-07-25|PEN|100.79|18.14|118.93
2088121602|CLIENT_00904|478016031|086489257|S4AA-0008236597|FACTURACION CICLICA|AMDOCS|20260709|2026-07-25|PEN|103.52|18.63|122.15
2017075761|CLIENT_00777|048725131|863543457|S4AA-0008440623|FACTURACION CICLICA|AMDOCS|20260709|2026-07-25|PEN|112.65|20.28|132.93
2074657038|CLIENT_00313|362713531|322243067|S4AA-0008196967|FACTURACION CICLICA|AMDOCS|20260709|2026-07-25|PEN|85.90|15.46|101.36
2039889808|CLIENT_00627|379204421|531906457|S4AA-0008233694|FACTURACION CICLICA|AMDOCS|20260709|2026-07-25|PEN|53.33|9.60|62.93
2068878174|CLIENT_00009|528629521|044878157|S4AA-0008393243|FACTURACION CICLICA|AMDOCS|20260709|2026-07-25|PEN|88.92|16.01|104.93
2086451533|CLIENT_00402|258317531|409349067|S4AA-0008479536|FACTURACION CICLICA|AMDOCS|20260709|2026-07-25|PEN|65.19|11.74|76.93
2029459942|CLIENT_00434|317950531|767269957|S4AA-0008356893|FACTURACION CICLICA|AMDOCS|20260709|2026-07-25|PEN|77.06|13.87|90.93
2083104989|CLIENT_00586|190804531|883884067|S2AA-0000216181|FACTURACION CICLICA|AMDOCS|20260712|2026-07-24|PEN|106.84|19.23|126.07
2011722087|CLIENT_00088|27841006|947620506|S5AA-0082152158|FACTURACION CICLICA|AMDOCS|20260718|2026-08-05|PEN|7.53|1.36|8.89
2011337701|CLIENT_00816|938353231|032636557|S5AA-0081919229|FACTURACION CICLICA|AMDOCS|20260718|2026-08-05|PEN|53.33|9.60|62.93
2069121500|CLIENT_00717|05968995|550389406|S5AA-0081994117|FACTURACION CICLICA|AMDOCS|20260718|2026-08-05|PEN|124.22|22.36|146.58
2057100089|CLIENT_00499|07661185|996162347|S5AA-0082140593|FACTURACION CICLICA|AMDOCS|20260718|2026-08-05|PEN|88.92|16.01|104.93
2022904680|CLIENT_00494|01762006|709596837|S5AA-0081709538|FACTURACION CICLICA|AMDOCS|20260718|2026-08-05|PEN|139.11|25.04|164.15
2019351028|CLIENT_00937|30414006|230445957|S5AA-0081661243|FACTURACION CICLICA|AMDOCS|20260718|2026-08-05|PEN|165.56|29.81|195.37
2049666577|CLIENT_00077|64519885|230808857|S5AA-0081955563|FACTURACION CICLICA|AMDOCS|20260718|2026-08-05|PEN|53.33|9.60|62.93
2003540698|CLIENT_00412|69231985|026181637|S5AA-0082326913|FACTURACION CICLICA|AMDOCS|20260718|2026-08-05|PEN|61.04|10.99|72.03
2004403801|CLIENT_00180|51668695|822986406|S5AA-0081742769|FACTURACION CICLICA|AMDOCS|20260718|2026-08-05|PEN|190.13|34.22|224.35
2098720538|CLIENT_00619|70805406|916244506|S5AA-0081685463|FACTURACION CICLICA|AMDOCS|20260718|2026-08-05|PEN|80.20|14.44|94.64
2057100089|CLIENT_00499|07661185|233405737|S5AA-0082140138|FACTURACION CICLICA|AMDOCS|20260718|2026-08-05|PEN|109.69|19.74|129.43
2011722087|CLIENT_00088|08841006|147620506|S5AA-0082209498|FACTURACION CICLICA|AMDOCS|20260718|2026-08-05|PEN|27.83|5.01|32.83
2054854170|CLIENT_00245|98619106|681491506|S5AA-0082274235|FACTURACION CICLICA|AMDOCS|20260718|2026-08-05|PEN|39.15|7.05|46.20
2084595191|CLIENT_00613|29675885|464868306|S5AA-0082295242|FACTURACION CICLICA|AMDOCS|20260718|2026-08-05|PEN|109.98|19.80|129.78
2023740275|CLIENT_00569|514240531|266739957|S5AA-0081747452|FACTURACION CICLICA|AMDOCS|20260718|2026-08-05|PEN|77.06|13.87|90.93
2051257434|CLIENT_00942|659474221|739516837|S5AA-0082039890|FACTURACION CICLICA|AMDOCS|20260718|2026-08-05|PEN|106.48|19.17|125.65
2085588833|CLIENT_00578|67596985|512168857|S5AA-0082185332|FACTURACION CICLICA|AMDOCS|20260718|2026-08-05|PEN|100.79|18.14|118.93
2037039972|CLIENT_00968|81193606|504736506|S5AA-0081771675|FACTURACION CICLICA|AMDOCS|20260718|2026-08-05|PEN|95.98|17.28|113.26
2022904680|CLIENT_00494|01762006|960103047|S5AA-0081709631|FACTURACION CICLICA|AMDOCS|20260718|2026-08-05|PEN|130.21|23.44|153.65
2068100781|CLIENT_00901|19701506|266683067|S5AA-0082293293|FACTURACION CICLICA|AMDOCS|20260718|2026-08-05|PEN|85.72|15.43|101.15
2002271273|CLIENT_00273|226188921|562791557|S5AA-0081797176|FACTURACION CICLICA|AMDOCS|20260718|2026-08-05|PEN|85.90|15.46|101.36
2023740275|CLIENT_00569|514240531|757049957|S5AA-0081747453|FACTURACION CICLICA|AMDOCS|20260718|2026-08-05|PEN|77.06|13.87|90.93
2037867912|CLIENT_00938|17536685|598376306|S5AA-0082144317|FACTURACION CICLICA|AMDOCS|20260718|2026-08-05|PEN|52.44|9.44|61.88
2044062182|CLIENT_00560|55692195|027899537|S5AA-0082032511|FACTURACION CICLICA|AMDOCS|20260718|2026-08-05|PEN|20.11|3.62|23.73
2076142431|CLIENT_00318|07046995|926079406|S5AA-0082137559|FACTURACION CICLICA|AMDOCS|20260718|2026-08-05|PEN|59.21|10.65|69.86
2062876920|CLIENT_00061|19662695|652136406|S5AA-0082288379|FACTURACION CICLICA|AMDOCS|20260718|2026-08-05|PEN|167.69|30.20|197.89
2002042551|CLIENT_00727|920370711|389442827|S5AA-0081845434|FACTURACION CICLICA|AMDOCS|20260718|2026-08-05|PEN|31.38|5.65|37.03
2023740275|CLIENT_00569|514240531|215849957|S5AA-0081747454|FACTURACION CICLICA|AMDOCS|20260718|2026-08-05|PEN|77.06|13.87|90.93
2006121666|CLIENT_00662|567037021|867895437|S5AA-0082104186|FACTURACION CICLICA|AMDOCS|20260718|2026-08-05|PEN|345.79|62.24|408.03
2047640143|CLIENT_00114|25359406|006456757|S5AA-0082012859|FACTURACION CICLICA|AMDOCS|20260718|2026-08-05|PEN|103.52|18.63|122.15
2048465395|CLIENT_00206|925858421|878165347|S5AA-0081846304|FACTURACION CICLICA|AMDOCS|20260718|2026-08-05|PEN|89.22|16.07|105.28
2065635379|CLIENT_00149|03536406|055284506|S5AA-0081850746|FACTURACION CICLICA|AMDOCS|20260718|2026-08-05|PEN|167.71|30.18|197.89
2098720538|CLIENT_00619|85115406|726244506|S5AA-0082051697|FACTURACION CICLICA|AMDOCS|20260718|2026-08-05|PEN|58.67|10.56|69.23
2029619768|CLIENT_00671|76871695|674491857|S5AA-0082120681|FACTURACION CICLICA|AMDOCS|20260718|2026-08-05|PEN|21.29|3.84|25.13
2069655698|CLIENT_00548|09574085|139540306|S5AA-0082280318|FACTURACION CICLICA|AMDOCS|20260718|2026-08-05|PEN|103.75|18.68|122.43
2014718111|CLIENT_00016|71975885|543768306|S5AA-0081756813|FACTURACION CICLICA|AMDOCS|20260718|2026-08-05|PEN|74.69|13.44|88.13
2079641879|CLIENT_00082|88171716|345052057|S5AA-0082270619|FACTURACION CICLICA|AMDOCS|20260718|2026-08-05|PEN|71.13|12.80|83.93
2065971015|CLIENT_00157|862543011|165703427|S5AA-0082125384|FACTURACION CICLICA|AMDOCS|20260718|2026-08-05|PEN|49.18|8.86|58.03
2030739572|CLIENT_00552|429218231|161173657|S5AA-0081811671|FACTURACION CICLICA|AMDOCS|20260718|2026-08-05|PEN|20.04|3.62|23.66
2091648036|CLIENT_00736|507047111|167051857|S5AA-0081675440|FACTURACION CICLICA|AMDOCS|20260718|2026-08-05|PEN|135.89|21.33|157.22
2047695932|CLIENT_00358|34361416|154989637|S5AA-0081946418|FACTURACION CICLICA|AMDOCS|20260718|2026-08-05|PEN|47.40|8.53|55.93
2038909371|CLIENT_00713|98360385|977703306|S5AA-0082273292|FACTURACION CICLICA|AMDOCS|20260718|2026-08-05|PEN|77.95|14.04|91.98
2073554752|CLIENT_00325|13671295|591722406|S5AA-0081857324|FACTURACION CICLICA|AMDOCS|20260718|2026-08-05|PEN|50.96|9.17|60.13
2052784539|CLIENT_00712|14866506|155649847|S5AA-0081932984|FACTURACION CICLICA|AMDOCS|20260718|2026-08-05|PEN|65.20|11.73|76.93
2025199500|CLIENT_00474|81624306|258533506|S5AA-0081771593|FACTURACION CICLICA|AMDOCS|20260718|2026-08-05|PEN|119.77|21.56|141.33
2085903598|CLIENT_00188|665256511|453496657|S5AA-0082113258|FACTURACION CICLICA|AMDOCS|20260718|2026-08-05|PEN|47.57|8.58|56.14
2062922977|CLIENT_00731|82013506|297748447|S5AA-0081839205|FACTURACION CICLICA|AMDOCS|20260718|2026-08-05|PEN|50.13|9.02|59.15
2079641879|CLIENT_00082|88171716|796961057|S5AA-0082270609|FACTURACION CICLICA|AMDOCS|20260718|2026-08-05|PEN|71.13|12.80|83.93
2071377105|CLIENT_00477|43312495|202034406|S5AA-0081879000|FACTURACION CICLICA|AMDOCS|20260718|2026-08-05|PEN|146.52|26.38|172.90
2083697675|CLIENT_00702|65940495|006614406|S5AA-0082037080|FACTURACION CICLICA|AMDOCS|20260718|2026-08-05|PEN|53.69|9.66|63.35
2048747968|CLIENT_00130|72759006|089316647|S5AA-0081832224|FACTURACION CICLICA|AMDOCS|20260718|2026-08-05|PEN|112.53|20.26|132.79
2042836144|CLIENT_00920|42960185|336501306|S5AA-0081806396|FACTURACION CICLICA|AMDOCS|20260718|2026-08-05|PEN|164.79|29.67|194.46
2064043539|CLIENT_00599|87516095|203070406|S5AA-0082194744|FACTURACION CICLICA|AMDOCS|20260718|2026-08-05|PEN|174.35|31.38|205.73
2095824297|CLIENT_00323|42920885|272418306|S5AA-0081806935|FACTURACION CICLICA|AMDOCS|20260718|2026-08-05|PEN|143.56|24.50|168.06
2063960356|CLIENT_00283|83687795|897468947|S5AA-0081911493|FACTURACION CICLICA|AMDOCS|20260718|2026-08-05|PEN|115.56|20.80|136.36
2014214756|CLIENT_00653|90142306|590243457|S5AA-0081696519|FACTURACION CICLICA|AMDOCS|20260718|2026-08-05|PEN|100.79|18.14|118.93
2039137544|CLIENT_00939|74464985|515459306|S5AA-0081971942|FACTURACION CICLICA|AMDOCS|20260718|2026-08-05|PEN|50.66|9.12|59.78
2006121666|CLIENT_00662|51834206|732033837|S5AA-0081745437|FACTURACION CICLICA|AMDOCS|20260718|2026-08-05|PEN|56.29|10.14|66.43
2021250702|CLIENT_00176|20807106|776481506|S5AA-0081649532|FACTURACION CICLICA|AMDOCS|20260718|2026-08-05|PEN|64.01|11.52|75.53
2028234821|CLIENT_00026|012620321|010758937|S5AA-0081709608|FACTURACION CICLICA|AMDOCS|20260718|2026-08-05|PEN|72.60|13.08|85.68
2030044604|CLIENT_00861|672794011|529987917|S5AA-0082182165|FACTURACION CICLICA|AMDOCS|20260718|2026-08-05|PEN|34.11|6.14|40.25
2050348529|CLIENT_00770|567857431|569905957|S5AA-0082106437|FACTURACION CICLICA|AMDOCS|20260718|2026-08-05|PEN|118.46|21.33|139.79
2097519862|CLIENT_00745|44242206|963991067|S5AA-0081962977|FACTURACION CICLICA|AMDOCS|20260718|2026-08-05|PEN|2.66|.49|3.15
2030716976|CLIENT_00848|06261095|650720406|S5AA-0082065545|FACTURACION CICLICA|AMDOCS|20260718|2026-08-05|PEN|56.29|10.14|66.43
2010441811|CLIENT_00839|122471211|461935027|S5AA-0081787446|FACTURACION CICLICA|AMDOCS|20260718|2026-08-05|PEN|53.92|9.71|63.63
2098720538|CLIENT_00619|72894406|536244506|S5AA-0081829052|FACTURACION CICLICA|AMDOCS|20260718|2026-08-05|PEN|16.62|2.98|19.60
2029619768|CLIENT_00671|76871695|001126406|S5AA-0082116113|FACTURACION CICLICA|AMDOCS|20260718|2026-08-05|PEN|71.13|12.80|83.93
2022904680|CLIENT_00494|01762006|068427837|S5AA-0081709540|FACTURACION CICLICA|AMDOCS|20260718|2026-08-05|PEN|139.11|25.04|164.15
2039216584|CLIENT_00936|87475006|795560506|S5AA-0082195205|FACTURACION CICLICA|AMDOCS|20260718|2026-08-05|PEN|364.24|65.56|429.80
2028234821|CLIENT_00026|245225901|553500617|S5AA-0081937800|FACTURACION CICLICA|AMDOCS|20260718|2026-08-05|PEN|561.94|79.12|641.06
2082202511|CLIENT_00338|61032716|467886606|S5AA-0081750405|FACTURACION CICLICA|AMDOCS|20260718|2026-08-05|PEN|100.79|18.14|118.93
2019455714|CLIENT_00324|83418085|180180306|S5AA-0081906811|FACTURACION CICLICA|AMDOCS|20260718|2026-08-05|PEN|108.80|19.58|128.38
2083487599|CLIENT_00850|87302575|836762623|S7AA-0069533150|FACTURACION CICLICA|AMDOCS|20260723|2026-08-09|PEN|39.69|7.14|46.83
2046639773|CLIENT_00422|961315821|416989957|S7AA-0069462100|FACTURACION CICLICA|AMDOCS|20260723|2026-08-09|PEN|44.20|7.95|52.15
2088717616|CLIENT_00246|155347221|603152937|S7AA-0069301398|FACTURACION CICLICA|AMDOCS|20260723|2026-08-09|PEN|64.90|11.68|76.58
2053765186|CLIENT_00416|51327575|870309501|S7AA-0068976809|FACTURACION CICLICA|AMDOCS|20260723|2026-08-09|PEN|36.48|6.57|43.05
2051657671|CLIENT_00660|739587221|326223937|S7AA-0069179715|FACTURACION CICLICA|AMDOCS|20260723|2026-08-09|PEN|125.11|22.52|147.63
2022887994|CLIENT_00145|097589811|331699137|S7AA-0069639515|FACTURACION CICLICA|AMDOCS|20260723|2026-08-09|PEN|67.93|12.22|80.15
2008733174|CLIENT_00190|189280821|614471947|S7AA-0069563572|FACTURACION CICLICA|AMDOCS|20260723|2026-08-09|PEN|442.19|79.59|521.78
2021252272|CLIENT_00845|754602811|539811167|S7AA-0069358274|FACTURACION CICLICA|AMDOCS|20260723|2026-08-09|PEN|17.43|.00|17.43
2055526321|CLIENT_00661|319461331|702459657|S7AA-0068974547|FACTURACION CICLICA|AMDOCS|20260723|2026-08-09|PEN|30.18|5.45|35.63
2008212698|CLIENT_00588|13862575|299513263|S7AA-0069125176|FACTURACION CICLICA|AMDOCS|20260723|2026-08-09|PEN|28.71|5.17|33.88
2058571451|CLIENT_00813|047308221|730302257|S7AA-0069207760|FACTURACION CICLICA|AMDOCS|20260723|2026-08-09|PEN|37.31|6.72|44.03
2034212173|CLIENT_00843|687675321|217543147|S7AA-0069605782|FACTURACION CICLICA|AMDOCS|20260723|2026-08-09|PEN|63.71|11.47|75.18
2094577730|CLIENT_00415|735052901|336779447|S7AA-0069180508|FACTURACION CICLICA|AMDOCS|20260723|2026-08-09|PEN|22.85|4.10|26.95
2025969955|CLIENT_00430|138477221|459982937|S7AA-0069127604|FACTURACION CICLICA|AMDOCS|20260723|2026-08-09|PEN|86.49|15.57|102.06
2090130796|CLIENT_00833|871323321|472868847|S7AA-0069537461|FACTURACION CICLICA|AMDOCS|20260723|2026-08-09|PEN|38.26|6.89|45.15
2084279674|CLIENT_00091|904772311|252552227|S7AA-0068935120|FACTURACION CICLICA|AMDOCS|20260723|2026-08-09|PEN|147.53|26.56|174.09
2002500138|CLIENT_00445|92763575|582891443|S7AA-0069107614|FACTURACION CICLICA|AMDOCS|20260723|2026-08-09|PEN|25.14|4.54|29.68
2083087437|CLIENT_00371|118091211|812820337|S7AA-0068953160|FACTURACION CICLICA|AMDOCS|20260723|2026-08-09|PEN|21.89|3.94|25.83
2025199500|CLIENT_00474|83042575|629980903|S7AA-0069185414|FACTURACION CICLICA|AMDOCS|20260723|2026-08-09|PEN|49.18|8.86|58.03
2009434261|CLIENT_00759|274096121|010266957|S7AA-0069488093|FACTURACION CICLICA|AMDOCS|20260723|2026-08-09|PEN|73.86|13.29|87.15
2078183391|CLIENT_00870|132543231|421246557|S7AA-0069130636|FACTURACION CICLICA|AMDOCS|20260723|2026-08-09|PEN|44.20|7.95|52.15
2064524697|CLIENT_00755|938349331|397562857|S7AA-0069200982|FACTURACION CICLICA|AMDOCS|20260723|2026-08-09|PEN|67.93|12.22|80.15
2024388948|CLIENT_00436|41977575|447751601|S7AA-0069011587|FACTURACION CICLICA|AMDOCS|20260723|2026-08-09|PEN|36.48|6.57|43.05
2004492803|CLIENT_00211|347978331|764482857|S7AA-0069235624|FACTURACION CICLICA|AMDOCS|20260723|2026-08-09|PEN|73.80|13.28|87.08
2050636428|CLIENT_00398|56835575|851836537|S7AA-0069422507|FACTURACION CICLICA|AMDOCS|20260723|2026-08-09|PEN|20.71|3.72|24.43
2078183391|CLIENT_00870|132543231|621246557|S7AA-0069130637|FACTURACION CICLICA|AMDOCS|20260723|2026-08-09|PEN|44.20|7.95|52.15
2091907227|CLIENT_00779|37698395|462643757|S9AA-0083838040|FACTURACION CICLICA|AMDOCS|20260801|2026-08-13|PEN|109.69|19.74|129.43
2028858667|CLIENT_00821|87664306|966975067|S9AA-0083880467|FACTURACION CICLICA|AMDOCS|20260801|2026-08-13|PEN|23.37|4.21|27.58
2046269782|CLIENT_00179|70424285|316814657|S9AA-0084105960|FACTURACION CICLICA|AMDOCS|20260801|2026-08-13|PEN|40.04|7.21|47.25
2074327800|CLIENT_00822|78255606|189922057|S9AA-0083954382|FACTURACION CICLICA|AMDOCS|20260801|2026-08-13|PEN|121.32|21.83|143.15
2091691985|CLIENT_00508|77873195|129741406|S9AA-0083865971|FACTURACION CICLICA|AMDOCS|20260801|2026-08-13|PEN|56.66|10.19|66.85
2013641602|CLIENT_00728|324491021|351964337|S9AA-0083416363|FACTURACION CICLICA|AMDOCS|20260801|2026-08-13|PEN|116.21|20.92|137.13
2098293784|CLIENT_00265|81864316|075729637|S9AA-0083374773|FACTURACION CICLICA|AMDOCS|20260801|2026-08-13|PEN|147.59|26.57|174.16
2098293784|CLIENT_00265|72959295|179303406|S9AA-0083438836|FACTURACION CICLICA|AMDOCS|20260801|2026-08-13|PEN|145.05|26.10|171.15
2079015638|CLIENT_00600|46729795|798244957|S9AA-0083763075|FACTURACION CICLICA|AMDOCS|20260801|2026-08-13|PEN|61.92|11.16|73.08
2074327800|CLIENT_00822|78255606|255622057|S9AA-0083954381|FACTURACION CICLICA|AMDOCS|20260801|2026-08-13|PEN|91.60|16.49|108.08
2013129077|CLIENT_00742|57302695|286249447|S9AA-0083853148|FACTURACION CICLICA|AMDOCS|20260801|2026-08-13|PEN|106.36|19.15|125.51
2007644775|CLIENT_00890|68757095|857480406|S9AA-0083941347|FACTURACION CICLICA|AMDOCS|20260801|2026-08-13|PEN|118.87|21.41|140.28
2078692933|CLIENT_00993|18160985|752519306|S9AA-0083899327|FACTURACION CICLICA|AMDOCS|20260801|2026-08-13|PEN|50.13|9.02|59.15
2036631349|CLIENT_00307|289009821|229924057|S9AA-0083912464|FACTURACION CICLICA|AMDOCS|20260801|2026-08-13|PEN|67.63|12.17|79.80
2078692933|CLIENT_00993|72356185|353361306|S9AA-0083438074|FACTURACION CICLICA|AMDOCS|20260801|2026-08-13|PEN|54.99|9.90|64.89
2006121666|CLIENT_00662|073792|43581200|FFBG-00153906|FACTURACION ACICLICA|ISIS|20260505|20260525|PEN|155.46|27.98|183.44
2050348529|CLIENT_00770|572202|12589100|S300-0256044|FACTURACION CICLICA|ISIS|20260715|20260811|PEN|931.83|167.73|1099.56
2015428590|CLIENT_00696|637943|51439200|S300-0254879|FACTURACION CICLICA|ISIS|20260615|20260711|PEN|213.56|38.44|252.00
2028712026|CLIENT_00204|511200|35535000|S300-0253147|FACTURACION CICLICA|ISIS|20260615|20260711|PEN|700.00|126.00|826.00
2028712026|CLIENT_00204|511200|35535000|S300-0248251|FACTURACION CICLICA|ISIS|20260415|20260511|PEN|700.00|126.00|826.00
2010441811|CLIENT_00839|587692|54571200|S300-0256558|FACTURACION CICLICA|ISIS|20260715|20260811|PEN|419.30|75.47|494.76
2099767426|CLIENT_00108|643380|28841200|S300-0253777|FACTURACION CICLICA|ISIS|20260615|20260711|PEN|629.19|113.25|742.42
2096447129|CLIENT_00321|787092|66370200|S300-0254493|FACTURACION CICLICA|ISIS|20260615|20260711|PEN|1071.01|192.78|1263.78
2029902035|CLIENT_00756|010382|33988100|FFBG-00155045|FACTURACION ACICLICA|ISIS|20260603|20260703|PEN|10335.38|1860.37|12195.75
2081042486|CLIENT_00385|159200|74268100|S300-0250762|FACTURACION CICLICA|ISIS|20260515|20260611|PEN|861.00|154.98|1015.98
2006917349|CLIENT_00708|365991|04193100|FFBG-00149641|FACTURACION ACICLICA|ISIS|20260115|20260204|PEN|138.92|25.00|163.92
2029902035|CLIENT_00756|010382|33988100|S300-0254343|FACTURACION CICLICA|ISIS|20260615|20260711|PEN|672.67|121.08|793.80
2029902035|CLIENT_00756|010382|33988100|FFBG-00155670|FACTURACION ACICLICA|ISIS|20260623|20260713|PEN|488.31|87.90|576.21
2081042486|CLIENT_00385|159200|74268100|S300-0253195|FACTURACION CICLICA|ISIS|20260615|20260711|PEN|861.00|154.98|1015.98
2063773311|CLIENT_00701|064292|64201200|S300-0256455|FACTURACION CICLICA|ISIS|20260715|20260811|PEN|770.60|138.71|909.30
2050878096|CLIENT_00515|894070|72188100|S300-0255693|FACTURACION CICLICA|ISIS|20260715|20260811|PEN|231.35|41.64|273.00
2063773311|CLIENT_00701|064292|64201200|S300-0254536|FACTURACION CICLICA|ISIS|20260615|20260711|PEN|770.60|138.71|909.30
2050348529|CLIENT_00770|572202|12589100|S300-0254118|FACTURACION CICLICA|ISIS|20260615|20260711|PEN|931.84|167.73|1099.56
2099767426|CLIENT_00108|643380|28841200|S300-0251447|FACTURACION CICLICA|ISIS|20260515|20260611|PEN|629.19|113.25|742.49
2048171681|CLIENT_00795|184910|10058100|S300-0251079|FACTURACION CICLICA|ISIS|20260515|20260611|PEN|374.33|67.38|441.70
2050348529|CLIENT_00770|572202|12589100|S300-0251852|FACTURACION CICLICA|ISIS|20260515|20260611|PEN|931.85|167.73|1099.63
2096447129|CLIENT_00321|787092|66370200|S300-0256413|FACTURACION CICLICA|ISIS|20260715|20260811|PEN|1071.01|192.78|1263.85
2039216584|CLIENT_00936|568000|31686100|S300-0255043|FACTURACION CICLICA|ISIS|20260715|20260811|PEN|1015.01|182.70|1197.70
2029902035|CLIENT_00756|010382|33988100|S300-0252132|FACTURACION CICLICA|ISIS|20260515|20260611|PEN|3783.54|681.04|4464.53
2068624950|CLIENT_00710|092002|43698100|S300-0251809|FACTURACION CICLICA|ISIS|20260515|20260611|PEN|1400.00|252.00|1652.00
2029902035|CLIENT_00756|010382|33988100|S300-0252131|FACTURACION CICLICA|ISIS|20260515|20260611|PEN|672.67|121.08|793.80
2074406544|CLIENT_00417|667421|41171200|S300-0251486|FACTURACION CICLICA|ISIS|20260515|20260611|PEN|432.45|77.84|510.30
2028712026|CLIENT_00204|511200|35535000|FFBG-00154854|FACTURACION ACICLICA|ISIS|20260603|20260703|PEN|3365.96|605.87|3971.84
2039216584|CLIENT_00936|568000|31686100|S300-0253089|FACTURACION CICLICA|ISIS|20260615|20260711|PEN|1015.01|182.70|1197.70
2010441811|CLIENT_00839|587692|54571200|S300-0254642|FACTURACION CICLICA|ISIS|20260615|20260711|PEN|419.30|75.47|494.76
2015985357|CLIENT_00738|367710|14535000|FFBG-00154883|FACTURACION ACICLICA|ISIS|20260603|20260703|PEN|610.07|109.81|719.88
2006121666|CLIENT_00662|073792|43581200|FFBG-00149740|FACTURACION ACICLICA|ISIS|20260116|20260205|PEN|194.20|34.96|229.16
2006917349|CLIENT_00708|365991|04193100|FFBG-00149742|FACTURACION ACICLICA|ISIS|20260116|20260205|PEN|323.40|58.21|381.61
2078066090|CLIENT_00801|319222|89986100|FFBG-00155662|FACTURACION ACICLICA|ISIS|20260623|20260713|PEN|128.81|23.18|152.00
2027825543|CLIENT_00857|256943|51339200|FFBG-00155146|FACTURACION ACICLICA|ISIS|20260603|20260703|PEN|847.47|152.54|1000.01
2068624950|CLIENT_00710|092002|43698100|S300-0254084|FACTURACION CICLICA|ISIS|20260615|20260711|PEN|1400.00|252.00|1652.00
2088424166|CLIENT_00134|480131|09052200|S300-0253827|FACTURACION CICLICA|ISIS|20260615|20260711|PEN|546.00|98.28|644.28
2088424166|CLIENT_00134|480131|09052200|S300-0251502|FACTURACION CICLICA|ISIS|20260515|20260611|PEN|546.00|98.28|644.28
2078066090|CLIENT_00801|319222|89986100|FFBG-00154717|FACTURACION ACICLICA|ISIS|20260529|20260618|PEN|134.15|24.14|158.29
2050878096|CLIENT_00515|894070|72188100|S300-0253761|FACTURACION CICLICA|ISIS|20260615|20260711|PEN|231.35|41.64|273.00
2048171681|CLIENT_00795|184910|23101200|S300-0253483|FACTURACION CICLICA|ISIS|20260615|20260711|PEN|6.31|1.13|7.42
2029902035|CLIENT_00756|010382|33988100|S300-0254344|FACTURACION CICLICA|ISIS|20260615|20260711|PEN|3035.94|546.47|3582.39
2048171681|CLIENT_00795|184910|10058100|S300-0253482|FACTURACION CICLICA|ISIS|20260615|20260711|PEN|49.91|8.98|58.87
2015428590|CLIENT_00696|637943|51439200|S300-0256790|FACTURACION CICLICA|ISIS|20260715|20260811|PEN|213.56|38.44|252.00
2028712026|CLIENT_00204|511200|35535000|S300-0250712|FACTURACION CICLICA|ISIS|20260515|20260611|PEN|700.00|126.00|826.00
2048171681|CLIENT_00795|184910|23101200|S300-0251080|FACTURACION CICLICA|ISIS|20260515|20260611|PEN|1349.33|242.88|1592.22
2001476166|CLIENT_00915|271943|30729200|FHTP-00033372|FACTURACION ACICLICA|ISIS|20260512|20260601|PEN|47218.64|8499.36|55718.00
2045742723|CLIENT_00001|777232|62197100|FFBG-00153837|FACTURACION ACICLICA|ISIS|20260505|20260525|PEN|588.90|106.00|694.90
2078847538|CLIENT_00072|697710|72065000|FFBG-00155279|FACTURACION ACICLICA|ISIS|20260610|20260630|PEN|138.76|24.98|163.74
2029902035|CLIENT_00756|010382|33988100|FFBG-00154570|FACTURACION ACICLICA|ISIS|20260527|20260616|PEN|194.85|35.07|229.92
2081042486|CLIENT_00385|159200|74268100|S300-0248301|FACTURACION CICLICA|ISIS|20260415|20260511|PEN|861.00|154.98|1015.98
2029902035|CLIENT_00756|010382|33988100|FFBG-00155932|FACTURACION ACICLICA|ISIS|20260625|20260725|PEN|10368.69|1866.36|12235.05
2028712026|CLIENT_00204|511200|35535000|FFBG-00155792|FACTURACION ACICLICA|ISIS|20260625|20260725|PEN|4279.70|770.35|5050.05
2074406544|CLIENT_00417|667421|41171200|S300-0253813|FACTURACION CICLICA|ISIS|20260615|20260711|PEN|432.45|77.84|510.30
2015985357|CLIENT_00738|367710|14535000|FFBG-00155819|FACTURACION ACICLICA|ISIS|20260625|20260725|PEN|1021.82|183.93|1205.74
2028712026|CLIENT_00204|511200|35535000|FFBG-00153356|FACTURACION ACICLICA|ISIS|20260427|20260527|PEN|4381.11|788.60|5169.71
2029902035|CLIENT_00756|010382|33988100|FFBG-00154725|FACTURACION ACICLICA|ISIS|20260529|20260618|PEN|476.74|85.81|562.55
2093200767|CLIENT_00680|71589195|163702406|S5AA-0064666244|FACTURACION CICLICA|AMDOCS|20241118|2024-12-05|PEN|169.43|30.49|199.92
2028857166|CLIENT_00631|93250706|140886506|S9AA-0036317590|FACTURACION CICLICA|AMDOCS|20230501|2023-05-22|PEN|65.20|11.73|76.93
2010136133|CLIENT_00057|04605595|996312737|S5AA-0040413241|FACTURACION CICLICA|AMDOCS|20230418|2023-05-09|PEN|53.26|9.60|62.86
2028857166|CLIENT_00631|71720706|330886506|S9AA-0037217661|FACTURACION CICLICA|AMDOCS|20230501|2023-05-22|PEN|45.15|8.12|53.27
2028857166|CLIENT_00631|71720706|330886506|S9AA-0037818410|FACTURACION CICLICA|AMDOCS|20230601|2023-06-22|PEN|45.15|8.12|53.27
2028857166|CLIENT_00631|93250706|140886506|S9AA-0038185745|FACTURACION CICLICA|AMDOCS|20230601|2023-06-22|PEN|65.20|11.73|76.93
2093200767|CLIENT_00680|71589195|163702406|S5AA-0065801543|FACTURACION CICLICA|AMDOCS|20241218|2025-01-05|PEN|107.31|19.32|126.63
2015336861|CLIENT_00247|53941575|362083123|S7AA-0049651803|FACTURACION CICLICA|AMDOCS|20241223|2025-01-09|PEN|25.45|4.58|30.03
2068263724|CLIENT_00962|951540421|442485357|S4AA-0003738380|FACTURACION CICLICA|AMDOCS|20250509|2025-05-25|PEN|64.55|9.72|74.27
2068263724|CLIENT_00962|951540421|442485357|S4AA-0004095773|FACTURACION CICLICA|AMDOCS|20250609|2025-06-25|PEN|63.89|9.61|73.50
2026242865|CLIENT_00930|09330575|601590817|S1AA-0043459333|FACTURACION CICLICA|AMDOCS|20250605|2025-06-21|PEN|118.59|21.34|139.93
2068263724|CLIENT_00962|951540421|442485357|S4AA-0004475620|FACTURACION CICLICA|AMDOCS|20250709|2025-07-25|PEN|63.89|9.61|73.50
2068263724|CLIENT_00962|951540421|442485357|S4AA-0004808192|FACTURACION CICLICA|AMDOCS|20250809|2025-08-25|PEN|10.50|.00|10.50
2068263724|CLIENT_00962|951540421|442485357|S4AA-0005262707|FACTURACION CICLICA|AMDOCS|20250909|2025-09-25|PEN|10.50|.00|10.50
2068263724|CLIENT_00962|951540421|442485357|S4AA-0005481179|FACTURACION CICLICA|AMDOCS|20251009|2025-10-25|PEN|10.50|.00|10.50
2045309501|CLIENT_00511|04656085|572360306|S9AA-0075486333|FACTURACION CICLICA|AMDOCS|20251101|2025-11-17|PEN|95.98|17.28|113.26
2098283606|CLIENT_00347|49333685|454146306|S9AA-0076033663|FACTURACION CICLICA|AMDOCS|20251101|2025-11-17|PEN|4.69|.84|5.53
2050440165|CLIENT_00596|70524006|464911506|S9AA-0076164576|FACTURACION CICLICA|AMDOCS|20251201|2025-12-17|PEN|113.18|20.38|133.56
2098283606|CLIENT_00347|49333685|454146306|S9AA-0077022030|FACTURACION CICLICA|AMDOCS|20251201|2025-12-17|PEN|151.50|27.28|178.78
2050440165|CLIENT_00596|28793006|654911506|S9AA-0076904724|FACTURACION CICLICA|AMDOCS|20251201|2025-12-17|PEN|32.39|5.83|38.22
2012453412|CLIENT_00293|31688106|503581506|S5AA-0076122451|FACTURACION CICLICA|AMDOCS|20251118|2025-12-05|PEN|174.35|31.38|205.73
2045309501|CLIENT_00511|04656085|572360306|S9AA-0076488657|FACTURACION CICLICA|AMDOCS|20251201|2025-12-17|PEN|95.98|17.28|113.26
2063869275|CLIENT_00067|39304285|943042306|S9AA-0081978876|FACTURACION CICLICA|AMDOCS|20260601|2026-06-17|PEN|35.53|6.40|41.93
2050440165|CLIENT_00596|28793006|654911506|S9AA-0077880751|FACTURACION CICLICA|AMDOCS|20260101|2026-01-17|PEN|32.46|5.83|38.29
2080474018|CLIENT_00995|07517575|991544037|S7AA-0068327460|FACTURACION CICLICA|AMDOCS|20260623|2026-07-09|PEN|22.48|4.05|26.53
2098283606|CLIENT_00347|49333685|454146306|S9AA-0077996468|FACTURACION CICLICA|AMDOCS|20260101|2026-01-17|PEN|4.63|.83|5.46
2011171530|CLIENT_00052|20246385|096363306|S9AA-0082013633|FACTURACION CICLICA|AMDOCS|20260601|2026-06-17|PEN|42.35|7.63|49.98
2084347031|CLIENT_00887|435846421|419702347|S8AA-0008099743|FACTURACION CICLICA|AMDOCS|20260627|2026-07-13|PEN|100.79|18.14|118.93
2033817024|CLIENT_00437|974724031|772417257|S8AA-0007813176|FACTURACION CICLICA|AMDOCS|20260627|2026-07-13|PEN|20.53|3.69|24.22
2045407090|CLIENT_00403|17481395|325623406|S9AA-0077773070|FACTURACION CICLICA|AMDOCS|20260101|2026-01-17|PEN|58.67|10.56|69.23
2057463246|CLIENT_00753|020891011|524171647|S9AA-0082216982|FACTURACION CICLICA|AMDOCS|20260601|2026-06-17|PEN|111.47|20.06|131.53
2007367776|CLIENT_00411|53765985|348469306|S9AA-0082342318|FACTURACION CICLICA|AMDOCS|20260601|2026-06-17|PEN|51.50|9.26|60.76
2018400793|CLIENT_00541|50520895|862508406|S9AA-0077130981|FACTURACION CICLICA|AMDOCS|20260101|2026-01-17|PEN|272.76|49.10|321.86
2088594219|CLIENT_00472|867231521|748632957|S1AA-0048175044|FACTURACION CICLICA|AMDOCS|20260105|2026-01-21|PEN|39.45|7.10|46.55
2008309257|CLIENT_00999|887189821|498745057|S7AA-0068471446|FACTURACION CICLICA|AMDOCS|20260623|2026-07-09|PEN|106.43|19.15|125.58
2001445858|CLIENT_00550|130243421|939589547|S4AA-0006387597|FACTURACION CICLICA|AMDOCS|20260109|2026-01-25|PEN|111.47|20.06|131.53
2088594219|CLIENT_00472|867231521|377732957|S1AA-0048175049|FACTURACION CICLICA|AMDOCS|20260105|2026-01-21|PEN|39.45|7.10|46.55
2088594219|CLIENT_00472|867231521|618532957|S1AA-0048175042|FACTURACION CICLICA|AMDOCS|20260105|2026-01-21|PEN|39.45|7.10|46.55
2083750866|CLIENT_00903|556834021|971289337|S9AA-0081645303|FACTURACION CICLICA|AMDOCS|20260601|2026-06-17|PEN|29.01|5.22|34.23
2050440165|CLIENT_00596|70524006|464911506|S9AA-0077150487|FACTURACION CICLICA|AMDOCS|20260101|2026-01-17|PEN|113.25|20.38|133.63
2095085624|CLIENT_00622|62804406|813516057|S9AA-0082269345|FACTURACION CICLICA|AMDOCS|20260601|2026-06-17|PEN|56.06|10.09|66.15
2009056636|CLIENT_00705|185578121|008521737|S3AA-0073654748|FACTURACION CICLICA|AMDOCS|20260115|2026-02-01|PEN|288.19|51.87|340.06
2062806803|CLIENT_00496|219732621|662884257|S8AA-0008032519|FACTURACION CICLICA|AMDOCS|20260627|2026-07-13|PEN|88.92|16.01|104.93
2088594219|CLIENT_00472|867231521|930832957|S1AA-0048175050|FACTURACION CICLICA|AMDOCS|20260105|2026-01-21|PEN|13.34|2.41|15.75
2089508889|CLIENT_00786|564509011|189514817|S9AA-0081739500|FACTURACION CICLICA|AMDOCS|20260601|2026-06-17|PEN|46.21|8.32|54.53
2093365484|CLIENT_00200|09362016|737281847|S9AA-0081957867|FACTURACION CICLICA|AMDOCS|20260601|2026-06-17|PEN|106.72|19.21|125.93
2027876144|CLIENT_00343|481304131|873880457|S8AA-0007834988|FACTURACION CICLICA|AMDOCS|20260627|2026-07-13|PEN|17.79|3.21|21.00
2043108067|CLIENT_00772|95734385|204243306|S5AA-0077629836|FACTURACION CICLICA|AMDOCS|20260118|2026-02-05|PEN|29.67|5.33|35.00
2034895152|CLIENT_00378|60534585|669255306|S9AA-0082091358|FACTURACION CICLICA|AMDOCS|20260601|2026-06-17|PEN|72.26|13.00|85.26
2014718111|CLIENT_00016|52975885|733768306|S9AA-0082255836|FACTURACION CICLICA|AMDOCS|20260601|2026-06-17|PEN|74.69|13.44|88.13
2015037424|CLIENT_00556|32477185|064671306|S9AA-0082238127|FACTURACION CICLICA|AMDOCS|20260601|2026-06-17|PEN|50.37|9.07|59.43
2088594219|CLIENT_00472|867231521|431732957|S1AA-0048175046|FACTURACION CICLICA|AMDOCS|20260105|2026-01-21|PEN|40.75|7.34|48.09
2047601641|CLIENT_00663|788183431|166539857|S8AA-0007845003|FACTURACION CICLICA|AMDOCS|20260627|2026-07-13|PEN|168.90|30.39|199.29
2039754476|CLIENT_00765|82785016|660080606|S9AA-0082282842|FACTURACION CICLICA|AMDOCS|20260601|2026-06-17|PEN|202.71|36.48|239.19
2054510534|CLIENT_00526|97081995|653919406|S9AA-0081859033|FACTURACION CICLICA|AMDOCS|20260601|2026-06-17|PEN|77.13|13.87|91.00
2050544462|CLIENT_00635|17572385|717423306|S9AA-0078469179|FACTURACION CICLICA|AMDOCS|20260201|2026-02-17|PEN|27.76|5.01|32.76
2027256336|CLIENT_00122|39071016|279689506|S9AA-0081980391|FACTURACION CICLICA|AMDOCS|20260601|2026-06-17|PEN|62.29|11.21|73.50
2040502929|CLIENT_00235|71948185|716381306|S9AA-0082186237|FACTURACION CICLICA|AMDOCS|20260601|2026-06-17|PEN|95.98|17.28|113.26
2088594219|CLIENT_00472|867231521|930832957|S1AA-0049369726|FACTURACION CICLICA|AMDOCS|20260205|2026-02-21|PEN|10.74|1.93|12.66
2051349743|CLIENT_00257|859428801|295046857|S7AA-0063830685|FACTURACION CICLICA|AMDOCS|20260123|2026-02-09|PEN|17.14|3.09|20.23
2034304441|CLIENT_00500|52157575|789975857|S7AA-0063488667|FACTURACION CICLICA|AMDOCS|20260123|2026-02-09|PEN|26.40|4.75|31.15
2002509216|CLIENT_00632|416197431|803255957|S5AA-0077283804|FACTURACION CICLICA|AMDOCS|20260118|2026-02-05|PEN|48.10|8.67|56.77
2082378549|CLIENT_00977|247828421|766824347|S8AA-0007898860|FACTURACION CICLICA|AMDOCS|20260627|2026-07-13|PEN|137.57|24.76|162.33
2098283606|CLIENT_00347|49333685|454146306|S9AA-0078704932|FACTURACION CICLICA|AMDOCS|20260201|2026-02-17|PEN|3.80|.68|4.48
2027876144|CLIENT_00343|481304131|460428657|S8AA-0007835377|FACTURACION CICLICA|AMDOCS|20260627|2026-07-13|PEN|17.79|3.21|21.00
2018400793|CLIENT_00541|50520895|862508406|S9AA-0078790685|FACTURACION CICLICA|AMDOCS|20260201|2026-02-17|PEN|205.96|37.08|243.04
2040445117|CLIENT_00255|683942421|047585957|S9AA-0081925227|FACTURACION CICLICA|AMDOCS|20260601|2026-06-17|PEN|79.79|14.36|94.15
2038848428|CLIENT_00847|218247821|656381057|S9AA-0082148410|FACTURACION CICLICA|AMDOCS|20260601|2026-06-17|PEN|26.40|4.75|31.15
2003621431|CLIENT_00120|613467231|809972657|S9AA-0082183870|FACTURACION CICLICA|AMDOCS|20260601|2026-06-17|PEN|189.71|34.15|223.86
2003740540|CLIENT_00568|36984575|533151601|S7AA-0068245735|FACTURACION CICLICA|AMDOCS|20260623|2026-07-09|PEN|56.29|10.14|66.43
2064993907|CLIENT_00925|520152811|002776937|S9AA-0082259550|FACTURACION CICLICA|AMDOCS|20260601|2026-06-17|PEN|94.86|17.07|111.93
2088594219|CLIENT_00472|867231521|618532957|S1AA-0049369719|FACTURACION CICLICA|AMDOCS|20260205|2026-02-21|PEN|2.72|.49|3.21
2090067728|CLIENT_00394|381932431|540017857|S8AA-0007832605|FACTURACION CICLICA|AMDOCS|20260627|2026-07-13|PEN|23.44|4.21|27.65
2088594219|CLIENT_00472|867231521|431732957|S1AA-0049369722|FACTURACION CICLICA|AMDOCS|20260205|2026-02-21|PEN|2.76|.49|3.25
2053911269|CLIENT_00373|775403901|112767647|S7AA-0068373624|FACTURACION CICLICA|AMDOCS|20260623|2026-07-09|PEN|47.40|8.53|55.93
2088594219|CLIENT_00472|867231521|748632957|S1AA-0049369721|FACTURACION CICLICA|AMDOCS|20260205|2026-02-21|PEN|2.72|.49|3.21
2088594219|CLIENT_00472|867231521|377732957|S1AA-0049369725|FACTURACION CICLICA|AMDOCS|20260205|2026-02-21|PEN|2.72|.49|3.21
2085903598|CLIENT_00188|377600331|663396657|S8AA-0007798291|FACTURACION CICLICA|AMDOCS|20260627|2026-07-13|PEN|26.33|4.75|31.08
2029902035|CLIENT_00756|732560421|635050247|S9AA-0082363552|FACTURACION CICLICA|AMDOCS|20260601|2026-06-17|PEN|74.69|13.44|88.13
2040866126|CLIENT_00173|226930621|956781757|S9AA-0082235657|FACTURACION CICLICA|AMDOCS|20260601|2026-06-17|PEN|100.79|18.14|118.93
2043108067|CLIENT_00772|95734385|204243306|S5AA-0078294559|FACTURACION CICLICA|AMDOCS|20260218|2026-03-05|PEN|29.60|5.33|34.93
2079015638|CLIENT_00600|15637585|704385306|S5AA-0078233180|FACTURACION CICLICA|AMDOCS|20260218|2026-03-05|PEN|66.09|11.89|77.98
2047900690|CLIENT_00224|726970231|557591557|S9AA-0082278736|FACTURACION CICLICA|AMDOCS|20260601|2026-06-17|PEN|55.99|10.09|66.08
2009716777|CLIENT_00151|97228806|111598506|S5AA-0078449526|FACTURACION CICLICA|AMDOCS|20260218|2026-03-05|PEN|36.72|6.61|43.33
2029902035|CLIENT_00756|732560421|958403347|S9AA-0082363649|FACTURACION CICLICA|AMDOCS|20260601|2026-06-17|PEN|142.19|25.60|167.79
2074327800|CLIENT_00822|78255606|189922057|S9AA-0081932471|FACTURACION CICLICA|AMDOCS|20260601|2026-06-17|PEN|103.52|18.63|122.15
2006121666|CLIENT_00662|154096131|324404857|S9AA-0082486763|FACTURACION CICLICA|AMDOCS|20260601|2026-06-17|PEN|53.33|9.60|62.93
2070947882|CLIENT_00260|630918131|187028557|S9AA-0082356705|FACTURACION CICLICA|AMDOCS|20260601|2026-06-17|PEN|109.45|19.70|129.15
2061726816|CLIENT_00637|50450906|112598506|S9AA-0082084095|FACTURACION CICLICA|AMDOCS|20260601|2026-06-17|PEN|54.88|9.87|64.75
2048805652|CLIENT_00880|25312706|363707506|S9AA-0082490297|FACTURACION CICLICA|AMDOCS|20260601|2026-06-17|PEN|113.25|20.38|133.63
2087410427|CLIENT_00749|596294111|365981957|S9AA-0082002918|FACTURACION CICLICA|AMDOCS|20260601|2026-06-17|PEN|147.95|26.63|174.58
2012895360|CLIENT_00264|516755121|384214637|S5AA-0077998387|FACTURACION CICLICA|AMDOCS|20260218|2026-03-05|PEN|19.80|3.58|23.38
2013129077|CLIENT_00742|57302695|286249447|S9AA-0081827992|FACTURACION CICLICA|AMDOCS|20260601|2026-06-17|PEN|103.69|18.67|122.36
2087856323|CLIENT_00453|305469511|961094627|S9AA-0082068386|FACTURACION CICLICA|AMDOCS|20260601|2026-06-17|PEN|20.35|3.66|24.01
2006503400|CLIENT_00037|966673111|751447357|S9AA-0081777431|FACTURACION CICLICA|AMDOCS|20260601|2026-06-17|PEN|165.63|29.81|195.44
2018400793|CLIENT_00541|50520895|862508406|S9AA-0079640822|FACTURACION CICLICA|AMDOCS|20260301|2026-03-17|PEN|19.04|3.43|22.47
2002866357|CLIENT_00707|833798331|322612857|S8AA-0007888120|FACTURACION CICLICA|AMDOCS|20260627|2026-07-13|PEN|103.52|18.63|122.15
2098283606|CLIENT_00347|49333685|454146306|S9AA-0079577327|FACTURACION CICLICA|AMDOCS|20260301|2026-03-17|PEN|3.98|.71|4.69
2020514932|CLIENT_00614|33041185|632327757|S9AA-0079021581|FACTURACION CICLICA|AMDOCS|20260301|2026-03-17|PEN|133.06|23.95|157.01
2050544462|CLIENT_00635|17572385|717423306|S9AA-0079353926|FACTURACION CICLICA|AMDOCS|20260301|2026-03-17|PEN|27.83|5.01|32.83
2093258591|CLIENT_00642|555856521|016720547|S8AA-0007939156|FACTURACION CICLICA|AMDOCS|20260627|2026-07-13|PEN|52.14|9.39|61.53
2006121666|CLIENT_00662|154096131|811665457|S9AA-0082486085|FACTURACION CICLICA|AMDOCS|20260601|2026-06-17|PEN|47.99|8.64|56.63
2021032699|CLIENT_00278|270555321|398451247|S8AA-0008000763|FACTURACION CICLICA|AMDOCS|20260627|2026-07-13|PEN|27.23|4.90|32.13
2029524666|CLIENT_00651|491668521|301333547|S8AA-0007864989|FACTURACION CICLICA|AMDOCS|20260627|2026-07-13|PEN|63.78|11.47|75.25
2037925283|CLIENT_00384|71478395|394693406|S9AA-0082187100|FACTURACION CICLICA|AMDOCS|20260601|2026-06-17|PEN|122.14|21.99|144.13
2086851615|CLIENT_00905|455932421|976083247|S8AA-0007935817|FACTURACION CICLICA|AMDOCS|20260627|2026-07-13|PEN|37.32|6.71|44.03
2057822132|CLIENT_00808|18529606|321431757|S9AA-0081881457|FACTURACION CICLICA|AMDOCS|20260601|2026-06-17|PEN|53.33|9.60|62.93
2058334645|CLIENT_00540|465713621|203801647|S9AA-0081733135|FACTURACION CICLICA|AMDOCS|20260601|2026-06-17|PEN|34.58|6.23|40.81
2050348529|CLIENT_00770|96289595|664568557|S9AA-0081777705|FACTURACION CICLICA|AMDOCS|20260601|2026-06-17|PEN|130.33|23.46|153.79
2090597659|CLIENT_00606|509664721|717790847|S8AA-0008010385|FACTURACION CICLICA|AMDOCS|20260627|2026-07-13|PEN|25.70|4.61|30.32
2038298370|CLIENT_00249|100636111|727830147|S9AA-0082060941|FACTURACION CICLICA|AMDOCS|20260601|2026-06-17|PEN|47.40|8.53|55.93
2070083854|CLIENT_00585|01742306|172913506|S9AA-0082126900|FACTURACION CICLICA|AMDOCS|20260601|2026-06-17|PEN|65.84|11.86|77.70
2045771478|CLIENT_00919|53129095|970373857|S9AA-0082348327|FACTURACION CICLICA|AMDOCS|20260601|2026-06-17|PEN|136.38|24.55|160.93
2058066767|CLIENT_00743|582149431|403578957|S9AA-0081916714|FACTURACION CICLICA|AMDOCS|20260601|2026-06-17|PEN|79.72|14.36|94.08
2043300039|CLIENT_00704|009206321|070828847|S9AA-0082053192|FACTURACION CICLICA|AMDOCS|20260601|2026-06-17|PEN|17.79|3.21|21.00
2042422772|CLIENT_00369|16957706|431187506|S9AA-0081703726|FACTURACION CICLICA|AMDOCS|20260601|2026-06-17|PEN|41.52|7.48|49.00
2022543695|CLIENT_00820|272246321|542734957|S9AA-0081804220|FACTURACION CICLICA|AMDOCS|20260601|2026-06-17|PEN|12.46|2.24|14.70
2031830857|CLIENT_00959|149869031|118805357|S9AA-0082399432|FACTURACION CICLICA|AMDOCS|20260601|2026-06-17|PEN|109.63|19.73|129.36
2057947861|CLIENT_00539|944561521|068808547|S8AA-0007920722|FACTURACION CICLICA|AMDOCS|20260627|2026-07-13|PEN|109.63|19.73|129.36
2075533541|CLIENT_00465|48285006|171593857|S9AA-0081907773|FACTURACION CICLICA|AMDOCS|20260601|2026-06-17|PEN|115.63|20.80|136.43
2080284452|CLIENT_00739|92131095|632865537|S9AA-0082293697|FACTURACION CICLICA|AMDOCS|20260601|2026-06-17|PEN|53.39|9.61|63.00
2053555214|CLIENT_00159|963595521|059748447|S8AA-0007985395|FACTURACION CICLICA|AMDOCS|20260627|2026-07-13|PEN|43.25|7.78|51.03
2088634271|CLIENT_00692|494446131|828572067|S4AA-0007187118|FACTURACION CICLICA|AMDOCS|20260309|2026-03-25|PEN|26.04|4.69|30.73
2084384500|CLIENT_00932|348670421|589093457|S8AA-0007903080|FACTURACION CICLICA|AMDOCS|20260627|2026-07-13|PEN|65.13|11.73|76.86
2037024710|CLIENT_00800|29790085|913900306|S9AA-0081970075|FACTURACION CICLICA|AMDOCS|20260601|2026-06-17|PEN|113.90|20.50|134.40
2074657038|CLIENT_00313|39440095|357310406|S5AA-0079380968|FACTURACION CICLICA|AMDOCS|20260318|2026-04-05|PEN|58.67|10.56|69.23
2072252949|CLIENT_00944|30497716|910378606|S9AA-0082067104|FACTURACION CICLICA|AMDOCS|20260601|2026-06-17|PEN|50.06|9.02|59.08
2075533541|CLIENT_00465|900914431|762299857|S9AA-0082123951|FACTURACION CICLICA|AMDOCS|20260601|2026-06-17|PEN|37.43|6.74|44.17
2070960858|CLIENT_00456|244253411|019927957|S3AA-0075827701|FACTURACION CICLICA|AMDOCS|20260315|2026-04-01|PEN|53.69|9.66|63.35
2017913151|CLIENT_00482|626911331|242968657|S8AA-0008076462|FACTURACION CICLICA|AMDOCS|20260627|2026-07-13|PEN|26.33|4.75|31.08
2070960858|CLIENT_00456|401913421|389927957|S3AA-0076468218|FACTURACION CICLICA|AMDOCS|20260315|2026-04-01|PEN|38.26|6.89|45.15
2037021331|CLIENT_00121|79147306|164773506|S9AA-0082023414|FACTURACION CICLICA|AMDOCS|20260601|2026-06-17|PEN|86.07|15.50|101.57
2031981897|CLIENT_00248|752557621|668578647|S9AA-0081681314|FACTURACION CICLICA|AMDOCS|20260601|2026-06-17|PEN|100.79|18.14|118.93
2021259203|CLIENT_00271|90443085|371530306|S9AA-0082116900|FACTURACION CICLICA|AMDOCS|20260601|2026-06-17|PEN|56.41|10.16|66.57
2023773061|CLIENT_00328|911133111|278052637|S9AA-0082207400|FACTURACION CICLICA|AMDOCS|20260601|2026-06-17|PEN|27.23|4.90|32.13
2012895360|CLIENT_00264|516755121|384214637|S5AA-0078788021|FACTURACION CICLICA|AMDOCS|20260318|2026-04-05|PEN|21.71|3.91|25.62
2091789509|CLIENT_00886|13715295|362362406|S5AA-0078905683|FACTURACION CICLICA|AMDOCS|20260318|2026-04-05|PEN|58.67|10.56|69.23
2016722807|CLIENT_00364|64273106|709742957|S9AA-0082452351|FACTURACION CICLICA|AMDOCS|20260601|2026-06-17|PEN|11.80|2.13|13.93
2079015638|CLIENT_00600|15637585|704385306|S5AA-0079093949|FACTURACION CICLICA|AMDOCS|20260318|2026-04-05|PEN|66.09|11.89|77.98
2009716777|CLIENT_00151|97228806|111598506|S5AA-0079268573|FACTURACION CICLICA|AMDOCS|20260318|2026-04-05|PEN|36.72|6.61|43.33
2019876876|CLIENT_00461|428478431|001596957|S7AA-0065416489|FACTURACION CICLICA|AMDOCS|20260323|2026-04-09|PEN|53.33|9.60|62.93
2044662368|CLIENT_00741|866009421|419573947|S8AA-0007089655|FACTURACION CICLICA|AMDOCS|20260327|2026-04-13|PEN|53.33|9.60|62.93
2097027071|CLIENT_00616|033164911|601371237|S9AA-0082302058|FACTURACION CICLICA|AMDOCS|20260601|2026-06-17|PEN|107.72|19.40|127.12
2096148900|CLIENT_00810|45247495|092284406|S9AA-0081660071|FACTURACION CICLICA|AMDOCS|20260601|2026-06-17|PEN|115.92|20.86|136.78
2098363854|CLIENT_00063|66883006|651430506|S9AA-0080472678|FACTURACION CICLICA|AMDOCS|20260401|2026-04-17|PEN|94.86|17.07|111.93
2074789528|CLIENT_00143|80572906|782449506|S9AA-0082109963|FACTURACION CICLICA|AMDOCS|20260601|2026-06-17|PEN|116.21|20.92|137.13
2039485996|CLIENT_00766|789926621|661336167|S8AA-0007845825|FACTURACION CICLICA|AMDOCS|20260627|2026-07-13|PEN|23.67|4.26|27.93
2019605219|CLIENT_00561|45201606|348881067|S9AA-0080373208|FACTURACION CICLICA|AMDOCS|20260401|2026-04-17|PEN|139.17|25.05|164.22
2029459942|CLIENT_00434|670143411|993722637|S9AA-0080563553|FACTURACION CICLICA|AMDOCS|20260401|2026-04-17|PEN|94.86|17.07|111.93
2098363854|CLIENT_00063|85883006|081430506|S9AA-0080402050|FACTURACION CICLICA|AMDOCS|20260401|2026-04-17|PEN|101.68|18.31|119.98
2042893140|CLIENT_00665|739641521|713310447|S9AA-0080220556|FACTURACION CICLICA|AMDOCS|20260401|2026-04-17|PEN|5.87|1.06|6.93
2050544462|CLIENT_00635|17572385|717423306|S9AA-0080515559|FACTURACION CICLICA|AMDOCS|20260401|2026-04-17|PEN|9.91|1.78|11.69
2098363854|CLIENT_00063|09924006|041430506|S9AA-0080684196|FACTURACION CICLICA|AMDOCS|20260401|2026-04-17|PEN|59.32|10.68|70.00
2045771478|CLIENT_00919|53129095|370173857|S9AA-0082348322|FACTURACION CICLICA|AMDOCS|20260601|2026-06-17|PEN|136.38|24.55|160.93
2098363854|CLIENT_00063|74454006|461430506|S9AA-0080305111|FACTURACION CICLICA|AMDOCS|20260401|2026-04-17|PEN|94.86|17.07|111.93
2070293430|CLIENT_00648|581801031|075168557|S9AA-0080645234|FACTURACION CICLICA|AMDOCS|20260401|2026-04-17|PEN|41.47|7.46|48.93
2010586766|CLIENT_00495|68430995|810619857|S9AA-0080654978|FACTURACION CICLICA|AMDOCS|20260401|2026-04-17|PEN|20.53|3.69|24.22
2028873503|CLIENT_00053|97156695|991195657|S9AA-0080592655|FACTURACION CICLICA|AMDOCS|20260401|2026-04-17|PEN|93.91|16.91|110.81
2023773061|CLIENT_00328|911133111|358052637|S9AA-0082207399|FACTURACION CICLICA|AMDOCS|20260601|2026-06-17|PEN|27.23|4.90|32.13
2082824645|CLIENT_00595|79285206|022542506|S9AA-0082023379|FACTURACION CICLICA|AMDOCS|20260601|2026-06-17|PEN|155.84|28.05|183.89
2056538582|CLIENT_00611|66318716|221040557|S9AA-0081751603|FACTURACION CICLICA|AMDOCS|20260601|2026-06-17|PEN|59.26|10.67|69.93
2006121666|CLIENT_00662|154096131|102596067|S9AA-0080346986|FACTURACION CICLICA|AMDOCS|20260401|2026-04-17|PEN|47.40|8.53|55.93
2028858667|CLIENT_00821|87664306|371448857|S9AA-0081855839|FACTURACION CICLICA|AMDOCS|20260601|2026-06-17|PEN|20.71|3.72|24.43
2098363854|CLIENT_00063|80290575|200705357|S1AA-0050339382|FACTURACION CICLICA|AMDOCS|20260405|2026-04-21|PEN|88.92|16.01|104.93
2054854170|CLIENT_00245|98619106|681491506|S5AA-0081555274|FACTURACION CICLICA|AMDOCS|20260618|2026-07-05|PEN|39.15|7.05|46.20
2071377105|CLIENT_00477|43312495|202034406|S5AA-0081155423|FACTURACION CICLICA|AMDOCS|20260618|2026-07-05|PEN|146.52|26.38|172.90
2030739572|CLIENT_00552|429218231|161173657|S5AA-0081087354|FACTURACION CICLICA|AMDOCS|20260618|2026-07-05|PEN|18.92|3.41|22.33
2028628577|CLIENT_00851|29951606|705738957|S5AA-0081581821|FACTURACION CICLICA|AMDOCS|20260618|2026-07-05|PEN|94.74|17.05|111.79
2019876876|CLIENT_00461|428478431|873778957|S7AA-0068792146|FACTURACION CICLICA|AMDOCS|20260623|2026-07-09|PEN|56.06|10.09|66.15
2074406544|CLIENT_00417|11041616|431716606|S5AA-0080989065|FACTURACION CICLICA|AMDOCS|20260618|2026-07-05|PEN|71.13|12.80|83.93
2090272538|CLIENT_00506|706451821|949891957|S5AA-0080964239|FACTURACION CICLICA|AMDOCS|20260618|2026-07-05|PEN|88.92|16.01|104.93
2078921519|CLIENT_00563|11622616|307511347|S5AA-0080991623|FACTURACION CICLICA|AMDOCS|20260618|2026-07-05|PEN|31.15|5.60|36.75
2070397154|CLIENT_00392|03511006|191196957|S5AA-0081131415|FACTURACION CICLICA|AMDOCS|20260618|2026-07-05|PEN|79.02|14.22|93.24
2010441811|CLIENT_00839|122471211|461935027|S5AA-0081062834|FACTURACION CICLICA|AMDOCS|20260618|2026-07-05|PEN|53.92|9.71|63.63
2004268042|CLIENT_00362|57881585|601778957|S5AA-0081458310|FACTURACION CICLICA|AMDOCS|20260618|2026-07-05|PEN|77.06|13.87|90.93
2019455714|CLIENT_00324|83418085|180180306|S5AA-0081183572|FACTURACION CICLICA|AMDOCS|20260618|2026-07-05|PEN|109.26|19.68|128.94
2096202915|CLIENT_00459|637638531|603421167|S6AA-0000070863|FACTURACION CICLICA|AMDOCS|20260620|2026-07-03|PEN|17.74|3.19|20.93
2040677842|CLIENT_00666|966296531|342129067|S6AA-0000085521|FACTURACION CICLICA|AMDOCS|20260620|2026-07-03|PEN|20.53|3.69|24.22
2024654901|CLIENT_00714|89444995|469140847|S5AA-0081624061|FACTURACION CICLICA|AMDOCS|20260618|2026-07-05|PEN|43.25|7.78|51.03
2070054625|CLIENT_00725|56728706|621197506|S5AA-0081381008|FACTURACION CICLICA|AMDOCS|20260618|2026-07-05|PEN|102.57|18.46|121.03
2078721881|CLIENT_00115|304118801|584937417|S5AA-0080931515|FACTURACION CICLICA|AMDOCS|20260618|2026-07-05|PEN|157.02|28.27|185.29
2057406010|CLIENT_00884|54809606|577529657|S5AA-0081240030|FACTURACION CICLICA|AMDOCS|20260618|2026-07-05|PEN|53.33|9.60|62.93
2073093583|CLIENT_00184|347052821|679224947|S7AA-0068073837|FACTURACION CICLICA|AMDOCS|20260623|2026-07-09|PEN|37.38|6.72|44.10
2024229967|CLIENT_00390|07228285|616382306|S5AA-0081416081|FACTURACION CICLICA|AMDOCS|20260618|2026-07-05|PEN|103.46|18.62|122.08
2041506329|CLIENT_00468|81900195|147262847|S5AA-0081042963|FACTURACION CICLICA|AMDOCS|20260618|2026-07-05|PEN|53.33|9.60|62.93
2030716976|CLIENT_00848|06261095|650720406|S5AA-0081344089|FACTURACION CICLICA|AMDOCS|20260618|2026-07-05|PEN|56.29|10.14|66.43
2067006652|CLIENT_00878|60291206|096022506|S5AA-0080952399|FACTURACION CICLICA|AMDOCS|20260618|2026-07-05|PEN|69.35|12.48|81.83
2030044604|CLIENT_00861|672794011|529987917|S5AA-0081462151|FACTURACION CICLICA|AMDOCS|20260618|2026-07-05|PEN|31.38|5.65|37.03
2047640143|CLIENT_00114|25359406|006456757|S5AA-0081290928|FACTURACION CICLICA|AMDOCS|20260618|2026-07-05|PEN|100.79|18.14|118.93
2012916743|CLIENT_00424|49115295|899852406|S5AA-0081591199|FACTURACION CICLICA|AMDOCS|20260618|2026-07-05|PEN|59.44|10.70|70.14
2013887371|CLIENT_00609|53693406|856614047|S5AA-0081165701|FACTURACION CICLICA|AMDOCS|20260618|2026-07-05|PEN|21.59|3.89|25.48
2069655698|CLIENT_00548|09574085|139540306|S5AA-0081561360|FACTURACION CICLICA|AMDOCS|20260618|2026-07-05|PEN|103.88|18.69|122.57
2008261235|CLIENT_00881|25071785|132044757|S5AA-0081290856|FACTURACION CICLICA|AMDOCS|20260618|2026-07-05|PEN|94.86|17.07|111.93
2089943246|CLIENT_00533|58807706|775657506|S5AA-0081526389|FACTURACION CICLICA|AMDOCS|20260618|2026-07-05|PEN|113.25|20.38|133.63
2062876920|CLIENT_00061|19662695|652136406|S5AA-0081569591|FACTURACION CICLICA|AMDOCS|20260618|2026-07-05|PEN|167.76|30.20|197.96
2071170607|CLIENT_00207|95119385|436783306|S5AA-0081336469|FACTURACION CICLICA|AMDOCS|20260618|2026-07-05|PEN|68.16|12.27|80.43
1003385935|CLIENT_00953|67354095|691550406|S5AA-0081460333|FACTURACION CICLICA|AMDOCS|20260618|2026-07-05|PEN|27.83|5.01|32.83
2071170607|CLIENT_00207|95119385|958593247|S5AA-0081340224|FACTURACION CICLICA|AMDOCS|20260618|2026-07-05|PEN|100.79|18.14|118.93
2027441094|CLIENT_00355|88103575|424078533|S1AA-0053632060|FACTURACION CICLICA|AMDOCS|20260805|2026-08-18|PEN|27.76|5.00|32.76
2018117869|CLIENT_00044|101568521|776498747|S1AA-0053052912|FACTURACION CICLICA|AMDOCS|20260805|2026-08-18|PEN|105.29|18.96|124.25
2018723284|CLIENT_00943|18152575|087358501|S1AA-0053584239|FACTURACION CICLICA|AMDOCS|20260805|2026-08-18|PEN|20.53|3.69|24.22
2078183391|CLIENT_00870|132543231|621246557|S7AA-0068843750|FACTURACION CICLICA|AMDOCS|20260623|2026-07-09|PEN|41.47|7.46|48.93
2085048217|CLIENT_00031|120124111|039509527|S5AA-0081063399|FACTURACION CICLICA|AMDOCS|20260618|2026-07-05|PEN|24.86|4.47|29.33
2020585312|CLIENT_00189|415645531|921296067|S6AA-0000060630|FACTURACION CICLICA|AMDOCS|20260620|2026-07-03|PEN|20.53|3.69|24.22
2069376951|CLIENT_00700|47259185|616591306|S5AA-0081445279|FACTURACION CICLICA|AMDOCS|20260618|2026-07-05|PEN|26.64|4.80|31.43
2088424166|CLIENT_00134|54902106|423011506|S5AA-0081235668|FACTURACION CICLICA|AMDOCS|20260618|2026-07-05|PEN|134.07|24.13|158.20
2067472025|CLIENT_00049|044889811|582704137|S7AA-0068044811|FACTURACION CICLICA|AMDOCS|20260623|2026-07-09|PEN|70.71|12.73|83.44
2043506981|CLIENT_00449|680803031|320235257|S7AA-0068454307|FACTURACION CICLICA|AMDOCS|20260623|2026-07-09|PEN|67.93|12.22|80.15
2037867912|CLIENT_00938|17536685|598376306|S5AA-0081423862|FACTURACION CICLICA|AMDOCS|20260618|2026-07-05|PEN|52.44|9.44|61.88
2071743172|CLIENT_00958|96171575|849726333|S7AA-0068316750|FACTURACION CICLICA|AMDOCS|20260623|2026-07-09|PEN|20.11|3.62|23.73
2020933053|CLIENT_00339|38200585|336070057|S5AA-0081515447|FACTURACION CICLICA|AMDOCS|20260618|2026-07-05|PEN|103.45|18.63|122.08
2020585312|CLIENT_00189|415645531|416686067|S6AA-0000060629|FACTURACION CICLICA|AMDOCS|20260620|2026-07-03|PEN|20.53|3.69|24.22
2019876876|CLIENT_00461|428478431|584878957|S7AA-0068792147|FACTURACION CICLICA|AMDOCS|20260623|2026-07-09|PEN|56.06|10.09|66.15
2093963249|CLIENT_00250|63903085|111920306|S5AA-0081169041|FACTURACION CICLICA|AMDOCS|20260618|2026-07-05|PEN|37.38|6.72|44.10
2011902949|CLIENT_00423|219872611|979421037|S7AA-0068680752|FACTURACION CICLICA|AMDOCS|20260623|2026-07-09|PEN|27.23|4.90|32.13
2058314802|CLIENT_00763|236245531|788986067|S7AA-0067988819|FACTURACION CICLICA|AMDOCS|20260623|2026-07-09|PEN|17.79|3.21|21.00
2052784539|CLIENT_00712|14866506|155649847|S5AA-0081210106|FACTURACION CICLICA|AMDOCS|20260618|2026-07-05|PEN|65.20|11.73|76.93
2065635379|CLIENT_00149|03536406|055284506|S5AA-0081126850|FACTURACION CICLICA|AMDOCS|20260618|2026-07-05|PEN|167.71|30.18|197.89
2084457504|CLIENT_00941|79350575|166392023|S1AA-0053692868|FACTURACION CICLICA|AMDOCS|20260805|2026-08-18|PEN|45.98|8.27|54.25
2003418714|CLIENT_00435|498701821|148491947|S1AA-0053675680|FACTURACION CICLICA|AMDOCS|20260805|2026-08-18|PEN|682.20|122.80|805.00
2022413606|CLIENT_00407|449549531|006503167|S1AA-0053332998|FACTURACION CICLICA|AMDOCS|20260805|2026-08-18|PEN|26.33|4.75|31.08
2056921911|CLIENT_00644|864899231|159084857|S1AA-0053501227|FACTURACION CICLICA|AMDOCS|20260805|2026-08-18|PEN|44.13|7.95|52.08
2050766085|CLIENT_00699|994931321|569464047|S1AA-0053708592|FACTURACION CICLICA|AMDOCS|20260805|2026-08-18|PEN|21.71|3.91|25.62
2068445567|CLIENT_00718|789395911|782351167|S1AA-0053630576|FACTURACION CICLICA|AMDOCS|20260805|2026-08-18|PEN|26.33|4.75|31.08
2031711814|CLIENT_00408|026702221|218307547|S1AA-0053167768|FACTURACION CICLICA|AMDOCS|20260805|2026-08-18|PEN|94.55|17.03|111.58
2098363854|CLIENT_00063|80290575|421513101|S1AA-0050334876|FACTURACION CICLICA|AMDOCS|20260405|2026-04-21|PEN|2375.42|427.59|2803.01
2045425222|CLIENT_00363|847321321|306770047|S1AA-0050634980|FACTURACION CICLICA|AMDOCS|20260405|2026-04-21|PEN|13.11|2.36|15.47
2098363854|CLIENT_00063|80290575|900256073|S1AA-0050336083|FACTURACION CICLICA|AMDOCS|20260405|2026-04-21|PEN|79.49|14.31|93.80
2081571842|CLIENT_00996|37920575|206538401|S1AA-0050805310|FACTURACION CICLICA|AMDOCS|20260405|2026-04-21|PEN|32.56|5.87|38.43
2028931903|CLIENT_00019|04635706|036467506|S9AA-0082386415|FACTURACION CICLICA|AMDOCS|20260601|2026-06-17|PEN|112.65|20.28|132.93
2093894628|CLIENT_00356|289769331|640903857|S4AA-0007514382|FACTURACION CICLICA|AMDOCS|20260409|2026-04-25|PEN|22.41|4.05|26.46
2059054819|CLIENT_00448|80625606|953276506|S9AA-0082109859|FACTURACION CICLICA|AMDOCS|20260601|2026-06-17|PEN|57.67|10.37|68.04
2098363854|CLIENT_00063|80290575|478621057|S1AA-0050338829|FACTURACION CICLICA|AMDOCS|20260405|2026-04-21|PEN|475.65|85.61|561.26
2091901431|CLIENT_00297|537599131|363980557|S4AA-0007361884|FACTURACION CICLICA|AMDOCS|20260409|2026-04-25|PEN|34.82|6.27|41.09
2074037343|CLIENT_00670|82289685|405807306|S9AA-0082281660|FACTURACION CICLICA|AMDOCS|20260601|2026-06-17|PEN|118.94|21.41|140.35
2027698007|CLIENT_00990|687330621|848818657|S3AA-0077411679|FACTURACION CICLICA|AMDOCS|20260415|2026-05-01|PEN|80.02|14.41|94.43
2006459799|CLIENT_00837|74471575|956140983|S3AA-0077018242|FACTURACION CICLICA|AMDOCS|20260415|2026-05-01|PEN|18.98|3.42|22.40
2007306359|CLIENT_00438|71762285|031722306|S5AA-0079687035|FACTURACION CICLICA|AMDOCS|20260418|2026-05-05|PEN|192.27|34.60|226.87
2082156443|CLIENT_00237|28763575|092103733|S3AA-0077364611|FACTURACION CICLICA|AMDOCS|20260415|2026-05-01|PEN|33.03|5.96|38.99
2051257434|CLIENT_00942|659474221|739516837|S5AA-0079981919|FACTURACION CICLICA|AMDOCS|20260418|2026-05-05|PEN|119.90|21.57|141.47
2008582435|CLIENT_00170|91328716|876578606|S5AA-0079703254|FACTURACION CICLICA|AMDOCS|20260418|2026-05-05|PEN|25.45|4.59|30.03
2078847538|CLIENT_00072|213179011|948557757|S9AA-0082149518|FACTURACION CICLICA|AMDOCS|20260601|2026-06-17|PEN|106.72|19.21|125.93
2068789568|CLIENT_00153|94825706|282781957|S9AA-0082469555|FACTURACION CICLICA|AMDOCS|20260601|2026-06-17|PEN|59.26|10.67|69.93
2009716777|CLIENT_00151|97228806|111598506|S5AA-0080151010|FACTURACION CICLICA|AMDOCS|20260418|2026-05-05|PEN|10.68|1.92|12.60
2091789509|CLIENT_00886|13715295|362362406|S5AA-0079792093|FACTURACION CICLICA|AMDOCS|20260418|2026-05-05|PEN|58.56|10.54|69.09
2006444143|CLIENT_00059|72611706|235286506|S9AA-0082274084|FACTURACION CICLICA|AMDOCS|20260601|2026-06-17|PEN|75.93|13.67|89.60
2061219681|CLIENT_00327|396418431|232286957|S7AA-0067012204|FACTURACION CICLICA|AMDOCS|20260423|2026-05-09|PEN|67.93|12.22|80.15
2052036896|CLIENT_00239|020106721|899192357|S9AA-0082217977|FACTURACION CICLICA|AMDOCS|20260601|2026-06-17|PEN|52.14|9.39|61.53
2097496783|CLIENT_00785|177349331|280533857|S7AA-0066808525|FACTURACION CICLICA|AMDOCS|20260423|2026-05-09|PEN|91.83|16.53|108.36
2012813785|CLIENT_00576|74098785|971697306|S5AA-0079911235|FACTURACION CICLICA|AMDOCS|20260418|2026-05-05|PEN|111.35|20.04|131.39
2074657038|CLIENT_00313|39440095|357310406|S5AA-0079508235|FACTURACION CICLICA|AMDOCS|20260418|2026-05-05|PEN|69.23|12.46|81.69
2083952379|CLIENT_00646|187786921|512546157|S5AA-0080169665|FACTURACION CICLICA|AMDOCS|20260418|2026-05-05|PEN|41.47|7.46|48.93
2001720617|CLIENT_00817|60420995|160129406|S9AA-0082092314|FACTURACION CICLICA|AMDOCS|20260601|2026-06-17|PEN|137.75|24.79|162.54
2064019811|CLIENT_00806|02261985|628642937|S9AA-0082216242|FACTURACION CICLICA|AMDOCS|20260601|2026-06-17|PEN|74.69|13.44|88.13
2001486599|CLIENT_00888|158289911|754274647|S7AA-0066620675|FACTURACION CICLICA|AMDOCS|20260423|2026-05-09|PEN|57.12|10.29|67.41
2015336861|CLIENT_00247|53941575|362083123|S7AA-0066468811|FACTURACION CICLICA|AMDOCS|20260423|2026-05-09|PEN|27.23|4.90|32.13
2073105592|CLIENT_00280|359903621|915571457|S5AA-0079960866|FACTURACION CICLICA|AMDOCS|20260418|2026-05-05|PEN|3.33|.60|3.92
2051682890|CLIENT_00374|66011906|394819506|S9AA-0081747063|FACTURACION CICLICA|AMDOCS|20260601|2026-06-17|PEN|74.68|13.45|88.13
2082639572|CLIENT_00284|697374231|479918557|S8AA-0007481305|FACTURACION CICLICA|AMDOCS|20260427|2026-05-13|PEN|20.46|3.69|24.15
2027980795|CLIENT_00244|431913521|997214257|S8AA-0008100531|FACTURACION CICLICA|AMDOCS|20260627|2026-07-13|PEN|88.92|16.01|104.93
2051657671|CLIENT_00660|739587221|326223937|S7AA-0066490280|FACTURACION CICLICA|AMDOCS|20260423|2026-05-09|PEN|64.96|11.69|76.65
2082639572|CLIENT_00284|697374231|484028557|S8AA-0007481308|FACTURACION CICLICA|AMDOCS|20260427|2026-05-13|PEN|20.46|3.69|24.15
2082639572|CLIENT_00284|697374231|098028557|S8AA-0007481310|FACTURACION CICLICA|AMDOCS|20260427|2026-05-13|PEN|20.53|3.69|24.22
2078606158|CLIENT_00640|60803995|756729406|S9AA-0080824510|FACTURACION CICLICA|AMDOCS|20260501|2026-05-17|PEN|129.26|23.28|152.53
2008309257|CLIENT_00999|887189821|498745057|S7AA-0066963090|FACTURACION CICLICA|AMDOCS|20260423|2026-05-09|PEN|106.43|19.15|125.58
2082639572|CLIENT_00284|697374231|986028557|S8AA-0007481309|FACTURACION CICLICA|AMDOCS|20260427|2026-05-13|PEN|20.53|3.69|24.22
2027876144|CLIENT_00343|481304131|475148957|S8AA-0007445581|FACTURACION CICLICA|AMDOCS|20260427|2026-05-13|PEN|37.14|6.69|43.82
2087028740|CLIENT_00487|49604606|830746506|S9AA-0081988817|FACTURACION CICLICA|AMDOCS|20260601|2026-06-17|PEN|23.73|4.27|28.00
2006121666|CLIENT_00662|154096131|102596067|S9AA-0081222642|FACTURACION CICLICA|AMDOCS|20260501|2026-05-17|PEN|47.40|8.53|55.93
2089275916|CLIENT_00133|404276421|621536347|S8AA-0007199340|FACTURACION CICLICA|AMDOCS|20260427|2026-05-13|PEN|28.18|5.07|33.25
2039317482|CLIENT_00517|281018131|868793067|S8AA-0007439761|FACTURACION CICLICA|AMDOCS|20260427|2026-05-13|PEN|78.25|14.08|92.33
2036551080|CLIENT_00678|91210795|990807406|S9AA-0080937736|FACTURACION CICLICA|AMDOCS|20260501|2026-05-17|PEN|52.44|9.44|61.88
2082639572|CLIENT_00284|697374231|234028557|S8AA-0007481306|FACTURACION CICLICA|AMDOCS|20260427|2026-05-13|PEN|20.46|3.69|24.15
2070293430|CLIENT_00648|581801031|075168557|S9AA-0081517449|FACTURACION CICLICA|AMDOCS|20260501|2026-05-17|PEN|31.79|5.73|37.52
2082291564|CLIENT_00752|746839331|812763857|S8AA-0007332408|FACTURACION CICLICA|AMDOCS|20260427|2026-05-13|PEN|136.26|24.53|160.79
2031981897|CLIENT_00248|752557621|668578647|S9AA-0081272491|FACTURACION CICLICA|AMDOCS|20260501|2026-05-17|PEN|100.79|18.14|118.93
2091789509|CLIENT_00886|92995216|483063606|S9AA-0081025285|FACTURACION CICLICA|AMDOCS|20260501|2026-05-17|PEN|19.28|3.47|22.75
2011701911|CLIENT_00011|06538595|646495406|S9AA-0081294621|FACTURACION CICLICA|AMDOCS|20260501|2026-05-17|PEN|90.64|16.32|106.96
2036631349|CLIENT_00307|289009821|229924057|S9AA-0081490661|FACTURACION CICLICA|AMDOCS|20260501|2026-05-17|PEN|64.83|11.68|76.51
2098309864|CLIENT_00512|88463795|401447406|S9AA-0081538475|FACTURACION CICLICA|AMDOCS|20260501|2026-05-17|PEN|81.57|14.68|96.25
2003372653|CLIENT_00854|59662385|127846257|S9AA-0081604314|FACTURACION CICLICA|AMDOCS|20260501|2026-05-17|PEN|59.33|10.68|70.00
2001034891|CLIENT_00812|25776706|184557506|S9AA-0081225518|FACTURACION CICLICA|AMDOCS|20260501|2026-05-17|PEN|102.03|18.37|120.40
2015985357|CLIENT_00738|72783985|781749306|S9AA-0081006717|FACTURACION CICLICA|AMDOCS|20260501|2026-05-17|PEN|16.55|2.98|19.53
2027087229|CLIENT_00844|603608431|305285957|S9AA-0080830424|FACTURACION CICLICA|AMDOCS|20260501|2026-05-17|PEN|17.38|3.13|20.51
2058413599|CLIENT_00258|383387231|747803657|S9AA-0081500209|FACTURACION CICLICA|AMDOCS|20260501|2026-05-17|PEN|100.31|18.06|118.37
2007886461|CLIENT_00778|47558285|767682306|S9AA-0081415599|FACTURACION CICLICA|AMDOCS|20260501|2026-05-17|PEN|99.08|17.82|116.90
2073231877|CLIENT_00316|89282285|907190747|S9AA-0081629576|FACTURACION CICLICA|AMDOCS|20260501|2026-05-17|PEN|69.94|12.59|82.53
2059396553|CLIENT_00171|789259121|845543957|S9AA-0081535841|FACTURACION CICLICA|AMDOCS|20260501|2026-05-17|PEN|77.06|13.87|90.93
2018400793|CLIENT_00541|50520895|354842347|S9AA-0080819445|FACTURACION CICLICA|AMDOCS|20260501|2026-05-17|PEN|66.74|12.01|78.75
2028712026|CLIENT_00204|80750575|981468067|S9AA-0080857085|FACTURACION CICLICA|AMDOCS|20260501|2026-05-17|PEN|32.51|5.85|38.36
2014407140|CLIENT_00312|48285695|160976406|S9AA-0081503683|FACTURACION CICLICA|AMDOCS|20260501|2026-05-17|PEN|69.35|12.48|81.83
2042893140|CLIENT_00665|739641521|713310447|S9AA-0081098029|FACTURACION CICLICA|AMDOCS|20260501|2026-05-17|PEN|5.94|1.06|7.00
2006459799|CLIENT_00837|22696485|647974306|S9AA-0080962776|FACTURACION CICLICA|AMDOCS|20260501|2026-05-17|PEN|64.96|11.69|76.65
2050799857|CLIENT_00697|332353021|028097337|S9AA-0081062135|FACTURACION CICLICA|AMDOCS|20260501|2026-05-17|PEN|186.15|33.51|219.66
2098171066|CLIENT_00522|71870606|472626506|S9AA-0080920618|FACTURACION CICLICA|AMDOCS|20260501|2026-05-17|PEN|26.64|4.80|31.43
2060056891|CLIENT_00140|70859285|861692306|S9AA-0080832062|FACTURACION CICLICA|AMDOCS|20260501|2026-05-17|PEN|82.04|14.77|96.81
2074315436|CLIENT_00865|552905521|950958547|S9AA-0081254913|FACTURACION CICLICA|AMDOCS|20260501|2026-05-17|PEN|109.63|19.73|129.36
2016722807|CLIENT_00364|689090331|947638657|S9AA-0081526531|FACTURACION CICLICA|AMDOCS|20260501|2026-05-17|PEN|53.33|9.60|62.93
2057463246|CLIENT_00753|020891011|524171647|S9AA-0080950184|FACTURACION CICLICA|AMDOCS|20260501|2026-05-17|PEN|114.13|20.55|134.68
2078606158|CLIENT_00640|33723995|946729406|S9AA-0081059666|FACTURACION CICLICA|AMDOCS|20260501|2026-05-17|PEN|103.94|18.70|122.64
2074628342|CLIENT_00213|31059006|519090506|S9AA-0080885564|FACTURACION CICLICA|AMDOCS|20260501|2026-05-17|PEN|94.86|17.07|111.93
2086602695|CLIENT_00868|99425785|516467306|S9AA-0081633523|FACTURACION CICLICA|AMDOCS|20260501|2026-05-17|PEN|60.15|10.83|70.98
2098293784|CLIENT_00265|72959295|179303406|S9AA-0081006976|FACTURACION CICLICA|AMDOCS|20260501|2026-05-17|PEN|142.32|25.61|167.93
2018400793|CLIENT_00541|08389795|252508406|S9AA-0081468922|FACTURACION CICLICA|AMDOCS|20260501|2026-05-17|PEN|94.68|17.04|111.72
2075533541|CLIENT_00465|900914431|762299857|S9AA-0080856506|FACTURACION CICLICA|AMDOCS|20260501|2026-05-17|PEN|37.43|6.74|44.17
2098363854|CLIENT_00063|66883006|651430506|S9AA-0081347074|FACTURACION CICLICA|AMDOCS|20260501|2026-05-17|PEN|94.86|17.07|111.93
2088706641|CLIENT_00419|86356116|741551606|S9AA-0081364896|FACTURACION CICLICA|AMDOCS|20260501|2026-05-17|PEN|100.73|18.13|118.86
2031756935|CLIENT_00484|83698185|359881306|S9AA-0081102030|FACTURACION CICLICA|AMDOCS|20260501|2026-05-17|PEN|81.21|14.62|95.83
2085352948|CLIENT_00630|60778085|575780306|S9AA-0080823238|FACTURACION CICLICA|AMDOCS|20260501|2026-05-17|PEN|56.47|10.17|66.64
2015048988|CLIENT_00520|64524695|363979937|S9AA-0081175983|FACTURACION CICLICA|AMDOCS|20260501|2026-05-17|PEN|118.52|21.34|139.86
2098293784|CLIENT_00265|81864316|075729637|S9AA-0080931749|FACTURACION CICLICA|AMDOCS|20260501|2026-05-17|PEN|144.93|26.08|171.01
2096523728|CLIENT_00797|830413321|863394047|S9AA-0082372034|FACTURACION CICLICA|AMDOCS|20260601|2026-06-17|PEN|47.40|8.53|55.93
2021259203|CLIENT_00271|90443085|371530306|S9AA-0080849258|FACTURACION CICLICA|AMDOCS|20260501|2026-05-17|PEN|56.36|10.14|66.50
2053392902|CLIENT_00867|871938221|171224937|S9AA-0081454415|FACTURACION CICLICA|AMDOCS|20260501|2026-05-17|PEN|92.78|16.70|109.48
2092679466|CLIENT_00431|66409995|202000506|S9AA-0081347066|FACTURACION CICLICA|AMDOCS|20260501|2026-05-17|PEN|82.99|14.95|97.93
2009045197|CLIENT_00981|53769395|551404406|S9AA-0081076727|FACTURACION CICLICA|AMDOCS|20260501|2026-05-17|PEN|95.81|17.24|113.05
1042862786|CLIENT_00787|38392116|173211606|S9AA-0081495406|FACTURACION CICLICA|AMDOCS|20260501|2026-05-17|PEN|132.82|23.91|156.73
2000734783|CLIENT_00974|13088216|131072606|S9AA-0081042667|FACTURACION CICLICA|AMDOCS|20260501|2026-05-17|PEN|62.76|11.30|74.06
2038929902|CLIENT_00682|03595906|158359506|S9AA-0081033928|FACTURACION CICLICA|AMDOCS|20260501|2026-05-17|PEN|52.44|9.44|61.88
2074037343|CLIENT_00670|82289685|405807306|S9AA-0081015288|FACTURACION CICLICA|AMDOCS|20260501|2026-05-17|PEN|118.87|21.41|140.28
2087942739|CLIENT_00546|40894306|650890247|S9AA-0080810472|FACTURACION CICLICA|AMDOCS|20260501|2026-05-17|PEN|16.62|2.98|19.60
2035867187|CLIENT_00674|44868985|694799306|S9AA-0081154789|FACTURACION CICLICA|AMDOCS|20260501|2026-05-17|PEN|128.67|23.16|151.83
2074355904|CLIENT_00935|203984621|006104647|S9AA-0080793552|FACTURACION CICLICA|AMDOCS|20260501|2026-05-17|PEN|43.25|7.78|51.03
2024049593|CLIENT_00909|905887721|458829847|S9AA-0080854844|FACTURACION CICLICA|AMDOCS|20260501|2026-05-17|PEN|41.47|7.46|48.93
2029459942|CLIENT_00434|670143411|993722637|S9AA-0081436803|FACTURACION CICLICA|AMDOCS|20260501|2026-05-17|PEN|94.86|17.07|111.93
2091789509|CLIENT_00886|02379285|301892306|S9AA-0080945368|FACTURACION CICLICA|AMDOCS|20260501|2026-05-17|PEN|56.88|10.25|67.13
2038577653|CLIENT_00409|84576485|211774306|S9AA-0081189225|FACTURACION CICLICA|AMDOCS|20260501|2026-05-17|PEN|156.55|28.18|184.73
2098363854|CLIENT_00063|74454006|461430506|S9AA-0081181566|FACTURACION CICLICA|AMDOCS|20260501|2026-05-17|PEN|94.86|17.07|111.93
2098363854|CLIENT_00063|09924006|041430506|S9AA-0081547316|FACTURACION CICLICA|AMDOCS|20260501|2026-05-17|PEN|59.32|10.68|70.00
2098363854|CLIENT_00063|85883006|081430506|S9AA-0081277317|FACTURACION CICLICA|AMDOCS|20260501|2026-05-17|PEN|101.68|18.31|119.98
2035867187|CLIENT_00674|44868985|694799306|S9AA-0082420106|FACTURACION CICLICA|AMDOCS|20260601|2026-06-17|PEN|128.67|23.16|151.83
2025199500|CLIENT_00474|27084306|448533506|S9AA-0081798629|FACTURACION CICLICA|AMDOCS|20260601|2026-06-17|PEN|67.86|12.22|80.08
2081571842|CLIENT_00996|37920575|206538401|S1AA-0051490725|FACTURACION CICLICA|AMDOCS|20260505|2026-05-21|PEN|269.56|48.52|318.08
2009855734|CLIENT_00261|994451331|527059657|S9AA-0081639658|FACTURACION CICLICA|AMDOCS|20260501|2026-05-17|PEN|109.51|19.71|129.22
2098363854|CLIENT_00063|80290575|478621057|S1AA-0051043680|FACTURACION CICLICA|AMDOCS|20260505|2026-05-21|PEN|475.58|85.61|561.19
2036631349|CLIENT_00307|289009821|958134057|S9AA-0081490662|FACTURACION CICLICA|AMDOCS|20260501|2026-05-17|PEN|77.06|13.87|90.93
2016641872|CLIENT_00659|56917616|167977537|S9AA-0081341102|FACTURACION CICLICA|AMDOCS|20260501|2026-05-17|PEN|53.33|9.60|62.93
2095609618|CLIENT_00060|65393285|295042306|S9AA-0081258843|FACTURACION CICLICA|AMDOCS|20260501|2026-05-17|PEN|60.15|10.83|70.98
2068178034|CLIENT_00379|31994606|972666506|S9AA-0080885741|FACTURACION CICLICA|AMDOCS|20260501|2026-05-17|PEN|64.83|11.68|76.51
2079044208|CLIENT_00991|53354695|965456406|S9AA-0081076969|FACTURACION CICLICA|AMDOCS|20260501|2026-05-17|PEN|56.95|10.25|67.20
2029902035|CLIENT_00756|44954575|532128993|S1AA-0051280615|FACTURACION CICLICA|AMDOCS|20260505|2026-05-21|PEN|5332.39|959.84|6292.23
2091907227|CLIENT_00779|37698395|462643757|S9AA-0081413432|FACTURACION CICLICA|AMDOCS|20260501|2026-05-17|PEN|106.95|19.26|126.21
2036119586|CLIENT_00605|07063575|715016647|S1AA-0051473574|FACTURACION CICLICA|AMDOCS|20260505|2026-05-21|PEN|77.06|13.87|90.93
2018117869|CLIENT_00044|101568521|944913547|S1AA-0051008836|FACTURACION CICLICA|AMDOCS|20260505|2026-05-21|PEN|97.59|17.56|115.15
2030202496|CLIENT_00885|33520195|186240957|S9AA-0081065421|FACTURACION CICLICA|AMDOCS|20260501|2026-05-17|PEN|59.26|10.67|69.93
2045832604|CLIENT_00051|722133331|120922757|S1AA-0051386512|FACTURACION CICLICA|AMDOCS|20260505|2026-05-21|PEN|56.06|10.09|66.15
2001047693|CLIENT_00315|81792506|232316506|S9AA-0080929186|FACTURACION CICLICA|AMDOCS|20260501|2026-05-17|PEN|47.40|8.53|55.93
2018117869|CLIENT_00044|101568521|776498747|S1AA-0051009172|FACTURACION CICLICA|AMDOCS|20260505|2026-05-21|PEN|54.87|9.88|64.75
2066367927|CLIENT_00527|688513121|214988537|S1AA-0051582119|FACTURACION CICLICA|AMDOCS|20260505|2026-05-21|PEN|69.05|12.43|81.48
2098363854|CLIENT_00063|80290575|900256073|S1AA-0051041010|FACTURACION CICLICA|AMDOCS|20260505|2026-05-21|PEN|79.49|14.31|93.80
2045425222|CLIENT_00363|847321321|306770047|S1AA-0051308930|FACTURACION CICLICA|AMDOCS|20260505|2026-05-21|PEN|10.74|1.93|12.67
2029902035|CLIENT_00756|66947575|956960057|S1AA-0051446705|FACTURACION CICLICA|AMDOCS|20260505|2026-05-21|PEN|5.88|1.05|6.93
2037889248|CLIENT_00761|34903895|113738406|S9AA-0082412042|FACTURACION CICLICA|AMDOCS|20260601|2026-06-17|PEN|39.69|7.14|46.83
2023009780|CLIENT_00141|16530575|622547401|S1AA-0051408754|FACTURACION CICLICA|AMDOCS|20260505|2026-05-21|PEN|40.05|7.20|47.25
2068624950|CLIENT_00710|57851575|343254133|S1AA-0051504778|FACTURACION CICLICA|AMDOCS|20260505|2026-05-21|PEN|24.86|4.47|29.33
2060200980|CLIENT_00350|62740575|114204213|S1AA-0051169942|FACTURACION CICLICA|AMDOCS|20260505|2026-05-21|PEN|31.38|5.65|37.03
2060375617|CLIENT_00383|216638511|772868257|S1AA-0051071368|FACTURACION CICLICA|AMDOCS|20260505|2026-05-21|PEN|17.79|3.21|21.00
2091198935|CLIENT_00319|25242575|929982823|S1AA-0051327251|FACTURACION CICLICA|AMDOCS|20260505|2026-05-21|PEN|19.81|3.57|23.38
2060375617|CLIENT_00383|216638511|069594037|S1AA-0051069477|FACTURACION CICLICA|AMDOCS|20260505|2026-05-21|PEN|27.23|4.90|32.13
2078606158|CLIENT_00640|33723995|946729406|S9AA-0082325697|FACTURACION CICLICA|AMDOCS|20260601|2026-06-17|PEN|103.75|18.68|122.43
2098363854|CLIENT_00063|80290575|200705357|S1AA-0051044205|FACTURACION CICLICA|AMDOCS|20260505|2026-05-21|PEN|88.92|16.01|104.93
2098293784|CLIENT_00265|72959295|179303406|S9AA-0082273410|FACTURACION CICLICA|AMDOCS|20260601|2026-06-17|PEN|142.32|25.61|167.93
2068445567|CLIENT_00718|789395911|782351167|S1AA-0051592849|FACTURACION CICLICA|AMDOCS|20260505|2026-05-21|PEN|33.87|6.10|39.97
2043153301|CLIENT_00849|962311511|318031527|S5AA-0081412009|FACTURACION CICLICA|AMDOCS|20260618|2026-07-05|PEN|120.66|21.72|142.38
2028110957|CLIENT_00960|98614575|483070253|S3AA-0078417462|FACTURACION CICLICA|AMDOCS|20260515|2026-06-01|PEN|49.18|8.86|58.03
2025650857|CLIENT_00466|241592011|880771817|S9AA-0082404669|FACTURACION CICLICA|AMDOCS|20260601|2026-06-17|PEN|26.99|4.87|31.85
2068624950|CLIENT_00710|57851575|743767433|S1AA-0051504812|FACTURACION CICLICA|AMDOCS|20260505|2026-05-21|PEN|197.90|35.62|233.52
2021963014|CLIENT_00192|89345575|287892337|S3AA-0078507161|FACTURACION CICLICA|AMDOCS|20260515|2026-06-01|PEN|20.71|3.72|24.43
2021245754|CLIENT_00454|038319511|319034627|S3AA-0077846157|FACTURACION CICLICA|AMDOCS|20260515|2026-06-01|PEN|31.38|5.65|37.03
2031228249|CLIENT_00463|649332521|912571447|S3AA-0078004041|FACTURACION CICLICA|AMDOCS|20260515|2026-06-01|PEN|18.98|3.42|22.40
2032635276|CLIENT_00664|762647921|859207157|S3AA-0078209409|FACTURACION CICLICA|AMDOCS|20260515|2026-06-01|PEN|75.17|13.52|88.69
2074347576|CLIENT_00926|091189921|379432957|S4AA-0007849367|FACTURACION CICLICA|AMDOCS|20260509|2026-05-25|PEN|129.08|23.24|152.32
2031091013|CLIENT_00196|71934575|783330853|S3AA-0077718472|FACTURACION CICLICA|AMDOCS|20260515|2026-06-01|PEN|22.48|4.05|26.53
2090334510|CLIENT_00875|332812621|071849547|S3AA-0077878033|FACTURACION CICLICA|AMDOCS|20260515|2026-06-01|PEN|105.53|19.00|124.53
2014407140|CLIENT_00312|281561611|322328627|S3AA-0078350940|FACTURACION CICLICA|AMDOCS|20260515|2026-06-01|PEN|49.18|8.86|58.03
2098363854|CLIENT_00063|80290575|421513101|S1AA-0051039813|FACTURACION CICLICA|AMDOCS|20260505|2026-05-21|PEN|2375.49|427.59|2803.08
2098309864|CLIENT_00512|74424795|880447406|S9AA-0082429280|FACTURACION CICLICA|AMDOCS|20260601|2026-06-17|PEN|28.48|5.12|33.60
2028148322|CLIENT_00798|155368321|952262457|S3AA-0078054702|FACTURACION CICLICA|AMDOCS|20260515|2026-06-01|PEN|71.13|12.80|83.93
2047611797|CLIENT_00924|304266331|101118757|S4AA-0007576173|FACTURACION CICLICA|AMDOCS|20260509|2026-05-25|PEN|17.79|3.21|21.00
2025967685|CLIENT_00216|35646575|410047257|S3AA-0078073721|FACTURACION CICLICA|AMDOCS|20260515|2026-06-01|PEN|41.47|7.46|48.93
2056163476|CLIENT_00980|285796721|605420857|S4AA-0007824083|FACTURACION CICLICA|AMDOCS|20260509|2026-05-25|PEN|139.04|25.04|164.08
2013697319|CLIENT_00507|12872575|654768543|S3AA-0077757167|FACTURACION CICLICA|AMDOCS|20260515|2026-06-01|PEN|37.32|6.71|44.03
2085420441|CLIENT_00762|34542575|044822823|S3AA-0077961005|FACTURACION CICLICA|AMDOCS|20260515|2026-06-01|PEN|19.04|3.43|22.47
2041085342|CLIENT_00197|24077575|599021601|S3AA-0077950699|FACTURACION CICLICA|AMDOCS|20260515|2026-06-01|PEN|14.17|2.56|16.73
2051367485|CLIENT_00262|97093406|169234506|S9AA-0081859198|FACTURACION CICLICA|AMDOCS|20260601|2026-06-17|PEN|40.94|7.36|48.30
2069121500|CLIENT_00717|05968995|550389406|S5AA-0080312965|FACTURACION CICLICA|AMDOCS|20260518|2026-06-05|PEN|124.22|22.36|146.58
2020143008|CLIENT_00090|215219121|412903747|S3AA-0077674517|FACTURACION CICLICA|AMDOCS|20260515|2026-06-01|PEN|50.13|9.02|59.15
2008371952|CLIENT_00582|002854921|077003857|S1AA-0051004348|FACTURACION CICLICA|AMDOCS|20260505|2026-05-21|PEN|106.72|19.21|125.93
2009768742|CLIENT_00967|150612921|407429857|S4AA-0007726931|FACTURACION CICLICA|AMDOCS|20260509|2026-05-25|PEN|59.26|10.67|69.93
2000097055|CLIENT_00892|272818321|966665147|S3AA-0078255975|FACTURACION CICLICA|AMDOCS|20260515|2026-06-01|PEN|21.71|3.91|25.62
2021963014|CLIENT_00192|89345575|465296247|S3AA-0078508605|FACTURACION CICLICA|AMDOCS|20260515|2026-06-01|PEN|25.45|4.58|30.03
2060200980|CLIENT_00350|62740575|884509303|S1AA-0051162979|FACTURACION CICLICA|AMDOCS|20260505|2026-05-21|PEN|31.38|5.65|37.03
2082422571|CLIENT_00010|792078121|510144857|S3AA-0078502576|FACTURACION CICLICA|AMDOCS|20260515|2026-06-01|PEN|81.69|14.70|96.39
2040265328|CLIENT_00922|23224575|021311463|S3AA-0077864304|FACTURACION CICLICA|AMDOCS|20260515|2026-06-01|PEN|22.48|4.05|26.53
2037889248|CLIENT_00761|12041575|516592593|S3AA-0077757961|FACTURACION CICLICA|AMDOCS|20260515|2026-06-01|PEN|53.92|9.71|63.63
2005459584|CLIENT_00291|62712575|083730423|S3AA-0077805377|FACTURACION CICLICA|AMDOCS|20260515|2026-06-01|PEN|28.18|5.07|33.25
2096770204|CLIENT_00203|30948116|012735537|S5AA-0080690714|FACTURACION CICLICA|AMDOCS|20260518|2026-06-05|PEN|64.95|11.70|76.65
2040265328|CLIENT_00922|23224575|205311463|S3AA-0077864305|FACTURACION CICLICA|AMDOCS|20260515|2026-06-01|PEN|18.92|3.41|22.33
2035721731|CLIENT_00256|802522431|493396857|S3AA-0077638559|FACTURACION CICLICA|AMDOCS|20260515|2026-06-01|PEN|85.72|15.43|101.15
2001156117|CLIENT_00442|91425575|562588501|S3AA-0077727409|FACTURACION CICLICA|AMDOCS|20260515|2026-06-01|PEN|31.67|5.71|37.38
2025967685|CLIENT_00216|35646575|197032201|S3AA-0078057424|FACTURACION CICLICA|AMDOCS|20260515|2026-06-01|PEN|21.12|3.80|24.92
2099090721|CLIENT_00528|77113575|259418013|S3AA-0078290690|FACTURACION CICLICA|AMDOCS|20260515|2026-06-01|PEN|46.16|8.32|54.47
2057406010|CLIENT_00884|54809606|577529657|S5AA-0080280664|FACTURACION CICLICA|AMDOCS|20260518|2026-06-05|PEN|53.33|9.60|62.93
2011067330|CLIENT_00113|336038121|033224167|S3AA-0077882468|FACTURACION CICLICA|AMDOCS|20260515|2026-06-01|PEN|24.85|4.48|29.33
2070960858|CLIENT_00456|244253411|586927957|S3AA-0077969117|FACTURACION CICLICA|AMDOCS|20260515|2026-06-01|PEN|35.53|6.40|41.93
2028110957|CLIENT_00960|98614575|683070253|S3AA-0078417463|FACTURACION CICLICA|AMDOCS|20260515|2026-06-01|PEN|31.38|5.65|37.03
2031853028|CLIENT_00531|148721331|275898657|S3AA-0077958418|FACTURACION CICLICA|AMDOCS|20260515|2026-06-01|PEN|59.26|10.68|69.93
2058548876|CLIENT_00683|355637921|663986157|S3AA-0078073457|FACTURACION CICLICA|AMDOCS|20260515|2026-06-01|PEN|53.33|9.60|62.93
2013284189|CLIENT_00029|623682121|879436757|S3AA-0077812983|FACTURACION CICLICA|AMDOCS|20260515|2026-06-01|PEN|20.70|3.73|24.43
2002657495|CLIENT_00013|87633575|456087043|S3AA-0078310586|FACTURACION CICLICA|AMDOCS|20260515|2026-06-01|PEN|33.75|6.08|39.83
2078922170|CLIENT_00227|741841421|209822247|S3AA-0078013445|FACTURACION CICLICA|AMDOCS|20260515|2026-06-01|PEN|63.71|11.47|75.18
2074581354|CLIENT_00824|681257721|108906847|S3AA-0078393162|FACTURACION CICLICA|AMDOCS|20260515|2026-06-01|PEN|102.33|18.42|120.75
2069114417|CLIENT_00617|28716716|894805657|S5AA-0080560183|FACTURACION CICLICA|AMDOCS|20260518|2026-06-05|PEN|100.79|18.14|118.93
2027490034|CLIENT_00174|646670821|637351947|S4AA-0007709839|FACTURACION CICLICA|AMDOCS|20260509|2026-05-25|PEN|71.13|12.80|83.93
2067647278|CLIENT_00078|21761575|829531213|S3AA-0077669315|FACTURACION CICLICA|AMDOCS|20260515|2026-06-01|PEN|43.25|7.78|51.03
2070960858|CLIENT_00456|244253411|726927957|S3AA-0077969116|FACTURACION CICLICA|AMDOCS|20260515|2026-06-01|PEN|50.96|9.17|60.13
2082422571|CLIENT_00010|792078121|167589757|S3AA-0078502396|FACTURACION CICLICA|AMDOCS|20260515|2026-06-01|PEN|41.47|7.46|48.93
2038638301|CLIENT_00391|543454421|354077447|S3AA-0077994514|FACTURACION CICLICA|AMDOCS|20260515|2026-06-01|PEN|66.74|12.01|78.75
2006969490|CLIENT_00418|79003575|223963533|S3AA-0078494966|FACTURACION CICLICA|AMDOCS|20260515|2026-06-01|PEN|31.38|5.65|37.03
2025216315|CLIENT_00075|18781575|491844333|S3AA-0078339684|FACTURACION CICLICA|AMDOCS|20260515|2026-06-01|PEN|29.01|5.22|34.23
2072690831|CLIENT_00802|150349921|892599157|S8AA-0007927477|FACTURACION CICLICA|AMDOCS|20260627|2026-07-13|PEN|103.69|18.67|122.36
2043314925|CLIENT_00110|33002575|078349023|S3AA-0077863641|FACTURACION CICLICA|AMDOCS|20260515|2026-06-01|PEN|18.92|3.41|22.33
2013843524|CLIENT_00361|81125575|977872623|S3AA-0077727813|FACTURACION CICLICA|AMDOCS|20260515|2026-06-01|PEN|27.23|4.90|32.13
2074242971|CLIENT_00479|220136621|618805067|S3AA-0077775269|FACTURACION CICLICA|AMDOCS|20260515|2026-06-01|PEN|103.45|18.63|122.08
2021563134|CLIENT_00471|802909421|310955347|S5AA-0080742720|FACTURACION CICLICA|AMDOCS|20260518|2026-06-05|PEN|17.74|3.19|20.93
2006563540|CLIENT_00639|34993575|933790943|S3AA-0077970862|FACTURACION CICLICA|AMDOCS|20260515|2026-06-01|PEN|31.67|5.71|37.38
2070960858|CLIENT_00456|401913421|861037957|S3AA-0077600274|FACTURACION CICLICA|AMDOCS|20260515|2026-06-01|PEN|35.53|6.40|41.93
2070960858|CLIENT_00456|401913421|389927957|S3AA-0077600272|FACTURACION CICLICA|AMDOCS|20260515|2026-06-01|PEN|50.06|9.02|59.08
2090318936|CLIENT_00333|684991031|824973257|S3AA-0078393990|FACTURACION CICLICA|AMDOCS|20260515|2026-06-01|PEN|44.20|7.95|52.15
2066708502|CLIENT_00083|06594575|903148513|S3AA-0078125794|FACTURACION CICLICA|AMDOCS|20260515|2026-06-01|PEN|39.98|7.20|47.18
2040265328|CLIENT_00922|23224575|630266753|S3AA-0077864215|FACTURACION CICLICA|AMDOCS|20260515|2026-06-01|PEN|18.92|3.41|22.33
2091789509|CLIENT_00886|13715295|362362406|S5AA-0080202193|FACTURACION CICLICA|AMDOCS|20260518|2026-06-05|PEN|1.84|.33|2.17
2025424256|CLIENT_00721|297043021|435943067|S3AA-0078454965|FACTURACION CICLICA|AMDOCS|20260515|2026-06-01|PEN|23.67|4.26|27.93
2013697319|CLIENT_00507|12872575|854768543|S3AA-0077757168|FACTURACION CICLICA|AMDOCS|20260515|2026-06-01|PEN|37.32|6.71|44.03
2014220137|CLIENT_00553|287712321|306693047|S3AA-0078352911|FACTURACION CICLICA|AMDOCS|20260515|2026-06-01|PEN|54.93|9.89|64.82
2079287596|CLIENT_00457|567110221|286284737|S3AA-0078187456|FACTURACION CICLICA|AMDOCS|20260515|2026-06-01|PEN|69.88|12.58|82.46
2002206758|CLIENT_00645|08320895|438810857|S5AA-0080538182|FACTURACION CICLICA|AMDOCS|20260518|2026-06-05|PEN|98.77|17.78|116.55
2034148976|CLIENT_00370|82556575|922762301|S3AA-0077814734|FACTURACION CICLICA|AMDOCS|20260515|2026-06-01|PEN|51.79|9.32|61.11
2093387336|CLIENT_00580|138337721|340321067|S3AA-0077862628|FACTURACION CICLICA|AMDOCS|20260515|2026-06-01|PEN|130.03|23.41|153.44
2077915427|CLIENT_00955|47179116|434412606|S5AA-0080489842|FACTURACION CICLICA|AMDOCS|20260518|2026-06-05|PEN|47.40|8.53|55.93
2070960858|CLIENT_00456|244253411|019927957|S3AA-0077969118|FACTURACION CICLICA|AMDOCS|20260515|2026-06-01|PEN|72.37|13.03|85.40
2006969490|CLIENT_00418|79003575|527733873|S3AA-0078495584|FACTURACION CICLICA|AMDOCS|20260515|2026-06-01|PEN|52.91|9.53|62.44
1002033932|CLIENT_00092|05551575|781721923|S3AA-0078038347|FACTURACION CICLICA|AMDOCS|20260515|2026-06-01|PEN|39.69|7.14|46.83
2097185694|CLIENT_00386|637797321|796625147|S4AA-0007674790|FACTURACION CICLICA|AMDOCS|20260509|2026-05-25|PEN|74.69|13.44|88.13
2045309501|CLIENT_00511|03074575|854215713|S3AA-0077834517|FACTURACION CICLICA|AMDOCS|20260515|2026-06-01|PEN|49.18|8.86|58.03
2056934422|CLIENT_00124|35686575|642991501|S3AA-0078057472|FACTURACION CICLICA|AMDOCS|20260515|2026-06-01|PEN|18.92|3.41|22.33
2050372725|CLIENT_00988|615858811|305722857|S3AA-0077716061|FACTURACION CICLICA|AMDOCS|20260515|2026-06-01|PEN|100.79|18.14|118.93
2066260318|CLIENT_00101|638249611|470724827|S3AA-0077904455|FACTURACION CICLICA|AMDOCS|20260515|2026-06-01|PEN|46.92|8.45|55.37
2037889248|CLIENT_00761|12041575|202389647|S3AA-0077761752|FACTURACION CICLICA|AMDOCS|20260515|2026-06-01|PEN|25.45|4.58|30.03
2081245613|CLIENT_00129|207627921|199681757|S3AA-0077579716|FACTURACION CICLICA|AMDOCS|20260515|2026-06-01|PEN|109.63|19.73|129.36
2067647278|CLIENT_00078|21761575|057746343|S3AA-0077669879|FACTURACION CICLICA|AMDOCS|20260515|2026-06-01|PEN|28.11|5.07|33.18
2098217998|CLIENT_00516|43944106|598141506|S5AA-0080187807|FACTURACION CICLICA|AMDOCS|20260518|2026-06-05|PEN|74.98|13.50|88.48
2023281496|CLIENT_00538|80317575|834498657|S3AA-0077637975|FACTURACION CICLICA|AMDOCS|20260515|2026-06-01|PEN|168.83|30.39|199.22
2021963014|CLIENT_00192|89345575|883265447|S3AA-0078508867|FACTURACION CICLICA|AMDOCS|20260515|2026-06-01|PEN|43.25|7.78|51.03
2021963014|CLIENT_00192|89345575|303701283|S3AA-0078505389|FACTURACION CICLICA|AMDOCS|20260515|2026-06-01|PEN|71.13|12.80|83.93
2096049962|CLIENT_01000|66537116|705563947|S5AA-0080434323|FACTURACION CICLICA|AMDOCS|20260518|2026-06-05|PEN|94.86|17.07|111.93
2074406544|CLIENT_00417|72941616|851716606|S5AA-0080887117|FACTURACION CICLICA|AMDOCS|20260518|2026-06-05|PEN|27.83|5.01|32.83
2070960858|CLIENT_00456|244253411|003946067|S3AA-0077969566|FACTURACION CICLICA|AMDOCS|20260515|2026-06-01|PEN|26.40|4.75|31.15
2031742610|CLIENT_00470|889717021|409765437|S3AA-0078410434|FACTURACION CICLICA|AMDOCS|20260515|2026-06-01|PEN|116.63|20.99|137.62
2001063341|CLIENT_00144|25693116|568911606|S5AA-0080327923|FACTURACION CICLICA|AMDOCS|20260518|2026-06-05|PEN|50.30|9.06|59.36
2065635379|CLIENT_00149|03536406|055284506|S5AA-0080901615|FACTURACION CICLICA|AMDOCS|20260518|2026-06-05|PEN|167.71|30.18|197.89
2000865303|CLIENT_00788|864924721|859748657|S3AA-0078220568|FACTURACION CICLICA|AMDOCS|20260515|2026-06-01|PEN|53.33|9.60|62.93
2026820794|CLIENT_00028|504642321|942433047|S3AA-0077605332|FACTURACION CICLICA|AMDOCS|20260515|2026-06-01|PEN|46.21|8.32|54.53
2049019784|CLIENT_00811|92003575|471659563|S3AA-0077835302|FACTURACION CICLICA|AMDOCS|20260515|2026-06-01|PEN|27.23|4.90|32.13
2071854449|CLIENT_00591|92218116|435285147|S5AA-0080896990|FACTURACION CICLICA|AMDOCS|20260518|2026-06-05|PEN|136.14|24.51|160.65
2070960858|CLIENT_00456|401913421|940037957|S3AA-0077600273|FACTURACION CICLICA|AMDOCS|20260515|2026-06-01|PEN|50.96|9.17|60.13
2003216433|CLIENT_00243|477725311|184680947|S3AA-0078276807|FACTURACION CICLICA|AMDOCS|20260515|2026-06-01|PEN|100.49|18.09|118.58
2009780710|CLIENT_00275|92755206|691118957|S5AA-0080898914|FACTURACION CICLICA|AMDOCS|20260518|2026-06-05|PEN|77.06|13.87|90.93
2089216910|CLIENT_00949|729370231|598302557|S5AA-0080890970|FACTURACION CICLICA|AMDOCS|20260518|2026-06-05|PEN|103.52|18.63|122.15
2071316506|CLIENT_00040|34954575|546690601|S3AA-0077960420|FACTURACION CICLICA|AMDOCS|20260515|2026-06-01|PEN|33.75|6.08|39.83
2091514048|CLIENT_00099|93455606|848147506|S5AA-0080232230|FACTURACION CICLICA|AMDOCS|20260518|2026-06-05|PEN|97.82|17.61|115.43
2082422571|CLIENT_00010|792078121|608838957|S3AA-0078503187|FACTURACION CICLICA|AMDOCS|20260515|2026-06-01|PEN|41.47|7.46|48.93
2068100781|CLIENT_00901|19701506|266683067|S5AA-0080619597|FACTURACION CICLICA|AMDOCS|20260518|2026-06-05|PEN|85.65|15.43|101.08
2078998333|CLIENT_00893|11274285|372188857|S5AA-0080766337|FACTURACION CICLICA|AMDOCS|20260518|2026-06-05|PEN|79.79|14.36|94.15
2084595191|CLIENT_00613|29675885|464868306|S5AA-0080621383|FACTURACION CICLICA|AMDOCS|20260518|2026-06-05|PEN|110.05|19.80|129.85
2046916374|CLIENT_00711|22517785|454977306|S5AA-0080841885|FACTURACION CICLICA|AMDOCS|20260518|2026-06-05|PEN|148.96|26.81|175.77
2035124090|CLIENT_00147|613385621|945667457|S5AA-0080802545|FACTURACION CICLICA|AMDOCS|20260518|2026-06-05|PEN|112.36|20.22|132.58
2090613378|CLIENT_00096|70024516|857192067|S5AA-0080737159|FACTURACION CICLICA|AMDOCS|20260518|2026-06-05|PEN|88.63|15.95|104.58
2025424256|CLIENT_00721|297043021|341943067|S3AA-0078454964|FACTURACION CICLICA|AMDOCS|20260515|2026-06-01|PEN|23.67|4.26|27.93
2080420835|CLIENT_00720|093279031|431643457|S5AA-0080611429|FACTURACION CICLICA|AMDOCS|20260518|2026-06-05|PEN|56.06|10.09|66.15
2031682801|CLIENT_00220|745363821|953106947|S3AA-0078014752|FACTURACION CICLICA|AMDOCS|20260515|2026-06-01|PEN|31.38|5.65|37.03
2037889248|CLIENT_00761|12041575|736592593|S3AA-0077757962|FACTURACION CICLICA|AMDOCS|20260515|2026-06-01|PEN|53.92|9.71|63.63
2025199500|CLIENT_00474|81624306|258533506|S5AA-0080813144|FACTURACION CICLICA|AMDOCS|20260518|2026-06-05|PEN|119.77|21.56|141.33
2056046163|CLIENT_00994|31979006|770501506|S5AA-0080776274|FACTURACION CICLICA|AMDOCS|20260518|2026-06-05|PEN|98.83|17.79|116.62
2053570348|CLIENT_00998|39598195|941791406|S5AA-0080628830|FACTURACION CICLICA|AMDOCS|20260518|2026-06-05|PEN|64.60|11.63|76.23
2039660724|CLIENT_00161|784058921|020819157|S3AA-0078403563|FACTURACION CICLICA|AMDOCS|20260515|2026-06-01|PEN|194.05|34.92|228.97
2013284189|CLIENT_00029|623682121|302436757|S3AA-0077812982|FACTURACION CICLICA|AMDOCS|20260515|2026-06-01|PEN|29.60|5.33|34.93
2053585542|CLIENT_00846|97022606|136314957|S5AA-0080531118|FACTURACION CICLICA|AMDOCS|20260518|2026-06-05|PEN|79.72|14.36|94.08
2038330759|CLIENT_00758|66433575|010936043|S3AA-0078193998|FACTURACION CICLICA|AMDOCS|20260515|2026-06-01|PEN|48.94|8.81|57.75
2022190206|CLIENT_00446|32721575|796471423|S3AA-0077776277|FACTURACION CICLICA|AMDOCS|20260515|2026-06-01|PEN|30.37|5.47|35.84
2080289526|CLIENT_00976|89031575|576170633|S3AA-0078504721|FACTURACION CICLICA|AMDOCS|20260515|2026-06-01|PEN|27.23|4.90|32.13
2025424256|CLIENT_00721|297043021|536553067|S3AA-0078454966|FACTURACION CICLICA|AMDOCS|20260515|2026-06-01|PEN|23.67|4.26|27.93
2043931605|CLIENT_00834|86639085|370390306|S5AA-0080444200|FACTURACION CICLICA|AMDOCS|20260518|2026-06-05|PEN|56.29|10.14|66.43
2067647278|CLIENT_00078|21761575|402521183|S3AA-0077670437|FACTURACION CICLICA|AMDOCS|20260515|2026-06-01|PEN|43.25|7.78|51.03
2021717009|CLIENT_00572|812660631|577754167|S3AA-0077736955|FACTURACION CICLICA|AMDOCS|20260515|2026-06-01|PEN|18.91|3.42|22.33
2012453412|CLIENT_00293|31688106|712075857|S5AA-0080780985|FACTURACION CICLICA|AMDOCS|20260518|2026-06-05|PEN|123.34|22.19|145.53
2090837613|CLIENT_00803|542168021|707978437|S5AA-0080278684|FACTURACION CICLICA|AMDOCS|20260518|2026-06-05|PEN|389.98|70.20|460.18
2027945288|CLIENT_00805|08266575|231360601|S3AA-0078319650|FACTURACION CICLICA|AMDOCS|20260515|2026-06-01|PEN|32.56|5.87|38.43
2008261235|CLIENT_00881|25071785|132044757|S5AA-0080332154|FACTURACION CICLICA|AMDOCS|20260518|2026-06-05|PEN|94.86|17.07|111.93
2078921519|CLIENT_00563|11622616|307511347|S5AA-0080764686|FACTURACION CICLICA|AMDOCS|20260518|2026-06-05|PEN|31.08|5.60|36.68
2027087229|CLIENT_00844|822584421|871428247|S3AA-0077829152|FACTURACION CICLICA|AMDOCS|20260515|2026-06-01|PEN|109.45|19.70|129.15
2094037394|CLIENT_00744|91516575|143072613|S3AA-0077737211|FACTURACION CICLICA|AMDOCS|20260515|2026-06-01|PEN|49.77|8.96|58.73
2044242578|CLIENT_00641|61758016|180317657|S5AA-0080802828|FACTURACION CICLICA|AMDOCS|20260518|2026-06-05|PEN|65.20|11.73|76.93
2040664753|CLIENT_00565|67507116|333625947|S5AA-0080507897|FACTURACION CICLICA|AMDOCS|20260518|2026-06-05|PEN|5.94|1.06|7.00
2094069953|CLIENT_00856|579701821|636832947|S5AA-0080500495|FACTURACION CICLICA|AMDOCS|20260518|2026-06-05|PEN|97.59|17.56|115.15
2003554480|CLIENT_00842|888406011|245345357|S3AA-0078413848|FACTURACION CICLICA|AMDOCS|20260515|2026-06-01|PEN|88.92|16.01|104.93
2070960858|CLIENT_00456|401913421|326927957|S3AA-0077600270|FACTURACION CICLICA|AMDOCS|20260515|2026-06-01|PEN|35.53|6.40|41.93
2006969490|CLIENT_00418|79003575|931637733|S3AA-0078494991|FACTURACION CICLICA|AMDOCS|20260515|2026-06-01|PEN|31.38|5.65|37.03
2054854170|CLIENT_00245|94709106|012491506|S5AA-0080305608|FACTURACION CICLICA|AMDOCS|20260518|2026-06-05|PEN|64.01|11.52|75.53
2004965083|CLIENT_00066|702913431|910148857|S3AA-0077628922|FACTURACION CICLICA|AMDOCS|20260515|2026-06-01|PEN|88.92|16.01|104.93
2094902246|CLIENT_00008|571644011|999010657|S3AA-0078288120|FACTURACION CICLICA|AMDOCS|20260515|2026-06-01|PEN|94.86|17.07|111.93
2070397154|CLIENT_00392|03511006|191196957|S5AA-0080906318|FACTURACION CICLICA|AMDOCS|20260518|2026-06-05|PEN|77.42|13.93|91.35
2034994857|CLIENT_00519|58380706|338325537|S5AA-0080572908|FACTURACION CICLICA|AMDOCS|20260518|2026-06-05|PEN|108.26|19.49|127.75
2033646347|CLIENT_00497|308952621|376699547|S3AA-0077586848|FACTURACION CICLICA|AMDOCS|20260515|2026-06-01|PEN|52.14|9.39|61.53
2043525526|CLIENT_00979|11065316|254323606|S5AA-0080761981|FACTURACION CICLICA|AMDOCS|20260518|2026-06-05|PEN|128.44|23.11|151.55
2088688350|CLIENT_00267|03725575|530221601|S3AA-0077834218|FACTURACION CICLICA|AMDOCS|20260515|2026-06-01|PEN|64.96|11.69|76.65
2070960858|CLIENT_00456|401913421|319927957|S3AA-0077600271|FACTURACION CICLICA|AMDOCS|20260515|2026-06-01|PEN|35.53|6.40|41.93
2013284189|CLIENT_00029|623682121|128336757|S3AA-0077812981|FACTURACION CICLICA|AMDOCS|20260515|2026-06-01|PEN|20.70|3.73|24.43
2074406544|CLIENT_00417|11041616|431716606|S5AA-0080762076|FACTURACION CICLICA|AMDOCS|20260518|2026-06-05|PEN|71.13|12.80|83.93
2098171066|CLIENT_00522|71870606|472626506|S9AA-0082187705|FACTURACION CICLICA|AMDOCS|20260601|2026-06-17|PEN|26.64|4.80|31.43
2090272538|CLIENT_00506|706451821|949891957|S5AA-0080736968|FACTURACION CICLICA|AMDOCS|20260518|2026-06-05|PEN|88.92|16.01|104.93
2059324355|CLIENT_00481|32562575|555908263|S3AA-0077776823|FACTURACION CICLICA|AMDOCS|20260515|2026-06-01|PEN|23.67|4.26|27.93
2079585159|CLIENT_00559|62957795|726097406|S5AA-0080872072|FACTURACION CICLICA|AMDOCS|20260518|2026-06-05|PEN|110.69|19.93|130.62
2079287596|CLIENT_00457|567110221|394084737|S3AA-0078187454|FACTURACION CICLICA|AMDOCS|20260515|2026-06-01|PEN|144.51|26.01|170.52
2055715122|CLIENT_00910|655842121|682586637|S3AA-0078099829|FACTURACION CICLICA|AMDOCS|20260515|2026-06-01|PEN|59.92|10.78|70.70
2081309251|CLIENT_00433|97547106|878589057|S5AA-0080530121|FACTURACION CICLICA|AMDOCS|20260518|2026-06-05|PEN|48.06|8.64|56.70
2082422571|CLIENT_00010|792078121|391821737|S3AA-0078498096|FACTURACION CICLICA|AMDOCS|20260515|2026-06-01|PEN|47.40|8.53|55.93
2005559505|CLIENT_00406|121728021|266989637|S9AA-0082224599|FACTURACION CICLICA|AMDOCS|20260601|2026-06-17|PEN|88.92|16.01|104.93
2012793422|CLIENT_00234|60004085|215930306|S5AA-0080708985|FACTURACION CICLICA|AMDOCS|20260518|2026-06-05|PEN|46.92|8.45|55.37
2024654901|CLIENT_00714|89444995|469140847|S5AA-0080721103|FACTURACION CICLICA|AMDOCS|20260518|2026-06-05|PEN|43.18|7.78|50.96
2083097547|CLIENT_00654|82030516|169444047|S5AA-0080882084|FACTURACION CICLICA|AMDOCS|20260518|2026-06-05|PEN|97.59|17.56|115.15
2038838681|CLIENT_00691|47304716|667540737|S5AA-0080492143|FACTURACION CICLICA|AMDOCS|20260518|2026-06-05|PEN|73.86|13.29|87.15
2065971015|CLIENT_00157|862543011|165703427|S5AA-0080447362|FACTURACION CICLICA|AMDOCS|20260518|2026-06-05|PEN|51.91|9.34|61.25
2011701911|CLIENT_00011|56631806|827509506|S5AA-0080423497|FACTURACION CICLICA|AMDOCS|20260518|2026-06-05|PEN|119.76|21.56|141.32
2001699108|CLIENT_00989|473844901|245209537|S3AA-0078274613|FACTURACION CICLICA|AMDOCS|20260515|2026-06-01|PEN|47.40|8.53|55.93
2065299671|CLIENT_00567|457189231|138258657|S5AA-0080354142|FACTURACION CICLICA|AMDOCS|20260518|2026-06-05|PEN|101.98|18.35|120.33
2030739572|CLIENT_00552|429218231|161173657|S5AA-0080861642|FACTURACION CICLICA|AMDOCS|20260518|2026-06-05|PEN|19.75|3.56|23.31
2094973310|CLIENT_00523|162487121|820342757|S5AA-0080398428|FACTURACION CICLICA|AMDOCS|20260518|2026-06-05|PEN|100.79|18.14|118.93
2070054625|CLIENT_00725|56728706|621197506|S5AA-0080423461|FACTURACION CICLICA|AMDOCS|20260518|2026-06-05|PEN|102.52|18.46|120.97
2049726118|CLIENT_00693|53967106|952071506|S5AA-0080195247|FACTURACION CICLICA|AMDOCS|20260518|2026-06-05|PEN|49.77|8.96|58.73
2088424166|CLIENT_00134|54902106|423011506|S5AA-0080276212|FACTURACION CICLICA|AMDOCS|20260518|2026-06-05|PEN|134.07|24.13|158.20
2014214756|CLIENT_00653|90142306|590243457|S5AA-0080751062|FACTURACION CICLICA|AMDOCS|20260518|2026-06-05|PEN|103.52|18.63|122.15
2049666577|CLIENT_00077|64519885|230808857|S5AA-0080288224|FACTURACION CICLICA|AMDOCS|20260518|2026-06-05|PEN|53.33|9.60|62.93
2024388948|CLIENT_00436|62547185|614671306|S5AA-0080871064|FACTURACION CICLICA|AMDOCS|20260518|2026-06-05|PEN|62.88|11.32|74.20
2045546222|CLIENT_00594|13024795|162947837|S5AA-0080205335|FACTURACION CICLICA|AMDOCS|20260518|2026-06-05|PEN|133.41|24.02|157.43
2043153301|CLIENT_00849|962311511|318031527|S5AA-0080454838|FACTURACION CICLICA|AMDOCS|20260518|2026-06-05|PEN|120.66|21.72|142.38
2091733360|CLIENT_00277|06703575|437263783|S3AA-0078136428|FACTURACION CICLICA|AMDOCS|20260515|2026-06-01|PEN|33.75|6.08|39.83
2037867912|CLIENT_00938|17536685|598376306|S5AA-0080466806|FACTURACION CICLICA|AMDOCS|20260518|2026-06-05|PEN|52.44|9.44|61.88
1003385935|CLIENT_00953|67354095|691550406|S5AA-0080503773|FACTURACION CICLICA|AMDOCS|20260518|2026-06-05|PEN|27.83|5.01|32.83
2078386304|CLIENT_00703|645411321|943050047|S9AA-0082449741|FACTURACION CICLICA|AMDOCS|20260601|2026-06-17|PEN|151.03|27.19|178.22
2079044208|CLIENT_00991|53354695|965456406|S9AA-0082342870|FACTURACION CICLICA|AMDOCS|20260601|2026-06-17|PEN|56.88|10.25|67.13
2013415082|CLIENT_00927|63888616|527196606|S5AA-0080210484|FACTURACION CICLICA|AMDOCS|20260518|2026-06-05|PEN|84.83|15.27|100.10
2061505168|CLIENT_00879|35089885|129609306|S5AA-0080334443|FACTURACION CICLICA|AMDOCS|20260518|2026-06-05|PEN|47.40|8.53|55.93
2021563134|CLIENT_00471|802909421|978687957|S5AA-0080744592|FACTURACION CICLICA|AMDOCS|20260518|2026-06-05|PEN|59.26|10.67|69.93
2035226116|CLIENT_00450|20276516|745365606|S5AA-0080681294|FACTURACION CICLICA|AMDOCS|20260518|2026-06-05|PEN|103.10|18.56|121.66
2004268042|CLIENT_00362|57881585|601778957|S5AA-0080501793|FACTURACION CICLICA|AMDOCS|20260518|2026-06-05|PEN|77.03|13.87|90.90
2062922977|CLIENT_00731|82013506|297748447|S5AA-0080882426|FACTURACION CICLICA|AMDOCS|20260518|2026-06-05|PEN|50.13|9.02|59.15
2024654901|CLIENT_00714|09444995|309649406|S5AA-0080607243|FACTURACION CICLICA|AMDOCS|20260518|2026-06-05|PEN|45.62|8.21|53.83
2036822926|CLIENT_00194|88087575|786761601|S3AA-0078397326|FACTURACION CICLICA|AMDOCS|20260515|2026-06-01|PEN|25.45|4.58|30.03
2084680790|CLIENT_00724|248370221|763934357|S3AA-0077967133|FACTURACION CICLICA|AMDOCS|20260515|2026-06-01|PEN|41.47|7.46|48.93
2097519862|CLIENT_00745|44242206|042162657|S5AA-0080273199|FACTURACION CICLICA|AMDOCS|20260518|2026-06-05|PEN|10.61|1.92|12.53
2020933053|CLIENT_00339|38200585|708760057|S5AA-0080566869|FACTURACION CICLICA|AMDOCS|20260518|2026-06-05|PEN|103.52|18.63|122.15
2021869954|CLIENT_00918|20363306|979623506|S5AA-0080680919|FACTURACION CICLICA|AMDOCS|20260518|2026-06-05|PEN|55.41|9.98|65.38
2011885774|CLIENT_00490|58474295|777752406|S5AA-0080570115|FACTURACION CICLICA|AMDOCS|20260518|2026-06-05|PEN|95.81|17.24|113.05
2024654901|CLIENT_00714|89444995|119649406|S5AA-0080717539|FACTURACION CICLICA|AMDOCS|20260518|2026-06-05|PEN|74.98|13.50|88.48
2039137544|CLIENT_00939|74464985|515459306|S5AA-0080290296|FACTURACION CICLICA|AMDOCS|20260518|2026-06-05|PEN|53.39|9.61|63.00
2096030030|CLIENT_00475|77460395|923513406|S5AA-0080511270|FACTURACION CICLICA|AMDOCS|20260518|2026-06-05|PEN|101.68|18.31|119.98
2014689387|CLIENT_00420|813928011|843072817|S5AA-0080814386|FACTURACION CICLICA|AMDOCS|20260518|2026-06-05|PEN|68.22|12.28|80.50
2054205660|CLIENT_00625|03102706|853761067|S5AA-0080906400|FACTURACION CICLICA|AMDOCS|20260518|2026-06-05|PEN|103.69|18.67|122.36
2013887371|CLIENT_00609|53693406|856614047|S5AA-0080198018|FACTURACION CICLICA|AMDOCS|20260518|2026-06-05|PEN|18.92|3.41|22.33
2038330759|CLIENT_00758|656561531|553521067|S5AA-0080362097|FACTURACION CICLICA|AMDOCS|20260518|2026-06-05|PEN|65.20|11.73|76.93
2047695932|CLIENT_00358|34361416|154989637|S5AA-0080264038|FACTURACION CICLICA|AMDOCS|20260518|2026-06-05|PEN|35.53|6.40|41.93
2056140058|CLIENT_00828|39666216|575621357|S5AA-0080633239|FACTURACION CICLICA|AMDOCS|20260518|2026-06-05|PEN|88.92|16.01|104.93
2032869030|CLIENT_00111|71597416|415225067|S5AA-0080810815|FACTURACION CICLICA|AMDOCS|20260518|2026-06-05|PEN|53.33|9.60|62.93
2013843524|CLIENT_00361|07433506|394923857|S5AA-0080464729|FACTURACION CICLICA|AMDOCS|20260518|2026-06-05|PEN|103.52|18.63|122.15
2050878096|CLIENT_00515|881907031|311976957|S5AA-0080597375|FACTURACION CICLICA|AMDOCS|20260518|2026-06-05|PEN|71.12|12.81|83.93
2009780710|CLIENT_00275|92755206|502826847|S5AA-0080897623|FACTURACION CICLICA|AMDOCS|20260518|2026-06-05|PEN|111.47|20.06|131.53
2090808430|CLIENT_00946|239140521|688755457|S5AA-0080177276|FACTURACION CICLICA|AMDOCS|20260518|2026-06-05|PEN|118.59|21.34|139.93
2018117869|CLIENT_00044|542323031|808662757|S5AA-0080280687|FACTURACION CICLICA|AMDOCS|20260518|2026-06-05|PEN|100.79|18.14|118.93
2024229967|CLIENT_00390|07228285|616382306|S5AA-0080458943|FACTURACION CICLICA|AMDOCS|20260518|2026-06-05|PEN|103.43|18.62|122.05
2078721881|CLIENT_00115|304118801|065285857|S5AA-0080692839|FACTURACION CICLICA|AMDOCS|20260518|2026-06-05|PEN|65.20|11.73|76.93
2018723284|CLIENT_00943|24907795|992587406|S5AA-0080239244|FACTURACION CICLICA|AMDOCS|20260518|2026-06-05|PEN|104.88|18.88|123.76
2036568728|CLIENT_00322|207418801|097103947|S5AA-0080684586|FACTURACION CICLICA|AMDOCS|20260518|2026-06-05|PEN|99.01|17.82|116.83
2020933053|CLIENT_00339|38200585|336070057|S5AA-0080566870|FACTURACION CICLICA|AMDOCS|20260518|2026-06-05|PEN|103.52|18.63|122.15
2014718111|CLIENT_00016|71975885|543768306|S5AA-0080805330|FACTURACION CICLICA|AMDOCS|20260518|2026-06-05|PEN|74.69|13.44|88.13
2094973310|CLIENT_00523|162487121|833476857|S5AA-0080398635|FACTURACION CICLICA|AMDOCS|20260518|2026-06-05|PEN|77.06|13.87|90.93
2026850436|CLIENT_00251|348878221|093835937|S5AA-0080264238|FACTURACION CICLICA|AMDOCS|20260518|2026-06-05|PEN|45.98|8.27|54.25
2045407090|CLIENT_00403|535621511|489253857|S5AA-0080199875|FACTURACION CICLICA|AMDOCS|20260518|2026-06-05|PEN|71.13|12.80|83.93
2011994495|CLIENT_00175|047088821|554325057|S5AA-0080250523|FACTURACION CICLICA|AMDOCS|20260518|2026-06-05|PEN|118.22|21.29|139.51
2024993405|CLIENT_00624|169283021|651258157|S5AA-0080397843|FACTURACION CICLICA|AMDOCS|20260518|2026-06-05|PEN|41.47|7.46|48.93
2079459148|CLIENT_00345|84006595|696175406|S5AA-0080298087|FACTURACION CICLICA|AMDOCS|20260518|2026-06-05|PEN|73.37|13.22|86.59
2069507116|CLIENT_00675|57902706|568656447|S5AA-0080500027|FACTURACION CICLICA|AMDOCS|20260518|2026-06-05|PEN|41.45|7.46|48.91
2012162297|CLIENT_00079|22421195|898221406|S5AA-0080842089|FACTURACION CICLICA|AMDOCS|20260518|2026-06-05|PEN|50.72|9.13|59.85
2059931462|CLIENT_00106|195771431|970426857|S5AA-0080619300|FACTURACION CICLICA|AMDOCS|20260518|2026-06-05|PEN|147.88|26.63|174.51
2070960858|CLIENT_00456|401913421|259110067|S3AA-0077600342|FACTURACION CICLICA|AMDOCS|20260515|2026-06-01|PEN|23.67|4.26|27.93
2052913932|CLIENT_00961|34087016|775850606|S5AA-0080261689|FACTURACION CICLICA|AMDOCS|20260518|2026-06-05|PEN|20.70|3.73|24.43
2062205828|CLIENT_00440|90271406|681112857|S5AA-0080751587|FACTURACION CICLICA|AMDOCS|20260518|2026-06-05|PEN|53.33|9.60|62.93
2064786199|CLIENT_00357|48525585|651365306|S5AA-0080547581|FACTURACION CICLICA|AMDOCS|20260518|2026-06-05|PEN|72.02|12.96|84.98
2041328688|CLIENT_00299|23295216|010749757|S5AA-0080177716|FACTURACION CICLICA|AMDOCS|20260518|2026-06-05|PEN|53.33|9.60|62.93
2061270007|CLIENT_00298|41329095|201101406|S5AA-0080783224|FACTURACION CICLICA|AMDOCS|20260518|2026-06-05|PEN|23.84|4.30|28.14
2056140058|CLIENT_00828|39666216|413053437|S5AA-0080631698|FACTURACION CICLICA|AMDOCS|20260518|2026-06-05|PEN|112.53|20.26|132.79
2063005127|CLIENT_00354|84063185|476431306|S5AA-0080297077|FACTURACION CICLICA|AMDOCS|20260518|2026-06-05|PEN|104.34|18.79|123.13
2010399017|CLIENT_00723|50035295|395362406|S5AA-0080702513|FACTURACION CICLICA|AMDOCS|20260518|2026-06-05|PEN|65.20|11.73|76.93
2069501836|CLIENT_00263|270249021|473250537|S5AA-0080477319|FACTURACION CICLICA|AMDOCS|20260518|2026-06-05|PEN|46.21|8.32|54.53
2089935977|CLIENT_00509|351242611|058866937|S5AA-0080337763|FACTURACION CICLICA|AMDOCS|20260518|2026-06-05|PEN|53.33|9.60|62.93
2046930363|CLIENT_00514|19676295|174972406|S5AA-0080614246|FACTURACION CICLICA|AMDOCS|20260518|2026-06-05|PEN|50.13|9.02|59.15
2058246578|CLIENT_00853|99872785|702937306|S5AA-0080724071|FACTURACION CICLICA|AMDOCS|20260518|2026-06-05|PEN|64.96|11.69|76.65
2005137984|CLIENT_00579|52112216|827423606|S5AA-0080865021|FACTURACION CICLICA|AMDOCS|20260518|2026-06-05|PEN|54.87|9.88|64.75
2002061694|CLIENT_00005|09699585|602806306|S5AA-0080606505|FACTURACION CICLICA|AMDOCS|20260518|2026-06-05|PEN|44.44|7.99|52.43
2009112149|CLIENT_00532|57157385|727473306|S5AA-0080495935|FACTURACION CICLICA|AMDOCS|20260518|2026-06-05|PEN|102.21|18.41|120.62
2044862591|CLIENT_00895|68520506|772001167|S5AA-0080590420|FACTURACION CICLICA|AMDOCS|20260518|2026-06-05|PEN|17.79|3.21|21.00
2041506329|CLIENT_00468|81900195|583170547|S5AA-0080816386|FACTURACION CICLICA|AMDOCS|20260518|2026-06-05|PEN|58.74|10.56|69.30
2062876920|CLIENT_00061|19662695|652136406|S5AA-0080614429|FACTURACION CICLICA|AMDOCS|20260518|2026-06-05|PEN|167.76|30.20|197.96
2091280680|CLIENT_00335|97222706|791917506|S5AA-0080526454|FACTURACION CICLICA|AMDOCS|20260518|2026-06-05|PEN|16.55|2.98|19.53
2020585312|CLIENT_00189|415645531|921296067|S6AA-0000025530|FACTURACION CICLICA|AMDOCS|20260520|2026-06-03|PEN|20.53|3.69|24.22
2008330743|CLIENT_00241|76760385|845703306|S5AA-0080437164|FACTURACION CICLICA|AMDOCS|20260518|2026-06-05|PEN|112.29|17.07|129.36
2032869030|CLIENT_00111|71597416|409515067|S5AA-0080810812|FACTURACION CICLICA|AMDOCS|20260518|2026-06-05|PEN|94.74|17.05|111.79
2078721881|CLIENT_00115|304118801|584937417|S5AA-0080689147|FACTURACION CICLICA|AMDOCS|20260518|2026-06-05|PEN|162.55|29.25|191.80
2004228948|CLIENT_00018|66621985|097029306|S5AA-0080430166|FACTURACION CICLICA|AMDOCS|20260518|2026-06-05|PEN|123.63|22.25|145.88
2006121666|CLIENT_00662|567037021|867895437|S5AA-0080425749|FACTURACION CICLICA|AMDOCS|20260518|2026-06-05|PEN|345.79|62.24|408.03
2078721881|CLIENT_00115|28353885|012548306|S5AA-0080555158|FACTURACION CICLICA|AMDOCS|20260518|2026-06-05|PEN|27.83|5.01|32.83
2050158167|CLIENT_00628|47189206|717597257|S5AA-0080493522|FACTURACION CICLICA|AMDOCS|20260518|2026-06-05|PEN|139.17|25.05|164.22
2041116026|CLIENT_00940|77358185|871086937|S5AA-0080514351|FACTURACION CICLICA|AMDOCS|20260518|2026-06-05|PEN|52.14|9.39|61.53
2073860151|CLIENT_00080|86391895|938064857|S5AA-0080450040|FACTURACION CICLICA|AMDOCS|20260518|2026-06-05|PEN|112.36|20.22|132.58
2041506329|CLIENT_00468|81900195|147262847|S5AA-0080816689|FACTURACION CICLICA|AMDOCS|20260518|2026-06-05|PEN|53.33|9.60|62.93
2083097547|CLIENT_00654|16220516|226184557|S5AA-0080398205|FACTURACION CICLICA|AMDOCS|20260518|2026-06-05|PEN|44.13|7.95|52.08
2048465395|CLIENT_00206|925858421|878165347|S5AA-0080897132|FACTURACION CICLICA|AMDOCS|20260518|2026-06-05|PEN|86.55|15.58|102.13
2048046441|CLIENT_00064|29265706|779247506|S9AA-0081971652|FACTURACION CICLICA|AMDOCS|20260601|2026-06-17|PEN|171.38|30.85|202.23
2093963249|CLIENT_00250|63903085|111920306|S5AA-0080208713|FACTURACION CICLICA|AMDOCS|20260518|2026-06-05|PEN|37.31|6.72|44.03
2008309257|CLIENT_00999|887189821|498745057|S7AA-0067868543|FACTURACION CICLICA|AMDOCS|20260523|2026-06-09|PEN|103.69|18.67|122.36
2040677842|CLIENT_00666|966296531|342129067|S6AA-0000043893|FACTURACION CICLICA|AMDOCS|20260520|2026-06-03|PEN|20.53|3.69|24.22
2061726816|CLIENT_00637|20760906|912598506|S5AA-0080681091|FACTURACION CICLICA|AMDOCS|20260518|2026-06-05|PEN|58.73|10.57|69.30
2069376951|CLIENT_00700|47259185|616591306|S5AA-0080488479|FACTURACION CICLICA|AMDOCS|20260518|2026-06-05|PEN|26.64|4.80|31.43
2022887994|CLIENT_00145|32866016|450578847|S5AA-0080853590|FACTURACION CICLICA|AMDOCS|20260518|2026-06-05|PEN|65.20|11.73|76.93
2060524559|CLIENT_00389|51654606|253425837|S5AA-0080793747|FACTURACION CICLICA|AMDOCS|20260518|2026-06-05|PEN|53.33|9.60|62.93
2088424166|CLIENT_00134|99112106|613011506|S5AA-0080724761|FACTURACION CICLICA|AMDOCS|20260518|2026-06-05|PEN|69.94|12.59|82.53
2024654901|CLIENT_00714|591213821|578815947|S9AA-0082001432|FACTURACION CICLICA|AMDOCS|20260601|2026-06-17|PEN|113.79|20.47|134.26
2074406544|CLIENT_00417|14931616|241716606|S5AA-0080254579|FACTURACION CICLICA|AMDOCS|20260518|2026-06-05|PEN|27.76|5.01|32.76
2079899808|CLIENT_00269|67893906|428899157|S5AA-0080508132|FACTURACION CICLICA|AMDOCS|20260518|2026-06-05|PEN|65.20|11.73|76.93
2008582435|CLIENT_00170|91328716|876578606|S5AA-0080820837|FACTURACION CICLICA|AMDOCS|20260518|2026-06-05|PEN|50.37|9.07|59.43
2076439409|CLIENT_00154|308317231|033302657|S9AA-0082071646|FACTURACION CICLICA|AMDOCS|20260601|2026-06-17|PEN|100.79|18.14|118.93
2085048217|CLIENT_00031|120124111|039509527|S5AA-0080837369|FACTURACION CICLICA|AMDOCS|20260518|2026-06-05|PEN|24.86|4.47|29.33
2079015167|CLIENT_00836|38117575|720665817|S7AA-0067820303|FACTURACION CICLICA|AMDOCS|20260523|2026-06-09|PEN|34.11|6.14|40.25
2089943246|CLIENT_00533|58807706|775657506|S5AA-0080570609|FACTURACION CICLICA|AMDOCS|20260518|2026-06-05|PEN|113.25|20.38|133.63
2029238395|CLIENT_00195|799221901|475125457|S7AA-0067951050|FACTURACION CICLICA|AMDOCS|20260523|2026-06-09|PEN|44.20|7.95|52.15
2023740275|CLIENT_00569|514240531|757049957|S5AA-0080795922|FACTURACION CICLICA|AMDOCS|20260518|2026-06-05|PEN|77.06|13.87|90.93
2079641879|CLIENT_00082|88171716|345052057|S5AA-0080596220|FACTURACION CICLICA|AMDOCS|20260518|2026-06-05|PEN|71.06|12.80|83.86
2080474018|CLIENT_00995|07517575|492328501|S7AA-0067691926|FACTURACION CICLICA|AMDOCS|20260523|2026-06-09|PEN|25.45|4.58|30.03
2078310260|CLIENT_00775|261240031|663722257|S5AA-0080405158|FACTURACION CICLICA|AMDOCS|20260518|2026-06-05|PEN|55.99|10.09|66.08
2017687980|CLIENT_00002|29261506|196015506|S5AA-0080622109|FACTURACION CICLICA|AMDOCS|20260518|2026-06-05|PEN|68.16|12.27|80.43
2012813785|CLIENT_00576|74098785|971697306|S5AA-0080290186|FACTURACION CICLICA|AMDOCS|20260518|2026-06-05|PEN|111.29|20.03|131.32
2073105592|CLIENT_00280|359903621|915571457|S5AA-0080339066|FACTURACION CICLICA|AMDOCS|20260518|2026-06-05|PEN|17.74|3.19|20.93
2094577730|CLIENT_00415|735052901|318794547|S7AA-0067406970|FACTURACION CICLICA|AMDOCS|20260523|2026-06-09|PEN|105.53|19.00|124.53
2007306359|CLIENT_00438|71762285|031722306|S5AA-0080804890|FACTURACION CICLICA|AMDOCS|20260518|2026-06-05|PEN|119.12|21.44|140.56
2086977341|CLIENT_00182|602132321|813797847|S5AA-0080713869|FACTURACION CICLICA|AMDOCS|20260518|2026-06-05|PEN|21.71|3.91|25.62
2019876876|CLIENT_00461|428478431|585678957|S7AA-0067293332|FACTURACION CICLICA|AMDOCS|20260523|2026-06-09|PEN|53.33|9.60|62.93
2060627595|CLIENT_00757|58054575|975284063|S7AA-0067837094|FACTURACION CICLICA|AMDOCS|20260523|2026-06-09|PEN|59.86|10.77|70.63
1021589348|CLIENT_00084|686327131|176116457|S5AA-0080589320|FACTURACION CICLICA|AMDOCS|20260518|2026-06-05|PEN|59.26|10.67|69.93
2016442878|CLIENT_00427|676676521|143879447|S7AA-0067759118|FACTURACION CICLICA|AMDOCS|20260523|2026-06-09|PEN|112.53|20.26|132.79
2008261235|CLIENT_00881|25071785|808627306|S5AA-0080326906|FACTURACION CICLICA|AMDOCS|20260518|2026-06-05|PEN|119.77|21.56|141.33
2019876876|CLIENT_00461|428478431|998378957|S7AA-0067293329|FACTURACION CICLICA|AMDOCS|20260523|2026-06-09|PEN|53.33|9.60|62.93
2060001107|CLIENT_00314|41317295|723314757|S5AA-0080788104|FACTURACION CICLICA|AMDOCS|20260518|2026-06-05|PEN|127.13|22.88|150.01
2079138145|CLIENT_00735|305198111|487299237|S5AA-0080690568|FACTURACION CICLICA|AMDOCS|20260518|2026-06-05|PEN|100.79|18.14|118.93
2025199500|CLIENT_00474|83042575|629980903|S7AA-0067411971|FACTURACION CICLICA|AMDOCS|20260523|2026-06-09|PEN|49.18|8.86|58.03
2076902654|CLIENT_00003|00742575|867628823|S7AA-0067068994|FACTURACION CICLICA|AMDOCS|20260523|2026-06-09|PEN|46.21|8.32|54.53
2071170607|CLIENT_00207|95119385|436783306|S5AA-0080378300|FACTURACION CICLICA|AMDOCS|20260518|2026-06-05|PEN|68.16|12.27|80.43
2030329244|CLIENT_00587|87023195|896241406|S5AA-0080518486|FACTURACION CICLICA|AMDOCS|20260518|2026-06-05|PEN|16.55|2.98|19.53
2035835869|CLIENT_00900|64205395|833163406|S5AA-0080283226|FACTURACION CICLICA|AMDOCS|20260518|2026-06-05|PEN|152.40|27.43|179.83
2008001207|CLIENT_00593|062759521|117084547|S7AA-0067614544|FACTURACION CICLICA|AMDOCS|20260523|2026-06-09|PEN|50.13|9.02|59.15
2081309251|CLIENT_00433|870041721|288955747|S7AA-0067777675|FACTURACION CICLICA|AMDOCS|20260523|2026-06-09|PEN|101.80|18.32|120.12
2078938243|CLIENT_00676|832104121|333717847|S7AA-0067416454|FACTURACION CICLICA|AMDOCS|20260523|2026-06-09|PEN|94.86|17.07|111.93
2053911269|CLIENT_00373|775403901|112767647|S7AA-0067768524|FACTURACION CICLICA|AMDOCS|20260523|2026-06-09|PEN|47.40|8.53|55.93
2019351028|CLIENT_00937|30414006|230445957|S5AA-0080693000|FACTURACION CICLICA|AMDOCS|20260518|2026-06-05|PEN|141.83|25.54|167.37
2030044604|CLIENT_00861|672794011|529987917|S5AA-0080505632|FACTURACION CICLICA|AMDOCS|20260518|2026-06-05|PEN|31.38|5.65|37.03
2064524697|CLIENT_00755|938349331|397562857|S7AA-0067428292|FACTURACION CICLICA|AMDOCS|20260523|2026-06-09|PEN|65.13|11.73|76.86
2023740275|CLIENT_00569|514240531|215849957|S5AA-0080795923|FACTURACION CICLICA|AMDOCS|20260518|2026-06-05|PEN|77.06|13.87|90.93
2011337701|CLIENT_00816|938353231|032636557|S5AA-0080236316|FACTURACION CICLICA|AMDOCS|20260518|2026-06-05|PEN|53.33|9.60|62.93
2053911269|CLIENT_00373|775403901|157827047|S7AA-0067767558|FACTURACION CICLICA|AMDOCS|20260523|2026-06-09|PEN|62.16|11.20|73.36
2053911269|CLIENT_00373|775403901|002929547|S7AA-0067768356|FACTURACION CICLICA|AMDOCS|20260523|2026-06-09|PEN|44.13|7.95|52.08
2053911269|CLIENT_00373|775403901|447039547|S7AA-0067768357|FACTURACION CICLICA|AMDOCS|20260523|2026-06-09|PEN|21.71|3.91|25.62
2091198935|CLIENT_00319|02842906|275498506|S5AA-0080827954|FACTURACION CICLICA|AMDOCS|20260518|2026-06-05|PEN|48.64|8.76|57.40
2074406544|CLIENT_00417|53941616|051716606|S5AA-0080195652|FACTURACION CICLICA|AMDOCS|20260518|2026-06-05|PEN|30.73|5.53|36.26
2082900579|CLIENT_00127|630652821|744448857|S8AA-0007585403|FACTURACION CICLICA|AMDOCS|20260527|2026-06-13|PEN|136.38|24.55|160.93
2069275365|CLIENT_00125|29031575|043130263|S7AA-0067900345|FACTURACION CICLICA|AMDOCS|20260523|2026-06-09|PEN|88.92|16.01|104.93
2094577730|CLIENT_00415|735052901|336779447|S7AA-0067406875|FACTURACION CICLICA|AMDOCS|20260523|2026-06-09|PEN|45.62|8.21|53.83
2019876876|CLIENT_00461|428478431|009340067|S7AA-0067293348|FACTURACION CICLICA|AMDOCS|20260523|2026-06-09|PEN|53.33|9.60|62.93
2013870601|CLIENT_00098|19197485|937884306|S5AA-0080613708|FACTURACION CICLICA|AMDOCS|20260518|2026-06-05|PEN|109.69|19.74|129.43
2011171530|CLIENT_00052|610439211|548734537|S5AA-0080800893|FACTURACION CICLICA|AMDOCS|20260518|2026-06-05|PEN|52.14|9.39|61.53
2015336861|CLIENT_00247|53941575|362083123|S7AA-0067385022|FACTURACION CICLICA|AMDOCS|20260523|2026-06-09|PEN|27.23|4.90|32.13
2029238395|CLIENT_00195|799221901|377408937|S7AA-0067948097|FACTURACION CICLICA|AMDOCS|20260523|2026-06-09|PEN|91.36|16.44|107.80
2078183391|CLIENT_00870|132543231|621246557|S7AA-0067355115|FACTURACION CICLICA|AMDOCS|20260523|2026-06-09|PEN|23.43|4.22|27.65
2019876876|CLIENT_00461|428478431|977996957|S7AA-0067293258|FACTURACION CICLICA|AMDOCS|20260523|2026-06-09|PEN|53.33|9.60|62.93
2019876876|CLIENT_00461|428478431|460205067|S7AA-0067293608|FACTURACION CICLICA|AMDOCS|20260523|2026-06-09|PEN|53.33|9.60|62.93
2032717708|CLIENT_00214|30601716|148582057|S5AA-0080691901|FACTURACION CICLICA|AMDOCS|20260518|2026-06-05|PEN|94.86|17.07|111.93
2087681453|CLIENT_00859|816856611|885634337|S7AA-0067233756|FACTURACION CICLICA|AMDOCS|20260523|2026-06-09|PEN|38.80|6.98|45.78
2050158167|CLIENT_00628|47189206|604697257|S5AA-0080493523|FACTURACION CICLICA|AMDOCS|20260518|2026-06-05|PEN|97.76|17.60|115.36
2043506981|CLIENT_00449|680803031|320235257|S7AA-0067851029|FACTURACION CICLICA|AMDOCS|20260523|2026-06-09|PEN|67.93|12.22|80.15
2045653206|CLIENT_00799|37534575|185213753|S7AA-0067728585|FACTURACION CICLICA|AMDOCS|20260523|2026-06-09|PEN|73.26|13.19|86.45
2054807394|CLIENT_00152|54754575|268922001|S7AA-0067475065|FACTURACION CICLICA|AMDOCS|20260523|2026-06-09|PEN|39.69|7.14|46.83
2012285306|CLIENT_00349|608231121|838759737|S7AA-0067125885|FACTURACION CICLICA|AMDOCS|20260523|2026-06-09|PEN|47.40|8.53|55.93
2096202915|CLIENT_00459|637638531|603421167|S6AA-0000033006|FACTURACION CICLICA|AMDOCS|20260520|2026-06-03|PEN|17.74|3.19|20.93
2096031193|CLIENT_00429|295240121|218685637|S5AA-0080624525|FACTURACION CICLICA|AMDOCS|20260518|2026-06-05|PEN|382.05|4.21|386.26
2039317482|CLIENT_00517|281018131|868793067|S8AA-0007726197|FACTURACION CICLICA|AMDOCS|20260527|2026-06-13|PEN|13.40|2.42|15.82
2046868113|CLIENT_00397|37404575|331309943|S7AA-0067728498|FACTURACION CICLICA|AMDOCS|20260523|2026-06-09|PEN|36.48|6.57|43.05
2053911269|CLIENT_00373|775403901|369539547|S7AA-0067768359|FACTURACION CICLICA|AMDOCS|20260523|2026-06-09|PEN|21.64|3.91|25.55
2051657671|CLIENT_00660|739587221|326223937|S7AA-0067406029|FACTURACION CICLICA|AMDOCS|20260523|2026-06-09|PEN|62.23|11.20|73.43
2058314802|CLIENT_00763|236245531|636986067|S7AA-0067375207|FACTURACION CICLICA|AMDOCS|20260523|2026-06-09|PEN|17.79|3.21|21.00
2043931649|CLIENT_00311|176219431|361057957|S8AA-0007692410|FACTURACION CICLICA|AMDOCS|20260527|2026-06-13|PEN|41.47|7.46|48.93
2011902949|CLIENT_00423|219872611|979421037|S7AA-0067179443|FACTURACION CICLICA|AMDOCS|20260523|2026-06-09|PEN|27.23|4.90|32.13
2058314802|CLIENT_00763|236245531|585196067|S7AA-0067375213|FACTURACION CICLICA|AMDOCS|20260523|2026-06-09|PEN|17.79|3.21|21.00
2022887994|CLIENT_00145|097589811|331699137|S7AA-0067884076|FACTURACION CICLICA|AMDOCS|20260523|2026-06-09|PEN|65.20|11.73|76.93
2002500138|CLIENT_00445|92763575|582891443|S7AA-0067331078|FACTURACION CICLICA|AMDOCS|20260523|2026-06-09|PEN|25.21|4.54|29.75
2079641879|CLIENT_00082|88171716|796961057|S5AA-0080596210|FACTURACION CICLICA|AMDOCS|20260518|2026-06-05|PEN|71.06|12.80|83.86
2085903598|CLIENT_00188|665256511|453496657|S5AA-0080435118|FACTURACION CICLICA|AMDOCS|20260518|2026-06-05|PEN|47.40|8.53|55.93
2004492803|CLIENT_00211|347978331|764482857|S7AA-0067464355|FACTURACION CICLICA|AMDOCS|20260523|2026-06-09|PEN|81.56|12.80|94.36
2073578104|CLIENT_00612|93327575|937709501|S7AA-0067420963|FACTURACION CICLICA|AMDOCS|20260523|2026-06-09|PEN|377.66|3.42|381.08
2078183391|CLIENT_00870|132543231|421246557|S7AA-0067355114|FACTURACION CICLICA|AMDOCS|20260523|2026-06-09|PEN|23.43|4.22|27.65
2002115898|CLIENT_00928|300615221|809268657|S7AA-0067102509|FACTURACION CICLICA|AMDOCS|20260523|2026-06-09|PEN|97.76|17.60|115.36
2020585312|CLIENT_00189|415645531|416686067|S6AA-0000025529|FACTURACION CICLICA|AMDOCS|20260520|2026-06-03|PEN|20.53|3.69|24.22
2060826481|CLIENT_00672|11187395|135583406|S5AA-0080761404|FACTURACION CICLICA|AMDOCS|20260518|2026-06-05|PEN|50.96|9.17|60.13
2002846047|CLIENT_00694|10574185|008841306|S5AA-0080672292|FACTURACION CICLICA|AMDOCS|20260518|2026-06-05|PEN|41.29|7.43|48.72
2021252272|CLIENT_00845|754602811|539811167|S7AA-0067592062|FACTURACION CICLICA|AMDOCS|20260523|2026-06-09|PEN|103.45|18.63|122.08
2019876876|CLIENT_00461|428478431|524396957|S7AA-0067293240|FACTURACION CICLICA|AMDOCS|20260523|2026-06-09|PEN|53.33|9.60|62.93
2084915354|CLIENT_00997|445198921|387729157|S7AA-0067471700|FACTURACION CICLICA|AMDOCS|20260523|2026-06-09|PEN|47.40|8.53|55.93
2024388948|CLIENT_00436|41977575|447751601|S7AA-0067195150|FACTURACION CICLICA|AMDOCS|20260523|2026-06-09|PEN|65.73|11.83|77.56
2001486599|CLIENT_00888|158289911|754274647|S7AA-0067533618|FACTURACION CICLICA|AMDOCS|20260523|2026-06-09|PEN|59.92|10.78|70.70
2030405929|CLIENT_00212|894308431|179975957|S7AA-0067961596|FACTURACION CICLICA|AMDOCS|20260523|2026-06-09|PEN|53.33|9.60|62.93
2067472025|CLIENT_00049|044889811|582704137|S7AA-0067432283|FACTURACION CICLICA|AMDOCS|20260523|2026-06-09|PEN|68.45|12.33|80.78
2080474018|CLIENT_00995|07517575|991544037|S7AA-0067703256|FACTURACION CICLICA|AMDOCS|20260523|2026-06-09|PEN|22.48|4.05|26.53
2017938134|CLIENT_00866|439077721|866648857|S7AA-0067383316|FACTURACION CICLICA|AMDOCS|20260523|2026-06-09|PEN|79.79|14.36|94.15
2019876876|CLIENT_00461|428478431|415409957|S7AA-0067293337|FACTURACION CICLICA|AMDOCS|20260523|2026-06-09|PEN|53.33|9.60|62.93
2059315520|CLIENT_00186|86662495|155261957|S5AA-0080450168|FACTURACION CICLICA|AMDOCS|20260518|2026-06-05|PEN|59.26|10.67|69.93
2043149098|CLIENT_00027|439858611|442690737|S9AA-0082336915|FACTURACION CICLICA|AMDOCS|20260601|2026-06-17|PEN|74.62|13.44|88.06
2097519862|CLIENT_00745|44242206|963991067|S5AA-0080273789|FACTURACION CICLICA|AMDOCS|20260518|2026-06-05|PEN|26.70|4.80|31.50
2001809758|CLIENT_00443|621170631|096754167|S8AA-0007558798|FACTURACION CICLICA|AMDOCS|20260527|2026-06-13|PEN|60.80|10.95|71.75
2017913151|CLIENT_00482|626911331|242968657|S8AA-0007554582|FACTURACION CICLICA|AMDOCS|20260527|2026-06-13|PEN|26.40|4.75|31.15
2064536829|CLIENT_00259|977321531|670770067|S7AA-0067790277|FACTURACION CICLICA|AMDOCS|20260523|2026-06-09|PEN|55.99|10.09|66.08
2065059290|CLIENT_00015|671814511|977999537|S5AA-0080506754|FACTURACION CICLICA|AMDOCS|20260518|2026-06-05|PEN|106.72|19.21|125.93
2011902949|CLIENT_00423|219872611|715026857|S7AA-0067184405|FACTURACION CICLICA|AMDOCS|20260523|2026-06-09|PEN|29.60|5.33|34.93
2046639773|CLIENT_00422|961315821|416989957|S7AA-0067699851|FACTURACION CICLICA|AMDOCS|20260523|2026-06-09|PEN|44.20|7.95|52.15
2090130796|CLIENT_00833|871323321|472868847|S7AA-0067777959|FACTURACION CICLICA|AMDOCS|20260523|2026-06-09|PEN|35.53|6.40|41.93
2075533541|CLIENT_00465|333088111|164708037|S7AA-0067369092|FACTURACION CICLICA|AMDOCS|20260523|2026-06-09|PEN|142.25|25.61|167.86
2089094497|CLIENT_00230|785924131|788831457|S7AA-0067860605|FACTURACION CICLICA|AMDOCS|20260523|2026-06-09|PEN|67.93|12.22|80.15
2087681453|CLIENT_00859|816856611|507734337|S7AA-0067233758|FACTURACION CICLICA|AMDOCS|20260523|2026-06-09|PEN|38.80|6.98|45.78
2076902654|CLIENT_00003|00742575|887507517|S7AA-0067070342|FACTURACION CICLICA|AMDOCS|20260523|2026-06-09|PEN|49.18|8.86|58.03
2034212173|CLIENT_00843|687675321|217543147|S7AA-0067848979|FACTURACION CICLICA|AMDOCS|20260523|2026-06-09|PEN|63.78|11.47|75.25
2004670915|CLIENT_00592|88502895|956438406|S5AA-0080592444|FACTURACION CICLICA|AMDOCS|20260518|2026-06-05|PEN|115.56|20.80|136.36
2012916743|CLIENT_00424|49115295|899852406|S5AA-0080636294|FACTURACION CICLICA|AMDOCS|20260518|2026-06-05|PEN|59.51|10.70|70.21
2074987251|CLIENT_00276|493801631|701615167|S7AA-0067926518|FACTURACION CICLICA|AMDOCS|20260523|2026-06-09|PEN|.00|.00|.00
2050636428|CLIENT_00398|56835575|851836537|S7AA-0067658554|FACTURACION CICLICA|AMDOCS|20260523|2026-06-09|PEN|23.44|4.21|27.65
2083487599|CLIENT_00850|87302575|681475163|S7AA-0067773884|FACTURACION CICLICA|AMDOCS|20260523|2026-06-09|PEN|31.38|5.65|37.03
2054531131|CLIENT_00467|994684231|107638557|S8AA-0007795228|FACTURACION CICLICA|AMDOCS|20260527|2026-06-13|PEN|17.79|3.21|21.00
2019876876|CLIENT_00461|428478431|050378957|S7AA-0067293328|FACTURACION CICLICA|AMDOCS|20260523|2026-06-09|PEN|53.33|9.60|62.93
2084499858|CLIENT_00232|441453231|918290957|S8AA-0007609857|FACTURACION CICLICA|AMDOCS|20260527|2026-06-13|PEN|79.79|14.36|94.15
2012438665|CLIENT_00737|844055821|106348157|S8AA-0007620896|FACTURACION CICLICA|AMDOCS|20260527|2026-06-13|PEN|112.36|20.22|132.58
2083295497|CLIENT_00376|304933921|324580157|S8AA-0007782540|FACTURACION CICLICA|AMDOCS|20260527|2026-06-13|PEN|45.91|8.27|54.18
2065302766|CLIENT_00963|947018531|636241167|S7AA-0067528807|FACTURACION CICLICA|AMDOCS|20260523|2026-06-09|PEN|85.65|15.43|101.08
2044662368|CLIENT_00741|866009421|231292067|S8AA-0007683430|FACTURACION CICLICA|AMDOCS|20260527|2026-06-13|PEN|53.33|9.60|62.93
2019876876|CLIENT_00461|428478431|604240067|S7AA-0067293347|FACTURACION CICLICA|AMDOCS|20260523|2026-06-09|PEN|53.33|9.60|62.93
2087019723|CLIENT_00085|124459521|882184547|S7AA-0067262410|FACTURACION CICLICA|AMDOCS|20260523|2026-06-09|PEN|100.67|18.12|118.79
2058314802|CLIENT_00763|236245531|804686067|S7AA-0067375206|FACTURACION CICLICA|AMDOCS|20260523|2026-06-09|PEN|17.79|3.21|21.00
2009434261|CLIENT_00759|274096121|010266957|S7AA-0067726870|FACTURACION CICLICA|AMDOCS|20260523|2026-06-09|PEN|53.33|9.60|62.93
2087942739|CLIENT_00546|62835575|593354357|S7AA-0067309367|FACTURACION CICLICA|AMDOCS|20260523|2026-06-09|PEN|27.64|4.98|32.62
2073578104|CLIENT_00612|93327575|247709501|S7AA-0067420964|FACTURACION CICLICA|AMDOCS|20260523|2026-06-09|PEN|127.97|3.42|131.39
2002500138|CLIENT_00445|92763575|382891443|S7AA-0067331077|FACTURACION CICLICA|AMDOCS|20260523|2026-06-09|PEN|25.21|4.54|29.75
2058571451|CLIENT_00813|047308221|730302257|S7AA-0067435260|FACTURACION CICLICA|AMDOCS|20260523|2026-06-09|PEN|37.31|6.72|44.03
2038993702|CLIENT_00732|908895821|457589947|S7AA-0067154874|FACTURACION CICLICA|AMDOCS|20260523|2026-06-09|PEN|17.79|3.21|21.00
2054807394|CLIENT_00152|761492421|784070847|S7AA-0067678451|FACTURACION CICLICA|AMDOCS|20260523|2026-06-09|PEN|142.32|25.61|167.93
2053911269|CLIENT_00373|775403901|137827047|S7AA-0067767557|FACTURACION CICLICA|AMDOCS|20260523|2026-06-09|PEN|59.26|10.67|69.93
2039863336|CLIENT_00791|676310921|898795057|S8AA-0007706152|FACTURACION CICLICA|AMDOCS|20260527|2026-06-13|PEN|45.87|8.25|54.12
2082639572|CLIENT_00284|697374231|179918557|S8AA-0007770918|FACTURACION CICLICA|AMDOCS|20260527|2026-06-13|PEN|26.33|4.75|31.08
2019876876|CLIENT_00461|428478431|979196957|S7AA-0067293236|FACTURACION CICLICA|AMDOCS|20260523|2026-06-09|PEN|53.33|9.60|62.93
2033817024|CLIENT_00437|974724031|772417257|S8AA-0007715522|FACTURACION CICLICA|AMDOCS|20260527|2026-06-13|PEN|25.21|4.54|29.75
2027876144|CLIENT_00343|481304131|873880457|S8AA-0007731001|FACTURACION CICLICA|AMDOCS|20260527|2026-06-13|PEN|20.53|3.69|24.22
2053765186|CLIENT_00416|51327575|870309501|S7AA-0067204088|FACTURACION CICLICA|AMDOCS|20260523|2026-06-09|PEN|64.60|11.63|76.23
2070214710|CLIENT_00242|11783575|061961093|S7AA-0067169028|FACTURACION CICLICA|AMDOCS|20260523|2026-06-09|PEN|36.48|6.57|43.05
2030170496|CLIENT_00469|339091911|641226957|S7AA-0067374475|FACTURACION CICLICA|AMDOCS|20260523|2026-06-09|PEN|50.06|9.02|59.08
2058314802|CLIENT_00763|236245531|924196067|S7AA-0067375212|FACTURACION CICLICA|AMDOCS|20260523|2026-06-09|PEN|17.79|3.21|21.00
2019876876|CLIENT_00461|428478431|201678957|S7AA-0067293330|FACTURACION CICLICA|AMDOCS|20260523|2026-06-09|PEN|53.33|9.60|62.93
2023967163|CLIENT_00238|586659131|785560657|S7AA-0067842914|FACTURACION CICLICA|AMDOCS|20260523|2026-06-09|PEN|59.26|10.67|69.93
2058314802|CLIENT_00763|236245531|860296067|S7AA-0067375214|FACTURACION CICLICA|AMDOCS|20260523|2026-06-09|PEN|17.79|3.21|21.00
2019876876|CLIENT_00461|428478431|112896957|S7AA-0067293253|FACTURACION CICLICA|AMDOCS|20260523|2026-06-09|PEN|53.33|9.60|62.93
2024687919|CLIENT_00136|657982821|839284947|S7AA-0067579383|FACTURACION CICLICA|AMDOCS|20260523|2026-06-09|PEN|14.76|2.67|17.43
2023740275|CLIENT_00569|514240531|266739957|S5AA-0080795921|FACTURACION CICLICA|AMDOCS|20260518|2026-06-05|PEN|77.06|13.87|90.93
2062806803|CLIENT_00496|219732621|662884257|S8AA-0007511183|FACTURACION CICLICA|AMDOCS|20260527|2026-06-13|PEN|88.92|16.01|104.93
2090067728|CLIENT_00394|381932431|540017857|S8AA-0007728717|FACTURACION CICLICA|AMDOCS|20260527|2026-06-13|PEN|37.91|6.83|44.73
2058314802|CLIENT_00763|236245531|788986067|S7AA-0067375208|FACTURACION CICLICA|AMDOCS|20260523|2026-06-09|PEN|17.79|3.21|21.00
2085903598|CLIENT_00188|377600331|663396657|S8AA-0007697869|FACTURACION CICLICA|AMDOCS|20260527|2026-06-13|PEN|23.67|4.26|27.93
2012809849|CLIENT_00597|566665331|265726757|S8AA-0007673527|FACTURACION CICLICA|AMDOCS|20260527|2026-06-13|PEN|41.47|7.46|48.93
2066842380|CLIENT_00337|051238721|086657847|S7AA-0067524920|FACTURACION CICLICA|AMDOCS|20260523|2026-06-09|PEN|52.14|9.39|61.53
2027980795|CLIENT_00244|431913521|997214257|S8AA-0007578315|FACTURACION CICLICA|AMDOCS|20260527|2026-06-13|PEN|88.92|16.01|104.93
2084347031|CLIENT_00887|65625575|596121473|S7AA-0067575326|FACTURACION CICLICA|AMDOCS|20260523|2026-06-09|PEN|118.52|21.34|139.86
2024687919|CLIENT_00136|657982821|607498947|S7AA-0067579418|FACTURACION CICLICA|AMDOCS|20260523|2026-06-09|PEN|14.83|2.67|17.50
2082132796|CLIENT_00138|931871221|131645447|S7AA-0067424804|FACTURACION CICLICA|AMDOCS|20260523|2026-06-09|PEN|18.98|3.42|22.40
2004792943|CLIENT_00818|261453231|813596557|S8AA-0007664074|FACTURACION CICLICA|AMDOCS|20260527|2026-06-13|PEN|106.72|19.21|125.93
2005357307|CLIENT_00223|619846321|040684547|S8AA-0007522628|FACTURACION CICLICA|AMDOCS|20260527|2026-06-13|PEN|43.25|7.78|51.03
2050348529|CLIENT_00770|567857431|569905957|S5AA-0080428144|FACTURACION CICLICA|AMDOCS|20260518|2026-06-05|PEN|94.74|17.05|111.79
2022213767|CLIENT_00116|927628431|225016957|S7AA-0067338450|FACTURACION CICLICA|AMDOCS|20260523|2026-06-09|PEN|94.86|17.07|111.93
1042311948|CLIENT_00722|68154575|480054063|S7AA-0067846086|FACTURACION CICLICA|AMDOCS|20260523|2026-06-09|PEN|31.38|5.65|37.03
2002866357|CLIENT_00707|95245575|517319873|S7AA-0067602511|FACTURACION CICLICA|AMDOCS|20260523|2026-06-09|PEN|12.40|2.23|14.63
2005956371|CLIENT_00911|328548921|896983857|S8AA-0007545730|FACTURACION CICLICA|AMDOCS|20260527|2026-06-13|PEN|139.04|25.04|164.08
2074525786|CLIENT_00733|626387331|649870857|S8AA-0007554817|FACTURACION CICLICA|AMDOCS|20260527|2026-06-13|PEN|65.20|11.73|76.93
2045396307|CLIENT_00536|93721575|367487401|S7AA-0067420940|FACTURACION CICLICA|AMDOCS|20260523|2026-06-09|PEN|26.40|4.75|31.15
2040313126|CLIENT_00058|373089521|485148747|S8AA-0007696707|FACTURACION CICLICA|AMDOCS|20260527|2026-06-13|PEN|26.69|4.81|31.50
2084347031|CLIENT_00887|435846421|343721347|S8AA-0007577481|FACTURACION CICLICA|AMDOCS|20260527|2026-06-13|PEN|237.23|42.70|279.93
2053487352|CLIENT_00912|193190921|923907057|S8AA-0007751947|FACTURACION CICLICA|AMDOCS|20260527|2026-06-13|PEN|56.06|10.09|66.15
2019876876|CLIENT_00461|428478431|992088957|S7AA-0067293336|FACTURACION CICLICA|AMDOCS|20260523|2026-06-09|PEN|53.33|9.60|62.93
2002866357|CLIENT_00707|833798331|322612857|S8AA-0007591358|FACTURACION CICLICA|AMDOCS|20260527|2026-06-13|PEN|103.52|18.63|122.15
2071395567|CLIENT_00118|491813321|475225047|S9AA-0081991691|FACTURACION CICLICA|AMDOCS|20260601|2026-06-17|PEN|69.88|12.58|82.46
2009737179|CLIENT_00686|361279031|102535357|S8AA-0007666869|FACTURACION CICLICA|AMDOCS|20260527|2026-06-13|PEN|19.87|3.58|23.45
2084347031|CLIENT_00887|435846421|419702347|S8AA-0007577503|FACTURACION CICLICA|AMDOCS|20260527|2026-06-13|PEN|100.79|18.14|118.93
2077915409|CLIENT_00992|708407031|813111357|S8AA-0007496018|FACTURACION CICLICA|AMDOCS|20260527|2026-06-13|PEN|6.29|1.13|7.42
2011020714|CLIENT_00404|685639431|280877957|S8AA-0007738164|FACTURACION CICLICA|AMDOCS|20260527|2026-06-13|PEN|20.47|3.68|24.15
2049062431|CLIENT_00233|359002531|699571067|S8AA-0007640658|FACTURACION CICLICA|AMDOCS|20260527|2026-06-13|PEN|23.44|4.21|27.65
2003740540|CLIENT_00568|36984575|533151601|S7AA-0067637750|FACTURACION CICLICA|AMDOCS|20260523|2026-06-09|PEN|56.29|10.14|66.43
2042683095|CLIENT_00668|007978821|636514057|S8AA-0007773264|FACTURACION CICLICA|AMDOCS|20260527|2026-06-13|PEN|20.53|3.69|24.22
2037638826|CLIENT_00969|301015531|471236067|S6AA-0000021848|FACTURACION CICLICA|AMDOCS|20260520|2026-06-03|PEN|23.43|4.22|27.65
2023184952|CLIENT_00156|012480921|236896057|S8AA-0008026217|FACTURACION CICLICA|AMDOCS|20260627|2026-07-13|PEN|20.53|3.69|24.22
2058153118|CLIENT_00729|853875821|741139947|S8AA-0007651167|FACTURACION CICLICA|AMDOCS|20260527|2026-06-13|PEN|40.04|7.21|47.25
2082378549|CLIENT_00977|247828421|766824347|S8AA-0007601867|FACTURACION CICLICA|AMDOCS|20260527|2026-06-13|PEN|137.57|24.76|162.33
2031395900|CLIENT_00781|181668011|139106557|S7AA-0067806643|FACTURACION CICLICA|AMDOCS|20260523|2026-06-09|PEN|100.49|18.09|118.58
2001156117|CLIENT_00442|622439031|682444357|S8AA-0007554066|FACTURACION CICLICA|AMDOCS|20260527|2026-06-13|PEN|44.13|7.95|52.08
2053911269|CLIENT_00373|775403901|520911167|S7AA-0067772773|FACTURACION CICLICA|AMDOCS|20260523|2026-06-09|PEN|23.67|4.26|27.93
2019876876|CLIENT_00461|428478431|132296957|S7AA-0067293238|FACTURACION CICLICA|AMDOCS|20260523|2026-06-09|PEN|53.33|9.60|62.93
2019848889|CLIENT_00982|915098421|046892647|S8AA-0007531918|FACTURACION CICLICA|AMDOCS|20260527|2026-06-13|PEN|42.35|7.63|49.98
2084347031|CLIENT_00887|435846421|136952347|S8AA-0007577504|FACTURACION CICLICA|AMDOCS|20260527|2026-06-13|PEN|112.65|20.28|132.93
2021032699|CLIENT_00278|270555321|398451247|S8AA-0007693292|FACTURACION CICLICA|AMDOCS|20260527|2026-06-13|PEN|27.23|4.90|32.13
2001889079|CLIENT_00441|492475901|625170817|S7AA-0067919456|FACTURACION CICLICA|AMDOCS|20260523|2026-06-09|PEN|59.26|10.67|69.93
2088706641|CLIENT_00419|87007116|461196257|S9AA-0081854894|FACTURACION CICLICA|AMDOCS|20260601|2026-06-17|PEN|41.47|7.46|48.93
2073030272|CLIENT_00502|407044131|445350957|S8AA-0007786729|FACTURACION CICLICA|AMDOCS|20260527|2026-06-13|PEN|83.64|15.06|98.70
2097496783|CLIENT_00785|177349331|280533857|S7AA-0067717260|FACTURACION CICLICA|AMDOCS|20260523|2026-06-09|PEN|115.56|20.80|136.36
2027249828|CLIENT_00172|175639431|395777957|S8AA-0007692454|FACTURACION CICLICA|AMDOCS|20260527|2026-06-13|PEN|17.79|3.21|21.00
2004941501|CLIENT_00776|050502621|445019857|S8AA-0007628139|FACTURACION CICLICA|AMDOCS|20260527|2026-06-13|PEN|83.06|14.95|98.00
2005357307|CLIENT_00223|619846321|878242147|S8AA-0007519413|FACTURACION CICLICA|AMDOCS|20260527|2026-06-13|PEN|59.86|10.77|70.63
2041506167|CLIENT_00025|176577131|451085167|S9AA-0081804936|FACTURACION CICLICA|AMDOCS|20260601|2026-06-17|PEN|23.43|4.22|27.65
2051502270|CLIENT_00832|574333621|371131647|S7AA-0067750218|FACTURACION CICLICA|AMDOCS|20260523|2026-06-09|PEN|88.92|16.01|104.93
2031026995|CLIENT_00400|453879131|507810557|S8AA-0007642701|FACTURACION CICLICA|AMDOCS|20260527|2026-06-13|PEN|100.79|18.14|118.93
2097998127|CLIENT_00891|108688031|435704357|S7AA-0067083643|FACTURACION CICLICA|AMDOCS|20260523|2026-06-09|PEN|91.66|16.49|108.15
2098363854|CLIENT_00063|66883006|651430506|S9AA-0081746749|FACTURACION CICLICA|AMDOCS|20260601|2026-06-17|PEN|94.86|17.07|111.93
2053805361|CLIENT_00167|051203231|315635557|S8AA-0007627540|FACTURACION CICLICA|AMDOCS|20260527|2026-06-13|PEN|23.67|4.26|27.93
2053555214|CLIENT_00159|963595521|864148447|S8AA-0007985394|FACTURACION CICLICA|AMDOCS|20260627|2026-07-13|PEN|43.25|7.78|51.03
2070952060|CLIENT_00669|159389821|305959657|S8AA-0007630728|FACTURACION CICLICA|AMDOCS|20260527|2026-06-13|PEN|17.74|3.19|20.93
2019876876|CLIENT_00461|428478431|873778957|S7AA-0067293333|FACTURACION CICLICA|AMDOCS|20260523|2026-06-09|PEN|53.33|9.60|62.93
2039485996|CLIENT_00766|789926621|661336167|S8AA-0007741974|FACTURACION CICLICA|AMDOCS|20260527|2026-06-13|PEN|1.53|.29|1.82
2084384500|CLIENT_00932|548262321|965273047|S9AA-0082441003|FACTURACION CICLICA|AMDOCS|20260601|2026-06-17|PEN|44.44|7.99|52.43
2015571136|CLIENT_00819|22251785|645227306|S9AA-0082229737|FACTURACION CICLICA|AMDOCS|20260601|2026-06-17|PEN|84.83|15.27|100.10
2042422772|CLIENT_00369|03027706|011187506|S9AA-0082300067|FACTURACION CICLICA|AMDOCS|20260601|2026-06-17|PEN|32.63|5.87|38.50
2027876144|CLIENT_00343|481304131|460428657|S8AA-0007731403|FACTURACION CICLICA|AMDOCS|20260527|2026-06-13|PEN|20.46|3.69|24.15
2074525786|CLIENT_00733|626387331|741541857|S8AA-0007554818|FACTURACION CICLICA|AMDOCS|20260527|2026-06-13|PEN|82.99|14.94|97.93
2017913151|CLIENT_00482|626911331|596078657|S8AA-0007554583|FACTURACION CICLICA|AMDOCS|20260527|2026-06-13|PEN|26.40|4.75|31.15
2072690831|CLIENT_00802|150349921|892599157|S8AA-0007630119|FACTURACION CICLICA|AMDOCS|20260527|2026-06-13|PEN|103.69|18.67|122.36
2090130796|CLIENT_00833|871323321|472868847|S7AA-0068382846|FACTURACION CICLICA|AMDOCS|20260623|2026-07-09|PEN|38.26|6.89|45.15
2019876876|CLIENT_00461|428478431|264678957|S7AA-0067293331|FACTURACION CICLICA|AMDOCS|20260523|2026-06-09|PEN|53.33|9.60|62.93
2070236567|CLIENT_00464|147174821|156534857|S8AA-0007600567|FACTURACION CICLICA|AMDOCS|20260527|2026-06-13|PEN|65.20|11.73|76.93
2036568728|CLIENT_00322|38331516|680339747|S9AA-0081897466|FACTURACION CICLICA|AMDOCS|20260601|2026-06-17|PEN|88.92|16.01|104.93
2019876876|CLIENT_00461|428478431|584878957|S7AA-0067293334|FACTURACION CICLICA|AMDOCS|20260523|2026-06-09|PEN|53.33|9.60|62.93
2029816520|CLIENT_00874|244414621|676462647|S8AA-0007602046|FACTURACION CICLICA|AMDOCS|20260527|2026-06-13|PEN|31.38|5.65|37.03
2049062431|CLIENT_00233|359002531|962071067|S8AA-0007640654|FACTURACION CICLICA|AMDOCS|20260527|2026-06-13|PEN|23.44|4.21|27.65
2088901543|CLIENT_00185|624034821|708531067|S8AA-0007555234|FACTURACION CICLICA|AMDOCS|20260527|2026-06-13|PEN|88.92|16.01|104.93
2071170607|CLIENT_00207|14288385|267995647|S9AA-0082398480|FACTURACION CICLICA|AMDOCS|20260601|2026-06-17|PEN|72.02|12.96|84.98
2083393986|CLIENT_00825|128846421|419521347|S8AA-0008059525|FACTURACION CICLICA|AMDOCS|20260627|2026-07-13|PEN|42.65|7.68|50.33
2092679466|CLIENT_00431|66409995|202000506|S9AA-0081746741|FACTURACION CICLICA|AMDOCS|20260601|2026-06-17|PEN|83.06|14.94|98.00
2029524666|CLIENT_00651|491668521|301333547|S8AA-0007760563|FACTURACION CICLICA|AMDOCS|20260527|2026-06-13|PEN|61.04|10.99|72.03
2053805361|CLIENT_00167|051203231|315635557|S8AA-0007924837|FACTURACION CICLICA|AMDOCS|20260627|2026-07-13|PEN|23.67|4.26|27.93
2059791752|CLIENT_00929|75231785|312517857|S9AA-0081683069|FACTURACION CICLICA|AMDOCS|20260601|2026-06-17|PEN|123.21|22.18|145.39
2082291564|CLIENT_00752|746839331|812763857|S8AA-0007618947|FACTURACION CICLICA|AMDOCS|20260527|2026-06-13|PEN|162.65|29.29|191.94
2063869275|CLIENT_00067|78225906|547183737|S9AA-0081930936|FACTURACION CICLICA|AMDOCS|20260601|2026-06-17|PEN|47.40|8.53|55.93
2012285306|CLIENT_00349|608231121|838759737|S7AA-0068628473|FACTURACION CICLICA|AMDOCS|20260623|2026-07-09|PEN|47.40|8.53|55.93
2025969955|CLIENT_00430|138477221|459982937|S7AA-0067351863|FACTURACION CICLICA|AMDOCS|20260523|2026-06-09|PEN|86.49|15.57|102.06
2070236567|CLIENT_00464|147174821|156534857|S8AA-0007897451|FACTURACION CICLICA|AMDOCS|20260627|2026-07-13|PEN|65.20|11.73|76.93
2011020714|CLIENT_00404|685639431|280877957|S8AA-0007842153|FACTURACION CICLICA|AMDOCS|20260627|2026-07-13|PEN|20.47|3.68|24.15
2064536829|CLIENT_00259|977321531|298570067|S7AA-0067790276|FACTURACION CICLICA|AMDOCS|20260523|2026-06-09|PEN|79.79|14.36|94.15
2028858667|CLIENT_00821|87664306|771448857|S9AA-0081855840|FACTURACION CICLICA|AMDOCS|20260601|2026-06-17|PEN|23.67|4.26|27.93
2050562330|CLIENT_00282|398260721|394614747|S8AA-0007757681|FACTURACION CICLICA|AMDOCS|20260527|2026-06-13|PEN|52.14|9.39|61.53
2077292308|CLIENT_00945|380329421|311026347|S8AA-0007726931|FACTURACION CICLICA|AMDOCS|20260527|2026-06-13|PEN|18.10|3.26|21.35
2045106571|CLIENT_00547|34818616|650877606|S9AA-0082412666|FACTURACION CICLICA|AMDOCS|20260601|2026-06-17|PEN|32.39|5.83|38.22
2082639572|CLIENT_00284|697374231|834028557|S8AA-0007770919|FACTURACION CICLICA|AMDOCS|20260527|2026-06-13|PEN|26.33|4.75|31.08
2066104589|CLIENT_00649|764058921|644919157|S8AA-0007678951|FACTURACION CICLICA|AMDOCS|20260527|2026-06-13|PEN|32.33|5.82|38.15
2053805361|CLIENT_00167|051203231|727735557|S8AA-0007627541|FACTURACION CICLICA|AMDOCS|20260527|2026-06-13|PEN|23.67|4.26|27.93
2084499858|CLIENT_00232|441453231|918290957|S8AA-0007906861|FACTURACION CICLICA|AMDOCS|20260627|2026-07-13|PEN|103.52|18.63|122.15
2053891306|CLIENT_00166|983219311|870950757|S9AA-0081950759|FACTURACION CICLICA|AMDOCS|20260601|2026-06-17|PEN|14.24|2.56|16.80
2085992497|CLIENT_00065|19585595|563121747|S9AA-0081966639|FACTURACION CICLICA|AMDOCS|20260601|2026-06-17|PEN|94.86|17.07|111.93
2049062431|CLIENT_00233|359002531|781671067|S8AA-0007640659|FACTURACION CICLICA|AMDOCS|20260527|2026-06-13|PEN|23.44|4.21|27.65
2000357153|CLIENT_00510|157860721|105625747|S8AA-0007926971|FACTURACION CICLICA|AMDOCS|20260627|2026-07-13|PEN|88.92|16.01|104.93
2001115330|CLIENT_00908|935732531|860232067|S9AA-0082392053|FACTURACION CICLICA|AMDOCS|20260601|2026-06-17|PEN|103.10|18.56|121.66
2002866357|CLIENT_00707|833798331|800712857|S8AA-0007888122|FACTURACION CICLICA|AMDOCS|20260627|2026-07-13|PEN|100.79|18.14|118.93
2041506167|CLIENT_00025|53091575|556319627|S9AA-0082344815|FACTURACION CICLICA|AMDOCS|20260601|2026-06-17|PEN|39.10|7.04|46.13
2078272562|CLIENT_00198|530659421|808326257|S8AA-0007581347|FACTURACION CICLICA|AMDOCS|20260527|2026-06-13|PEN|133.36|24.00|157.36
2085903598|CLIENT_00188|377600331|938296657|S8AA-0007697868|FACTURACION CICLICA|AMDOCS|20260527|2026-06-13|PEN|31.15|5.60|36.75
2057947861|CLIENT_00539|944561521|068808547|S8AA-0007623369|FACTURACION CICLICA|AMDOCS|20260527|2026-06-13|PEN|109.63|19.73|129.36
2061945853|CLIENT_00964|255218521|225916657|S8AA-0007633832|FACTURACION CICLICA|AMDOCS|20260527|2026-06-13|PEN|53.33|9.60|62.93
2088901543|CLIENT_00185|624034821|708531067|S8AA-0008077079|FACTURACION CICLICA|AMDOCS|20260627|2026-07-13|PEN|88.92|16.01|104.93
2032184225|CLIENT_00719|96912895|713638406|S9AA-0081772648|FACTURACION CICLICA|AMDOCS|20260601|2026-06-17|PEN|218.07|39.25|257.32
2058943768|CLIENT_00054|32045595|727955406|S9AA-0082239170|FACTURACION CICLICA|AMDOCS|20260601|2026-06-17|PEN|78.84|14.19|93.03
2078692933|CLIENT_00993|72356185|353361306|S9AA-0082272610|FACTURACION CICLICA|AMDOCS|20260601|2026-06-17|PEN|56.29|10.14|66.43
2039728300|CLIENT_00575|10215575|273905173|S7AA-0067078493|FACTURACION CICLICA|AMDOCS|20260523|2026-06-09|PEN|33.75|6.08|39.83
2082639572|CLIENT_00284|697374231|179918557|S8AA-0007872311|FACTURACION CICLICA|AMDOCS|20260627|2026-07-13|PEN|26.40|4.75|31.15
2090597659|CLIENT_00606|509664721|717790847|S8AA-0007766858|FACTURACION CICLICA|AMDOCS|20260527|2026-06-13|PEN|66.26|11.93|78.19
2005357307|CLIENT_00223|619846321|040684547|S8AA-0008044159|FACTURACION CICLICA|AMDOCS|20260627|2026-07-13|PEN|43.25|7.78|51.03
2084384500|CLIENT_00932|348670421|589093457|S8AA-0007606060|FACTURACION CICLICA|AMDOCS|20260527|2026-06-13|PEN|65.20|11.73|76.93
2086851615|CLIENT_00905|455932421|976083247|S8AA-0007641443|FACTURACION CICLICA|AMDOCS|20260527|2026-06-13|PEN|40.05|7.20|47.25
2095839381|CLIENT_00231|433723521|437853447|S8AA-0008099788|FACTURACION CICLICA|AMDOCS|20260627|2026-07-13|PEN|59.26|10.67|69.93
2002866357|CLIENT_00707|833798331|800712857|S8AA-0007591360|FACTURACION CICLICA|AMDOCS|20260527|2026-06-13|PEN|100.79|18.14|118.93
2093830022|CLIENT_00544|98001806|151528506|S9AA-0081945796|FACTURACION CICLICA|AMDOCS|20260601|2026-06-17|PEN|81.56|14.69|96.25
2082156443|CLIENT_00237|478999431|480988957|S9AA-0081821679|FACTURACION CICLICA|AMDOCS|20260601|2026-06-17|PEN|30.02|5.40|35.42
2059508137|CLIENT_00794|05428495|209194406|S9AA-0082472406|FACTURACION CICLICA|AMDOCS|20260601|2026-06-17|PEN|94.86|17.07|111.93
2047601641|CLIENT_00663|788183431|166539857|S8AA-0007741003|FACTURACION CICLICA|AMDOCS|20260527|2026-06-13|PEN|145.10|26.12|171.22
2060519712|CLIENT_00827|67219716|446239757|S9AA-0081838477|FACTURACION CICLICA|AMDOCS|20260601|2026-06-17|PEN|100.79|18.14|118.93
2076412738|CLIENT_00914|99741685|789189737|S9AA-0082043342|FACTURACION CICLICA|AMDOCS|20260601|2026-06-17|PEN|47.40|8.53|55.93
2046639773|CLIENT_00422|659895821|033750167|S8AA-0007647080|FACTURACION CICLICA|AMDOCS|20260527|2026-06-13|PEN|50.13|9.02|59.15
2050652193|CLIENT_00104|99098006|905422857|S9AA-0082045904|FACTURACION CICLICA|AMDOCS|20260601|2026-06-17|PEN|118.59|21.34|139.93
2082639572|CLIENT_00284|697374231|834028557|S8AA-0007872312|FACTURACION CICLICA|AMDOCS|20260627|2026-07-13|PEN|26.40|4.75|31.15
2042647818|CLIENT_00266|28064185|601803837|S9AA-0081887844|FACTURACION CICLICA|AMDOCS|20260601|2026-06-17|PEN|31.74|5.71|37.45
2023184952|CLIENT_00156|012480921|578796057|S8AA-0007504936|FACTURACION CICLICA|AMDOCS|20260527|2026-06-13|PEN|59.33|10.67|70.00
2083393986|CLIENT_00825|128846421|419521347|S8AA-0007537799|FACTURACION CICLICA|AMDOCS|20260527|2026-06-13|PEN|42.65|7.68|50.33
2068848408|CLIENT_00004|472307131|692206457|S9AA-0081820600|FACTURACION CICLICA|AMDOCS|20260601|2026-06-17|PEN|65.13|11.73|76.86
2015037424|CLIENT_00556|659007621|374887647|S8AA-0007644793|FACTURACION CICLICA|AMDOCS|20260527|2026-06-13|PEN|25.45|4.58|30.03
2041085342|CLIENT_00197|14445206|027916737|S9AA-0082397498|FACTURACION CICLICA|AMDOCS|20260601|2026-06-17|PEN|35.53|6.40|41.93
2042176157|CLIENT_00570|26577195|667581406|S9AA-0081711638|FACTURACION CICLICA|AMDOCS|20260601|2026-06-17|PEN|125.64|22.62|148.26
2066464531|CLIENT_00087|48105906|087129506|S9AA-0081902572|FACTURACION CICLICA|AMDOCS|20260601|2026-06-17|PEN|103.52|18.63|122.15
2061270007|CLIENT_00298|22329095|011101406|S9AA-0082229979|FACTURACION CICLICA|AMDOCS|20260601|2026-06-17|PEN|113.25|20.38|133.63
2005090949|CLIENT_00830|731945331|979976857|S9AA-0082365799|FACTURACION CICLICA|AMDOCS|20260601|2026-06-17|PEN|33.94|6.10|40.04
2088089421|CLIENT_00726|72537285|297272306|S9AA-0082272719|FACTURACION CICLICA|AMDOCS|20260601|2026-06-17|PEN|96.52|17.37|113.89
2077048357|CLIENT_00123|494871031|192283257|S8AA-0007761251|FACTURACION CICLICA|AMDOCS|20260527|2026-06-13|PEN|100.79|18.14|118.93
2026562260|CLIENT_00100|97851885|747228306|S9AA-0081858291|FACTURACION CICLICA|AMDOCS|20260601|2026-06-17|PEN|63.29|11.40|74.69
2087931136|CLIENT_00555|229539621|416642747|S9AA-0082234271|FACTURACION CICLICA|AMDOCS|20260601|2026-06-17|PEN|20.35|3.66|24.01
2049062431|CLIENT_00233|359002531|609571067|S8AA-0007640657|FACTURACION CICLICA|AMDOCS|20260527|2026-06-13|PEN|23.44|4.21|27.65
2026807327|CLIENT_00677|64288416|286845057|S9AA-0082450960|FACTURACION CICLICA|AMDOCS|20260601|2026-06-17|PEN|23.67|4.26|27.93
2004403801|CLIENT_00180|592125221|285106657|S9AA-0082002453|FACTURACION CICLICA|AMDOCS|20260601|2026-06-17|PEN|115.38|20.77|136.15
2058943768|CLIENT_00054|77299695|098279857|S9AA-0081847290|FACTURACION CICLICA|AMDOCS|20260601|2026-06-17|PEN|77.06|13.87|90.93
1003385935|CLIENT_00953|57782806|460217237|S9AA-0081826717|FACTURACION CICLICA|AMDOCS|20260601|2026-06-17|PEN|111.76|20.12|131.88
2088706641|CLIENT_00419|87007116|449196257|S9AA-0081854895|FACTURACION CICLICA|AMDOCS|20260601|2026-06-17|PEN|41.47|7.46|48.93
2015648856|CLIENT_00530|52223795|620789857|S9AA-0082262296|FACTURACION CICLICA|AMDOCS|20260601|2026-06-17|PEN|91.83|16.53|108.36
1031024653|CLIENT_00975|77371095|521620406|S9AA-0081841105|FACTURACION CICLICA|AMDOCS|20260601|2026-06-17|PEN|93.08|16.75|109.83
2028712026|CLIENT_00204|50691516|652026606|S9AA-0082084350|FACTURACION CICLICA|AMDOCS|20260601|2026-06-17|PEN|152.40|27.43|179.83
2056036658|CLIENT_00097|43899716|793398606|S9AA-0082334916|FACTURACION CICLICA|AMDOCS|20260601|2026-06-17|PEN|74.69|13.44|88.13
2050836779|CLIENT_00070|702465221|263158937|S9AA-0082103906|FACTURACION CICLICA|AMDOCS|20260601|2026-06-17|PEN|115.26|20.75|136.01
2086851615|CLIENT_00905|455932421|176083247|S8AA-0007641442|FACTURACION CICLICA|AMDOCS|20260527|2026-06-13|PEN|40.05|7.20|47.25
2049062431|CLIENT_00233|359002531|416571067|S8AA-0007640655|FACTURACION CICLICA|AMDOCS|20260527|2026-06-13|PEN|23.44|4.21|27.65
2028712026|CLIENT_00204|71891516|082026606|S9AA-0082188090|FACTURACION CICLICA|AMDOCS|20260601|2026-06-17|PEN|95.87|17.26|113.12
2067392845|CLIENT_00917|62874416|429371067|S9AA-0082271094|FACTURACION CICLICA|AMDOCS|20260601|2026-06-17|PEN|94.86|17.07|111.93
2006459799|CLIENT_00837|22696485|744180937|S9AA-0082233408|FACTURACION CICLICA|AMDOCS|20260601|2026-06-17|PEN|59.98|10.79|70.77
2089896350|CLIENT_00217|38546016|135880167|S9AA-0081899772|FACTURACION CICLICA|AMDOCS|20260601|2026-06-17|PEN|68.16|12.27|80.43
2010399017|CLIENT_00723|96621595|683815406|S9AA-0081772450|FACTURACION CICLICA|AMDOCS|20260601|2026-06-17|PEN|100.55|18.10|118.65
2042422772|CLIENT_00369|86640595|770715406|S9AA-0081763816|FACTURACION CICLICA|AMDOCS|20260601|2026-06-17|PEN|90.71|16.32|107.03
2073133607|CLIENT_00035|119545331|016136757|S9AA-0082140758|FACTURACION CICLICA|AMDOCS|20260601|2026-06-17|PEN|47.40|8.53|55.93
2002302343|CLIENT_00020|281114021|509180557|S9AA-0081889821|FACTURACION CICLICA|AMDOCS|20260601|2026-06-17|PEN|44.20|7.95|52.15
2095839381|CLIENT_00231|433723521|437853447|S8AA-0007577549|FACTURACION CICLICA|AMDOCS|20260527|2026-06-13|PEN|59.26|10.67|69.93
2000357153|CLIENT_00510|157860721|105625747|S8AA-0007629596|FACTURACION CICLICA|AMDOCS|20260527|2026-06-13|PEN|66.75|12.01|78.75
2010945037|CLIENT_00252|95990595|158692337|S9AA-0081671369|FACTURACION CICLICA|AMDOCS|20260601|2026-06-17|PEN|90.71|16.32|107.03
2039714658|CLIENT_00290|39441885|564428306|S9AA-0081979255|FACTURACION CICLICA|AMDOCS|20260601|2026-06-17|PEN|159.33|28.69|188.02
2063051543|CLIENT_00629|90065095|504460406|S9AA-0082117647|FACTURACION CICLICA|AMDOCS|20260601|2026-06-17|PEN|72.02|12.96|84.98
2023184952|CLIENT_00156|012480921|236896057|S8AA-0007504937|FACTURACION CICLICA|AMDOCS|20260527|2026-06-13|PEN|17.79|3.21|21.00
2049062431|CLIENT_00233|359002531|908571067|S8AA-0007640656|FACTURACION CICLICA|AMDOCS|20260527|2026-06-13|PEN|23.44|4.21|27.65
2060838699|CLIENT_00947|680441621|160708547|S9AA-0081923142|FACTURACION CICLICA|AMDOCS|20260601|2026-06-17|PEN|41.47|7.46|48.93
2000414951|CLIENT_00221|305626821|438010057|S8AA-0007782391|FACTURACION CICLICA|AMDOCS|20260527|2026-06-13|PEN|17.79|3.21|21.00
2096711703|CLIENT_00428|581765021|189262437|S9AA-0081913288|FACTURACION CICLICA|AMDOCS|20260601|2026-06-17|PEN|122.08|21.98|144.06
2067006652|CLIENT_00878|76781206|077143147|S9AA-0081758584|FACTURACION CICLICA|AMDOCS|20260601|2026-06-17|PEN|10.39|1.86|12.25
2050836779|CLIENT_00070|702465221|633428837|S9AA-0082103780|FACTURACION CICLICA|AMDOCS|20260601|2026-06-17|PEN|73.86|13.29|87.15
2091691985|CLIENT_00508|77873195|129741406|S9AA-0081841193|FACTURACION CICLICA|AMDOCS|20260601|2026-06-17|PEN|56.59|10.19|66.78
2006444143|CLIENT_00059|83690706|065884557|S9AA-0082373878|FACTURACION CICLICA|AMDOCS|20260601|2026-06-17|PEN|47.40|8.53|55.93
2030936191|CLIENT_00715|149263621|898524947|S9AA-0082398846|FACTURACION CICLICA|AMDOCS|20260601|2026-06-17|PEN|142.32|25.61|167.93
2042647818|CLIENT_00266|28064185|904743157|S9AA-0081889332|FACTURACION CICLICA|AMDOCS|20260601|2026-06-17|PEN|11.63|2.09|13.72
2093258591|CLIENT_00642|555856521|016720547|S8AA-0007635538|FACTURACION CICLICA|AMDOCS|20260527|2026-06-13|PEN|52.14|9.39|61.53
2028712026|CLIENT_00204|30022516|002026606|S9AA-0082067056|FACTURACION CICLICA|AMDOCS|20260601|2026-06-17|PEN|437.02|78.67|515.69
2023773061|CLIENT_00328|911133111|511291917|S9AA-0082206175|FACTURACION CICLICA|AMDOCS|20260601|2026-06-17|PEN|39.33|7.08|46.41
2047585517|CLIENT_00754|914343231|116763067|S9AA-0082219337|FACTURACION CICLICA|AMDOCS|20260601|2026-06-17|PEN|62.87|11.33|74.20
2066260318|CLIENT_00101|761871711|750514047|S9AA-0081758463|FACTURACION CICLICA|AMDOCS|20260601|2026-06-17|PEN|17.92|3.22|21.14
2082202511|CLIENT_00338|53080816|885009606|S9AA-0082343609|FACTURACION CICLICA|AMDOCS|20260601|2026-06-17|PEN|104.59|18.82|123.41
2088706641|CLIENT_00419|87007116|725096257|S9AA-0081854893|FACTURACION CICLICA|AMDOCS|20260601|2026-06-17|PEN|41.47|7.46|48.93
2013870601|CLIENT_00098|572674121|926932637|S9AA-0081827049|FACTURACION CICLICA|AMDOCS|20260601|2026-06-17|PEN|41.47|7.46|48.93
2034958413|CLIENT_00366|77661495|794524406|S9AA-0081841399|FACTURACION CICLICA|AMDOCS|20260601|2026-06-17|PEN|60.15|10.83|70.98
2091907227|CLIENT_00779|37698395|462643757|S9AA-0081812496|FACTURACION CICLICA|AMDOCS|20260601|2026-06-17|PEN|106.95|19.26|126.21
2006444294|CLIENT_00359|01797306|954073506|S9AA-0082126917|FACTURACION CICLICA|AMDOCS|20260601|2026-06-17|PEN|119.77|21.56|141.33
2000875718|CLIENT_00769|42605416|079421067|S9AA-0082253765|FACTURACION CICLICA|AMDOCS|20260601|2026-06-17|PEN|8.01|1.44|9.45
2046859398|CLIENT_00764|60084616|092066606|S9AA-0082092899|FACTURACION CICLICA|AMDOCS|20260601|2026-06-17|PEN|23.73|4.27|28.00
2037039972|CLIENT_00968|056068111|605125447|S9AA-0082476179|FACTURACION CICLICA|AMDOCS|20260601|2026-06-17|PEN|62.94|11.33|74.27
2074355904|CLIENT_00935|203984621|629993647|S9AA-0082018377|FACTURACION CICLICA|AMDOCS|20260601|2026-06-17|PEN|43.25|7.78|51.03
2036551080|CLIENT_00678|91210795|990807406|S9AA-0082204689|FACTURACION CICLICA|AMDOCS|20260601|2026-06-17|PEN|52.44|9.44|61.88
2014846070|CLIENT_00340|72451695|233816406|S9AA-0082273715|FACTURACION CICLICA|AMDOCS|20260601|2026-06-17|PEN|68.52|12.33|80.85
2011804641|CLIENT_00396|676669621|776152747|S9AA-0081836947|FACTURACION CICLICA|AMDOCS|20260601|2026-06-17|PEN|118.59|21.34|139.93
2043659343|CLIENT_00128|830250421|724910247|S9AA-0082372229|FACTURACION CICLICA|AMDOCS|20260601|2026-06-17|PEN|52.14|9.39|61.53
2067006652|CLIENT_00878|76781206|896022506|S9AA-0081755444|FACTURACION CICLICA|AMDOCS|20260601|2026-06-17|PEN|39.69|7.14|46.83
2086007246|CLIENT_00809|40727195|010068147|S9AA-0082078300|FACTURACION CICLICA|AMDOCS|20260601|2026-06-17|PEN|74.69|13.44|88.13
2009784756|CLIENT_00094|623989711|104536927|S9AA-0082267140|FACTURACION CICLICA|AMDOCS|20260601|2026-06-17|PEN|13.59|2.44|16.03
2071395567|CLIENT_00118|491813321|801947067|S9AA-0081994657|FACTURACION CICLICA|AMDOCS|20260601|2026-06-17|PEN|20.70|3.73|24.43
2046269782|CLIENT_00179|70424285|316814657|S9AA-0082106067|FACTURACION CICLICA|AMDOCS|20260601|2026-06-17|PEN|41.47|7.46|48.93
2019351028|CLIENT_00937|49543006|179417257|S9AA-0081993126|FACTURACION CICLICA|AMDOCS|20260601|2026-06-17|PEN|23.67|4.26|27.93
2087028740|CLIENT_00487|80293606|450746506|S9AA-0082109848|FACTURACION CICLICA|AMDOCS|20260601|2026-06-17|PEN|26.64|4.80|31.43
2040445117|CLIENT_00255|683942421|682517257|S9AA-0081924145|FACTURACION CICLICA|AMDOCS|20260601|2026-06-17|PEN|56.06|10.09|66.15
2077915427|CLIENT_00955|24009116|624412606|S9AA-0082403796|FACTURACION CICLICA|AMDOCS|20260601|2026-06-17|PEN|41.47|7.46|48.93
2001109147|CLIENT_00012|43224195|276595257|S9AA-0082338777|FACTURACION CICLICA|AMDOCS|20260601|2026-06-17|PEN|44.13|7.95|52.08
2028858667|CLIENT_00821|87664306|181448857|S9AA-0081855841|FACTURACION CICLICA|AMDOCS|20260601|2026-06-17|PEN|34.76|6.26|41.02
2073578104|CLIENT_00612|93327575|247709501|S7AA-0068033722|FACTURACION CICLICA|AMDOCS|20260623|2026-07-09|PEN|18.98|3.42|22.40
2089657456|CLIENT_00807|967295331|786476757|S9AA-0081778006|FACTURACION CICLICA|AMDOCS|20260601|2026-06-17|PEN|112.65|20.28|132.93
2097998127|CLIENT_00891|108688031|435704357|S7AA-0068595973|FACTURACION CICLICA|AMDOCS|20260623|2026-07-09|PEN|88.92|16.01|104.93
2027491743|CLIENT_00524|79291106|840691506|S9AA-0082023364|FACTURACION CICLICA|AMDOCS|20260601|2026-06-17|PEN|93.08|16.75|109.83
2043288258|CLIENT_00956|13550895|003107947|S9AA-0082312445|FACTURACION CICLICA|AMDOCS|20260601|2026-06-17|PEN|112.65|20.28|132.93
2013237934|CLIENT_00303|22518216|653521337|S9AA-0082232772|FACTURACION CICLICA|AMDOCS|20260601|2026-06-17|PEN|71.13|12.80|83.93
2050878096|CLIENT_00515|127683021|469765257|S9AA-0082226386|FACTURACION CICLICA|AMDOCS|20260601|2026-06-17|PEN|41.47|7.46|48.93
2024687919|CLIENT_00136|657982821|839284947|S7AA-0068188662|FACTURACION CICLICA|AMDOCS|20260623|2026-07-09|PEN|14.83|2.67|17.50
2077915427|CLIENT_00955|76599116|854412606|S9AA-0081755774|FACTURACION CICLICA|AMDOCS|20260601|2026-06-17|PEN|37.31|6.72|44.03
2032184225|CLIENT_00719|49671895|943638406|S9AA-0081988574|FACTURACION CICLICA|AMDOCS|20260601|2026-06-17|PEN|84.83|15.27|100.10
2051800045|CLIENT_00346|282744421|197187057|S9AA-0081889284|FACTURACION CICLICA|AMDOCS|20260601|2026-06-17|PEN|16.73|3.01|19.74
2036631349|CLIENT_00307|289009821|229924057|S9AA-0081889219|FACTURACION CICLICA|AMDOCS|20260601|2026-06-17|PEN|64.90|11.68|76.58
2002500138|CLIENT_00445|92763575|382891443|S7AA-0068829128|FACTURACION CICLICA|AMDOCS|20260623|2026-07-09|PEN|25.21|4.54|29.75
2028858667|CLIENT_00821|700649801|596759957|S9AA-0082106877|FACTURACION CICLICA|AMDOCS|20260601|2026-06-17|PEN|20.77|3.73|24.50
2042422772|CLIENT_00369|64027706|811187506|S9AA-0082446917|FACTURACION CICLICA|AMDOCS|20260601|2026-06-17|PEN|32.63|5.87|38.50
2091789509|CLIENT_00886|92995216|483063606|S9AA-0082291563|FACTURACION CICLICA|AMDOCS|20260601|2026-06-17|PEN|16.62|2.98|19.60
2072282953|CLIENT_00604|073927521|613780547|S9AA-0081784835|FACTURACION CICLICA|AMDOCS|20260601|2026-06-17|PEN|66.74|12.01|78.75
2076142431|CLIENT_00318|07046995|926079406|S5AA-0081416997|FACTURACION CICLICA|AMDOCS|20260618|2026-07-05|PEN|59.21|10.65|69.86
2045396307|CLIENT_00536|93721575|367487401|S7AA-0068033699|FACTURACION CICLICA|AMDOCS|20260623|2026-07-09|PEN|26.40|4.75|31.15
2019876876|CLIENT_00461|428478431|524396957|S7AA-0068792060|FACTURACION CICLICA|AMDOCS|20260623|2026-07-09|PEN|56.06|10.09|66.15
2079684847|CLIENT_00889|069212021|162411167|S9AA-0081700959|FACTURACION CICLICA|AMDOCS|20260601|2026-06-17|PEN|23.44|4.21|27.65
2084279674|CLIENT_00091|904772311|252552227|S7AA-0068653783|FACTURACION CICLICA|AMDOCS|20260623|2026-07-09|PEN|147.53|26.56|174.09
2004492803|CLIENT_00211|347978331|764482857|S7AA-0068076076|FACTURACION CICLICA|AMDOCS|20260623|2026-07-09|PEN|71.06|12.80|83.86
2056323517|CLIENT_00831|967913321|478601057|S7AA-0068321380|FACTURACION CICLICA|AMDOCS|20260623|2026-07-09|PEN|71.13|12.80|83.93
2021252272|CLIENT_00845|754602811|539811167|S7AA-0068200877|FACTURACION CICLICA|AMDOCS|20260623|2026-07-09|PEN|132.81|20.77|153.58
2076902654|CLIENT_00003|00742575|887507517|S7AA-0068574131|FACTURACION CICLICA|AMDOCS|20260623|2026-07-09|PEN|49.18|8.86|58.03
2096447129|CLIENT_00321|13461575|777122357|S7AA-0068843213|FACTURACION CICLICA|AMDOCS|20260623|2026-07-09|PEN|23.67|4.26|27.93
2096447129|CLIENT_00321|13461575|528114673|S7AA-0068838324|FACTURACION CICLICA|AMDOCS|20260623|2026-07-09|PEN|33.75|6.08|39.83
2053911269|CLIENT_00373|775403901|157827047|S7AA-0068372683|FACTURACION CICLICA|AMDOCS|20260623|2026-07-09|PEN|62.23|11.20|73.43
2001486599|CLIENT_00888|158289911|754274647|S7AA-0068143894|FACTURACION CICLICA|AMDOCS|20260623|2026-07-09|PEN|59.92|10.78|70.70
2084915354|CLIENT_00997|445198921|387729157|S7AA-0068083319|FACTURACION CICLICA|AMDOCS|20260623|2026-07-09|PEN|47.40|8.53|55.93
2097496783|CLIENT_00785|177349331|280533857|S7AA-0068305772|FACTURACION CICLICA|AMDOCS|20260623|2026-07-09|PEN|118.22|21.29|139.51
2046868113|CLIENT_00397|37404575|331309943|S7AA-0068334504|FACTURACION CICLICA|AMDOCS|20260623|2026-07-09|PEN|33.75|6.08|39.83
2045653206|CLIENT_00799|37534575|185213753|S7AA-0068334589|FACTURACION CICLICA|AMDOCS|20260623|2026-07-09|PEN|70.60|12.70|83.30
2062849793|CLIENT_00574|549491531|861761067|S7AA-0068103176|FACTURACION CICLICA|AMDOCS|20260623|2026-07-09|PEN|41.47|7.46|48.93
2025969955|CLIENT_00430|138477221|459982937|S7AA-0068840616|FACTURACION CICLICA|AMDOCS|20260623|2026-07-09|PEN|86.49|15.57|102.06
2058314802|CLIENT_00763|236245531|860296067|S7AA-0067988825|FACTURACION CICLICA|AMDOCS|20260623|2026-07-09|PEN|17.79|3.21|21.00
2019876876|CLIENT_00461|428478431|201678957|S7AA-0068792143|FACTURACION CICLICA|AMDOCS|20260623|2026-07-09|PEN|55.99|10.09|66.08
2075533541|CLIENT_00465|333088111|164708037|S7AA-0067983002|FACTURACION CICLICA|AMDOCS|20260623|2026-07-09|PEN|142.25|25.61|167.86
2094577730|CLIENT_00415|735052901|336779447|S7AA-0068019964|FACTURACION CICLICA|AMDOCS|20260623|2026-07-09|PEN|45.62|8.21|53.83
2064536829|CLIENT_00259|977321531|670770067|S7AA-0068394829|FACTURACION CICLICA|AMDOCS|20260623|2026-07-09|PEN|53.33|9.60|62.93
2073578104|CLIENT_00612|93327575|937709501|S7AA-0068033721|FACTURACION CICLICA|AMDOCS|20260623|2026-07-09|PEN|377.59|3.42|381.01
2087019723|CLIENT_00085|124459521|882184547|S7AA-0068762011|FACTURACION CICLICA|AMDOCS|20260623|2026-07-09|PEN|100.67|18.12|118.79
2017938134|CLIENT_00866|439077721|866648857|S7AA-0067996872|FACTURACION CICLICA|AMDOCS|20260623|2026-07-09|PEN|103.52|18.63|122.15
2053911269|CLIENT_00373|775403901|520911167|S7AA-0068377597|FACTURACION CICLICA|AMDOCS|20260623|2026-07-09|PEN|23.67|4.26|27.93
2083487599|CLIENT_00850|87302575|681475163|S7AA-0068378848|FACTURACION CICLICA|AMDOCS|20260623|2026-07-09|PEN|34.11|6.14|40.25
2053911269|CLIENT_00373|775403901|369539547|S7AA-0068373463|FACTURACION CICLICA|AMDOCS|20260623|2026-07-09|PEN|18.98|3.42|22.40
2039728300|CLIENT_00575|10215575|273905173|S7AA-0068590951|FACTURACION CICLICA|AMDOCS|20260623|2026-07-09|PEN|33.75|6.08|39.83
2019876876|CLIENT_00461|428478431|998378957|S7AA-0068792142|FACTURACION CICLICA|AMDOCS|20260623|2026-07-09|PEN|56.06|10.09|66.15
2053765186|CLIENT_00416|51327575|870309501|S7AA-0068705013|FACTURACION CICLICA|AMDOCS|20260623|2026-07-09|PEN|36.48|6.57|43.05
2055526321|CLIENT_00661|319461331|702459657|S7AA-0068693925|FACTURACION CICLICA|AMDOCS|20260623|2026-07-09|PEN|30.25|5.45|35.70
2064536829|CLIENT_00259|977321531|298570067|S7AA-0068394828|FACTURACION CICLICA|AMDOCS|20260623|2026-07-09|PEN|77.06|13.87|90.93
2031395900|CLIENT_00781|181668011|139106557|S7AA-0068410884|FACTURACION CICLICA|AMDOCS|20260623|2026-07-09|PEN|100.49|18.09|118.58
2053911269|CLIENT_00373|775403901|447039547|S7AA-0068373461|FACTURACION CICLICA|AMDOCS|20260623|2026-07-09|PEN|18.98|3.42|22.40
2066842380|CLIENT_00337|051238721|086657847|S7AA-0068135405|FACTURACION CICLICA|AMDOCS|20260623|2026-07-09|PEN|52.14|9.39|61.53
2080474018|CLIENT_00995|07517575|492328501|S7AA-0068316384|FACTURACION CICLICA|AMDOCS|20260623|2026-07-09|PEN|25.45|4.58|30.03
2025199500|CLIENT_00474|83042575|629980903|S7AA-0068024931|FACTURACION CICLICA|AMDOCS|20260623|2026-07-09|PEN|49.18|8.86|58.03
2089094497|CLIENT_00230|785924131|788831457|S7AA-0068463661|FACTURACION CICLICA|AMDOCS|20260623|2026-07-09|PEN|65.20|11.73|76.93
2019876876|CLIENT_00461|428478431|585678957|S7AA-0068792145|FACTURACION CICLICA|AMDOCS|20260623|2026-07-09|PEN|56.06|10.09|66.15
2083487599|CLIENT_00850|87302575|836762623|S7AA-0068378447|FACTURACION CICLICA|AMDOCS|20260623|2026-07-09|PEN|39.69|7.14|46.83
2058314802|CLIENT_00763|236245531|636986067|S7AA-0067988818|FACTURACION CICLICA|AMDOCS|20260623|2026-07-09|PEN|17.79|3.21|21.00
2058314802|CLIENT_00763|236245531|924196067|S7AA-0067988823|FACTURACION CICLICA|AMDOCS|20260623|2026-07-09|PEN|17.79|3.21|21.00
2058314802|CLIENT_00763|236245531|804686067|S7AA-0067988817|FACTURACION CICLICA|AMDOCS|20260623|2026-07-09|PEN|17.79|3.21|21.00
2024388948|CLIENT_00436|41977575|447751601|S7AA-0068696168|FACTURACION CICLICA|AMDOCS|20260623|2026-07-09|PEN|36.48|6.57|43.05
2065302766|CLIENT_00963|947018531|636241167|S7AA-0068130260|FACTURACION CICLICA|AMDOCS|20260623|2026-07-09|PEN|91.66|16.49|108.15
2076902654|CLIENT_00003|00742575|867628823|S7AA-0068572792|FACTURACION CICLICA|AMDOCS|20260623|2026-07-09|PEN|46.14|8.32|54.46
2050636428|CLIENT_00398|56835575|851836537|S7AA-0068266161|FACTURACION CICLICA|AMDOCS|20260623|2026-07-09|PEN|20.71|3.72|24.43
2019876876|CLIENT_00461|428478431|050378957|S7AA-0068792141|FACTURACION CICLICA|AMDOCS|20260623|2026-07-09|PEN|56.06|10.09|66.15
2019876876|CLIENT_00461|428478431|264678957|S7AA-0068792144|FACTURACION CICLICA|AMDOCS|20260623|2026-07-09|PEN|56.06|10.09|66.15
2079015167|CLIENT_00836|38117575|720665817|S7AA-0068424268|FACTURACION CICLICA|AMDOCS|20260623|2026-07-09|PEN|35.89|6.46|42.35
2008001207|CLIENT_00593|062759521|117084547|S7AA-0068223048|FACTURACION CICLICA|AMDOCS|20260623|2026-07-09|PEN|47.40|8.53|55.93
2078938243|CLIENT_00676|832104121|333717847|S7AA-0068029340|FACTURACION CICLICA|AMDOCS|20260623|2026-07-09|PEN|94.86|17.07|111.93
2019876876|CLIENT_00461|428478431|009340067|S7AA-0068792160|FACTURACION CICLICA|AMDOCS|20260623|2026-07-09|PEN|55.99|10.09|66.08
2009434261|CLIENT_00759|274096121|010266957|S7AA-0068315133|FACTURACION CICLICA|AMDOCS|20260623|2026-07-09|PEN|53.33|9.60|62.93
2082132796|CLIENT_00138|931871221|131645447|S7AA-0068037491|FACTURACION CICLICA|AMDOCS|20260623|2026-07-09|PEN|18.98|3.42|22.40
2094577730|CLIENT_00415|735052901|318794547|S7AA-0068020056|FACTURACION CICLICA|AMDOCS|20260623|2026-07-09|PEN|105.53|19.00|124.53
2053911269|CLIENT_00373|775403901|002929547|S7AA-0068373460|FACTURACION CICLICA|AMDOCS|20260623|2026-07-09|PEN|41.47|7.46|48.93
2019876876|CLIENT_00461|428478431|604240067|S7AA-0068792159|FACTURACION CICLICA|AMDOCS|20260623|2026-07-09|PEN|56.06|10.09|66.15
2002115898|CLIENT_00928|300615221|809268657|S7AA-0068587917|FACTURACION CICLICA|AMDOCS|20260623|2026-07-09|PEN|97.83|17.60|115.43
2022213767|CLIENT_00116|927628431|225016957|S7AA-0068836224|FACTURACION CICLICA|AMDOCS|20260623|2026-07-09|PEN|94.86|17.07|111.93
2078183391|CLIENT_00870|132543231|421246557|S7AA-0068843749|FACTURACION CICLICA|AMDOCS|20260623|2026-07-09|PEN|41.47|7.46|48.93
2008733174|CLIENT_00190|189280821|614471947|S7AA-0068409372|FACTURACION CICLICA|AMDOCS|20260623|2026-07-09|PEN|442.19|79.59|521.78
2081309251|CLIENT_00433|870041721|288955747|S7AA-0068382566|FACTURACION CICLICA|AMDOCS|20260623|2026-07-09|PEN|101.73|18.32|120.05
2019876876|CLIENT_00461|428478431|979196957|S7AA-0068792056|FACTURACION CICLICA|AMDOCS|20260623|2026-07-09|PEN|56.06|10.09|66.15
2053911269|CLIENT_00373|775403901|137827047|S7AA-0068372682|FACTURACION CICLICA|AMDOCS|20260623|2026-07-09|PEN|59.26|10.67|69.93
2019876876|CLIENT_00461|428478431|992088957|S7AA-0068792149|FACTURACION CICLICA|AMDOCS|20260623|2026-07-09|PEN|56.06|10.09|66.15
2011902949|CLIENT_00423|219872611|715026857|S7AA-0068685545|FACTURACION CICLICA|AMDOCS|20260623|2026-07-09|PEN|29.60|5.33|34.93
2022887994|CLIENT_00145|097589811|331699137|S7AA-0068486663|FACTURACION CICLICA|AMDOCS|20260623|2026-07-09|PEN|65.13|11.73|76.86
2058314802|CLIENT_00763|236245531|585196067|S7AA-0067988824|FACTURACION CICLICA|AMDOCS|20260623|2026-07-09|PEN|17.79|3.21|21.00
2024687919|CLIENT_00136|657982821|607498947|S7AA-0068188698|FACTURACION CICLICA|AMDOCS|20260623|2026-07-09|PEN|14.76|2.67|17.43
1042311948|CLIENT_00722|68154575|480054063|S7AA-0068449493|FACTURACION CICLICA|AMDOCS|20260623|2026-07-09|PEN|31.38|5.65|37.03
2038993702|CLIENT_00732|908895821|457589947|S7AA-0068656826|FACTURACION CICLICA|AMDOCS|20260623|2026-07-09|PEN|17.79|3.21|21.00
2019876876|CLIENT_00461|428478431|132296957|S7AA-0068792058|FACTURACION CICLICA|AMDOCS|20260623|2026-07-09|PEN|56.06|10.09|66.15
2046639773|CLIENT_00422|961315821|416989957|S7AA-0068324049|FACTURACION CICLICA|AMDOCS|20260623|2026-07-09|PEN|41.47|7.46|48.93
2054807394|CLIENT_00152|54754575|268922001|S7AA-0068095466|FACTURACION CICLICA|AMDOCS|20260623|2026-07-09|PEN|39.69|7.14|46.83
2081744801|CLIENT_00542|70825575|745571557|S7AA-0068640485|FACTURACION CICLICA|AMDOCS|20260623|2026-07-09|PEN|53.33|9.60|62.93
2029238395|CLIENT_00195|799221901|475125457|S7AA-0068552123|FACTURACION CICLICA|AMDOCS|20260623|2026-07-09|PEN|44.20|7.95|52.15
2087681453|CLIENT_00859|816856611|885634337|S7AA-0068733970|FACTURACION CICLICA|AMDOCS|20260623|2026-07-09|PEN|40.05|7.20|47.25
2069275365|CLIENT_00125|29031575|043130263|S7AA-0068502552|FACTURACION CICLICA|AMDOCS|20260623|2026-07-09|PEN|88.92|16.01|104.93
2058571451|CLIENT_00813|047308221|730302257|S7AA-0068047684|FACTURACION CICLICA|AMDOCS|20260623|2026-07-09|PEN|37.38|6.72|44.10
2019876876|CLIENT_00461|428478431|415409957|S7AA-0068792150|FACTURACION CICLICA|AMDOCS|20260623|2026-07-09|PEN|56.06|10.09|66.15
2008212698|CLIENT_00588|13862575|299513263|S7AA-0068838148|FACTURACION CICLICA|AMDOCS|20260623|2026-07-09|PEN|28.71|5.17|33.88
2054807394|CLIENT_00152|761492421|784070847|S7AA-0068285570|FACTURACION CICLICA|AMDOCS|20260623|2026-07-09|PEN|142.25|25.61|167.86
2054531131|CLIENT_00467|994684231|107638557|S8AA-0007819761|FACTURACION CICLICA|AMDOCS|20260627|2026-07-13|PEN|20.53|3.69|24.22
2019876876|CLIENT_00461|428478431|977996957|S7AA-0068792075|FACTURACION CICLICA|AMDOCS|20260623|2026-07-09|PEN|56.06|10.09|66.15
